#
# There is insufficient memory for the Java Runtime Environment to continue.
# Native memory allocation (malloc) failed to allocate 1513136 bytes. Error detail: Chunk::new
# Possible reasons:
#   The system is out of physical RAM or swap space
#   This process is running with CompressedOops enabled, and the Java Heap may be blocking the growth of the native heap
# Possible solutions:
#   Reduce memory load on the system
#   Increase physical memory or swap space
#   Check if swap backing store is full
#   Decrease Java heap size (-Xmx/-Xms)
#   Decrease number of Java threads
#   Decrease Java thread stack sizes (-Xss)
#   Set larger code cache with -XX:ReservedCodeCacheSize=
#   JVM is running with Zero Based Compressed Oops mode in which the Java heap is
#     placed in the first 32GB address space. The Java Heap base address is the
#     maximum limit for the native heap growth. Please use -XX:HeapBaseMinAddress
#     to set the Java Heap base and to place the Java Heap above 32GB virtual address.
# This output file may be truncated or incomplete.
#
#  Out of Memory Error (arena.cpp:168), pid=21416, tid=23288
#
# JRE version: OpenJDK Runtime Environment Microsoft-14653896 (21.0.12+8) (build 21.0.12+8-LTS)
# Java VM: OpenJDK 64-Bit Server VM Microsoft-14653896 (21.0.12+8-LTS, mixed mode, sharing, tiered, compressed oops, compressed class ptrs, g1 gc, windows-amd64)
# No core dump will be written. Minidumps are not enabled by default on client versions of Windows
#

---------------  S U M M A R Y ------------

Command Line: -javaagent:C:\Program Files\JetBrains\IntelliJ IDEA 2025.1.3\lib\idea_rt.jar=54486 -Dfile.encoding=UTF-8 -Dsun.stdout.encoding=UTF-8 -Dsun.stderr.encoding=UTF-8 driverecovery.Main

Host: 12th Gen Intel(R) Core(TM) i3-12100, 8 cores, 15G,  Windows 11 , 64 bit Build 26100 (10.0.26100.9168)
Time: Tue Aug 25 17:30:25 2026 SE Asia Standard Time elapsed time: 5248.398196 seconds (0d 1h 27m 28s)

---------------  T H R E A D  ---------------

Current thread (0x000001e17f993140):  JavaThread "C2 CompilerThread0" daemon [_thread_in_native, id=23288, stack(0x00000044cb600000,0x00000044cb700000) (1024K)]


Current CompileTask:
C2:5248398 12721   !   4       java.awt.DefaultKeyboardFocusManager::dispatchEvent (1625 bytes)

Stack: [0x00000044cb600000,0x00000044cb700000]
Native frames: (J=compiled Java code, j=interpreted, Vv=VM code, C=native code)
V  [jvm.dll+0x6e0c09]  (no source info available)
V  [jvm.dll+0x8c0e1b]  (no source info available)
V  [jvm.dll+0x8c33ad]  (no source info available)
V  [jvm.dll+0x8c3a83]  (no source info available)
V  [jvm.dll+0x28ac66]  (no source info available)
V  [jvm.dll+0xc91cd]  (no source info available)
V  [jvm.dll+0xc971c]  (no source info available)
V  [jvm.dll+0x3c8932]  (no source info available)
V  [jvm.dll+0x394f82]  (no source info available)
V  [jvm.dll+0x3943da]  (no source info available)
V  [jvm.dll+0x252840]  (no source info available)
V  [jvm.dll+0x251e6c]  (no source info available)
V  [jvm.dll+0x1d1c5f]  (no source info available)
V  [jvm.dll+0x261bda]  (no source info available)
V  [jvm.dll+0x25ff45]  (no source info available)
V  [jvm.dll+0x402695]  (no source info available)
V  [jvm.dll+0x86ba8d]  (no source info available)
V  [jvm.dll+0x6e21bd]  (no source info available)
C  [ucrtbase.dll+0x2cd30]  (no source info available)
C  [KERNEL32.DLL+0x2ccb7]  (no source info available)
C  [ntdll.dll+0xaad6c]  (no source info available)


---------------  P R O C E S S  ---------------

Threads class SMR info:
_java_thread_list=0x000001e1477c0080, length=26, elements={
0x000001e17f3198f0, 0x000001e17f31c510, 0x000001e17f31ead0, 0x000001e17f31f530,
0x000001e17f32c570, 0x000001e17f992200, 0x000001e17f993140, 0x000001e17f9a4ae0,
0x000001e17fbf52b0, 0x000001e17fbae620, 0x000001e17fc50960, 0x000001e147135000,
0x000001e14713d680, 0x000001e147142280, 0x000001e147166970, 0x000001e162623de0,
0x000001e1477d7a00, 0x000001e1492ae4c0, 0x000001e14935d940, 0x000001e14935c590,
0x000001e14935cc20, 0x000001e14935b870, 0x000001e14935bf00, 0x000001e14b9086a0,
0x000001e14b908d30, 0x000001e14b9058b0
}

Java Threads: ( => current thread )
  0x000001e17f3198f0 JavaThread "Reference Handler"          daemon [_thread_blocked, id=4024, stack(0x00000044cb000000,0x00000044cb100000) (1024K)]
  0x000001e17f31c510 JavaThread "Finalizer"                  daemon [_thread_blocked, id=22892, stack(0x00000044cb100000,0x00000044cb200000) (1024K)]
  0x000001e17f31ead0 JavaThread "Signal Dispatcher"          daemon [_thread_blocked, id=25448, stack(0x00000044cb200000,0x00000044cb300000) (1024K)]
  0x000001e17f31f530 JavaThread "Attach Listener"            daemon [_thread_blocked, id=10964, stack(0x00000044cb300000,0x00000044cb400000) (1024K)]
  0x000001e17f32c570 JavaThread "Service Thread"             daemon [_thread_blocked, id=14840, stack(0x00000044cb400000,0x00000044cb500000) (1024K)]
  0x000001e17f992200 JavaThread "Monitor Deflation Thread"   daemon [_thread_blocked, id=8380, stack(0x00000044cb500000,0x00000044cb600000) (1024K)]
=>0x000001e17f993140 JavaThread "C2 CompilerThread0"         daemon [_thread_in_native, id=23288, stack(0x00000044cb600000,0x00000044cb700000) (1024K)]
  0x000001e17f9a4ae0 JavaThread "C1 CompilerThread0"         daemon [_thread_blocked, id=4460, stack(0x00000044cb700000,0x00000044cb800000) (1024K)]
  0x000001e17fbf52b0 JavaThread "Common-Cleaner"             daemon [_thread_blocked, id=3132, stack(0x00000044cb800000,0x00000044cb900000) (1024K)]
  0x000001e17fbae620 JavaThread "Monitor Ctrl-Break"         daemon [_thread_in_native, id=27292, stack(0x00000044cba00000,0x00000044cbb00000) (1024K)]
  0x000001e17fc50960 JavaThread "Notification Thread"        daemon [_thread_blocked, id=19044, stack(0x00000044cbb00000,0x00000044cbc00000) (1024K)]
  0x000001e147135000 JavaThread "Java2D Disposer"            daemon [_thread_blocked, id=180, stack(0x00000044cbc00000,0x00000044cbd00000) (1024K)]
  0x000001e14713d680 JavaThread "AWT-Shutdown"                      [_thread_blocked, id=3468, stack(0x00000044cbd00000,0x00000044cbe00000) (1024K)]
  0x000001e147142280 JavaThread "AWT-Windows"                daemon [_thread_in_native, id=24112, stack(0x00000044cbe00000,0x00000044cbf00000) (1024K)]
  0x000001e147166970 JavaThread "AWT-EventQueue-0"                  [_thread_blocked, id=16580, stack(0x00000044cbf00000,0x00000044cc000000) (1024K)]
  0x000001e162623de0 JavaThread "DestroyJavaVM"                     [_thread_blocked, id=17384, stack(0x00000044ca800000,0x00000044ca900000) (1024K)]
  0x000001e1477d7a00 JavaThread "RMI TCP Accept-0"           daemon [_thread_in_native, id=26924, stack(0x00000044cc100000,0x00000044cc200000) (1024K)]
  0x000001e1492ae4c0 JavaThread "RMI Scheduler(0)"           daemon [_thread_blocked, id=17748, stack(0x00000044cca00000,0x00000044ccb00000) (1024K)]
  0x000001e14935d940 JavaThread "JMX server connection timeout 39" daemon [_thread_blocked, id=1560, stack(0x00000044ccb00000,0x00000044ccc00000) (1024K)]
  0x000001e14935c590 JavaThread "TimerQueue"                 daemon [_thread_blocked, id=7720, stack(0x00000044ccc00000,0x00000044ccd00000) (1024K)]
  0x000001e14935cc20 JavaThread "Swing-Shell"                daemon [_thread_blocked, id=5308, stack(0x00000044cd000000,0x00000044cd100000) (1024K)]
  0x000001e14935b870 JavaThread "SwingWorker-pool-2-thread-1" daemon [_thread_blocked, id=20664, stack(0x00000044cd400000,0x00000044cd500000) (1024K)]
  0x000001e14935bf00 JavaThread "SwingWorker-pool-2-thread-2" daemon [_thread_blocked, id=23624, stack(0x00000044ca600000,0x00000044ca700000) (1024K)]
  0x000001e14b9086a0 JavaThread "pool-3-thread-1"                   [_thread_in_native, id=26436, stack(0x00000044cd100000,0x00000044cd200000) (1024K)]
  0x000001e14b908d30 JavaThread "RMI TCP Connection(8)-192.168.40.57" daemon [_thread_in_native, id=26532, stack(0x00000044cc900000,0x00000044cca00000) (1024K)]
  0x000001e14b9058b0 JavaThread "Keep-Alive-Timer"           daemon [_thread_blocked, id=10696, stack(0x00000044ca700000,0x00000044ca800000) (1024K)]
Total: 26

Other Threads:
  0x000001e17f2f9eb0 VMThread "VM Thread"                           [id=26524, stack(0x00000044caf00000,0x00000044cb000000) (1024K)]
  0x000001e17f2e6550 WatcherThread "VM Periodic Task Thread"        [id=10688, stack(0x00000044cae00000,0x00000044caf00000) (1024K)]
  0x000001e162686cc0 WorkerThread "GC Thread#0"                     [id=24908, stack(0x00000044ca900000,0x00000044caa00000) (1024K)]
  0x000001e1477056a0 WorkerThread "GC Thread#1"                     [id=8932, stack(0x00000044cc200000,0x00000044cc300000) (1024K)]
  0x000001e147705a50 WorkerThread "GC Thread#2"                     [id=22888, stack(0x00000044cc300000,0x00000044cc400000) (1024K)]
  0x000001e147705e00 WorkerThread "GC Thread#3"                     [id=16912, stack(0x00000044cc400000,0x00000044cc500000) (1024K)]
  0x000001e1477065b0 WorkerThread "GC Thread#4"                     [id=21432, stack(0x00000044cc500000,0x00000044cc600000) (1024K)]
  0x000001e147706960 WorkerThread "GC Thread#5"                     [id=24428, stack(0x00000044cc600000,0x00000044cc700000) (1024K)]
  0x000001e1477f1c70 WorkerThread "GC Thread#6"                     [id=11084, stack(0x00000044cc700000,0x00000044cc800000) (1024K)]
  0x000001e149323fb0 WorkerThread "GC Thread#7"                     [id=7468, stack(0x00000044cc800000,0x00000044cc900000) (1024K)]
  0x000001e1626976d0 ConcurrentGCThread "G1 Main Marker"            [id=25624, stack(0x00000044caa00000,0x00000044cab00000) (1024K)]
  0x000001e1626981e0 WorkerThread "G1 Conc#0"                       [id=5672, stack(0x00000044cab00000,0x00000044cac00000) (1024K)]
  0x000001e149d84d20 WorkerThread "G1 Conc#1"                       [id=22016, stack(0x00000044cb900000,0x00000044cba00000) (1024K)]
  0x000001e17f1b74b0 ConcurrentGCThread "G1 Refine#0"               [id=16788, stack(0x00000044cac00000,0x00000044cad00000) (1024K)]
  0x000001e17f1b7e90 ConcurrentGCThread "G1 Service"                [id=11916, stack(0x00000044cad00000,0x00000044cae00000) (1024K)]
Total: 15

Threads with active compile tasks:
C2 CompilerThread0  5248419 12721   !   4       java.awt.DefaultKeyboardFocusManager::dispatchEvent (1625 bytes)
Total: 1

VM state: not at safepoint (normal execution)

VM Mutex/Monitor currently owned by a thread: None

Heap address: 0x0000000704e00000, size: 4018 MB, Compressed Oops mode: Zero based, Oop shift amount: 3

CDS archive(s) mapped at: [0x000001e102000000-0x000001e102c80000-0x000001e102c80000), size 13107200, SharedBaseAddress: 0x000001e102000000, ArchiveRelocationMode: 1.
Compressed class space mapped at: 0x000001e103000000-0x000001e143000000, reserved size: 1073741824
Narrow klass base: 0x000001e102000000, Narrow klass shift: 0, Narrow klass range: 0x100000000

GC Precious Log:
 CardTable entry size: 512
 Card Set container configuration: InlinePtr #cards 4 size 8 Array Of Cards #cards 16 size 48 Howl #buckets 8 coarsen threshold 3686 Howl Bitmap #cards 512 size 80 coarsen threshold 460 Card regions per heap region 1 cards per card region 4096
 CPUs: 8 total, 8 available
 Memory: 16071M
 Large Page Support: Disabled
 NUMA Support: Disabled
 Compressed Oops: Enabled (Zero based)
 Heap Region Size: 2M
 Heap Min Capacity: 8M
 Heap Initial Capacity: 252M
 Heap Max Capacity: 4018M
 Pre-touch: Disabled
 Parallel Workers: 8
 Concurrent Workers: 2
 Concurrent Refinement Workers: 8
 Periodic GC: Disabled

Heap:
 garbage-first heap   total 747520K, used 452608K [0x0000000704e00000, 0x0000000800000000)
  region size 2048K, 48 young (98304K), 5 survivors (10240K)
 Metaspace       used 39804K, committed 40640K, reserved 1114112K
  class space    used 4321K, committed 4800K, reserved 1048576K

Heap Regions: E=young(eden), S=young(survivor), O=old, HS=humongous(starts), HC=humongous(continues), CS=collection set, F=free, TAMS=top-at-mark-start, PB=parsable bottom
|   0|0x0000000704e00000, 0x0000000705000000, 0x0000000705000000|100%| O|  |TAMS 0x0000000704e00000| PB 0x0000000704e00000| Untracked 
|   1|0x0000000705000000, 0x0000000705200000, 0x0000000705200000|100%| O|  |TAMS 0x0000000705000000| PB 0x0000000705000000| Untracked 
|   2|0x0000000705200000, 0x0000000705400000, 0x0000000705400000|100%| O|  |TAMS 0x0000000705200000| PB 0x0000000705200000| Untracked 
|   3|0x0000000705400000, 0x0000000705600000, 0x0000000705600000|100%| O|  |TAMS 0x0000000705400000| PB 0x0000000705400000| Untracked 
|   4|0x0000000705600000, 0x0000000705800000, 0x0000000705800000|100%| O|  |TAMS 0x0000000705600000| PB 0x0000000705600000| Untracked 
|   5|0x0000000705800000, 0x0000000705a00000, 0x0000000705a00000|100%| O|  |TAMS 0x0000000705800000| PB 0x0000000705800000| Untracked 
|   6|0x0000000705a00000, 0x0000000705c00000, 0x0000000705c00000|100%| O|  |TAMS 0x0000000705a00000| PB 0x0000000705a00000| Untracked 
|   7|0x0000000705c00000, 0x0000000705e00000, 0x0000000705e00000|100%| O|  |TAMS 0x0000000705c00000| PB 0x0000000705c00000| Untracked 
|   8|0x0000000705e00000, 0x0000000706000000, 0x0000000706000000|100%| O|  |TAMS 0x0000000705e00000| PB 0x0000000705e00000| Untracked 
|   9|0x0000000706000000, 0x0000000706200000, 0x0000000706200000|100%| O|  |TAMS 0x0000000706000000| PB 0x0000000706000000| Untracked 
|  10|0x0000000706200000, 0x0000000706400000, 0x0000000706400000|100%| O|  |TAMS 0x0000000706200000| PB 0x0000000706200000| Untracked 
|  11|0x0000000706400000, 0x0000000706600000, 0x0000000706600000|100%| O|  |TAMS 0x0000000706400000| PB 0x0000000706400000| Untracked 
|  12|0x0000000706600000, 0x0000000706800000, 0x0000000706800000|100%| O|  |TAMS 0x0000000706600000| PB 0x0000000706600000| Untracked 
|  13|0x0000000706800000, 0x0000000706a00000, 0x0000000706a00000|100%| O|  |TAMS 0x0000000706800000| PB 0x0000000706800000| Untracked 
|  14|0x0000000706a00000, 0x0000000706c00000, 0x0000000706c00000|100%| O|  |TAMS 0x0000000706a00000| PB 0x0000000706a00000| Untracked 
|  15|0x0000000706c00000, 0x0000000706e00000, 0x0000000706e00000|100%| O|  |TAMS 0x0000000706c00000| PB 0x0000000706c00000| Untracked 
|  16|0x0000000706e00000, 0x0000000707000000, 0x0000000707000000|100%| O|  |TAMS 0x0000000706e00000| PB 0x0000000706e00000| Untracked 
|  17|0x0000000707000000, 0x0000000707200000, 0x0000000707200000|100%| O|  |TAMS 0x0000000707000000| PB 0x0000000707000000| Untracked 
|  18|0x0000000707200000, 0x0000000707400000, 0x0000000707400000|100%| O|  |TAMS 0x0000000707200000| PB 0x0000000707200000| Untracked 
|  19|0x0000000707400000, 0x0000000707600000, 0x0000000707600000|100%| O|Cm|TAMS 0x0000000707400000| PB 0x0000000707400000| Complete 
|  20|0x0000000707600000, 0x0000000707800000, 0x0000000707800000|100%| O|Cm|TAMS 0x0000000707600000| PB 0x0000000707600000| Complete 
|  21|0x0000000707800000, 0x0000000707a00000, 0x0000000707a00000|100%| O|  |TAMS 0x0000000707800000| PB 0x0000000707800000| Untracked 
|  22|0x0000000707a00000, 0x0000000707c00000, 0x0000000707c00000|100%|HS|  |TAMS 0x0000000707a00000| PB 0x0000000707a00000| Complete 
|  23|0x0000000707c00000, 0x0000000707e00000, 0x0000000707e00000|100%|HC|  |TAMS 0x0000000707c00000| PB 0x0000000707c00000| Complete 
|  24|0x0000000707e00000, 0x0000000708000000, 0x0000000708000000|100%|HC|  |TAMS 0x0000000707e00000| PB 0x0000000707e00000| Complete 
|  25|0x0000000708000000, 0x0000000708200000, 0x0000000708200000|100%| O|Cm|TAMS 0x0000000708000000| PB 0x0000000708000000| Complete 
|  26|0x0000000708200000, 0x0000000708400000, 0x0000000708400000|100%| O|  |TAMS 0x0000000708200000| PB 0x0000000708200000| Untracked 
|  27|0x0000000708400000, 0x0000000708600000, 0x0000000708600000|100%| O|  |TAMS 0x0000000708400000| PB 0x0000000708400000| Untracked 
|  28|0x0000000708600000, 0x0000000708800000, 0x0000000708800000|100%| O|  |TAMS 0x0000000708600000| PB 0x0000000708600000| Untracked 
|  29|0x0000000708800000, 0x0000000708a00000, 0x0000000708a00000|100%| O|  |TAMS 0x0000000708800000| PB 0x0000000708800000| Untracked 
|  30|0x0000000708a00000, 0x0000000708c00000, 0x0000000708c00000|100%| O|  |TAMS 0x0000000708a00000| PB 0x0000000708a00000| Untracked 
|  31|0x0000000708c00000, 0x0000000708e00000, 0x0000000708e00000|100%| O|  |TAMS 0x0000000708c00000| PB 0x0000000708c00000| Untracked 
|  32|0x0000000708e00000, 0x0000000709000000, 0x0000000709000000|100%| O|  |TAMS 0x0000000708e00000| PB 0x0000000708e00000| Untracked 
|  33|0x0000000709000000, 0x0000000709200000, 0x0000000709200000|100%| O|  |TAMS 0x0000000709000000| PB 0x0000000709000000| Untracked 
|  34|0x0000000709200000, 0x0000000709400000, 0x0000000709400000|100%| O|  |TAMS 0x0000000709200000| PB 0x0000000709200000| Untracked 
|  35|0x0000000709400000, 0x0000000709600000, 0x0000000709600000|100%| O|  |TAMS 0x0000000709400000| PB 0x0000000709400000| Untracked 
|  36|0x0000000709600000, 0x0000000709800000, 0x0000000709800000|100%|HS|  |TAMS 0x0000000709600000| PB 0x0000000709600000| Untracked 
|  37|0x0000000709800000, 0x0000000709a00000, 0x0000000709a00000|100%| O|  |TAMS 0x0000000709800000| PB 0x0000000709800000| Untracked 
|  38|0x0000000709a00000, 0x0000000709c00000, 0x0000000709c00000|100%| O|  |TAMS 0x0000000709a00000| PB 0x0000000709a00000| Untracked 
|  39|0x0000000709c00000, 0x0000000709e00000, 0x0000000709e00000|100%| O|  |TAMS 0x0000000709c00000| PB 0x0000000709c00000| Untracked 
|  40|0x0000000709e00000, 0x000000070a000000, 0x000000070a000000|100%| O|  |TAMS 0x0000000709e00000| PB 0x0000000709e00000| Untracked 
|  41|0x000000070a000000, 0x000000070a200000, 0x000000070a200000|100%| O|  |TAMS 0x000000070a000000| PB 0x000000070a000000| Untracked 
|  42|0x000000070a200000, 0x000000070a400000, 0x000000070a400000|100%| O|  |TAMS 0x000000070a200000| PB 0x000000070a200000| Untracked 
|  43|0x000000070a400000, 0x000000070a600000, 0x000000070a600000|100%| O|  |TAMS 0x000000070a400000| PB 0x000000070a400000| Untracked 
|  44|0x000000070a600000, 0x000000070a800000, 0x000000070a800000|100%| O|  |TAMS 0x000000070a600000| PB 0x000000070a600000| Untracked 
|  45|0x000000070a800000, 0x000000070aa00000, 0x000000070aa00000|100%| O|  |TAMS 0x000000070a800000| PB 0x000000070a800000| Untracked 
|  46|0x000000070aa00000, 0x000000070ac00000, 0x000000070ac00000|100%| O|  |TAMS 0x000000070aa00000| PB 0x000000070aa00000| Untracked 
|  47|0x000000070ac00000, 0x000000070ae00000, 0x000000070ae00000|100%| O|  |TAMS 0x000000070ac00000| PB 0x000000070ac00000| Untracked 
|  48|0x000000070ae00000, 0x000000070b000000, 0x000000070b000000|100%| O|  |TAMS 0x000000070ae00000| PB 0x000000070ae00000| Untracked 
|  49|0x000000070b000000, 0x000000070b200000, 0x000000070b200000|100%| O|  |TAMS 0x000000070b000000| PB 0x000000070b000000| Untracked 
|  50|0x000000070b200000, 0x000000070b400000, 0x000000070b400000|100%| O|  |TAMS 0x000000070b200000| PB 0x000000070b200000| Untracked 
|  51|0x000000070b400000, 0x000000070b600000, 0x000000070b600000|100%| O|  |TAMS 0x000000070b400000| PB 0x000000070b400000| Untracked 
|  52|0x000000070b600000, 0x000000070b800000, 0x000000070b800000|100%| O|  |TAMS 0x000000070b600000| PB 0x000000070b600000| Untracked 
|  53|0x000000070b800000, 0x000000070ba00000, 0x000000070ba00000|100%| O|  |TAMS 0x000000070b800000| PB 0x000000070b800000| Untracked 
|  54|0x000000070ba00000, 0x000000070bc00000, 0x000000070bc00000|100%| O|  |TAMS 0x000000070ba00000| PB 0x000000070ba00000| Untracked 
|  55|0x000000070bc00000, 0x000000070be00000, 0x000000070be00000|100%| O|  |TAMS 0x000000070bc00000| PB 0x000000070bc00000| Untracked 
|  56|0x000000070be00000, 0x000000070c000000, 0x000000070c000000|100%| O|  |TAMS 0x000000070be00000| PB 0x000000070be00000| Untracked 
|  57|0x000000070c000000, 0x000000070c200000, 0x000000070c200000|100%| O|  |TAMS 0x000000070c000000| PB 0x000000070c000000| Untracked 
|  58|0x000000070c200000, 0x000000070c400000, 0x000000070c400000|100%| O|  |TAMS 0x000000070c200000| PB 0x000000070c200000| Untracked 
|  59|0x000000070c400000, 0x000000070c600000, 0x000000070c600000|100%| O|  |TAMS 0x000000070c400000| PB 0x000000070c400000| Untracked 
|  60|0x000000070c600000, 0x000000070c800000, 0x000000070c800000|100%| O|  |TAMS 0x000000070c600000| PB 0x000000070c600000| Untracked 
|  61|0x000000070c800000, 0x000000070ca00000, 0x000000070ca00000|100%| O|  |TAMS 0x000000070c800000| PB 0x000000070c800000| Untracked 
|  62|0x000000070ca00000, 0x000000070cc00000, 0x000000070cc00000|100%| O|  |TAMS 0x000000070ca00000| PB 0x000000070ca00000| Untracked 
|  63|0x000000070cc00000, 0x000000070ce00000, 0x000000070ce00000|100%| O|  |TAMS 0x000000070cc00000| PB 0x000000070cc00000| Untracked 
|  64|0x000000070ce00000, 0x000000070d000000, 0x000000070d000000|100%| O|  |TAMS 0x000000070ce00000| PB 0x000000070ce00000| Untracked 
|  65|0x000000070d000000, 0x000000070d200000, 0x000000070d200000|100%| O|  |TAMS 0x000000070d000000| PB 0x000000070d000000| Untracked 
|  66|0x000000070d200000, 0x000000070d400000, 0x000000070d400000|100%| O|  |TAMS 0x000000070d200000| PB 0x000000070d200000| Untracked 
|  67|0x000000070d400000, 0x000000070d600000, 0x000000070d600000|100%| O|  |TAMS 0x000000070d400000| PB 0x000000070d400000| Untracked 
|  68|0x000000070d600000, 0x000000070d800000, 0x000000070d800000|100%| O|  |TAMS 0x000000070d600000| PB 0x000000070d600000| Untracked 
|  69|0x000000070d800000, 0x000000070da00000, 0x000000070da00000|100%|HS|  |TAMS 0x000000070d800000| PB 0x000000070d800000| Untracked 
|  70|0x000000070da00000, 0x000000070dc00000, 0x000000070dc00000|100%|HC|  |TAMS 0x000000070da00000| PB 0x000000070da00000| Untracked 
|  71|0x000000070dc00000, 0x000000070de00000, 0x000000070de00000|100%| O|  |TAMS 0x000000070dc00000| PB 0x000000070dc00000| Untracked 
|  72|0x000000070de00000, 0x000000070e000000, 0x000000070e000000|100%| O|  |TAMS 0x000000070de00000| PB 0x000000070de00000| Untracked 
|  73|0x000000070e000000, 0x000000070e200000, 0x000000070e200000|100%| O|  |TAMS 0x000000070e000000| PB 0x000000070e000000| Untracked 
|  74|0x000000070e200000, 0x000000070e400000, 0x000000070e400000|100%| O|  |TAMS 0x000000070e200000| PB 0x000000070e200000| Untracked 
|  75|0x000000070e400000, 0x000000070e600000, 0x000000070e600000|100%| O|  |TAMS 0x000000070e400000| PB 0x000000070e400000| Untracked 
|  76|0x000000070e600000, 0x000000070e800000, 0x000000070e800000|100%| O|  |TAMS 0x000000070e600000| PB 0x000000070e600000| Untracked 
|  77|0x000000070e800000, 0x000000070ea00000, 0x000000070ea00000|100%| O|  |TAMS 0x000000070e800000| PB 0x000000070e800000| Untracked 
|  78|0x000000070ea00000, 0x000000070ec00000, 0x000000070ec00000|100%| O|  |TAMS 0x000000070ea00000| PB 0x000000070ea00000| Untracked 
|  79|0x000000070ec00000, 0x000000070ee00000, 0x000000070ee00000|100%| O|  |TAMS 0x000000070ec00000| PB 0x000000070ec00000| Untracked 
|  80|0x000000070ee00000, 0x000000070f000000, 0x000000070f000000|100%| O|  |TAMS 0x000000070ee00000| PB 0x000000070ee00000| Untracked 
|  81|0x000000070f000000, 0x000000070f200000, 0x000000070f200000|100%| O|  |TAMS 0x000000070f000000| PB 0x000000070f000000| Untracked 
|  82|0x000000070f200000, 0x000000070f400000, 0x000000070f400000|100%| O|  |TAMS 0x000000070f200000| PB 0x000000070f200000| Untracked 
|  83|0x000000070f400000, 0x000000070f600000, 0x000000070f600000|100%| O|  |TAMS 0x000000070f400000| PB 0x000000070f400000| Untracked 
|  84|0x000000070f600000, 0x000000070f800000, 0x000000070f800000|100%| O|  |TAMS 0x000000070f600000| PB 0x000000070f600000| Untracked 
|  85|0x000000070f800000, 0x000000070fa00000, 0x000000070fa00000|100%| O|  |TAMS 0x000000070f800000| PB 0x000000070f800000| Untracked 
|  86|0x000000070fa00000, 0x000000070fc00000, 0x000000070fc00000|100%| O|  |TAMS 0x000000070fa00000| PB 0x000000070fa00000| Untracked 
|  87|0x000000070fc00000, 0x000000070fe00000, 0x000000070fe00000|100%| O|  |TAMS 0x000000070fc00000| PB 0x000000070fc00000| Untracked 
|  88|0x000000070fe00000, 0x0000000710000000, 0x0000000710000000|100%| O|  |TAMS 0x000000070fe00000| PB 0x000000070fe00000| Untracked 
|  89|0x0000000710000000, 0x0000000710200000, 0x0000000710200000|100%| O|  |TAMS 0x0000000710000000| PB 0x0000000710000000| Untracked 
|  90|0x0000000710200000, 0x0000000710400000, 0x0000000710400000|100%| O|  |TAMS 0x0000000710200000| PB 0x0000000710200000| Untracked 
|  91|0x0000000710400000, 0x0000000710600000, 0x0000000710600000|100%| O|  |TAMS 0x0000000710400000| PB 0x0000000710400000| Untracked 
|  92|0x0000000710600000, 0x0000000710800000, 0x0000000710800000|100%| O|  |TAMS 0x0000000710600000| PB 0x0000000710600000| Untracked 
|  93|0x0000000710800000, 0x0000000710a00000, 0x0000000710a00000|100%| O|  |TAMS 0x0000000710800000| PB 0x0000000710800000| Untracked 
|  94|0x0000000710a00000, 0x0000000710c00000, 0x0000000710c00000|100%| O|  |TAMS 0x0000000710a00000| PB 0x0000000710a00000| Untracked 
|  95|0x0000000710c00000, 0x0000000710e00000, 0x0000000710e00000|100%| O|  |TAMS 0x0000000710c00000| PB 0x0000000710c00000| Untracked 
|  96|0x0000000710e00000, 0x0000000710e00000, 0x0000000711000000|  0%| F|  |TAMS 0x0000000710e00000| PB 0x0000000710e00000| Untracked 
|  97|0x0000000711000000, 0x0000000711200000, 0x0000000711200000|100%| O|  |TAMS 0x0000000711000000| PB 0x0000000711000000| Untracked 
|  98|0x0000000711200000, 0x0000000711200000, 0x0000000711400000|  0%| F|  |TAMS 0x0000000711200000| PB 0x0000000711200000| Untracked 
|  99|0x0000000711400000, 0x0000000711400000, 0x0000000711600000|  0%| F|  |TAMS 0x0000000711400000| PB 0x0000000711400000| Untracked 
| 100|0x0000000711600000, 0x0000000711800000, 0x0000000711800000|100%| O|  |TAMS 0x0000000711600000| PB 0x0000000711600000| Untracked 
| 101|0x0000000711800000, 0x0000000711a00000, 0x0000000711a00000|100%| O|  |TAMS 0x0000000711800000| PB 0x0000000711800000| Untracked 
| 102|0x0000000711a00000, 0x0000000711c00000, 0x0000000711c00000|100%| O|  |TAMS 0x0000000711a00000| PB 0x0000000711a00000| Untracked 
| 103|0x0000000711c00000, 0x0000000711e00000, 0x0000000711e00000|100%| O|  |TAMS 0x0000000711c00000| PB 0x0000000711c00000| Untracked 
| 104|0x0000000711e00000, 0x0000000712000000, 0x0000000712000000|100%| O|  |TAMS 0x0000000711e00000| PB 0x0000000711e00000| Untracked 
| 105|0x0000000712000000, 0x0000000712200000, 0x0000000712200000|100%| O|  |TAMS 0x0000000712000000| PB 0x0000000712000000| Untracked 
| 106|0x0000000712200000, 0x0000000712400000, 0x0000000712400000|100%| O|  |TAMS 0x0000000712200000| PB 0x0000000712200000| Untracked 
| 107|0x0000000712400000, 0x0000000712600000, 0x0000000712600000|100%| O|  |TAMS 0x0000000712400000| PB 0x0000000712400000| Untracked 
| 108|0x0000000712600000, 0x0000000712800000, 0x0000000712800000|100%| O|  |TAMS 0x0000000712600000| PB 0x0000000712600000| Untracked 
| 109|0x0000000712800000, 0x0000000712a00000, 0x0000000712a00000|100%| O|  |TAMS 0x0000000712800000| PB 0x0000000712800000| Untracked 
| 110|0x0000000712a00000, 0x0000000712c00000, 0x0000000712c00000|100%| O|  |TAMS 0x0000000712a00000| PB 0x0000000712a00000| Untracked 
| 111|0x0000000712c00000, 0x0000000712e00000, 0x0000000712e00000|100%| O|Cm|TAMS 0x0000000712c00000| PB 0x0000000712c00000| Complete 
| 112|0x0000000712e00000, 0x0000000713000000, 0x0000000713000000|100%| O|Cm|TAMS 0x0000000712e00000| PB 0x0000000712e00000| Complete 
| 113|0x0000000713000000, 0x0000000713200000, 0x0000000713200000|100%| O|Cm|TAMS 0x0000000713000000| PB 0x0000000713000000| Complete 
| 114|0x0000000713200000, 0x0000000713400000, 0x0000000713400000|100%| O|  |TAMS 0x0000000713200000| PB 0x0000000713200000| Untracked 
| 115|0x0000000713400000, 0x0000000713600000, 0x0000000713600000|100%| O|  |TAMS 0x0000000713400000| PB 0x0000000713400000| Untracked 
| 116|0x0000000713600000, 0x0000000713800000, 0x0000000713800000|100%| O|  |TAMS 0x0000000713600000| PB 0x0000000713600000| Untracked 
| 117|0x0000000713800000, 0x0000000713a00000, 0x0000000713a00000|100%| O|  |TAMS 0x0000000713800000| PB 0x0000000713800000| Untracked 
| 118|0x0000000713a00000, 0x0000000713c00000, 0x0000000713c00000|100%| O|  |TAMS 0x0000000713a00000| PB 0x0000000713a00000| Untracked 
| 119|0x0000000713c00000, 0x0000000713e00000, 0x0000000713e00000|100%| O|  |TAMS 0x0000000713c00000| PB 0x0000000713c00000| Untracked 
| 120|0x0000000713e00000, 0x0000000714000000, 0x0000000714000000|100%| O|  |TAMS 0x0000000713e00000| PB 0x0000000713e00000| Untracked 
| 121|0x0000000714000000, 0x0000000714200000, 0x0000000714200000|100%| O|  |TAMS 0x0000000714000000| PB 0x0000000714000000| Untracked 
| 122|0x0000000714200000, 0x0000000714400000, 0x0000000714400000|100%| O|  |TAMS 0x0000000714200000| PB 0x0000000714200000| Untracked 
| 123|0x0000000714400000, 0x0000000714600000, 0x0000000714600000|100%| O|  |TAMS 0x0000000714400000| PB 0x0000000714400000| Untracked 
| 124|0x0000000714600000, 0x0000000714800000, 0x0000000714800000|100%| O|  |TAMS 0x0000000714600000| PB 0x0000000714600000| Untracked 
| 125|0x0000000714800000, 0x0000000714a00000, 0x0000000714a00000|100%| O|  |TAMS 0x0000000714800000| PB 0x0000000714800000| Untracked 
| 126|0x0000000714a00000, 0x0000000714c00000, 0x0000000714c00000|100%| O|  |TAMS 0x0000000714a00000| PB 0x0000000714a00000| Untracked 
| 127|0x0000000714c00000, 0x0000000714e00000, 0x0000000714e00000|100%| O|  |TAMS 0x0000000714c00000| PB 0x0000000714c00000| Untracked 
| 128|0x0000000714e00000, 0x0000000714e00000, 0x0000000715000000|  0%| F|  |TAMS 0x0000000714e00000| PB 0x0000000714e00000| Untracked 
| 129|0x0000000715000000, 0x0000000715200000, 0x0000000715200000|100%| O|  |TAMS 0x0000000715000000| PB 0x0000000715000000| Untracked 
| 130|0x0000000715200000, 0x0000000715400000, 0x0000000715400000|100%| O|  |TAMS 0x0000000715200000| PB 0x0000000715200000| Untracked 
| 131|0x0000000715400000, 0x0000000715400000, 0x0000000715600000|  0%| F|  |TAMS 0x0000000715400000| PB 0x0000000715400000| Untracked 
| 132|0x0000000715600000, 0x0000000715800000, 0x0000000715800000|100%| O|  |TAMS 0x0000000715600000| PB 0x0000000715600000| Untracked 
| 133|0x0000000715800000, 0x0000000715a00000, 0x0000000715a00000|100%| O|  |TAMS 0x0000000715800000| PB 0x0000000715800000| Untracked 
| 134|0x0000000715a00000, 0x0000000715c00000, 0x0000000715c00000|100%| O|  |TAMS 0x0000000715a00000| PB 0x0000000715a00000| Untracked 
| 135|0x0000000715c00000, 0x0000000715e00000, 0x0000000715e00000|100%| O|  |TAMS 0x0000000715c00000| PB 0x0000000715c00000| Untracked 
| 136|0x0000000715e00000, 0x0000000715e00000, 0x0000000716000000|  0%| F|  |TAMS 0x0000000715e00000| PB 0x0000000715e00000| Untracked 
| 137|0x0000000716000000, 0x0000000716000000, 0x0000000716200000|  0%| F|  |TAMS 0x0000000716000000| PB 0x0000000716000000| Untracked 
| 138|0x0000000716200000, 0x0000000716400000, 0x0000000716400000|100%| O|  |TAMS 0x0000000716200000| PB 0x0000000716200000| Untracked 
| 139|0x0000000716400000, 0x0000000716600000, 0x0000000716600000|100%| O|  |TAMS 0x0000000716400000| PB 0x0000000716400000| Untracked 
| 140|0x0000000716600000, 0x0000000716800000, 0x0000000716800000|100%| O|  |TAMS 0x0000000716600000| PB 0x0000000716600000| Untracked 
| 141|0x0000000716800000, 0x0000000716a00000, 0x0000000716a00000|100%| O|  |TAMS 0x0000000716800000| PB 0x0000000716800000| Untracked 
| 142|0x0000000716a00000, 0x0000000716c00000, 0x0000000716c00000|100%| O|  |TAMS 0x0000000716a00000| PB 0x0000000716a00000| Untracked 
| 143|0x0000000716c00000, 0x0000000716e00000, 0x0000000716e00000|100%| O|  |TAMS 0x0000000716c00000| PB 0x0000000716c00000| Untracked 
| 144|0x0000000716e00000, 0x0000000716e00000, 0x0000000717000000|  0%| F|  |TAMS 0x0000000716e00000| PB 0x0000000716e00000| Untracked 
| 145|0x0000000717000000, 0x0000000717200000, 0x0000000717200000|100%| O|  |TAMS 0x0000000717000000| PB 0x0000000717000000| Untracked 
| 146|0x0000000717200000, 0x0000000717200000, 0x0000000717400000|  0%| F|  |TAMS 0x0000000717200000| PB 0x0000000717200000| Untracked 
| 147|0x0000000717400000, 0x0000000717400000, 0x0000000717600000|  0%| F|  |TAMS 0x0000000717400000| PB 0x0000000717400000| Untracked 
| 148|0x0000000717600000, 0x0000000717800000, 0x0000000717800000|100%| O|  |TAMS 0x0000000717600000| PB 0x0000000717600000| Untracked 
| 149|0x0000000717800000, 0x0000000717a00000, 0x0000000717a00000|100%| O|  |TAMS 0x0000000717800000| PB 0x0000000717800000| Untracked 
| 150|0x0000000717a00000, 0x0000000717c00000, 0x0000000717c00000|100%| O|Cm|TAMS 0x0000000717a00000| PB 0x0000000717a00000| Complete 
| 151|0x0000000717c00000, 0x0000000717e00000, 0x0000000717e00000|100%| O|Cm|TAMS 0x0000000717c00000| PB 0x0000000717c00000| Complete 
| 152|0x0000000717e00000, 0x0000000717e00000, 0x0000000718000000|  0%| F|  |TAMS 0x0000000717e00000| PB 0x0000000717e00000| Untracked 
| 153|0x0000000718000000, 0x0000000718200000, 0x0000000718200000|100%| O|  |TAMS 0x0000000718000000| PB 0x0000000718000000| Untracked 
| 154|0x0000000718200000, 0x0000000718400000, 0x0000000718400000|100%| O|  |TAMS 0x0000000718200000| PB 0x0000000718200000| Untracked 
| 155|0x0000000718400000, 0x0000000718600000, 0x0000000718600000|100%| O|  |TAMS 0x0000000718400000| PB 0x0000000718400000| Untracked 
| 156|0x0000000718600000, 0x0000000718800000, 0x0000000718800000|100%| O|  |TAMS 0x0000000718600000| PB 0x0000000718600000| Untracked 
| 157|0x0000000718800000, 0x0000000718a00000, 0x0000000718a00000|100%| O|  |TAMS 0x0000000718800000| PB 0x0000000718800000| Untracked 
| 158|0x0000000718a00000, 0x0000000718a00000, 0x0000000718c00000|  0%| F|  |TAMS 0x0000000718a00000| PB 0x0000000718a00000| Untracked 
| 159|0x0000000718c00000, 0x0000000718e00000, 0x0000000718e00000|100%| O|  |TAMS 0x0000000718c00000| PB 0x0000000718c00000| Untracked 
| 160|0x0000000718e00000, 0x0000000719000000, 0x0000000719000000|100%| O|  |TAMS 0x0000000718e00000| PB 0x0000000718e00000| Untracked 
| 161|0x0000000719000000, 0x0000000719200000, 0x0000000719200000|100%| O|  |TAMS 0x0000000719000000| PB 0x0000000719000000| Untracked 
| 162|0x0000000719200000, 0x0000000719400000, 0x0000000719400000|100%| O|  |TAMS 0x0000000719200000| PB 0x0000000719200000| Untracked 
| 163|0x0000000719400000, 0x0000000719600000, 0x0000000719600000|100%| O|  |TAMS 0x0000000719400000| PB 0x0000000719400000| Untracked 
| 164|0x0000000719600000, 0x0000000719600000, 0x0000000719800000|  0%| F|  |TAMS 0x0000000719600000| PB 0x0000000719600000| Untracked 
| 165|0x0000000719800000, 0x0000000719a00000, 0x0000000719a00000|100%| O|  |TAMS 0x0000000719800000| PB 0x0000000719800000| Untracked 
| 166|0x0000000719a00000, 0x0000000719c00000, 0x0000000719c00000|100%| O|  |TAMS 0x0000000719a00000| PB 0x0000000719a00000| Untracked 
| 167|0x0000000719c00000, 0x0000000719c00000, 0x0000000719e00000|  0%| F|  |TAMS 0x0000000719c00000| PB 0x0000000719c00000| Untracked 
| 168|0x0000000719e00000, 0x000000071a000000, 0x000000071a000000|100%| O|  |TAMS 0x0000000719e00000| PB 0x0000000719e00000| Untracked 
| 169|0x000000071a000000, 0x000000071a000000, 0x000000071a200000|  0%| F|  |TAMS 0x000000071a000000| PB 0x000000071a000000| Untracked 
| 170|0x000000071a200000, 0x000000071a200000, 0x000000071a400000|  0%| F|  |TAMS 0x000000071a200000| PB 0x000000071a200000| Untracked 
| 171|0x000000071a400000, 0x000000071a400000, 0x000000071a600000|  0%| F|  |TAMS 0x000000071a400000| PB 0x000000071a400000| Untracked 
| 172|0x000000071a600000, 0x000000071a800000, 0x000000071a800000|100%| O|  |TAMS 0x000000071a600000| PB 0x000000071a600000| Untracked 
| 173|0x000000071a800000, 0x000000071aa00000, 0x000000071aa00000|100%| O|Cm|TAMS 0x000000071a800000| PB 0x000000071a800000| Complete 
| 174|0x000000071aa00000, 0x000000071ac00000, 0x000000071ac00000|100%| O|  |TAMS 0x000000071aa00000| PB 0x000000071aa00000| Untracked 
| 175|0x000000071ac00000, 0x000000071ac00000, 0x000000071ae00000|  0%| F|  |TAMS 0x000000071ac00000| PB 0x000000071ac00000| Untracked 
| 176|0x000000071ae00000, 0x000000071ae00000, 0x000000071b000000|  0%| F|  |TAMS 0x000000071ae00000| PB 0x000000071ae00000| Untracked 
| 177|0x000000071b000000, 0x000000071b200000, 0x000000071b200000|100%| O|Cm|TAMS 0x000000071b000000| PB 0x000000071b000000| Complete 
| 178|0x000000071b200000, 0x000000071b400000, 0x000000071b400000|100%| O|Cm|TAMS 0x000000071b200000| PB 0x000000071b200000| Complete 
| 179|0x000000071b400000, 0x000000071b400000, 0x000000071b600000|  0%| F|  |TAMS 0x000000071b400000| PB 0x000000071b400000| Untracked 
| 180|0x000000071b600000, 0x000000071b800000, 0x000000071b800000|100%| O|  |TAMS 0x000000071b600000| PB 0x000000071b600000| Untracked 
| 181|0x000000071b800000, 0x000000071b800000, 0x000000071ba00000|  0%| F|  |TAMS 0x000000071b800000| PB 0x000000071b800000| Untracked 
| 182|0x000000071ba00000, 0x000000071bc00000, 0x000000071bc00000|100%| O|  |TAMS 0x000000071ba00000| PB 0x000000071ba00000| Untracked 
| 183|0x000000071bc00000, 0x000000071be00000, 0x000000071be00000|100%| O|  |TAMS 0x000000071bc00000| PB 0x000000071bc00000| Untracked 
| 184|0x000000071be00000, 0x000000071c000000, 0x000000071c000000|100%| O|  |TAMS 0x000000071be00000| PB 0x000000071be00000| Untracked 
| 185|0x000000071c000000, 0x000000071c200000, 0x000000071c200000|100%| O|  |TAMS 0x000000071c000000| PB 0x000000071c000000| Untracked 
| 186|0x000000071c200000, 0x000000071c400000, 0x000000071c400000|100%| O|  |TAMS 0x000000071c200000| PB 0x000000071c200000| Untracked 
| 187|0x000000071c400000, 0x000000071c400000, 0x000000071c600000|  0%| F|  |TAMS 0x000000071c400000| PB 0x000000071c400000| Untracked 
| 188|0x000000071c600000, 0x000000071c600000, 0x000000071c800000|  0%| F|  |TAMS 0x000000071c600000| PB 0x000000071c600000| Untracked 
| 189|0x000000071c800000, 0x000000071c800000, 0x000000071ca00000|  0%| F|  |TAMS 0x000000071c800000| PB 0x000000071c800000| Untracked 
| 190|0x000000071ca00000, 0x000000071cc00000, 0x000000071cc00000|100%| O|  |TAMS 0x000000071ca00000| PB 0x000000071ca00000| Untracked 
| 191|0x000000071cc00000, 0x000000071ce00000, 0x000000071ce00000|100%| O|  |TAMS 0x000000071cc00000| PB 0x000000071cc00000| Untracked 
| 192|0x000000071ce00000, 0x000000071d000000, 0x000000071d000000|100%| O|  |TAMS 0x000000071ce00000| PB 0x000000071ce00000| Untracked 
| 193|0x000000071d000000, 0x000000071d200000, 0x000000071d200000|100%| O|  |TAMS 0x000000071d000000| PB 0x000000071d000000| Untracked 
| 194|0x000000071d200000, 0x000000071d400000, 0x000000071d400000|100%| O|  |TAMS 0x000000071d200000| PB 0x000000071d200000| Untracked 
| 195|0x000000071d400000, 0x000000071d600000, 0x000000071d600000|100%| O|Cm|TAMS 0x000000071d400000| PB 0x000000071d400000| Complete 
| 196|0x000000071d600000, 0x000000071d800000, 0x000000071d800000|100%| O|Cm|TAMS 0x000000071d600000| PB 0x000000071d600000| Complete 
| 197|0x000000071d800000, 0x000000071da00000, 0x000000071da00000|100%| O|  |TAMS 0x000000071d800000| PB 0x000000071d800000| Untracked 
| 198|0x000000071da00000, 0x000000071da00000, 0x000000071dc00000|  0%| F|  |TAMS 0x000000071da00000| PB 0x000000071da00000| Untracked 
| 199|0x000000071dc00000, 0x000000071dc00000, 0x000000071de00000|  0%| F|  |TAMS 0x000000071dc00000| PB 0x000000071dc00000| Untracked 
| 200|0x000000071de00000, 0x000000071de00000, 0x000000071e000000|  0%| F|  |TAMS 0x000000071de00000| PB 0x000000071de00000| Untracked 
| 201|0x000000071e000000, 0x000000071e000000, 0x000000071e200000|  0%| F|  |TAMS 0x000000071e000000| PB 0x000000071e000000| Untracked 
| 202|0x000000071e200000, 0x000000071e200000, 0x000000071e400000|  0%| F|  |TAMS 0x000000071e200000| PB 0x000000071e200000| Untracked 
| 203|0x000000071e400000, 0x000000071e400000, 0x000000071e600000|  0%| F|  |TAMS 0x000000071e400000| PB 0x000000071e400000| Untracked 
| 204|0x000000071e600000, 0x000000071e600000, 0x000000071e800000|  0%| F|  |TAMS 0x000000071e600000| PB 0x000000071e600000| Untracked 
| 205|0x000000071e800000, 0x000000071e800000, 0x000000071ea00000|  0%| F|  |TAMS 0x000000071e800000| PB 0x000000071e800000| Untracked 
| 206|0x000000071ea00000, 0x000000071ea00000, 0x000000071ec00000|  0%| F|  |TAMS 0x000000071ea00000| PB 0x000000071ea00000| Untracked 
| 207|0x000000071ec00000, 0x000000071ec00000, 0x000000071ee00000|  0%| F|  |TAMS 0x000000071ec00000| PB 0x000000071ec00000| Untracked 
| 208|0x000000071ee00000, 0x000000071ee00000, 0x000000071f000000|  0%| F|  |TAMS 0x000000071ee00000| PB 0x000000071ee00000| Untracked 
| 209|0x000000071f000000, 0x000000071f000000, 0x000000071f200000|  0%| F|  |TAMS 0x000000071f000000| PB 0x000000071f000000| Untracked 
| 210|0x000000071f200000, 0x000000071f200000, 0x000000071f400000|  0%| F|  |TAMS 0x000000071f200000| PB 0x000000071f200000| Untracked 
| 211|0x000000071f400000, 0x000000071f400000, 0x000000071f600000|  0%| F|  |TAMS 0x000000071f400000| PB 0x000000071f400000| Untracked 
| 212|0x000000071f600000, 0x000000071f600000, 0x000000071f800000|  0%| F|  |TAMS 0x000000071f600000| PB 0x000000071f600000| Untracked 
| 213|0x000000071f800000, 0x000000071f800000, 0x000000071fa00000|  0%| F|  |TAMS 0x000000071f800000| PB 0x000000071f800000| Untracked 
| 214|0x000000071fa00000, 0x000000071fa00000, 0x000000071fc00000|  0%| F|  |TAMS 0x000000071fa00000| PB 0x000000071fa00000| Untracked 
| 215|0x000000071fc00000, 0x000000071fc00000, 0x000000071fe00000|  0%| F|  |TAMS 0x000000071fc00000| PB 0x000000071fc00000| Untracked 
| 216|0x000000071fe00000, 0x000000071fe00000, 0x0000000720000000|  0%| F|  |TAMS 0x000000071fe00000| PB 0x000000071fe00000| Untracked 
| 217|0x0000000720000000, 0x0000000720000000, 0x0000000720200000|  0%| F|  |TAMS 0x0000000720000000| PB 0x0000000720000000| Untracked 
| 218|0x0000000720200000, 0x0000000720200000, 0x0000000720400000|  0%| F|  |TAMS 0x0000000720200000| PB 0x0000000720200000| Untracked 
| 219|0x0000000720400000, 0x0000000720400000, 0x0000000720600000|  0%| F|  |TAMS 0x0000000720400000| PB 0x0000000720400000| Untracked 
| 220|0x0000000720600000, 0x0000000720600000, 0x0000000720800000|  0%| F|  |TAMS 0x0000000720600000| PB 0x0000000720600000| Untracked 
| 221|0x0000000720800000, 0x0000000720800000, 0x0000000720a00000|  0%| F|  |TAMS 0x0000000720800000| PB 0x0000000720800000| Untracked 
| 222|0x0000000720a00000, 0x0000000720a00000, 0x0000000720c00000|  0%| F|  |TAMS 0x0000000720a00000| PB 0x0000000720a00000| Untracked 
| 223|0x0000000720c00000, 0x0000000720c00000, 0x0000000720e00000|  0%| F|  |TAMS 0x0000000720c00000| PB 0x0000000720c00000| Untracked 
| 224|0x0000000720e00000, 0x0000000720e00000, 0x0000000721000000|  0%| F|  |TAMS 0x0000000720e00000| PB 0x0000000720e00000| Untracked 
| 225|0x0000000721000000, 0x0000000721000000, 0x0000000721200000|  0%| F|  |TAMS 0x0000000721000000| PB 0x0000000721000000| Untracked 
| 226|0x0000000721200000, 0x0000000721200000, 0x0000000721400000|  0%| F|  |TAMS 0x0000000721200000| PB 0x0000000721200000| Untracked 
| 227|0x0000000721400000, 0x0000000721400000, 0x0000000721600000|  0%| F|  |TAMS 0x0000000721400000| PB 0x0000000721400000| Untracked 
| 228|0x0000000721600000, 0x0000000721600000, 0x0000000721800000|  0%| F|  |TAMS 0x0000000721600000| PB 0x0000000721600000| Untracked 
| 229|0x0000000721800000, 0x0000000721800000, 0x0000000721a00000|  0%| F|  |TAMS 0x0000000721800000| PB 0x0000000721800000| Untracked 
| 230|0x0000000721a00000, 0x0000000721a00000, 0x0000000721c00000|  0%| F|  |TAMS 0x0000000721a00000| PB 0x0000000721a00000| Untracked 
| 231|0x0000000721c00000, 0x0000000721c00000, 0x0000000721e00000|  0%| F|  |TAMS 0x0000000721c00000| PB 0x0000000721c00000| Untracked 
| 232|0x0000000721e00000, 0x0000000721e00000, 0x0000000722000000|  0%| F|  |TAMS 0x0000000721e00000| PB 0x0000000721e00000| Untracked 
| 233|0x0000000722000000, 0x0000000722000000, 0x0000000722200000|  0%| F|  |TAMS 0x0000000722000000| PB 0x0000000722000000| Untracked 
| 234|0x0000000722200000, 0x0000000722200000, 0x0000000722400000|  0%| F|  |TAMS 0x0000000722200000| PB 0x0000000722200000| Untracked 
| 235|0x0000000722400000, 0x0000000722400000, 0x0000000722600000|  0%| F|  |TAMS 0x0000000722400000| PB 0x0000000722400000| Untracked 
| 236|0x0000000722600000, 0x0000000722600000, 0x0000000722800000|  0%| F|  |TAMS 0x0000000722600000| PB 0x0000000722600000| Untracked 
| 237|0x0000000722800000, 0x0000000722800000, 0x0000000722a00000|  0%| F|  |TAMS 0x0000000722800000| PB 0x0000000722800000| Untracked 
| 238|0x0000000722a00000, 0x0000000722a00000, 0x0000000722c00000|  0%| F|  |TAMS 0x0000000722a00000| PB 0x0000000722a00000| Untracked 
| 239|0x0000000722c00000, 0x0000000722c00000, 0x0000000722e00000|  0%| F|  |TAMS 0x0000000722c00000| PB 0x0000000722c00000| Untracked 
| 240|0x0000000722e00000, 0x0000000722e00000, 0x0000000723000000|  0%| F|  |TAMS 0x0000000722e00000| PB 0x0000000722e00000| Untracked 
| 241|0x0000000723000000, 0x0000000723000000, 0x0000000723200000|  0%| F|  |TAMS 0x0000000723000000| PB 0x0000000723000000| Untracked 
| 242|0x0000000723200000, 0x0000000723200000, 0x0000000723400000|  0%| F|  |TAMS 0x0000000723200000| PB 0x0000000723200000| Untracked 
| 243|0x0000000723400000, 0x0000000723400000, 0x0000000723600000|  0%| F|  |TAMS 0x0000000723400000| PB 0x0000000723400000| Untracked 
| 244|0x0000000723600000, 0x0000000723600000, 0x0000000723800000|  0%| F|  |TAMS 0x0000000723600000| PB 0x0000000723600000| Untracked 
| 245|0x0000000723800000, 0x0000000723800000, 0x0000000723a00000|  0%| F|  |TAMS 0x0000000723800000| PB 0x0000000723800000| Untracked 
| 246|0x0000000723a00000, 0x0000000723a00000, 0x0000000723c00000|  0%| F|  |TAMS 0x0000000723a00000| PB 0x0000000723a00000| Untracked 
| 247|0x0000000723c00000, 0x0000000723c00000, 0x0000000723e00000|  0%| F|  |TAMS 0x0000000723c00000| PB 0x0000000723c00000| Untracked 
| 248|0x0000000723e00000, 0x0000000723e00000, 0x0000000724000000|  0%| F|  |TAMS 0x0000000723e00000| PB 0x0000000723e00000| Untracked 
| 249|0x0000000724000000, 0x0000000724000000, 0x0000000724200000|  0%| F|  |TAMS 0x0000000724000000| PB 0x0000000724000000| Untracked 
| 250|0x0000000724200000, 0x0000000724200000, 0x0000000724400000|  0%| F|  |TAMS 0x0000000724200000| PB 0x0000000724200000| Untracked 
| 251|0x0000000724400000, 0x0000000724400000, 0x0000000724600000|  0%| F|  |TAMS 0x0000000724400000| PB 0x0000000724400000| Untracked 
| 252|0x0000000724600000, 0x0000000724600000, 0x0000000724800000|  0%| F|  |TAMS 0x0000000724600000| PB 0x0000000724600000| Untracked 
| 253|0x0000000724800000, 0x0000000724800000, 0x0000000724a00000|  0%| F|  |TAMS 0x0000000724800000| PB 0x0000000724800000| Untracked 
| 254|0x0000000724a00000, 0x0000000724a00000, 0x0000000724c00000|  0%| F|  |TAMS 0x0000000724a00000| PB 0x0000000724a00000| Untracked 
| 255|0x0000000724c00000, 0x0000000724c00000, 0x0000000724e00000|  0%| F|  |TAMS 0x0000000724c00000| PB 0x0000000724c00000| Untracked 
| 256|0x0000000724e00000, 0x0000000724e00000, 0x0000000725000000|  0%| F|  |TAMS 0x0000000724e00000| PB 0x0000000724e00000| Untracked 
| 257|0x0000000725000000, 0x0000000725000000, 0x0000000725200000|  0%| F|  |TAMS 0x0000000725000000| PB 0x0000000725000000| Untracked 
| 258|0x0000000725200000, 0x0000000725200000, 0x0000000725400000|  0%| F|  |TAMS 0x0000000725200000| PB 0x0000000725200000| Untracked 
| 259|0x0000000725400000, 0x0000000725400000, 0x0000000725600000|  0%| F|  |TAMS 0x0000000725400000| PB 0x0000000725400000| Untracked 
| 260|0x0000000725600000, 0x0000000725600000, 0x0000000725800000|  0%| F|  |TAMS 0x0000000725600000| PB 0x0000000725600000| Untracked 
| 261|0x0000000725800000, 0x0000000725800000, 0x0000000725a00000|  0%| F|  |TAMS 0x0000000725800000| PB 0x0000000725800000| Untracked 
| 262|0x0000000725a00000, 0x0000000725a00000, 0x0000000725c00000|  0%| F|  |TAMS 0x0000000725a00000| PB 0x0000000725a00000| Untracked 
| 263|0x0000000725c00000, 0x0000000725c00000, 0x0000000725e00000|  0%| F|  |TAMS 0x0000000725c00000| PB 0x0000000725c00000| Untracked 
| 264|0x0000000725e00000, 0x0000000725e00000, 0x0000000726000000|  0%| F|  |TAMS 0x0000000725e00000| PB 0x0000000725e00000| Untracked 
| 265|0x0000000726000000, 0x0000000726000000, 0x0000000726200000|  0%| F|  |TAMS 0x0000000726000000| PB 0x0000000726000000| Untracked 
| 266|0x0000000726200000, 0x0000000726200000, 0x0000000726400000|  0%| F|  |TAMS 0x0000000726200000| PB 0x0000000726200000| Untracked 
| 267|0x0000000726400000, 0x0000000726400000, 0x0000000726600000|  0%| F|  |TAMS 0x0000000726400000| PB 0x0000000726400000| Untracked 
| 268|0x0000000726600000, 0x0000000726600000, 0x0000000726800000|  0%| F|  |TAMS 0x0000000726600000| PB 0x0000000726600000| Untracked 
| 269|0x0000000726800000, 0x0000000726800000, 0x0000000726a00000|  0%| F|  |TAMS 0x0000000726800000| PB 0x0000000726800000| Untracked 
| 270|0x0000000726a00000, 0x0000000726a00000, 0x0000000726c00000|  0%| F|  |TAMS 0x0000000726a00000| PB 0x0000000726a00000| Untracked 
| 271|0x0000000726c00000, 0x0000000726c00000, 0x0000000726e00000|  0%| F|  |TAMS 0x0000000726c00000| PB 0x0000000726c00000| Untracked 
| 272|0x0000000726e00000, 0x0000000726e00000, 0x0000000727000000|  0%| F|  |TAMS 0x0000000726e00000| PB 0x0000000726e00000| Untracked 
| 273|0x0000000727000000, 0x0000000727000000, 0x0000000727200000|  0%| F|  |TAMS 0x0000000727000000| PB 0x0000000727000000| Untracked 
| 274|0x0000000727200000, 0x0000000727200000, 0x0000000727400000|  0%| F|  |TAMS 0x0000000727200000| PB 0x0000000727200000| Untracked 
| 275|0x0000000727400000, 0x0000000727400000, 0x0000000727600000|  0%| F|  |TAMS 0x0000000727400000| PB 0x0000000727400000| Untracked 
| 276|0x0000000727600000, 0x0000000727600000, 0x0000000727800000|  0%| F|  |TAMS 0x0000000727600000| PB 0x0000000727600000| Untracked 
| 277|0x0000000727800000, 0x0000000727800000, 0x0000000727a00000|  0%| F|  |TAMS 0x0000000727800000| PB 0x0000000727800000| Untracked 
| 278|0x0000000727a00000, 0x0000000727c00000, 0x0000000727c00000|100%| O|Cm|TAMS 0x0000000727a00000| PB 0x0000000727a00000| Complete 
| 279|0x0000000727c00000, 0x0000000727c00000, 0x0000000727e00000|  0%| F|  |TAMS 0x0000000727c00000| PB 0x0000000727c00000| Untracked 
| 280|0x0000000727e00000, 0x0000000727e00000, 0x0000000728000000|  0%| F|  |TAMS 0x0000000727e00000| PB 0x0000000727e00000| Untracked 
| 281|0x0000000728000000, 0x0000000728000000, 0x0000000728200000|  0%| F|  |TAMS 0x0000000728000000| PB 0x0000000728000000| Untracked 
| 282|0x0000000728200000, 0x0000000728200000, 0x0000000728400000|  0%| F|  |TAMS 0x0000000728200000| PB 0x0000000728200000| Untracked 
| 283|0x0000000728400000, 0x0000000728400000, 0x0000000728600000|  0%| F|  |TAMS 0x0000000728400000| PB 0x0000000728400000| Untracked 
| 284|0x0000000728600000, 0x0000000728600000, 0x0000000728800000|  0%| F|  |TAMS 0x0000000728600000| PB 0x0000000728600000| Untracked 
| 285|0x0000000728800000, 0x0000000728800000, 0x0000000728a00000|  0%| F|  |TAMS 0x0000000728800000| PB 0x0000000728800000| Untracked 
|1930|0x00000007f6200000, 0x00000007f6200000, 0x00000007f6400000|  0%| F|  |TAMS 0x00000007f6200000| PB 0x00000007f6200000| Untracked 
|1931|0x00000007f6400000, 0x00000007f6400000, 0x00000007f6600000|  0%| F|  |TAMS 0x00000007f6400000| PB 0x00000007f6400000| Untracked 
|1932|0x00000007f6600000, 0x00000007f6600000, 0x00000007f6800000|  0%| F|  |TAMS 0x00000007f6600000| PB 0x00000007f6600000| Untracked 
|1933|0x00000007f6800000, 0x00000007f6a00000, 0x00000007f6a00000|100%| S|CS|TAMS 0x00000007f6800000| PB 0x00000007f6800000| Complete 
|1934|0x00000007f6a00000, 0x00000007f6c00000, 0x00000007f6c00000|100%| S|CS|TAMS 0x00000007f6a00000| PB 0x00000007f6a00000| Complete 
|1935|0x00000007f6c00000, 0x00000007f6e00000, 0x00000007f6e00000|100%| S|CS|TAMS 0x00000007f6c00000| PB 0x00000007f6c00000| Complete 
|1936|0x00000007f6e00000, 0x00000007f7000000, 0x00000007f7000000|100%| S|CS|TAMS 0x00000007f6e00000| PB 0x00000007f6e00000| Complete 
|1937|0x00000007f7000000, 0x00000007f7200000, 0x00000007f7200000|100%| S|CS|TAMS 0x00000007f7000000| PB 0x00000007f7000000| Complete 
|1938|0x00000007f7200000, 0x00000007f7200000, 0x00000007f7400000|  0%| F|  |TAMS 0x00000007f7200000| PB 0x00000007f7200000| Untracked 
|1939|0x00000007f7400000, 0x00000007f7400000, 0x00000007f7600000|  0%| F|  |TAMS 0x00000007f7400000| PB 0x00000007f7400000| Untracked 
|1940|0x00000007f7600000, 0x00000007f7600000, 0x00000007f7800000|  0%| F|  |TAMS 0x00000007f7600000| PB 0x00000007f7600000| Untracked 
|1941|0x00000007f7800000, 0x00000007f7800000, 0x00000007f7a00000|  0%| F|  |TAMS 0x00000007f7800000| PB 0x00000007f7800000| Untracked 
|1942|0x00000007f7a00000, 0x00000007f7a00000, 0x00000007f7c00000|  0%| F|  |TAMS 0x00000007f7a00000| PB 0x00000007f7a00000| Untracked 
|1943|0x00000007f7c00000, 0x00000007f7c00000, 0x00000007f7e00000|  0%| F|  |TAMS 0x00000007f7c00000| PB 0x00000007f7c00000| Untracked 
|1944|0x00000007f7e00000, 0x00000007f7e00000, 0x00000007f8000000|  0%| F|  |TAMS 0x00000007f7e00000| PB 0x00000007f7e00000| Untracked 
|1945|0x00000007f8000000, 0x00000007f8000000, 0x00000007f8200000|  0%| F|  |TAMS 0x00000007f8000000| PB 0x00000007f8000000| Untracked 
|1946|0x00000007f8200000, 0x00000007f8200000, 0x00000007f8400000|  0%| F|  |TAMS 0x00000007f8200000| PB 0x00000007f8200000| Untracked 
|1947|0x00000007f8400000, 0x00000007f8400000, 0x00000007f8600000|  0%| F|  |TAMS 0x00000007f8400000| PB 0x00000007f8400000| Untracked 
|1948|0x00000007f8600000, 0x00000007f8600000, 0x00000007f8800000|  0%| F|  |TAMS 0x00000007f8600000| PB 0x00000007f8600000| Untracked 
|1949|0x00000007f8800000, 0x00000007f8800000, 0x00000007f8a00000|  0%| F|  |TAMS 0x00000007f8800000| PB 0x00000007f8800000| Untracked 
|1950|0x00000007f8a00000, 0x00000007f8a00000, 0x00000007f8c00000|  0%| F|  |TAMS 0x00000007f8a00000| PB 0x00000007f8a00000| Untracked 
|1951|0x00000007f8c00000, 0x00000007f8c00000, 0x00000007f8e00000|  0%| F|  |TAMS 0x00000007f8c00000| PB 0x00000007f8c00000| Untracked 
|1952|0x00000007f8e00000, 0x00000007f8e00000, 0x00000007f9000000|  0%| F|  |TAMS 0x00000007f8e00000| PB 0x00000007f8e00000| Untracked 
|1953|0x00000007f9000000, 0x00000007f9000000, 0x00000007f9200000|  0%| F|  |TAMS 0x00000007f9000000| PB 0x00000007f9000000| Untracked 
|1954|0x00000007f9200000, 0x00000007f9200000, 0x00000007f9400000|  0%| F|  |TAMS 0x00000007f9200000| PB 0x00000007f9200000| Untracked 
|1955|0x00000007f9400000, 0x00000007f9400000, 0x00000007f9600000|  0%| F|  |TAMS 0x00000007f9400000| PB 0x00000007f9400000| Untracked 
|1956|0x00000007f9600000, 0x00000007f9600000, 0x00000007f9800000|  0%| F|  |TAMS 0x00000007f9600000| PB 0x00000007f9600000| Untracked 
|1957|0x00000007f9800000, 0x00000007f9800000, 0x00000007f9a00000|  0%| F|  |TAMS 0x00000007f9800000| PB 0x00000007f9800000| Untracked 
|1958|0x00000007f9a00000, 0x00000007f9a00000, 0x00000007f9c00000|  0%| F|  |TAMS 0x00000007f9a00000| PB 0x00000007f9a00000| Untracked 
|1959|0x00000007f9c00000, 0x00000007f9c00000, 0x00000007f9e00000|  0%| F|  |TAMS 0x00000007f9c00000| PB 0x00000007f9c00000| Untracked 
|1960|0x00000007f9e00000, 0x00000007f9e00000, 0x00000007fa000000|  0%| F|  |TAMS 0x00000007f9e00000| PB 0x00000007f9e00000| Untracked 
|1961|0x00000007fa000000, 0x00000007fa000000, 0x00000007fa200000|  0%| F|  |TAMS 0x00000007fa000000| PB 0x00000007fa000000| Untracked 
|1962|0x00000007fa200000, 0x00000007fa200000, 0x00000007fa400000|  0%| F|  |TAMS 0x00000007fa200000| PB 0x00000007fa200000| Untracked 
|1963|0x00000007fa400000, 0x00000007fa400000, 0x00000007fa600000|  0%| F|  |TAMS 0x00000007fa400000| PB 0x00000007fa400000| Untracked 
|1964|0x00000007fa600000, 0x00000007fa600000, 0x00000007fa800000|  0%| F|  |TAMS 0x00000007fa600000| PB 0x00000007fa600000| Untracked 
|1965|0x00000007fa800000, 0x00000007fa800000, 0x00000007faa00000|  0%| F|  |TAMS 0x00000007fa800000| PB 0x00000007fa800000| Untracked 
|1966|0x00000007faa00000, 0x00000007faa9dfe0, 0x00000007fac00000| 30%| E|  |TAMS 0x00000007faa00000| PB 0x00000007faa00000| Complete 
|1967|0x00000007fac00000, 0x00000007fae00000, 0x00000007fae00000|100%| E|CS|TAMS 0x00000007fac00000| PB 0x00000007fac00000| Complete 
|1968|0x00000007fae00000, 0x00000007fb000000, 0x00000007fb000000|100%| E|CS|TAMS 0x00000007fae00000| PB 0x00000007fae00000| Complete 
|1969|0x00000007fb000000, 0x00000007fb200000, 0x00000007fb200000|100%| E|  |TAMS 0x00000007fb000000| PB 0x00000007fb000000| Complete 
|1970|0x00000007fb200000, 0x00000007fb400000, 0x00000007fb400000|100%| E|CS|TAMS 0x00000007fb200000| PB 0x00000007fb200000| Complete 
|1971|0x00000007fb400000, 0x00000007fb600000, 0x00000007fb600000|100%| E|CS|TAMS 0x00000007fb400000| PB 0x00000007fb400000| Complete 
|1972|0x00000007fb600000, 0x00000007fb800000, 0x00000007fb800000|100%| E|CS|TAMS 0x00000007fb600000| PB 0x00000007fb600000| Complete 
|1973|0x00000007fb800000, 0x00000007fba00000, 0x00000007fba00000|100%| E|CS|TAMS 0x00000007fb800000| PB 0x00000007fb800000| Complete 
|1974|0x00000007fba00000, 0x00000007fbc00000, 0x00000007fbc00000|100%| E|CS|TAMS 0x00000007fba00000| PB 0x00000007fba00000| Complete 
|1975|0x00000007fbc00000, 0x00000007fbe00000, 0x00000007fbe00000|100%| E|CS|TAMS 0x00000007fbc00000| PB 0x00000007fbc00000| Complete 
|1976|0x00000007fbe00000, 0x00000007fc000000, 0x00000007fc000000|100%| E|CS|TAMS 0x00000007fbe00000| PB 0x00000007fbe00000| Complete 
|1977|0x00000007fc000000, 0x00000007fc200000, 0x00000007fc200000|100%| E|CS|TAMS 0x00000007fc000000| PB 0x00000007fc000000| Complete 
|1978|0x00000007fc200000, 0x00000007fc400000, 0x00000007fc400000|100%| E|CS|TAMS 0x00000007fc200000| PB 0x00000007fc200000| Complete 
|1979|0x00000007fc400000, 0x00000007fc600000, 0x00000007fc600000|100%| E|CS|TAMS 0x00000007fc400000| PB 0x00000007fc400000| Complete 
|1980|0x00000007fc600000, 0x00000007fc800000, 0x00000007fc800000|100%| E|CS|TAMS 0x00000007fc600000| PB 0x00000007fc600000| Complete 
|1981|0x00000007fc800000, 0x00000007fca00000, 0x00000007fca00000|100%| E|CS|TAMS 0x00000007fc800000| PB 0x00000007fc800000| Complete 
|1982|0x00000007fca00000, 0x00000007fcc00000, 0x00000007fcc00000|100%| E|CS|TAMS 0x00000007fca00000| PB 0x00000007fca00000| Complete 
|1983|0x00000007fcc00000, 0x00000007fce00000, 0x00000007fce00000|100%| E|CS|TAMS 0x00000007fcc00000| PB 0x00000007fcc00000| Complete 
|1984|0x00000007fce00000, 0x00000007fd000000, 0x00000007fd000000|100%| E|CS|TAMS 0x00000007fce00000| PB 0x00000007fce00000| Complete 
|1985|0x00000007fd000000, 0x00000007fd200000, 0x00000007fd200000|100%| E|CS|TAMS 0x00000007fd000000| PB 0x00000007fd000000| Complete 
|1986|0x00000007fd200000, 0x00000007fd400000, 0x00000007fd400000|100%| E|CS|TAMS 0x00000007fd200000| PB 0x00000007fd200000| Complete 
|1987|0x00000007fd400000, 0x00000007fd600000, 0x00000007fd600000|100%| E|CS|TAMS 0x00000007fd400000| PB 0x00000007fd400000| Complete 
|1988|0x00000007fd600000, 0x00000007fd800000, 0x00000007fd800000|100%| E|CS|TAMS 0x00000007fd600000| PB 0x00000007fd600000| Complete 
|1989|0x00000007fd800000, 0x00000007fda00000, 0x00000007fda00000|100%| E|CS|TAMS 0x00000007fd800000| PB 0x00000007fd800000| Complete 
|1990|0x00000007fda00000, 0x00000007fdc00000, 0x00000007fdc00000|100%| E|CS|TAMS 0x00000007fda00000| PB 0x00000007fda00000| Complete 
|1991|0x00000007fdc00000, 0x00000007fde00000, 0x00000007fde00000|100%| E|CS|TAMS 0x00000007fdc00000| PB 0x00000007fdc00000| Complete 
|1992|0x00000007fde00000, 0x00000007fe000000, 0x00000007fe000000|100%| E|CS|TAMS 0x00000007fde00000| PB 0x00000007fde00000| Complete 
|1993|0x00000007fe000000, 0x00000007fe200000, 0x00000007fe200000|100%| E|CS|TAMS 0x00000007fe000000| PB 0x00000007fe000000| Complete 
|1994|0x00000007fe200000, 0x00000007fe400000, 0x00000007fe400000|100%| E|CS|TAMS 0x00000007fe200000| PB 0x00000007fe200000| Complete 
|1995|0x00000007fe400000, 0x00000007fe600000, 0x00000007fe600000|100%| E|CS|TAMS 0x00000007fe400000| PB 0x00000007fe400000| Complete 
|1996|0x00000007fe600000, 0x00000007fe800000, 0x00000007fe800000|100%| E|CS|TAMS 0x00000007fe600000| PB 0x00000007fe600000| Complete 
|1997|0x00000007fe800000, 0x00000007fea00000, 0x00000007fea00000|100%| E|CS|TAMS 0x00000007fe800000| PB 0x00000007fe800000| Complete 
|1998|0x00000007fea00000, 0x00000007fec00000, 0x00000007fec00000|100%| E|CS|TAMS 0x00000007fea00000| PB 0x00000007fea00000| Complete 
|1999|0x00000007fec00000, 0x00000007fee00000, 0x00000007fee00000|100%| E|CS|TAMS 0x00000007fec00000| PB 0x00000007fec00000| Complete 
|2000|0x00000007fee00000, 0x00000007ff000000, 0x00000007ff000000|100%| E|CS|TAMS 0x00000007fee00000| PB 0x00000007fee00000| Complete 
|2001|0x00000007ff000000, 0x00000007ff200000, 0x00000007ff200000|100%| E|CS|TAMS 0x00000007ff000000| PB 0x00000007ff000000| Complete 
|2002|0x00000007ff200000, 0x00000007ff400000, 0x00000007ff400000|100%| E|CS|TAMS 0x00000007ff200000| PB 0x00000007ff200000| Complete 
|2003|0x00000007ff400000, 0x00000007ff600000, 0x00000007ff600000|100%| E|CS|TAMS 0x00000007ff400000| PB 0x00000007ff400000| Complete 
|2004|0x00000007ff600000, 0x00000007ff800000, 0x00000007ff800000|100%| E|CS|TAMS 0x00000007ff600000| PB 0x00000007ff600000| Complete 
|2005|0x00000007ff800000, 0x00000007ffa00000, 0x00000007ffa00000|100%| E|CS|TAMS 0x00000007ff800000| PB 0x00000007ff800000| Complete 
|2006|0x00000007ffa00000, 0x00000007ffc00000, 0x00000007ffc00000|100%| E|CS|TAMS 0x00000007ffa00000| PB 0x00000007ffa00000| Complete 
|2007|0x00000007ffc00000, 0x00000007ffe00000, 0x00000007ffe00000|100%| E|CS|TAMS 0x00000007ffc00000| PB 0x00000007ffc00000| Complete 
|2008|0x00000007ffe00000, 0x0000000800000000, 0x0000000800000000|100%| E|CS|TAMS 0x00000007ffe00000| PB 0x00000007ffe00000| Complete 

Card table byte_map: [0x000001e17a860000,0x000001e17b040000] _byte_map_base: 0x000001e177039000

Marking Bits: (CMBitMap*) 0x000001e1626872e0
 Bits: [0x000001e17b040000, 0x000001e17ef08000)

Polling page: 0x000001e160440000

Metaspace:

Usage:
  Non-class:     34.65 MB used.
      Class:      4.22 MB used.
       Both:     38.87 MB used.

Virtual space:
  Non-class space:       64.00 MB reserved,      35.00 MB ( 55%) committed,  1 nodes.
      Class space:        1.00 GB reserved,       4.69 MB ( <1%) committed,  1 nodes.
             Both:        1.06 GB reserved,      39.69 MB (  4%) committed. 

Chunk freelists:
   Non-Class:  12.66 MB
       Class:  11.24 MB
        Both:  23.90 MB

MaxMetaspaceSize: unlimited
CompressedClassSpaceSize: 1.00 GB
Initial GC threshold: 21.00 MB
Current GC threshold: 66.06 MB
CDS: on
 - commit_granule_bytes: 65536.
 - commit_granule_words: 8192.
 - virtual_space_node_default_size: 8388608.
 - enlarge_chunks_in_place: 1.
 - use_allocation_guard: 0.


Internal statistics:

num_allocs_failed_limit: 6.
num_arena_births: 1370.
num_arena_deaths: 190.
num_vsnodes_births: 2.
num_vsnodes_deaths: 0.
num_space_committed: 635.
num_space_uncommitted: 0.
num_chunks_returned_to_freelist: 236.
num_chunks_taken_from_freelist: 2416.
num_chunk_merges: 55.
num_chunk_splits: 1360.
num_chunks_enlarged: 566.
num_inconsistent_stats: 0.

CodeHeap 'non-profiled nmethods': size=120000Kb used=11586Kb max_used=11586Kb free=108413Kb
 bounds [0x000001e172820000, 0x000001e173380000, 0x000001e179d50000]
CodeHeap 'profiled nmethods': size=120000Kb used=16154Kb max_used=19804Kb free=103845Kb
 bounds [0x000001e16ad50000, 0x000001e16c0f0000, 0x000001e172280000]
CodeHeap 'non-nmethods': size=5760Kb used=1755Kb max_used=1812Kb free=4004Kb
 bounds [0x000001e172280000, 0x000001e1724f0000, 0x000001e172820000]
CodeCache: size=245760Kb, used=29495Kb, max_used=33202Kb, free=216262Kb
 total_blobs=10450, nmethods=9563, adapters=790, full_count=0
Compilation: enabled, stopped_count=0, restarted_count=0

Compilation events (20 events):
Event: 5239.908 Thread 0x000001e17f9a4ae0 nmethod 12711 0x000001e17336ab90 code [0x000001e17336ad20, 0x000001e17336adf0]
Event: 5239.908 Thread 0x000001e17f993140 12712   !   4       sun.security.x509.X509CertImpl::getExtensionValue (182 bytes)
Event: 5239.909 Thread 0x000001e17f9a4ae0 12714       3       java.lang.Thread$FieldHolder::<init> (36 bytes)
Event: 5239.910 Thread 0x000001e17f9a4ae0 nmethod 12714 0x000001e16ba11090 code [0x000001e16ba11240, 0x000001e16ba114b8]
Event: 5239.910 Thread 0x000001e17f9a4ae0 12715       3       java.lang.Thread$ThreadIdentifiers::next (12 bytes)
Event: 5239.910 Thread 0x000001e17f9a4ae0 nmethod 12715 0x000001e16ad53490 code [0x000001e16ad53620, 0x000001e16ad53730]
Event: 5239.959 Thread 0x000001e17f993140 nmethod 12712 0x000001e17336ae90 code [0x000001e17336b320, 0x000001e17336e050]
Event: 5239.959 Thread 0x000001e17f993140 12713       4       sun.security.ssl.SSLTrafficKeyDerivation$KeySchedule::getKeyLength (40 bytes)
Event: 5239.959 Thread 0x000001e17f993140 nmethod 12713 0x000001e17336f810 code [0x000001e17336f9a0, 0x000001e17336fac0]
Event: 5243.880 Thread 0x000001e17f9a4ae0 12716       3       jdk.internal.misc.VM::toThreadState (68 bytes)
Event: 5243.881 Thread 0x000001e17f9a4ae0 nmethod 12716 0x000001e16ba10a90 code [0x000001e16ba10c80, 0x000001e16ba10fe0]
Event: 5248.260 Thread 0x000001e17f9a4ae0 12717       3       com.google.common.collect.ImmutableSet$RegularSetBuilderImpl::ensureTableCapacity (89 bytes)
Event: 5248.261 Thread 0x000001e17f9a4ae0 nmethod 12717 0x000001e16ba10210 code [0x000001e16ba10420, 0x000001e16ba108f8]
Event: 5248.261 Thread 0x000001e17f9a4ae0 12718       3       java.util.Random::<init> (53 bytes)
Event: 5248.262 Thread 0x000001e17f9a4ae0 nmethod 12718 0x000001e16bc8f590 code [0x000001e16bc8f7a0, 0x000001e16bc8fe90]
Event: 5248.262 Thread 0x000001e17f9a4ae0 12719       3       java.util.Random::nextInt (7 bytes)
Event: 5248.262 Thread 0x000001e17f9a4ae0 nmethod 12719 0x000001e16bc8f190 code [0x000001e16bc8f340, 0x000001e16bc8f518]
Event: 5248.273 Thread 0x000001e17f993140 12720       4       java.lang.invoke.VarHandleGuards::guard_LLL_Z (86 bytes)
Event: 5248.282 Thread 0x000001e17f993140 nmethod 12720 0x000001e17336fc10 code [0x000001e17336fe00, 0x000001e173370420]
Event: 5248.282 Thread 0x000001e17f993140 12721   !   4       java.awt.DefaultKeyboardFocusManager::dispatchEvent (1625 bytes)

GC Heap History (20 events):
Event: 4807.489 GC heap before
{Heap before GC invocations=178 (full 0):
 garbage-first heap   total 675840K, used 563200K [0x0000000704e00000, 0x0000000800000000)
  region size 2048K, 68 young (139264K), 7 survivors (14336K)
 Metaspace       used 39653K, committed 40576K, reserved 1114112K
  class space    used 4303K, committed 4800K, reserved 1048576K
}
Event: 4807.527 GC heap after
{Heap after GC invocations=179 (full 0):
 garbage-first heap   total 675840K, used 476160K [0x0000000704e00000, 0x0000000800000000)
  region size 2048K, 9 young (18432K), 9 survivors (18432K)
 Metaspace       used 39653K, committed 40576K, reserved 1114112K
  class space    used 4303K, committed 4800K, reserved 1048576K
}
Event: 4842.998 GC heap before
{Heap before GC invocations=179 (full 0):
 garbage-first heap   total 675840K, used 580608K [0x0000000704e00000, 0x0000000800000000)
  region size 2048K, 60 young (122880K), 9 survivors (18432K)
 Metaspace       used 39653K, committed 40576K, reserved 1114112K
  class space    used 4303K, committed 4800K, reserved 1048576K
}
Event: 4843.014 GC heap after
{Heap after GC invocations=180 (full 0):
 garbage-first heap   total 675840K, used 518126K [0x0000000704e00000, 0x0000000800000000)
  region size 2048K, 8 young (16384K), 8 survivors (16384K)
 Metaspace       used 39653K, committed 40576K, reserved 1114112K
  class space    used 4303K, committed 4800K, reserved 1048576K
}
Event: 4869.552 GC heap before
{Heap before GC invocations=181 (full 0):
 garbage-first heap   total 747520K, used 530414K [0x0000000704e00000, 0x0000000800000000)
  region size 2048K, 48 young (98304K), 8 survivors (16384K)
 Metaspace       used 39653K, committed 40576K, reserved 1114112K
  class space    used 4303K, committed 4800K, reserved 1048576K
}
Event: 4869.566 GC heap after
{Heap after GC invocations=182 (full 0):
 garbage-first heap   total 747520K, used 481263K [0x0000000704e00000, 0x0000000800000000)
  region size 2048K, 6 young (12288K), 6 survivors (12288K)
 Metaspace       used 39653K, committed 40576K, reserved 1114112K
  class space    used 4303K, committed 4800K, reserved 1048576K
}
Event: 4912.014 GC heap before
{Heap before GC invocations=182 (full 0):
 garbage-first heap   total 747520K, used 620527K [0x0000000704e00000, 0x0000000800000000)
  region size 2048K, 75 young (153600K), 6 survivors (12288K)
 Metaspace       used 39684K, committed 40640K, reserved 1114112K
  class space    used 4303K, committed 4800K, reserved 1048576K
}
Event: 4912.030 GC heap after
{Heap after GC invocations=183 (full 0):
 garbage-first heap   total 747520K, used 452473K [0x0000000704e00000, 0x0000000800000000)
  region size 2048K, 10 young (20480K), 10 survivors (20480K)
 Metaspace       used 39684K, committed 40640K, reserved 1114112K
  class space    used 4303K, committed 4800K, reserved 1048576K
}
Event: 4968.177 GC heap before
{Heap before GC invocations=183 (full 0):
 garbage-first heap   total 747520K, used 614265K [0x0000000704e00000, 0x0000000800000000)
  region size 2048K, 89 young (182272K), 10 survivors (20480K)
 Metaspace       used 39684K, committed 40640K, reserved 1114112K
  class space    used 4303K, committed 4800K, reserved 1048576K
}
Event: 4968.208 GC heap after
{Heap after GC invocations=184 (full 0):
 garbage-first heap   total 747520K, used 517120K [0x0000000704e00000, 0x0000000800000000)
  region size 2048K, 12 young (24576K), 12 survivors (24576K)
 Metaspace       used 39684K, committed 40640K, reserved 1114112K
  class space    used 4303K, committed 4800K, reserved 1048576K
}
Event: 5011.247 GC heap before
{Heap before GC invocations=184 (full 0):
 garbage-first heap   total 747520K, used 640000K [0x0000000704e00000, 0x0000000800000000)
  region size 2048K, 72 young (147456K), 12 survivors (24576K)
 Metaspace       used 39684K, committed 40640K, reserved 1114112K
  class space    used 4303K, committed 4800K, reserved 1048576K
}
Event: 5011.270 GC heap after
{Heap after GC invocations=185 (full 0):
 garbage-first heap   total 747520K, used 564224K [0x0000000704e00000, 0x0000000800000000)
  region size 2048K, 9 young (18432K), 9 survivors (18432K)
 Metaspace       used 39684K, committed 40640K, reserved 1114112K
  class space    used 4303K, committed 4800K, reserved 1048576K
}
Event: 5022.860 GC heap before
{Heap before GC invocations=186 (full 0):
 garbage-first heap   total 747520K, used 490496K [0x0000000704e00000, 0x0000000800000000)
  region size 2048K, 56 young (114688K), 9 survivors (18432K)
 Metaspace       used 39684K, committed 40640K, reserved 1114112K
  class space    used 4303K, committed 4800K, reserved 1048576K
}
Event: 5022.872 GC heap after
{Heap after GC invocations=187 (full 0):
 garbage-first heap   total 747520K, used 421888K [0x0000000704e00000, 0x0000000800000000)
  region size 2048K, 7 young (14336K), 7 survivors (14336K)
 Metaspace       used 39684K, committed 40640K, reserved 1114112K
  class space    used 4303K, committed 4800K, reserved 1048576K
}
Event: 5085.305 GC heap before
{Heap before GC invocations=187 (full 0):
 garbage-first heap   total 747520K, used 595968K [0x0000000704e00000, 0x0000000800000000)
  region size 2048K, 92 young (188416K), 7 survivors (14336K)
 Metaspace       used 39684K, committed 40640K, reserved 1114112K
  class space    used 4303K, committed 4800K, reserved 1048576K
}
Event: 5085.345 GC heap after
{Heap after GC invocations=188 (full 0):
 garbage-first heap   total 747520K, used 443392K [0x0000000704e00000, 0x0000000800000000)
  region size 2048K, 12 young (24576K), 12 survivors (24576K)
 Metaspace       used 39684K, committed 40640K, reserved 1114112K
  class space    used 4303K, committed 4800K, reserved 1048576K
}
Event: 5156.901 GC heap before
{Heap before GC invocations=188 (full 0):
 garbage-first heap   total 747520K, used 603136K [0x0000000704e00000, 0x0000000800000000)
  region size 2048K, 91 young (186368K), 12 survivors (24576K)
 Metaspace       used 39712K, committed 40640K, reserved 1114112K
  class space    used 4304K, committed 4800K, reserved 1048576K
}
Event: 5156.923 GC heap after
{Heap after GC invocations=189 (full 0):
 garbage-first heap   total 747520K, used 479232K [0x0000000704e00000, 0x0000000800000000)
  region size 2048K, 12 young (24576K), 12 survivors (24576K)
 Metaspace       used 39712K, committed 40640K, reserved 1114112K
  class space    used 4304K, committed 4800K, reserved 1048576K
}
Event: 5210.744 GC heap before
{Heap before GC invocations=190 (full 0):
 garbage-first heap   total 747520K, used 520192K [0x0000000704e00000, 0x0000000800000000)
  region size 2048K, 83 young (169984K), 12 survivors (24576K)
 Metaspace       used 39712K, committed 40640K, reserved 1114112K
  class space    used 4304K, committed 4800K, reserved 1048576K
}
Event: 5210.754 GC heap after
{Heap after GC invocations=191 (full 0):
 garbage-first heap   total 747520K, used 368640K [0x0000000704e00000, 0x0000000800000000)
  region size 2048K, 5 young (10240K), 5 survivors (10240K)
 Metaspace       used 39712K, committed 40640K, reserved 1114112K
  class space    used 4304K, committed 4800K, reserved 1048576K
}

Dll operation events (20 events):
Event: 0.113 Attempting to load shared library C:\Users\Technical\.jdks\ms-21.0.12\bin\zip.dll
Event: 0.113 Loaded shared library C:\Users\Technical\.jdks\ms-21.0.12\bin\zip.dll
Event: 0.202 Attempting to load shared library C:\Users\Technical\.jdks\ms-21.0.12\bin\extnet.dll
Event: 0.203 Loaded shared library C:\Users\Technical\.jdks\ms-21.0.12\bin\extnet.dll
Event: 0.216 Attempting to load shared library C:\Users\Technical\.jdks\ms-21.0.12\bin\jimage.dll
Event: 0.217 Loaded shared library C:\Users\Technical\.jdks\ms-21.0.12\bin\jimage.dll
Event: 0.227 Attempting to load shared library C:\Users\Technical\.jdks\ms-21.0.12\bin\awt.dll
Event: 0.229 Loaded shared library C:\Users\Technical\.jdks\ms-21.0.12\bin\awt.dll
Event: 0.312 Attempting to load shared library C:\Users\Technical\.jdks\ms-21.0.12\bin\management.dll
Event: 0.313 Loaded shared library C:\Users\Technical\.jdks\ms-21.0.12\bin\management.dll
Event: 0.317 Attempting to load shared library C:\Users\Technical\.jdks\ms-21.0.12\bin\management_ext.dll
Event: 0.318 Loaded shared library C:\Users\Technical\.jdks\ms-21.0.12\bin\management_ext.dll
Event: 0.372 Attempting to load shared library C:\Users\Technical\.jdks\ms-21.0.12\bin\freetype.dll
Event: 0.372 Loaded shared library C:\Users\Technical\.jdks\ms-21.0.12\bin\freetype.dll
Event: 0.372 Attempting to load shared library C:\Users\Technical\.jdks\ms-21.0.12\bin\fontmanager.dll
Event: 0.373 Loaded shared library C:\Users\Technical\.jdks\ms-21.0.12\bin\fontmanager.dll
Event: 59.210 Attempting to load shared library C:\Users\Technical\AppData\Local\Temp\flatlaf.temp\flatlaf-windows-x86_64-264273749383000.dll
Event: 59.248 Loaded shared library C:\Users\Technical\AppData\Local\Temp\flatlaf.temp\flatlaf-windows-x86_64-264273749383000.dll
Event: 67.436 Attempting to load shared library C:\Users\Technical\.jdks\ms-21.0.12\bin\sunmscapi.dll
Event: 67.438 Loaded shared library C:\Users\Technical\.jdks\ms-21.0.12\bin\sunmscapi.dll

Deoptimization events (20 events):
Event: 4085.184 Thread 0x000001e14b9086a0 DEOPT PACKING pc=0x000001e172d1bafc sp=0x00000044cd1fe6d0
Event: 4085.184 Thread 0x000001e14b9086a0 DEOPT UNPACKING pc=0x000001e1722d4422 sp=0x00000044cd1fe670 mode 2
Event: 4140.229 Thread 0x000001e14b9086a0 Uncommon trap: trap_request=0xffffff45 fr.pc=0x000001e172f21e6c relative=0x00000000000000ac
Event: 4140.229 Thread 0x000001e14b9086a0 Uncommon trap: reason=unstable_if action=reinterpret pc=0x000001e172f21e6c method=com.google.gson.stream.JsonReader.readEscapeCharacter()C @ 44 c2
Event: 4140.230 Thread 0x000001e14b9086a0 DEOPT PACKING pc=0x000001e172f21e6c sp=0x00000044cd1fdbd0
Event: 4140.230 Thread 0x000001e14b9086a0 DEOPT UNPACKING pc=0x000001e1722d4422 sp=0x00000044cd1fdb40 mode 2
Event: 4166.092 Thread 0x000001e147166970 Uncommon trap: trap_request=0xffffff45 fr.pc=0x000001e172f22c30 relative=0x0000000000000910
Event: 4166.092 Thread 0x000001e147166970 Uncommon trap: reason=unstable_if action=reinterpret pc=0x000001e172f22c30 method=sun.font.ScriptRun.next()Z @ 216 c2
Event: 4166.093 Thread 0x000001e147166970 DEOPT PACKING pc=0x000001e172f22c30 sp=0x00000044cbffedf0
Event: 4166.093 Thread 0x000001e147166970 DEOPT UNPACKING pc=0x000001e1722d4422 sp=0x00000044cbffed68 mode 2
Event: 4166.197 Thread 0x000001e147166970 Uncommon trap: trap_request=0xffffff6e fr.pc=0x000001e1730947a4 relative=0x0000000000000924
Event: 4166.197 Thread 0x000001e147166970 Uncommon trap: reason=loop_limit_check action=maybe_recompile pc=0x000001e1730947a4 method=sun.font.ScriptRun.next()Z @ 202 c2
Event: 4166.197 Thread 0x000001e147166970 DEOPT PACKING pc=0x000001e1730947a4 sp=0x00000044cbffece0
Event: 4166.197 Thread 0x000001e147166970 DEOPT UNPACKING pc=0x000001e1722d4422 sp=0x00000044cbffec60 mode 2
Event: 4570.907 Thread 0x000001e14b9086a0 Uncommon trap: trap_request=0xffffff45 fr.pc=0x000001e17313f664 relative=0x0000000000001de4
Event: 4570.907 Thread 0x000001e14b9086a0 Uncommon trap: reason=unstable_if action=reinterpret pc=0x000001e17313f664 method=sun.net.www.http.KeepAliveCache.put(Ljava/net/URL;Ljava/lang/Object;Lsun/net/www/http/HttpClient;)V @ 14 c2
Event: 4570.907 Thread 0x000001e14b9086a0 DEOPT PACKING pc=0x000001e17313f664 sp=0x00000044cd1fdac0
Event: 4570.907 Thread 0x000001e14b9086a0 DEOPT UNPACKING pc=0x000001e1722d4422 sp=0x00000044cd1fd958 mode 2
Event: 5124.198 Thread 0x000001e14b9086a0 DEOPT PACKING pc=0x000001e16b80a79b sp=0x00000044cd1fd330
Event: 5124.199 Thread 0x000001e14b9086a0 DEOPT UNPACKING pc=0x000001e1722d4bc2 sp=0x00000044cd1fc7e0 mode 0

Classes loaded (20 events):
Event: 509.646 Loading class java/lang/invoke/MethodHandleImpl$CountingWrapper$1
Event: 509.647 Loading class java/lang/invoke/MethodHandleImpl$CountingWrapper$1 done
Event: 728.507 Loading class java/awt/font/NumericShaper
Event: 728.559 Loading class java/awt/font/NumericShaper done
Event: 792.609 Loading class java/util/WeakHashMap$KeyIterator
Event: 792.618 Loading class java/util/WeakHashMap$HashIterator
Event: 792.630 Loading class java/util/WeakHashMap$HashIterator done
Event: 792.630 Loading class java/util/WeakHashMap$KeyIterator done
Event: 792.653 Loading class javax/swing/RepaintManager$DisplayChangedRunnable
Event: 792.669 Loading class javax/swing/RepaintManager$DisplayChangedRunnable done
Event: 865.037 Loading class java/util/DualPivotQuicksort$Sorter
Event: 865.053 Loading class java/util/DualPivotQuicksort$Sorter done
Event: 1728.690 Loading class sun/net/www/protocol/http/HttpURLConnection$10
Event: 1728.696 Loading class sun/net/www/protocol/http/HttpURLConnection$10 done
Event: 1746.612 Loading class sun/net/www/protocol/http/EmptyInputStream
Event: 1746.614 Loading class sun/net/www/protocol/http/EmptyInputStream done
Event: 2546.400 Loading class java/net/HttpRetryException
Event: 2546.405 Loading class java/net/HttpRetryException done
Event: 3644.047 Loading class sun/net/www/http/PosterOutputStream
Event: 3644.050 Loading class sun/net/www/http/PosterOutputStream done

Classes unloaded (20 events):
Event: 4166.132 Thread 0x000001e17f2f9eb0 Unloading class 0x000001e103492c00 'java/lang/invoke/LambdaForm$MH+0x000001e103492c00'
Event: 4166.132 Thread 0x000001e17f2f9eb0 Unloading class 0x000001e103492400 'java/lang/invoke/LambdaForm$MH+0x000001e103492400'
Event: 4166.132 Thread 0x000001e17f2f9eb0 Unloading class 0x000001e103492000 'java/lang/invoke/LambdaForm$MH+0x000001e103492000'
Event: 4166.132 Thread 0x000001e17f2f9eb0 Unloading class 0x000001e103491c00 'java/lang/invoke/LambdaForm$MH+0x000001e103491c00'
Event: 4166.132 Thread 0x000001e17f2f9eb0 Unloading class 0x000001e103491000 'java/lang/invoke/LambdaForm$MH+0x000001e103491000'
Event: 4166.132 Thread 0x000001e17f2f9eb0 Unloading class 0x000001e103490c00 'java/lang/invoke/LambdaForm$MH+0x000001e103490c00'
Event: 4166.132 Thread 0x000001e17f2f9eb0 Unloading class 0x000001e103490800 'java/lang/invoke/LambdaForm$MH+0x000001e103490800'
Event: 4166.132 Thread 0x000001e17f2f9eb0 Unloading class 0x000001e103414800 'java/lang/invoke/LambdaForm$MH+0x000001e103414800'
Event: 4166.133 Thread 0x000001e17f2f9eb0 Unloading class 0x000001e103413c00 'java/lang/invoke/LambdaForm$MH+0x000001e103413c00'
Event: 4166.133 Thread 0x000001e17f2f9eb0 Unloading class 0x000001e103413800 'java/lang/invoke/LambdaForm$MH+0x000001e103413800'
Event: 4166.133 Thread 0x000001e17f2f9eb0 Unloading class 0x000001e103413400 'java/lang/invoke/LambdaForm$MH+0x000001e103413400'
Event: 4166.133 Thread 0x000001e17f2f9eb0 Unloading class 0x000001e103413000 'java/lang/invoke/LambdaForm$MH+0x000001e103413000'
Event: 4166.133 Thread 0x000001e17f2f9eb0 Unloading class 0x000001e103412400 'java/lang/invoke/LambdaForm$MH+0x000001e103412400'
Event: 4166.133 Thread 0x000001e17f2f9eb0 Unloading class 0x000001e103412000 'java/lang/invoke/LambdaForm$MH+0x000001e103412000'
Event: 4166.133 Thread 0x000001e17f2f9eb0 Unloading class 0x000001e103411c00 'java/lang/invoke/LambdaForm$MH+0x000001e103411c00'
Event: 4166.133 Thread 0x000001e17f2f9eb0 Unloading class 0x000001e10301bc00 'java/lang/invoke/LambdaForm$MH+0x000001e10301bc00'
Event: 4166.133 Thread 0x000001e17f2f9eb0 Unloading class 0x000001e10301b800 'java/lang/invoke/LambdaForm$MH+0x000001e10301b800'
Event: 4166.133 Thread 0x000001e17f2f9eb0 Unloading class 0x000001e103019c00 'java/lang/invoke/LambdaForm$MH+0x000001e103019c00'
Event: 4166.133 Thread 0x000001e17f2f9eb0 Unloading class 0x000001e103019400 'java/lang/invoke/LambdaForm$MH+0x000001e103019400'
Event: 4166.133 Thread 0x000001e17f2f9eb0 Unloading class 0x000001e103018800 'java/lang/invoke/LambdaForm$MH+0x000001e103018800'

Classes redefined (0 events):
No events

Internal exceptions (20 events):
Event: 5223.161 Thread 0x000001e14b9086a0 Exception <a 'java/lang/NullPointerException'{0x00000007fe33b940}> (0x00000007fe33b940) 
thrown [s\src\hotspot\share\interpreter\linkResolver.cpp, line 1456]
Event: 5223.225 Thread 0x000001e14b9086a0 Implicit null exception at 0x000001e16ad7f574 to 0x000001e16ad8013c
Event: 5223.225 Thread 0x000001e14b9086a0 Exception <a 'java/lang/NullPointerException'{0x00000007fe36ae20}> (0x00000007fe36ae20) 
thrown [s\src\hotspot\share\runtime\sharedRuntime.cpp, line 625]
Event: 5223.225 Thread 0x000001e14b9086a0 Implicit null exception at 0x000001e16ad7f574 to 0x000001e16ad8013c
Event: 5223.225 Thread 0x000001e14b9086a0 Exception <a 'java/lang/NullPointerException'{0x00000007fe36b640}> (0x00000007fe36b640) 
thrown [s\src\hotspot\share\runtime\sharedRuntime.cpp, line 625]
Event: 5223.225 Thread 0x000001e14b9086a0 Implicit null exception at 0x000001e16ad7f574 to 0x000001e16ad8013c
Event: 5223.225 Thread 0x000001e14b9086a0 Exception <a 'java/lang/NullPointerException'{0x00000007fe36c238}> (0x00000007fe36c238) 
thrown [s\src\hotspot\share\runtime\sharedRuntime.cpp, line 625]
Event: 5223.225 Thread 0x000001e14b9086a0 Implicit null exception at 0x000001e16ad7f574 to 0x000001e16ad8013c
Event: 5223.225 Thread 0x000001e14b9086a0 Exception <a 'java/lang/NullPointerException'{0x00000007fe36d390}> (0x00000007fe36d390) 
thrown [s\src\hotspot\share\runtime\sharedRuntime.cpp, line 625]
Event: 5224.129 Thread 0x000001e14b9086a0 Exception <a 'java/lang/NullPointerException'{0x00000007fe1b9c40}> (0x00000007fe1b9c40) 
thrown [s\src\hotspot\share\interpreter\linkResolver.cpp, line 1456]
Event: 5236.871 Thread 0x000001e14b9086a0 Exception <a 'java/lang/NullPointerException'{0x00000007fc173d58}> (0x00000007fc173d58) 
thrown [s\src\hotspot\share\interpreter\linkResolver.cpp, line 1456]
Event: 5236.927 Thread 0x000001e14b9086a0 Implicit null exception at 0x000001e16ad7f574 to 0x000001e16ad8013c
Event: 5236.927 Thread 0x000001e14b9086a0 Exception <a 'java/lang/NullPointerException'{0x00000007fc1a2c68}> (0x00000007fc1a2c68) 
thrown [s\src\hotspot\share\runtime\sharedRuntime.cpp, line 625]
Event: 5236.927 Thread 0x000001e14b9086a0 Implicit null exception at 0x000001e16ad7f574 to 0x000001e16ad8013c
Event: 5236.927 Thread 0x000001e14b9086a0 Exception <a 'java/lang/NullPointerException'{0x00000007fc1a3d80}> (0x00000007fc1a3d80) 
thrown [s\src\hotspot\share\runtime\sharedRuntime.cpp, line 625]
Event: 5236.927 Thread 0x000001e14b9086a0 Implicit null exception at 0x000001e16ad7f574 to 0x000001e16ad8013c
Event: 5236.927 Thread 0x000001e14b9086a0 Exception <a 'java/lang/NullPointerException'{0x00000007fc1a4fe0}> (0x00000007fc1a4fe0) 
thrown [s\src\hotspot\share\runtime\sharedRuntime.cpp, line 625]
Event: 5239.845 Thread 0x000001e14b9086a0 Exception <a 'java/lang/NullPointerException'{0x00000007fbd2cf40}> (0x00000007fbd2cf40) 
thrown [s\src\hotspot\share\interpreter\linkResolver.cpp, line 1456]
Event: 5239.907 Thread 0x000001e14b9086a0 Implicit null exception at 0x000001e16ad7f574 to 0x000001e16ad8013c
Event: 5239.907 Thread 0x000001e14b9086a0 Exception <a 'java/lang/NullPointerException'{0x00000007fbd5bf90}> (0x00000007fbd5bf90) 
thrown [s\src\hotspot\share\runtime\sharedRuntime.cpp, line 625]

ZGC Phase Switch (0 events):
No events

VM Operations (20 events):
Event: 5134.662 Executing safepoint VM operation: Cleanup
Event: 5134.662 Executing safepoint VM operation: Cleanup done
Event: 5137.683 Executing safepoint VM operation: Cleanup
Event: 5137.683 Executing safepoint VM operation: Cleanup done
Event: 5138.692 Executing safepoint VM operation: Cleanup
Event: 5138.692 Executing safepoint VM operation: Cleanup done
Event: 5154.791 Executing safepoint VM operation: Cleanup
Event: 5154.791 Executing safepoint VM operation: Cleanup done
Event: 5156.901 Executing safepoint VM operation: G1CollectForAllocation (G1 Evacuation Pause)
Event: 5156.923 Executing safepoint VM operation: G1CollectForAllocation (G1 Evacuation Pause) done
Event: 5157.061 Executing safepoint VM operation: G1PauseRemark
Event: 5157.065 Executing safepoint VM operation: G1PauseRemark done
Event: 5157.184 Executing safepoint VM operation: G1PauseCleanup
Event: 5157.185 Executing safepoint VM operation: G1PauseCleanup done
Event: 5210.744 Executing safepoint VM operation: G1CollectForAllocation (G1 Evacuation Pause)
Event: 5210.754 Executing safepoint VM operation: G1CollectForAllocation (G1 Evacuation Pause) done
Event: 5222.827 Executing safepoint VM operation: Cleanup
Event: 5222.827 Executing safepoint VM operation: Cleanup done
Event: 5241.916 Executing safepoint VM operation: Cleanup
Event: 5241.916 Executing safepoint VM operation: Cleanup done

Memory protections (0 events):
No events

Nmethod flushes (20 events):
Event: 4725.752 Thread 0x000001e17f2f9eb0 flushing  nmethod 0x000001e16bbb7610
Event: 4725.752 Thread 0x000001e17f2f9eb0 flushing  nmethod 0x000001e16bc30590
Event: 4843.147 Thread 0x000001e17f2f9eb0 flushing  nmethod 0x000001e16adcdd90
Event: 4843.147 Thread 0x000001e17f2f9eb0 flushing  nmethod 0x000001e16bec5210
Event: 4843.147 Thread 0x000001e17f2f9eb0 flushing  nmethod 0x000001e16b226910
Event: 4843.147 Thread 0x000001e17f2f9eb0 flushing  nmethod 0x000001e16b207b10
Event: 4843.147 Thread 0x000001e17f2f9eb0 flushing  nmethod 0x000001e16be53f10
Event: 4843.147 Thread 0x000001e17f2f9eb0 flushing  nmethod 0x000001e16c05f910
Event: 4843.148 Thread 0x000001e17f2f9eb0 flushing  nmethod 0x000001e16c066e90
Event: 4843.148 Thread 0x000001e17f2f9eb0 flushing  nmethod 0x000001e16c068390
Event: 4843.148 Thread 0x000001e17f2f9eb0 flushing  nmethod 0x000001e16c069890
Event: 5011.390 Thread 0x000001e17f2f9eb0 flushing  nmethod 0x000001e16af2ba90
Event: 5011.390 Thread 0x000001e17f2f9eb0 flushing  nmethod 0x000001e16b1a7f90
Event: 5011.390 Thread 0x000001e17f2f9eb0 flushing  nmethod 0x000001e16b34e410
Event: 5011.390 Thread 0x000001e17f2f9eb0 flushing  nmethod 0x000001e16b004010
Event: 5157.064 Thread 0x000001e17f2f9eb0 flushing  nmethod 0x000001e16b529890
Event: 5157.065 Thread 0x000001e17f2f9eb0 flushing  nmethod 0x000001e16b1fe010
Event: 5157.065 Thread 0x000001e17f2f9eb0 flushing  nmethod 0x000001e16bb02890
Event: 5157.065 Thread 0x000001e17f2f9eb0 flushing  nmethod 0x000001e16bd5bd90
Event: 5157.065 Thread 0x000001e17f2f9eb0 flushing  nmethod 0x000001e16b6c4410

Events (20 events):
Event: 5221.962 Thread 0x000001e14b9086a0 Thread added: 0x000001e14b909a50
Event: 5221.963 Thread 0x000001e14b909a50 Thread exited: 0x000001e14b909a50
Event: 5222.163 Thread 0x000001e14b9086a0 Thread added: 0x000001e14b909a50
Event: 5222.164 Thread 0x000001e14b909a50 Thread exited: 0x000001e14b909a50
Event: 5223.226 Thread 0x000001e14b9086a0 Thread added: 0x000001e14b909a50
Event: 5223.232 Thread 0x000001e14b909a50 Thread exited: 0x000001e14b909a50
Event: 5224.197 Thread 0x000001e14b9086a0 Thread added: 0x000001e14b906c60
Event: 5224.197 Thread 0x000001e14b906c60 Thread exited: 0x000001e14b906c60
Event: 5226.045 Thread 0x000001e14b9086a0 Thread added: 0x000001e14b907980
Event: 5226.046 Thread 0x000001e14b907980 Thread exited: 0x000001e14b907980
Event: 5236.746 Thread 0x000001e14b9086a0 Thread added: 0x000001e14b9065d0
Event: 5236.746 Thread 0x000001e14b9065d0 Thread exited: 0x000001e14b9065d0
Event: 5236.929 Thread 0x000001e14b9086a0 Thread added: 0x000001e14b909a50
Event: 5236.932 Thread 0x000001e14b909a50 Thread exited: 0x000001e14b909a50
Event: 5239.909 Thread 0x000001e14b9086a0 Thread added: 0x000001e14b907980
Event: 5239.910 Thread 0x000001e14b907980 Thread exited: 0x000001e14b907980
Event: 5243.881 Thread 0x000001e14b9086a0 Thread added: 0x000001e14b909a50
Event: 5243.882 Thread 0x000001e14b909a50 Thread exited: 0x000001e14b909a50
Event: 5248.349 Thread 0x000001e14b9086a0 Thread added: 0x000001e14b907980
Event: 5248.349 Thread 0x000001e14b907980 Thread exited: 0x000001e14b907980


Dynamic libraries:
0x00007ff77b2b0000 - 0x00007ff77b2be000 	C:\Users\Technical\.jdks\ms-21.0.12\bin\java.exe
0x00007ff8cfc00000 - 0x00007ff8cfe66000 	C:\WINDOWS\SYSTEM32\ntdll.dll
0x00007ff8cf2d0000 - 0x00007ff8cf399000 	C:\WINDOWS\System32\KERNEL32.DLL
0x00007ff8cd330000 - 0x00007ff8cd72f000 	C:\WINDOWS\System32\KERNELBASE.dll
0x00007ff8cce10000 - 0x00007ff8ccf5c000 	C:\WINDOWS\System32\ucrtbase.dll
0x00007ff8c97a0000 - 0x00007ff8c97b8000 	C:\Users\Technical\.jdks\ms-21.0.12\bin\jli.dll
0x00007ff8cf670000 - 0x00007ff8cf836000 	C:\WINDOWS\System32\USER32.dll
0x00007ff8cd030000 - 0x00007ff8cd057000 	C:\WINDOWS\System32\win32u.dll
0x00007ff8ce510000 - 0x00007ff8ce53b000 	C:\WINDOWS\System32\GDI32.dll
0x00007ff8c97c0000 - 0x00007ff8c97de000 	C:\Users\Technical\.jdks\ms-21.0.12\bin\VCRUNTIME140.dll
0x00007ff8cd740000 - 0x00007ff8cd869000 	C:\WINDOWS\System32\gdi32full.dll
0x00007ff8cd0f0000 - 0x00007ff8cd193000 	C:\WINDOWS\System32\msvcp_win.dll
0x00007ff8a6680000 - 0x00007ff8a6911000 	C:\WINDOWS\WinSxS\amd64_microsoft.windows.common-controls_6595b64144ccf1df_6.0.26100.8972_none_3e0da176e32f9d4b\COMCTL32.dll
0x00007ff8ce460000 - 0x00007ff8ce509000 	C:\WINDOWS\System32\msvcrt.dll
0x00007ff8ce6f0000 - 0x00007ff8ce722000 	C:\WINDOWS\System32\IMM32.DLL
0x00007ff8c9790000 - 0x00007ff8c979c000 	C:\Users\Technical\.jdks\ms-21.0.12\bin\vcruntime140_1.dll
0x00007ff8ae8c0000 - 0x00007ff8ae949000 	C:\Users\Technical\.jdks\ms-21.0.12\bin\msvcp140.dll
0x00007ff847070000 - 0x00007ff847e1f000 	C:\Users\Technical\.jdks\ms-21.0.12\bin\server\jvm.dll
0x00007ff8cf9f0000 - 0x00007ff8cfaac000 	C:\WINDOWS\System32\ADVAPI32.dll
0x00007ff8cf440000 - 0x00007ff8cf4ea000 	C:\WINDOWS\System32\sechost.dll
0x00007ff8cf840000 - 0x00007ff8cf958000 	C:\WINDOWS\System32\RPCRT4.dll
0x00007ff8cf3b0000 - 0x00007ff8cf432000 	C:\WINDOWS\System32\WS2_32.dll
0x00007ff8ccc70000 - 0x00007ff8cccce000 	C:\WINDOWS\SYSTEM32\POWRPROF.dll
0x00007ff8c2830000 - 0x00007ff8c2866000 	C:\WINDOWS\SYSTEM32\WINMM.dll
0x00007ff8bd5b0000 - 0x00007ff8bd5bb000 	C:\WINDOWS\SYSTEM32\VERSION.dll
0x00007ff8ccc50000 - 0x00007ff8ccc65000 	C:\WINDOWS\SYSTEM32\UMPDC.dll
0x00007ff8cbb00000 - 0x00007ff8cbb1b000 	C:\WINDOWS\SYSTEM32\kernel.appcore.dll
0x00007ff8c9780000 - 0x00007ff8c978a000 	C:\Users\Technical\.jdks\ms-21.0.12\bin\jimage.dll
0x00007ff8ca680000 - 0x00007ff8ca8c2000 	C:\WINDOWS\SYSTEM32\DBGHELP.DLL
0x00007ff8ce730000 - 0x00007ff8ceab5000 	C:\WINDOWS\System32\combase.dll
0x00007ff8cdf60000 - 0x00007ff8ce039000 	C:\WINDOWS\System32\OLEAUT32.dll
0x00007ff8a3cc0000 - 0x00007ff8a3cfb000 	C:\WINDOWS\SYSTEM32\dbgcore.DLL
0x00007ff8cd870000 - 0x00007ff8cd91c000 	C:\WINDOWS\System32\bcryptPrimitives.dll
0x00007ff8c9770000 - 0x00007ff8c9780000 	C:\Users\Technical\.jdks\ms-21.0.12\bin\instrument.dll
0x00007ff8c6560000 - 0x00007ff8c6581000 	C:\Users\Technical\.jdks\ms-21.0.12\bin\java.dll
0x00007ff8ceb40000 - 0x00007ff8cf2c8000 	C:\WINDOWS\System32\SHELL32.dll
0x00007ff8ca900000 - 0x00007ff8cb19b000 	C:\WINDOWS\SYSTEM32\windows.storage.dll
0x00007ff8ce560000 - 0x00007ff8ce659000 	C:\WINDOWS\System32\SHCORE.dll
0x00007ff8ce1f0000 - 0x00007ff8ce256000 	C:\WINDOWS\System32\shlwapi.dll
0x00007ff8ccd30000 - 0x00007ff8ccd59000 	C:\WINDOWS\SYSTEM32\profapi.dll
0x00007ff88d280000 - 0x00007ff88d356000 	C:\Users\Technical\.jdks\ms-21.0.12\bin\jsvml.dll
0x00007ff8c9610000 - 0x00007ff8c9628000 	C:\Users\Technical\.jdks\ms-21.0.12\bin\zip.dll
0x00007ff8c9750000 - 0x00007ff8c9761000 	C:\Users\Technical\.jdks\ms-21.0.12\bin\net.dll
0x00007ff8c5410000 - 0x00007ff8c5538000 	C:\WINDOWS\SYSTEM32\WINHTTP.dll
0x00007ff8cc0b0000 - 0x00007ff8cc11c000 	C:\WINDOWS\system32\mswsock.dll
0x00007ff8c5780000 - 0x00007ff8c5796000 	C:\Users\Technical\.jdks\ms-21.0.12\bin\nio.dll
0x00007ff8c9700000 - 0x00007ff8c9709000 	C:\Users\Technical\.jdks\ms-21.0.12\bin\extnet.dll
0x00007ff88d020000 - 0x00007ff88d1b3000 	C:\Users\Technical\.jdks\ms-21.0.12\bin\awt.dll
0x00007ff8c97e0000 - 0x00007ff8c987f000 	C:\WINDOWS\SYSTEM32\apphelp.dll
0x00007ff8c9a60000 - 0x00007ff8c9b08000 	C:\WINDOWS\system32\uxtheme.dll
0x00007ff876ed0000 - 0x00007ff876efb000 	C:\Program Files (x86)\UltraViewer\uvh64.dll
0x00007ff8ce040000 - 0x00007ff8ce19d000 	C:\WINDOWS\System32\MSCTF.dll
0x00007ff8cddc0000 - 0x00007ff8cdf59000 	C:\WINDOWS\System32\ole32.dll
0x00007ff8cb560000 - 0x00007ff8cb6b8000 	C:\WINDOWS\SYSTEM32\DNSAPI.dll
0x00007ff8cbe90000 - 0x00007ff8cbe9d000 	C:\WINDOWS\SYSTEM32\DSPARSE.dll
0x00007ff8cb4d0000 - 0x00007ff8cb503000 	C:\WINDOWS\SYSTEM32\IPHLPAPI.DLL
0x00007ff8cf540000 - 0x00007ff8cf54a000 	C:\WINDOWS\System32\NSI.dll
0x00007ff8bd370000 - 0x00007ff8bd37b000 	C:\Windows\System32\rasadhlp.dll
0x00007ff8c40b0000 - 0x00007ff8c4136000 	C:\WINDOWS\System32\fwpuclnt.dll
0x00007ff8c9d10000 - 0x00007ff8c9d3f000 	C:\WINDOWS\system32\DWMAPI.DLL
0x00007ff8c5770000 - 0x00007ff8c577a000 	C:\Users\Technical\.jdks\ms-21.0.12\bin\management.dll
0x00007ff8c27f0000 - 0x00007ff8c27fc000 	C:\Users\Technical\.jdks\ms-21.0.12\bin\management_ext.dll
0x00007ff8ce1e0000 - 0x00007ff8ce1e8000 	C:\WINDOWS\System32\PSAPI.DLL
0x00007ff890a00000 - 0x00007ff890a8b000 	C:\Users\Technical\.jdks\ms-21.0.12\bin\freetype.dll
0x00007ff88cf20000 - 0x00007ff88d01f000 	C:\Users\Technical\.jdks\ms-21.0.12\bin\fontmanager.dll
0x00007ff8cc3a0000 - 0x00007ff8cc3bb000 	C:\WINDOWS\SYSTEM32\CRYPTSP.dll
0x00007ff8cba60000 - 0x00007ff8cba99000 	C:\WINDOWS\system32\rsaenh.dll
0x00007ff8cc160000 - 0x00007ff8cc192000 	C:\WINDOWS\SYSTEM32\USERENV.dll
0x00007ff8ccd00000 - 0x00007ff8ccd2a000 	C:\WINDOWS\SYSTEM32\bcrypt.dll
0x00007ff8cc3c0000 - 0x00007ff8cc3cc000 	C:\WINDOWS\SYSTEM32\CRYPTBASE.dll
0x00007ff893940000 - 0x00007ff893958000 	C:\WINDOWS\system32\napinsp.dll
0x00007ff893920000 - 0x00007ff893933000 	C:\WINDOWS\System32\winrnr.dll
0x00007ff8938f0000 - 0x00007ff893912000 	C:\WINDOWS\system32\nlansp_c.dll
0x00007ff8c4410000 - 0x00007ff8c4426000 	C:\WINDOWS\system32\wshbth.dll
0x00007ff8a7aa0000 - 0x00007ff8a7bac000 	C:\WINDOWS\system32\opengl32.dll
0x00007ff8a6970000 - 0x00007ff8a699d000 	C:\WINDOWS\SYSTEM32\GLU32.dll
0x00007ff8c9b60000 - 0x00007ff8c9ba5000 	C:\WINDOWS\SYSTEM32\dxcore.dll
0x00007ff89c970000 - 0x00007ff89c9c8000 	C:\WINDOWS\SYSTEM32\pdh.dll
0x00007ff894ac0000 - 0x00007ff894ad2000 	C:\WINDOWS\System32\perfproc.dll
0x00007ff8cf550000 - 0x00007ff8cf5fe000 	C:\WINDOWS\System32\clbcatq.dll
0x00007ff8c7610000 - 0x00007ff8c783d000 	C:\WINDOWS\SYSTEM32\WindowsCodecs.dll
0x00007ff887d90000 - 0x00007ff887dec000 	C:\WINDOWS\system32\dataexchange.dll
0x00007ff8ba020000 - 0x00007ff8ba270000 	C:\WINDOWS\system32\twinapi.appcore.dll
0x00007ff8918d0000 - 0x00007ff891a16000 	C:\WINDOWS\SYSTEM32\textinputframework.dll
0x00007ff8c8b60000 - 0x00007ff8c8c8b000 	C:\WINDOWS\SYSTEM32\CoreMessaging.dll
0x00007ff8c4640000 - 0x00007ff8c4924000 	C:\WINDOWS\SYSTEM32\CoreUIComponents.dll
0x00007ff8c6790000 - 0x00007ff8c68fa000 	C:\WINDOWS\SYSTEM32\wintypes.dll
0x00007ff8a73d0000 - 0x00007ff8a7485000 	C:\WINDOWS\WinSxS\amd64_microsoft.windows.common-controls_6595b64144ccf1df_5.82.26100.8328_none_87eede957a2ccddd\comctl32.dll
0x00007ff8cc930000 - 0x00007ff8cc982000 	C:\WINDOWS\SYSTEM32\CFGMGR32.dll
0x00007ff8a0e50000 - 0x00007ff8a102d000 	C:\Windows\System32\urlmon.dll
0x00007ff8a0b50000 - 0x00007ff8a0e14000 	C:\Windows\System32\iertutil.dll
0x00007ff8ad4e0000 - 0x00007ff8ad509000 	C:\Windows\System32\srvcli.dll
0x00007ff8cb4b0000 - 0x00007ff8cb4bd000 	C:\Windows\System32\netutils.dll
0x00007ff8cbdb0000 - 0x00007ff8cbdf9000 	C:\Windows\System32\SspiCli.dll
0x00007ff8c9250000 - 0x00007ff8c9344000 	C:\Windows\System32\PROPSYS.dll
0x00007ff8c5fc0000 - 0x00007ff8c5fd7000 	C:\WINDOWS\SYSTEM32\virtdisk.dll
0x00007ff8933e0000 - 0x00007ff89349f000 	C:\Windows\System32\Windows.FileExplorer.Common.dll
0x00007ff889b70000 - 0x00007ff889b8b000 	C:\WINDOWS\system32\NetworkExplorer.dll
0x00007ff882280000 - 0x00007ff8822f1000 	C:\Windows\System32\thumbcache.dll
0x00007ff890fb0000 - 0x00007ff89112f000 	C:\Windows\System32\Windows.System.Launcher.dll
0x00007ff8ae170000 - 0x00007ff8ae18f000 	C:\WINDOWS\SYSTEM32\windows.staterepositorycore.dll
0x00007ff8a0e20000 - 0x00007ff8a0e41000 	C:\WINDOWS\SYSTEM32\MPR.dll
0x00007ff887fa0000 - 0x00007ff887fc2000 	C:\WINDOWS\System32\p9np.dll
0x00007ff888b30000 - 0x00007ff888b3d000 	C:\WINDOWS\System32\drprov.dll
0x00007ff8723f0000 - 0x00007ff872414000 	C:\WINDOWS\System32\ntlanman.dll
0x00007ff8496c0000 - 0x00007ff8496e1000 	C:\WINDOWS\System32\davclnt.dll
0x00007ff8cca00000 - 0x00007ff8cca62000 	C:\WINDOWS\System32\WINSTA.dll
0x00007ff8c4c30000 - 0x00007ff8c4c4b000 	C:\WINDOWS\System32\wkscli.dll
0x00007ff893690000 - 0x00007ff8936a3000 	C:\WINDOWS\SYSTEM32\cscapi.dll
0x00007ff8762a0000 - 0x00007ff8762f6000 	C:\Windows\System32\dlnashext.dll
0x00007ff85a3f0000 - 0x00007ff85a44d000 	C:\Windows\System32\PlayToDevice.dll
0x00007ff88fc50000 - 0x00007ff88fc80000 	C:\Windows\System32\DevDispItemProvider.dll
0x00007ff8c4e60000 - 0x00007ff8c4f06000 	C:\WINDOWS\System32\MMDevApi.dll
0x00007ff8cc990000 - 0x00007ff8cc9bf000 	C:\WINDOWS\System32\DEVOBJ.dll
0x00007ff85a080000 - 0x00007ff85a12c000 	C:\WINDOWS\system32\wpdshext.dll
0x00007ff8a6b50000 - 0x00007ff8a6d2b000 	C:\WINDOWS\WinSxS\amd64_microsoft.windows.gdiplus_6595b64144ccf1df_1.1.26100.9168_none_6ef70e683dc39227\gdiplus.dll
0x00007ff8c5360000 - 0x00007ff8c53fd000 	C:\Windows\System32\PortableDeviceApi.dll
0x00007ff8cd930000 - 0x00007ff8cddb7000 	C:\WINDOWS\System32\SETUPAPI.dll
0x00007ff8cd060000 - 0x00007ff8cd0e3000 	C:\WINDOWS\System32\WINTRUST.dll
0x00007ff8cd1a0000 - 0x00007ff8cd31e000 	C:\WINDOWS\System32\CRYPT32.dll
0x00007ff8cc420000 - 0x00007ff8cc433000 	C:\WINDOWS\SYSTEM32\MSASN1.dll
0x00007ff879d70000 - 0x00007ff879db1000 	C:\Windows\System32\EhStorShell.dll
0x00007ff890bf0000 - 0x00007ff890c15000 	C:\Windows\System32\EhStorAPI.dll
0x00007ff8c98b0000 - 0x00007ff8c98d9000 	C:\Windows\System32\WTSAPI32.dll
0x00007ff881e80000 - 0x00007ff881e8f000 	C:\WINDOWS\SYSTEM32\LINKINFO.dll
0x00007ff8c9890000 - 0x00007ff8c989d000 	C:\WINDOWS\SYSTEM32\Secur32.dll
0x00007ff8cb450000 - 0x00007ff8cb46b000 	C:\WINDOWS\SYSTEM32\samcli.dll
0x00007ff8cb470000 - 0x00007ff8cb4a9000 	C:\WINDOWS\SYSTEM32\SAMLIB.dll

JVMTI agents:
C:\Program Files\JetBrains\IntelliJ IDEA 2025.1.3\lib\idea_rt.jar path:C:\Users\Technical\.jdks\ms-21.0.12\bin\instrument.dll, loaded, initialized, instrumentlib options:54486

dbghelp: loaded successfully - version: 4.0.5 - missing functions: none
symbol engine: initialized successfully - sym options: 0x614 - pdb path: .;C:\Users\Technical\.jdks\ms-21.0.12\bin;C:\WINDOWS\SYSTEM32;C:\WINDOWS\WinSxS\amd64_microsoft.windows.common-controls_6595b64144ccf1df_6.0.26100.8972_none_3e0da176e32f9d4b;C:\Users\Technical\.jdks\ms-21.0.12\bin\server;C:\Program Files (x86)\UltraViewer;C:\WINDOWS\WinSxS\amd64_microsoft.windows.common-controls_6595b64144ccf1df_5.82.26100.8328_none_87eede957a2ccddd;C:\WINDOWS\WinSxS\amd64_microsoft.windows.gdiplus_6595b64144ccf1df_1.1.26100.9168_none_6ef70e683dc39227;C:\Users\Technical\AppData\Local\Temp\flatlaf.temp

VM Arguments:
jvm_args: -javaagent:C:\Program Files\JetBrains\IntelliJ IDEA 2025.1.3\lib\idea_rt.jar=54486 -Dfile.encoding=UTF-8 -Dsun.stdout.encoding=UTF-8 -Dsun.stderr.encoding=UTF-8 
java_command: driverecovery.Main
java_class_path (initial): C:\Users\Technical\OneDrive\Documents\onedrive\OneDrive - Professional\Pictures\DA 1\Drive-Activity\target\classes;C:\Users\Technical\.m2\repository\com\google\apis\google-api-services-drive\v3-rev20251210-2.0.0\google-api-services-drive-v3-rev20251210-2.0.0.jar;C:\Users\Technical\.m2\repository\com\google\apis\google-api-services-driveactivity\v2-rev20230704-2.0.0\google-api-services-driveactivity-v2-rev20230704-2.0.0.jar;C:\Users\Technical\.m2\repository\com\google\apis\google-api-services-admin-directory\directory_v1-rev20220919-2.0.0\google-api-services-admin-directory-directory_v1-rev20220919-2.0.0.jar;C:\Users\Technical\.m2\repository\com\google\apis\google-api-services-admin-reports\reports_v1-rev20250128-2.0.0\google-api-services-admin-reports-reports_v1-rev20250128-2.0.0.jar;C:\Users\Technical\.m2\repository\com\google\api-client\google-api-client\2.0.0\google-api-client-2.0.0.jar;C:\Users\Technical\.m2\repository\com\google\oauth-client\google-oauth-client\1.34.1\google-oauth-client-1.34.1.jar;C:\Users\Technical\.m2\repository\com\google\guava\guava\31.1-jre\guava-31.1-jre.jar;C:\Users\Technical\.m2\repository\com\google\guava\failureaccess\1.0.1\failureaccess-1.0.1.jar;C:\Users\Technical\.m2\repository\com\google\guava\listenablefuture\9999.0-empty-to-avoid-conflict-with-guava\listenablefuture-9999.0-empty-to-avoid-conflict-with-guava.jar;C:\Users\Technical\.m2\repository\org\checkerframework\checker-qual\3.12.0\checker-qual-3.12.0.jar;C:\Users\Technical\.m2\repository\com\google\errorprone\error_prone_annotations\2.11.0\error_prone_annotations-2.11.0.jar;C:\Users\Technical\.m2\repository\com\google\j2objc\j2objc-annotations\1.3\j2objc-annotations-1.3.jar;C:\Users\Technical\.m2\repository\com\google\http-client\google-http-client-apache-v2\1.42.1\google-http-client-apache-v2-1.42.1.jar;C:\Users\Technical\.m2\repository\org\apache\httpcomponents\httpcore\4.4.15\httpcore-4.4.15.jar;C:\Users\Technical\.m2\repository\org\apache\httpcomponents\httpclient\4.5.13\httpclient-4.5.13.jar;C:\Users\Technical\.m2\repository\commons-logging\commons-logging\1.2\commons-logging-1.2.jar;C:\Users\Technical\.m2\repository\commons-codec\commons-codec\1.11\commons-codec-1.11.jar;C:\Users\Technical\.m2\repository\com\google\http-client\google-http-client\1.42.1\google-http-client-1.42.1.jar;C:\Users\Technical\.m2\repository\io\opencensus\opencensus-api\0.31.1\opencensus-api-0.31.1.jar;C:\Users\Technical\.m2\repository\io\grpc\grpc-context\1.27.2\grpc-context-1.27.2.jar;C:\Users\Technical\.m2\repository\io\opencensus\opencensus-contrib-http-util\0.31.1\opencensus-contrib-http-util-0.31.1.jar;C:\Users\Technical\.m2\repository\com\google\oauth-client\google-oauth-client-jetty\1.34.1\google-oauth-client-jetty-1.34.1.jar;C:\Users\Technical\.m2\repository\com\google\oauth-client\google-oauth-client-java6\1.34.1\google-oauth-client-java6-1.34.1.jar;C:\Users\Technical\.m2\repository\com\google\auth\google-auth-library-oauth2-http\1.19.0\google-auth-library-oauth2-http-1.19.0.jar;C:\Users\Technical\.m2\repository\com\google\auto\value\auto-value-annotations\1.10.1\auto-value-annotations-1.10.1.jar;C:\Users\Technical\.m2\repository\com\google\code\findbugs\jsr305\3.0.2\jsr305-3.0.2.jar;C:\Users\Technical\.m2\repository\com\google\auth\google-auth-library-credentials\1.19.0\google-auth-library-credentials-1.19.0.jar;C:\Users\Technical\.m2\repository\com\google\http-client\google-http-client-gson\1.42.3\google-http-client-gson-1.42.3.jar;C:\Users\Technical\.m2\repository\org\apache\poi\poi-ooxml\5.2.3\poi-ooxml-5.2.3.jar;C:\Users\Technical\.m2\repository\org\apache\poi\poi\5.2.3\poi-5.2.3.jar;C:\Users\Technical\.m2\repository\org\apache\commons\commons-math3\3.6.1\commons-math3-3.6.1.jar;C:\Users\Technical\.m2\repository\com\zaxxer\SparseBitSet\1.2\SparseBitSet-1.2.jar;C:\Users\Technical\.m2\repository\org\apache\poi\poi-ooxml-lite\5.2.3\poi-ooxml-lite-5.2.3.jar;C:\Users\Technical\.m2\repository\org\apache\xmlbeans\xmlbeans\5.1.1\xmlbeans-5.1.1.jar;C:\Users\Technical\.m2\repository\org\apache\commons\commons-compress\1.21\commons-compress-1.21.jar;C:\Users\Technical\.m2\repository\commons-io\commons-io\2.11.0\commons-io-2.11.0.jar;C:\Users\Technical\.m2\repository\com\github\virtuald\curvesapi\1.07\curvesapi-1.07.jar;C:\Users\Technical\.m2\repository\org\apache\logging\log4j\log4j-api\2.18.0\log4j-api-2.18.0.jar;C:\Users\Technical\.m2\repository\org\apache\commons\commons-collections4\4.4\commons-collections4-4.4.jar;C:\Users\Technical\.m2\repository\org\slf4j\slf4j-simple\2.0.7\slf4j-simple-2.0.7.jar;C:\Users\Technical\.m2\repository\org\slf4j\slf4j-api\2.0.7\slf4j-api-2.0.7.jar;C:\Users\Technical\.m2\repository\com\google\code\gson\gson\2.10.1\gson-2.10.1.jar;C:\Users\Technical\.m2\repository\com\formdev\flatlaf\3.4.1\flatlaf-3.4.1.jar;C:\Users\Technical\.m2\repository\com\formdev\flatlaf-extras\3.4.1\flatlaf-extras-3.4.1.jar;C:\Users\Technical\.m2\repository\com\github\weisj\jsvg\1.4.0\jsvg-1.4.0.jar
Launcher Type: SUN_STANDARD

[Global flags]
     intx CICompilerCount                          = 4                                         {product} {ergonomic}
     uint ConcGCThreads                            = 2                                         {product} {ergonomic}
     uint G1ConcRefinementThreads                  = 8                                         {product} {ergonomic}
   size_t G1HeapRegionSize                         = 2097152                                   {product} {ergonomic}
    uintx GCDrainStackTargetSize                   = 64                                        {product} {ergonomic}
   size_t InitialHeapSize                          = 264241152                                 {product} {ergonomic}
   size_t MarkStackSize                            = 4194304                                   {product} {ergonomic}
   size_t MaxHeapSize                              = 4213178368                                {product} {ergonomic}
   size_t MaxNewSize                               = 2527068160                                {product} {ergonomic}
   size_t MinHeapDeltaBytes                        = 2097152                                   {product} {ergonomic}
   size_t MinHeapSize                              = 8388608                                   {product} {ergonomic}
    uintx NonNMethodCodeHeapSize                   = 5839372                                {pd product} {ergonomic}
    uintx NonProfiledCodeHeapSize                  = 122909434                              {pd product} {ergonomic}
    uintx ProfiledCodeHeapSize                     = 122909434                              {pd product} {ergonomic}
    uintx ReservedCodeCacheSize                    = 251658240                              {pd product} {ergonomic}
     bool SegmentedCodeCache                       = true                                      {product} {ergonomic}
   size_t SoftMaxHeapSize                          = 4213178368                             {manageable} {ergonomic}
     bool UseCompressedOops                        = true                           {product lp64_product} {ergonomic}
     bool UseG1GC                                  = true                                      {product} {ergonomic}
     bool UseLargePagesIndividualAllocation        = false                                  {pd product} {ergonomic}

Logging:
Log output configuration:
 #0: stdout all=warning uptime,level,tags foldmultilines=false
 #1: stderr all=off uptime,level,tags foldmultilines=false

Release file:
IMPLEMENTOR="Microsoft" 
IMPLEMENTOR_VERSION="Microsoft-14653896" 
JAVA_RUNTIME_VERSION="21.0.12+8-LTS" 
JAVA_VERSION="21.0.12" 
JAVA_VERSION_DATE="2026-07-21" 
LIBC="default" 
MODULES="java.base java.compiler java.datatransfer java.xml java.prefs java.desktop java.instrument java.logging java.management java.security.sasl java.naming java.rmi java.management.rmi java.net.http java.scripting java.security.jgss java.transaction.xa java.sql java.sql.rowset java.xml.crypto java.se java.smartcardio jdk.accessibility jdk.internal.jvmstat jdk.attach jdk.charsets jdk.internal.opt jdk.zipfs jdk.compiler jdk.crypto.ec jdk.crypto.cryptoki jdk.crypto.mscapi jdk.dynalink jdk.internal.ed jdk.editpad jdk.hotspot.agent jdk.httpserver jdk.incubator.vector jdk.internal.le jdk.internal.vm.ci jdk.internal.vm.compiler jdk.internal.vm.compiler.management jdk.jartool jdk.javadoc jdk.jcmd jdk.management jdk.management.agent jdk.jconsole jdk.jdeps jdk.jdwp.agent jdk.jdi jdk.jfr jdk.jlink jdk.jpackage jdk.jshell jdk.jsobject jdk.jstatd jdk.localedata jdk.management.jfr jdk.naming.dns jdk.naming.rmi jdk.net jdk.nio.mapmode jdk.random jdk.sctp jdk.security.auth jdk.security.jgss jdk.unsupported jdk.unsupported.desktop jdk.xml.dom" 
OS_ARCH="x86_64" 
OS_NAME="Windows" 
SOURCE=".:git:ffd52e07a1a6" 

Environment Variables:
PATH=C:\Program Files\Common Files\Oracle\Java\javapath;C:\Python314\Scripts\;C:\Python314\;C:\WINDOWS\system32;C:\WINDOWS;C:\WINDOWS\System32\Wbem;C:\WINDOWS\System32\WindowsPowerShell\v1.0\;C:\WINDOWS\System32\OpenSSH\;C:\Program Files (x86)\Google\Google Workspace Migration\;C:\Program Files (x86)\Google\Google Apps Migration\;C:\Program Files\Google\Google Apps Migration\;C:\GAM7\;C:\Program Files\dotnet\;C:\Program Files\nodejs\;C:\ProgramData\chocolatey\bin;C:\Program Files\Azure Data Studio\bin;C:\Program Files\Git\cmd;C:\Users\Technical\AppData\Local\Programs\Python\Python313\Scripts\;C:\Users\Technical\AppData\Local\Programs\Python\Python313\;C:\Users\Technical\AppData\Local\Programs\Python\Launcher\;C:\Users\Technical\AppData\Local\Microsoft\WindowsApps;C:\Users\Technical\AppData\Local\Programs\Microsoft VS Code\bin;C:\Users\Technical\AppData\Local\Programs\Git\cmd;;C:\Users\Technical\.lmstudio\bin;C:\Users\Technical\AppData\Local\Programs\Azure Data Studio\bin;C:\Users\Technical\.dotnet\tools;C:\Program Files\JetBrains\IntelliJ IDEA 2025.1.3\bin;;C:\Users\Technical\AppData\Roaming\npm;C:\Program Files\Azure Data Studio\bin;C:\Users\Technical\AppData\Local\Programs\Ollama;C:\Users\Technical\AppData\Local\Programs\Antigravity\bin;C:\Users\Technical\AppData\Local\Programs\Antigravity IDE\bin
USERNAME=Technical
OS=Windows_NT
PROCESSOR_IDENTIFIER=Intel64 Family 6 Model 151 Stepping 5, GenuineIntel
TMP=C:\Users\TECHNI~1\AppData\Local\Temp
TEMP=C:\Users\TECHNI~1\AppData\Local\Temp




Periodic native trim disabled

---------------  S Y S T E M  ---------------

OS:
 Windows 11 , 64 bit Build 26100 (10.0.26100.9168)
OS uptime: 0 days 8:46 hours

CPU: total 8 (initial active 8) (4 cores per cpu, 2 threads per core) family 6 model 151 stepping 5 microcode 0x37, cx8, cmov, fxsr, ht, mmx, 3dnowpref, sse, sse2, sse3, ssse3, sse4.1, sse4.2, popcnt, lzcnt, tsc, tscinvbit, avx, avx2, aes, erms, clmul, bmi1, bmi2, adx, sha, fma, vzeroupper, clflush, clflushopt, clwb, serialize, rdtscp, rdpid, fsrm, f16c, pku, cet_ibt, cet_ss
Processor Information for the first 8 processors :
  Max Mhz: 3300, Current Mhz: 3300, Mhz Limit: 3300

Memory: 4k page, system-wide physical 16071M (284M free)
TotalPageFile size 39407M (AvailPageFile size 2M)
current process WorkingSet (physical memory assigned to process): 585M, peak: 757M
current process commit charge ("private bytes"): 958M, peak: 960M

vm_info: OpenJDK 64-Bit Server VM (21.0.12+8-LTS) for windows-amd64 JRE (21.0.12+8-LTS), built on 2026-07-14T17:50:36Z by "MicrosoftCorporation" with MS VC++ 17.14 (VS2022)

END.
