#
# There is insufficient memory for the Java Runtime Environment to continue.
# Native memory allocation (mmap) failed to map 597688320 bytes. Error detail: G1 virtual space
# Possible reasons:
#   The system is out of physical RAM or swap space
#   This process is running with CompressedOops enabled, and the Java Heap may be blocking the growth of the native heap
# Possible solutions:
#   Reduce memory load on the system
#   Increase physical memory or swap space
#   Check if swap backing store is full
#   Decrease Java heap size (-Xmx/-Xms)
#   Decrease number of Java threads
#   Decrease Java thread stack sizes (-Xss)
#   Set larger code cache with -XX:ReservedCodeCacheSize=
#   JVM is running with Zero Based Compressed Oops mode in which the Java heap is
#     placed in the first 32GB address space. The Java Heap base address is the
#     maximum limit for the native heap growth. Please use -XX:HeapBaseMinAddress
#     to set the Java Heap base and to place the Java Heap above 32GB virtual address.
# This output file may be truncated or incomplete.
#
#  Out of Memory Error (os_windows.cpp:3735), pid=21448, tid=8396
#
# JRE version: OpenJDK Runtime Environment Microsoft-14653896 (21.0.12+8) (build 21.0.12+8-LTS)
# Java VM: OpenJDK 64-Bit Server VM Microsoft-14653896 (21.0.12+8-LTS, mixed mode, sharing, tiered, compressed oops, compressed class ptrs, g1 gc, windows-amd64)
# No core dump will be written. Minidumps are not enabled by default on client versions of Windows
#

---------------  S U M M A R Y ------------

Command Line: -javaagent:C:\Program Files\JetBrains\IntelliJ IDEA 2025.1.3\lib\idea_rt.jar=57582 -Dfile.encoding=UTF-8 -Dsun.stdout.encoding=UTF-8 -Dsun.stderr.encoding=UTF-8 driverecovery.Main

Host: 12th Gen Intel(R) Core(TM) i3-12100, 8 cores, 15G,  Windows 11 , 64 bit Build 26100 (10.0.26100.9168)
Time: Tue Aug 25 20:04:54 2026 SE Asia Standard Time elapsed time: 14784.464976 seconds (0d 4h 6m 24s)

---------------  T H R E A D  ---------------

Current thread (0x000001ad843b68a0):  VMThread "VM Thread"          [id=8396, stack(0x0000006c4c500000,0x0000006c4c600000) (1024K)]

Stack: [0x0000006c4c500000,0x0000006c4c600000]
Native frames: (J=compiled Java code, j=interpreted, Vv=VM code, C=native code)
V  [jvm.dll+0x6e0c09]  (no source info available)
V  [jvm.dll+0x8c0e1b]  (no source info available)
V  [jvm.dll+0x8c33ad]  (no source info available)
V  [jvm.dll+0x8c3a83]  (no source info available)
V  [jvm.dll+0x28ac66]  (no source info available)
V  [jvm.dll+0x6e00b5]  (no source info available)
V  [jvm.dll+0x6d3b6a]  (no source info available)
V  [jvm.dll+0x367f2e]  (no source info available)
V  [jvm.dll+0x36fdfb]  (no source info available)
V  [jvm.dll+0x3c1909]  (no source info available)
V  [jvm.dll+0x3c1bab]  (no source info available)
V  [jvm.dll+0x33b527]  (no source info available)
V  [jvm.dll+0x33dd1b]  (no source info available)
V  [jvm.dll+0x3483f8]  (no source info available)
V  [jvm.dll+0x37e72f]  (no source info available)
V  [jvm.dll+0x8c97ef]  (no source info available)
V  [jvm.dll+0x8cacd3]  (no source info available)
V  [jvm.dll+0x8cb244]  (no source info available)
V  [jvm.dll+0x8cb343]  (no source info available)
V  [jvm.dll+0x86ba8d]  (no source info available)
V  [jvm.dll+0x6e21bd]  (no source info available)
C  [ucrtbase.dll+0x2cd30]  (no source info available)
C  [KERNEL32.DLL+0x2ccb7]  (no source info available)
C  [ntdll.dll+0xaad6c]  (no source info available)

VM_Operation (0x0000006c4c0ff7f0): G1PauseRemark, mode: safepoint, requested by thread 0x000001ade4fe8b00


---------------  P R O C E S S  ---------------

Threads class SMR info:
_java_thread_list=0x000001ade502c760, length=26, elements={
0x000001ad843d5580, 0x000001ad843d80f0, 0x000001ad843d8d00, 0x000001ad843dc780,
0x000001ad843dd390, 0x000001ad843dddf0, 0x000001ad843deb80, 0x000001ad84409f10,
0x000001ad84602060, 0x000001ad8479bf70, 0x000001adca0d0420, 0x000001adca16f6f0,
0x000001adca173d80, 0x000001adca176400, 0x000001adca17edc0, 0x000001ade4f704f0,
0x000001adca49db70, 0x000001adcbdbfad0, 0x000001adcbdef660, 0x000001adcbdec1e0,
0x000001adcbdecf00, 0x000001adcbdee2b0, 0x000001adce1b3cb0, 0x000001adce1b2900,
0x000001adccf62c90, 0x000001adccf63320
}

Java Threads: ( => current thread )
  0x000001ad843d5580 JavaThread "Reference Handler"          daemon [_thread_blocked, id=11484, stack(0x0000006c4c600000,0x0000006c4c700000) (1024K)]
  0x000001ad843d80f0 JavaThread "Finalizer"                  daemon [_thread_blocked, id=21500, stack(0x0000006c4c700000,0x0000006c4c800000) (1024K)]
  0x000001ad843d8d00 JavaThread "Signal Dispatcher"          daemon [_thread_blocked, id=2220, stack(0x0000006c4c800000,0x0000006c4c900000) (1024K)]
  0x000001ad843dc780 JavaThread "Attach Listener"            daemon [_thread_blocked, id=4308, stack(0x0000006c4c900000,0x0000006c4ca00000) (1024K)]
  0x000001ad843dd390 JavaThread "Service Thread"             daemon [_thread_blocked, id=24624, stack(0x0000006c4ca00000,0x0000006c4cb00000) (1024K)]
  0x000001ad843dddf0 JavaThread "Monitor Deflation Thread"   daemon [_thread_blocked, id=19688, stack(0x0000006c4cb00000,0x0000006c4cc00000) (1024K)]
  0x000001ad843deb80 JavaThread "C2 CompilerThread0"         daemon [_thread_blocked, id=23076, stack(0x0000006c4cc00000,0x0000006c4cd00000) (1024K)]
  0x000001ad84409f10 JavaThread "C1 CompilerThread0"         daemon [_thread_blocked, id=4080, stack(0x0000006c4cd00000,0x0000006c4ce00000) (1024K)]
  0x000001ad84602060 JavaThread "Common-Cleaner"             daemon [_thread_blocked, id=27580, stack(0x0000006c4ce00000,0x0000006c4cf00000) (1024K)]
  0x000001ad8479bf70 JavaThread "Monitor Ctrl-Break"         daemon [_thread_in_native, id=2300, stack(0x0000006c4d000000,0x0000006c4d100000) (1024K)]
  0x000001adca0d0420 JavaThread "Notification Thread"        daemon [_thread_blocked, id=3112, stack(0x0000006c4d100000,0x0000006c4d200000) (1024K)]
  0x000001adca16f6f0 JavaThread "Java2D Disposer"            daemon [_thread_blocked, id=23904, stack(0x0000006c4d200000,0x0000006c4d300000) (1024K)]
  0x000001adca173d80 JavaThread "AWT-Shutdown"                      [_thread_blocked, id=2712, stack(0x0000006c4d300000,0x0000006c4d400000) (1024K)]
  0x000001adca176400 JavaThread "AWT-Windows"                daemon [_thread_in_native, id=18784, stack(0x0000006c4d400000,0x0000006c4d500000) (1024K)]
  0x000001adca17edc0 JavaThread "AWT-EventQueue-0"                  [_thread_blocked, id=25812, stack(0x0000006c4d500000,0x0000006c4d600000) (1024K)]
  0x000001ade4f704f0 JavaThread "DestroyJavaVM"                     [_thread_blocked, id=11276, stack(0x0000006c4be00000,0x0000006c4bf00000) (1024K)]
  0x000001adca49db70 JavaThread "RMI TCP Accept-0"           daemon [_thread_in_native, id=23048, stack(0x0000006c4d600000,0x0000006c4d700000) (1024K)]
  0x000001adcbdbfad0 JavaThread "RMI Scheduler(0)"           daemon [_thread_blocked, id=23600, stack(0x0000006c4df00000,0x0000006c4e000000) (1024K)]
  0x000001adcbdef660 JavaThread "JMX server connection timeout 39" daemon [_thread_blocked, id=19288, stack(0x0000006c4e000000,0x0000006c4e100000) (1024K)]
  0x000001adcbdec1e0 JavaThread "TimerQueue"                 daemon [_thread_blocked, id=1380, stack(0x0000006c4e100000,0x0000006c4e200000) (1024K)]
  0x000001adcbdecf00 JavaThread "Swing-Shell"                daemon [_thread_blocked, id=5528, stack(0x0000006c4bc00000,0x0000006c4bd00000) (1024K)]
  0x000001adcbdee2b0 JavaThread "SwingWorker-pool-2-thread-1" daemon [_thread_blocked, id=21424, stack(0x0000006c4bd00000,0x0000006c4be00000) (1024K)]
  0x000001adce1b3cb0 JavaThread "SwingWorker-pool-2-thread-2" daemon [_thread_blocked, id=15828, stack(0x0000006c4cf00000,0x0000006c4d000000) (1024K)]
  0x000001adce1b2900 JavaThread "pool-3-thread-1"                   [_thread_in_native, id=21928, stack(0x0000006c4de00000,0x0000006c4df00000) (1024K)]
  0x000001adccf62c90 JavaThread "Keep-Alive-Timer"           daemon [_thread_blocked, id=24464, stack(0x0000006c4e200000,0x0000006c4e300000) (1024K)]
  0x000001adccf63320 JavaThread "RMI TCP Connection(15)-192.168.40.57" daemon [_thread_blocked, id=17456, stack(0x0000006c4e400000,0x0000006c4e500000) (1024K)]
Total: 26

Other Threads:
=>0x000001ad843b68a0 VMThread "VM Thread"                           [id=8396, stack(0x0000006c4c500000,0x0000006c4c600000) (1024K)]
  0x000001ad843a2f10 WatcherThread "VM Periodic Task Thread"        [id=20512, stack(0x0000006c4c400000,0x0000006c4c500000) (1024K)]
  0x000001ade4fd8000 WorkerThread "GC Thread#0"                     [id=22128, stack(0x0000006c4bf00000,0x0000006c4c000000) (1024K)]
  0x000001adca49e5f0 WorkerThread "GC Thread#1"                     [id=25648, stack(0x0000006c4d700000,0x0000006c4d800000) (1024K)]
  0x000001adca49e9a0 WorkerThread "GC Thread#2"                     [id=18804, stack(0x0000006c4d800000,0x0000006c4d900000) (1024K)]
  0x000001adca49f160 WorkerThread "GC Thread#3"                     [id=20900, stack(0x0000006c4d900000,0x0000006c4da00000) (1024K)]
  0x000001adca49f510 WorkerThread "GC Thread#4"                     [id=25984, stack(0x0000006c4da00000,0x0000006c4db00000) (1024K)]
  0x000001adca4a08e0 WorkerThread "GC Thread#5"                     [id=22772, stack(0x0000006c4db00000,0x0000006c4dc00000) (1024K)]
  0x000001adcbd08d50 WorkerThread "GC Thread#6"                     [id=10000, stack(0x0000006c4dc00000,0x0000006c4dd00000) (1024K)]
  0x000001adca678ad0 WorkerThread "GC Thread#7"                     [id=22268, stack(0x0000006c4dd00000,0x0000006c4de00000) (1024K)]
  0x000001ade4fe8b00 ConcurrentGCThread "G1 Main Marker"            [id=5740, stack(0x0000006c4c000000,0x0000006c4c100000) (1024K)]
  0x000001ade4fe9610 WorkerThread "G1 Conc#0"                       [id=10816, stack(0x0000006c4c100000,0x0000006c4c200000) (1024K)]
  0x000001adcbfca760 WorkerThread "G1 Conc#1"                       [id=17200, stack(0x0000006c4bb00000,0x0000006c4bc00000) (1024K)]
  0x000001ad8426b1e0 ConcurrentGCThread "G1 Refine#0"               [id=14748, stack(0x0000006c4c200000,0x0000006c4c300000) (1024K)]
  0x000001ad8426bc70 ConcurrentGCThread "G1 Service"                [id=22008, stack(0x0000006c4c300000,0x0000006c4c400000) (1024K)]
Total: 15

Threads with active compile tasks:
Total: 0

VM state: at safepoint (normal execution)

VM Mutex/Monitor currently owned by a thread:  ([mutex/lock_event])
[0x00007ff847d3c8b0] Threads_lock - owner thread: 0x000001ad843b68a0
[0x00007ff847d3c9b0] Heap_lock - owner thread: 0x000001ade4fe8b00

Heap address: 0x0000000704e00000, size: 4018 MB, Compressed Oops mode: Zero based, Oop shift amount: 3

CDS archive(s) mapped at: [0x000001ad85000000-0x000001ad85c80000-0x000001ad85c80000), size 13107200, SharedBaseAddress: 0x000001ad85000000, ArchiveRelocationMode: 1.
Compressed class space mapped at: 0x000001ad86000000-0x000001adc6000000, reserved size: 1073741824
Narrow klass base: 0x000001ad85000000, Narrow klass shift: 0, Narrow klass range: 0x100000000

GC Precious Log:
 CardTable entry size: 512
 Card Set container configuration: InlinePtr #cards 4 size 8 Array Of Cards #cards 16 size 48 Howl #buckets 8 coarsen threshold 3686 Howl Bitmap #cards 512 size 80 coarsen threshold 460 Card regions per heap region 1 cards per card region 4096
 CPUs: 8 total, 8 available
 Memory: 16071M
 Large Page Support: Disabled
 NUMA Support: Disabled
 Compressed Oops: Enabled (Zero based)
 Heap Region Size: 2M
 Heap Min Capacity: 8M
 Heap Initial Capacity: 252M
 Heap Max Capacity: 4018M
 Pre-touch: Disabled
 Parallel Workers: 8
 Concurrent Workers: 2
 Concurrent Refinement Workers: 8
 Periodic GC: Disabled

Heap:
 garbage-first heap   total 1349632K, used 1166336K [0x0000000704e00000, 0x0000000800000000)
  region size 2048K, 14 young (28672K), 9 survivors (18432K)
 Metaspace       used 40662K, committed 41472K, reserved 1114112K
  class space    used 4313K, committed 4736K, reserved 1048576K

Heap Regions: E=young(eden), S=young(survivor), O=old, HS=humongous(starts), HC=humongous(continues), CS=collection set, F=free, TAMS=top-at-mark-start, PB=parsable bottom
|   0|0x0000000704e00000, 0x0000000705000000, 0x0000000705000000|100%| O|  |TAMS 0x0000000705000000| PB 0x0000000705000000| Untracked 
|   1|0x0000000705000000, 0x0000000705200000, 0x0000000705200000|100%| O|  |TAMS 0x0000000705200000| PB 0x0000000705200000| Untracked 
|   2|0x0000000705200000, 0x0000000705400000, 0x0000000705400000|100%|HS|  |TAMS 0x0000000705400000| PB 0x0000000705200000| Complete 
|   3|0x0000000705400000, 0x0000000705600000, 0x0000000705600000|100%|HC|  |TAMS 0x0000000705600000| PB 0x0000000705400000| Complete 
|   4|0x0000000705600000, 0x0000000705800000, 0x0000000705800000|100%|HC|  |TAMS 0x0000000705800000| PB 0x0000000705600000| Complete 
|   5|0x0000000705800000, 0x0000000705a00000, 0x0000000705a00000|100%| O|  |TAMS 0x0000000705a00000| PB 0x0000000705a00000| Untracked 
|   6|0x0000000705a00000, 0x0000000705c00000, 0x0000000705c00000|100%| O|  |TAMS 0x0000000705c00000| PB 0x0000000705c00000| Updating 
|   7|0x0000000705c00000, 0x0000000705e00000, 0x0000000705e00000|100%| O|  |TAMS 0x0000000705e00000| PB 0x0000000705e00000| Updating 
|   8|0x0000000705e00000, 0x0000000706000000, 0x0000000706000000|100%| O|  |TAMS 0x0000000706000000| PB 0x0000000706000000| Updating 
|   9|0x0000000706000000, 0x0000000706200000, 0x0000000706200000|100%| O|  |TAMS 0x0000000706200000| PB 0x0000000706200000| Updating 
|  10|0x0000000706200000, 0x0000000706400000, 0x0000000706400000|100%| O|  |TAMS 0x0000000706400000| PB 0x0000000706400000| Updating 
|  11|0x0000000706400000, 0x0000000706600000, 0x0000000706600000|100%| O|  |TAMS 0x0000000706600000| PB 0x0000000706600000| Updating 
|  12|0x0000000706600000, 0x0000000706800000, 0x0000000706800000|100%| O|  |TAMS 0x0000000706800000| PB 0x0000000706800000| Untracked 
|  13|0x0000000706800000, 0x0000000706a00000, 0x0000000706a00000|100%| O|  |TAMS 0x0000000706a00000| PB 0x0000000706a00000| Updating 
|  14|0x0000000706a00000, 0x0000000706c00000, 0x0000000706c00000|100%| O|  |TAMS 0x0000000706c00000| PB 0x0000000706c00000| Updating 
|  15|0x0000000706c00000, 0x0000000706e00000, 0x0000000706e00000|100%| O|  |TAMS 0x0000000706e00000| PB 0x0000000706e00000| Untracked 
|  16|0x0000000706e00000, 0x0000000707000000, 0x0000000707000000|100%| O|  |TAMS 0x0000000707000000| PB 0x0000000707000000| Updating 
|  17|0x0000000707000000, 0x0000000707200000, 0x0000000707200000|100%| O|  |TAMS 0x0000000707200000| PB 0x0000000707200000| Updating 
|  18|0x0000000707200000, 0x0000000707400000, 0x0000000707400000|100%| O|  |TAMS 0x0000000707400000| PB 0x0000000707400000| Untracked 
|  19|0x0000000707400000, 0x0000000707600000, 0x0000000707600000|100%| O|  |TAMS 0x0000000707600000| PB 0x0000000707600000| Updating 
|  20|0x0000000707600000, 0x0000000707800000, 0x0000000707800000|100%| O|  |TAMS 0x0000000707800000| PB 0x0000000707800000| Updating 
|  21|0x0000000707800000, 0x0000000707a00000, 0x0000000707a00000|100%| O|  |TAMS 0x0000000707a00000| PB 0x0000000707a00000| Updating 
|  22|0x0000000707a00000, 0x0000000707c00000, 0x0000000707c00000|100%| O|  |TAMS 0x0000000707c00000| PB 0x0000000707c00000| Untracked 
|  23|0x0000000707c00000, 0x0000000707e00000, 0x0000000707e00000|100%| O|  |TAMS 0x0000000707e00000| PB 0x0000000707e00000| Untracked 
|  24|0x0000000707e00000, 0x0000000708000000, 0x0000000708000000|100%| O|  |TAMS 0x0000000708000000| PB 0x0000000708000000| Untracked 
|  25|0x0000000708000000, 0x0000000708200000, 0x0000000708200000|100%| O|  |TAMS 0x0000000708200000| PB 0x0000000708200000| Updating 
|  26|0x0000000708200000, 0x0000000708400000, 0x0000000708400000|100%| O|  |TAMS 0x0000000708400000| PB 0x0000000708400000| Untracked 
|  27|0x0000000708400000, 0x0000000708600000, 0x0000000708600000|100%| O|  |TAMS 0x0000000708600000| PB 0x0000000708600000| Updating 
|  28|0x0000000708600000, 0x0000000708800000, 0x0000000708800000|100%|HS|  |TAMS 0x0000000708800000| PB 0x0000000708600000| Updating 
|  29|0x0000000708800000, 0x0000000708a00000, 0x0000000708a00000|100%| O|  |TAMS 0x0000000708a00000| PB 0x0000000708a00000| Untracked 
|  30|0x0000000708a00000, 0x0000000708c00000, 0x0000000708c00000|100%| O|  |TAMS 0x0000000708c00000| PB 0x0000000708c00000| Untracked 
|  31|0x0000000708c00000, 0x0000000708e00000, 0x0000000708e00000|100%| O|  |TAMS 0x0000000708e00000| PB 0x0000000708e00000| Untracked 
|  32|0x0000000708e00000, 0x0000000709000000, 0x0000000709000000|100%| O|  |TAMS 0x0000000709000000| PB 0x0000000709000000| Updating 
|  33|0x0000000709000000, 0x0000000709200000, 0x0000000709200000|100%| O|  |TAMS 0x0000000709200000| PB 0x0000000709200000| Updating 
|  34|0x0000000709200000, 0x0000000709400000, 0x0000000709400000|100%| O|  |TAMS 0x0000000709400000| PB 0x0000000709400000| Untracked 
|  35|0x0000000709400000, 0x0000000709600000, 0x0000000709600000|100%| O|  |TAMS 0x0000000709600000| PB 0x0000000709600000| Untracked 
|  36|0x0000000709600000, 0x0000000709800000, 0x0000000709800000|100%| O|  |TAMS 0x0000000709800000| PB 0x0000000709800000| Untracked 
|  37|0x0000000709800000, 0x0000000709a00000, 0x0000000709a00000|100%| O|  |TAMS 0x0000000709a00000| PB 0x0000000709a00000| Untracked 
|  38|0x0000000709a00000, 0x0000000709c00000, 0x0000000709c00000|100%| O|  |TAMS 0x0000000709c00000| PB 0x0000000709c00000| Untracked 
|  39|0x0000000709c00000, 0x0000000709e00000, 0x0000000709e00000|100%| O|  |TAMS 0x0000000709e00000| PB 0x0000000709e00000| Updating 
|  40|0x0000000709e00000, 0x000000070a000000, 0x000000070a000000|100%| O|  |TAMS 0x000000070a000000| PB 0x000000070a000000| Untracked 
|  41|0x000000070a000000, 0x000000070a200000, 0x000000070a200000|100%| O|  |TAMS 0x000000070a200000| PB 0x000000070a200000| Updating 
|  42|0x000000070a200000, 0x000000070a400000, 0x000000070a400000|100%| O|  |TAMS 0x000000070a400000| PB 0x000000070a400000| Untracked 
|  43|0x000000070a400000, 0x000000070a600000, 0x000000070a600000|100%| O|  |TAMS 0x000000070a600000| PB 0x000000070a600000| Untracked 
|  44|0x000000070a600000, 0x000000070a800000, 0x000000070a800000|100%| O|  |TAMS 0x000000070a800000| PB 0x000000070a800000| Untracked 
|  45|0x000000070a800000, 0x000000070aa00000, 0x000000070aa00000|100%| O|  |TAMS 0x000000070aa00000| PB 0x000000070aa00000| Updating 
|  46|0x000000070aa00000, 0x000000070ac00000, 0x000000070ac00000|100%| O|  |TAMS 0x000000070ac00000| PB 0x000000070ac00000| Untracked 
|  47|0x000000070ac00000, 0x000000070ae00000, 0x000000070ae00000|100%| O|  |TAMS 0x000000070ae00000| PB 0x000000070ae00000| Untracked 
|  48|0x000000070ae00000, 0x000000070b000000, 0x000000070b000000|100%| O|  |TAMS 0x000000070b000000| PB 0x000000070b000000| Untracked 
|  49|0x000000070b000000, 0x000000070b200000, 0x000000070b200000|100%| O|  |TAMS 0x000000070b200000| PB 0x000000070b200000| Updating 
|  50|0x000000070b200000, 0x000000070b400000, 0x000000070b400000|100%| O|  |TAMS 0x000000070b400000| PB 0x000000070b400000| Updating 
|  51|0x000000070b400000, 0x000000070b600000, 0x000000070b600000|100%| O|  |TAMS 0x000000070b600000| PB 0x000000070b600000| Untracked 
|  52|0x000000070b600000, 0x000000070b800000, 0x000000070b800000|100%| O|  |TAMS 0x000000070b800000| PB 0x000000070b800000| Untracked 
|  53|0x000000070b800000, 0x000000070ba00000, 0x000000070ba00000|100%| O|  |TAMS 0x000000070ba00000| PB 0x000000070ba00000| Updating 
|  54|0x000000070ba00000, 0x000000070bc00000, 0x000000070bc00000|100%| O|  |TAMS 0x000000070bc00000| PB 0x000000070bc00000| Untracked 
|  55|0x000000070bc00000, 0x000000070be00000, 0x000000070be00000|100%| O|  |TAMS 0x000000070be00000| PB 0x000000070be00000| Untracked 
|  56|0x000000070be00000, 0x000000070c000000, 0x000000070c000000|100%| O|  |TAMS 0x000000070c000000| PB 0x000000070c000000| Updating 
|  57|0x000000070c000000, 0x000000070c200000, 0x000000070c200000|100%| O|  |TAMS 0x000000070c200000| PB 0x000000070c200000| Updating 
|  58|0x000000070c200000, 0x000000070c400000, 0x000000070c400000|100%| O|  |TAMS 0x000000070c400000| PB 0x000000070c400000| Updating 
|  59|0x000000070c400000, 0x000000070c600000, 0x000000070c600000|100%| O|  |TAMS 0x000000070c600000| PB 0x000000070c600000| Untracked 
|  60|0x000000070c600000, 0x000000070c800000, 0x000000070c800000|100%| O|  |TAMS 0x000000070c800000| PB 0x000000070c800000| Untracked 
|  61|0x000000070c800000, 0x000000070ca00000, 0x000000070ca00000|100%| O|  |TAMS 0x000000070ca00000| PB 0x000000070ca00000| Untracked 
|  62|0x000000070ca00000, 0x000000070cc00000, 0x000000070cc00000|100%| O|  |TAMS 0x000000070cc00000| PB 0x000000070cc00000| Untracked 
|  63|0x000000070cc00000, 0x000000070ce00000, 0x000000070ce00000|100%| O|  |TAMS 0x000000070ce00000| PB 0x000000070ce00000| Untracked 
|  64|0x000000070ce00000, 0x000000070d000000, 0x000000070d000000|100%|HS|  |TAMS 0x000000070d000000| PB 0x000000070ce00000| Updating 
|  65|0x000000070d000000, 0x000000070d200000, 0x000000070d200000|100%|HC|  |TAMS 0x000000070d200000| PB 0x000000070d000000| Updating 
|  66|0x000000070d200000, 0x000000070d400000, 0x000000070d400000|100%| O|  |TAMS 0x000000070d400000| PB 0x000000070d400000| Untracked 
|  67|0x000000070d400000, 0x000000070d600000, 0x000000070d600000|100%| O|  |TAMS 0x000000070d600000| PB 0x000000070d600000| Untracked 
|  68|0x000000070d600000, 0x000000070d800000, 0x000000070d800000|100%| O|  |TAMS 0x000000070d800000| PB 0x000000070d800000| Untracked 
|  69|0x000000070d800000, 0x000000070da00000, 0x000000070da00000|100%| O|  |TAMS 0x000000070da00000| PB 0x000000070da00000| Untracked 
|  70|0x000000070da00000, 0x000000070dc00000, 0x000000070dc00000|100%| O|  |TAMS 0x000000070dc00000| PB 0x000000070dc00000| Untracked 
|  71|0x000000070dc00000, 0x000000070de00000, 0x000000070de00000|100%| O|  |TAMS 0x000000070de00000| PB 0x000000070de00000| Untracked 
|  72|0x000000070de00000, 0x000000070e000000, 0x000000070e000000|100%| O|  |TAMS 0x000000070e000000| PB 0x000000070e000000| Untracked 
|  73|0x000000070e000000, 0x000000070e200000, 0x000000070e200000|100%| O|  |TAMS 0x000000070e200000| PB 0x000000070e200000| Updating 
|  74|0x000000070e200000, 0x000000070e400000, 0x000000070e400000|100%| O|  |TAMS 0x000000070e400000| PB 0x000000070e400000| Updating 
|  75|0x000000070e400000, 0x000000070e600000, 0x000000070e600000|100%| O|  |TAMS 0x000000070e600000| PB 0x000000070e600000| Untracked 
|  76|0x000000070e600000, 0x000000070e800000, 0x000000070e800000|100%| O|  |TAMS 0x000000070e800000| PB 0x000000070e800000| Untracked 
|  77|0x000000070e800000, 0x000000070ea00000, 0x000000070ea00000|100%| O|  |TAMS 0x000000070ea00000| PB 0x000000070ea00000| Untracked 
|  78|0x000000070ea00000, 0x000000070ec00000, 0x000000070ec00000|100%| O|  |TAMS 0x000000070ec00000| PB 0x000000070ec00000| Updating 
|  79|0x000000070ec00000, 0x000000070ee00000, 0x000000070ee00000|100%| O|  |TAMS 0x000000070ee00000| PB 0x000000070ee00000| Untracked 
|  80|0x000000070ee00000, 0x000000070f000000, 0x000000070f000000|100%| O|  |TAMS 0x000000070f000000| PB 0x000000070f000000| Updating 
|  81|0x000000070f000000, 0x000000070f200000, 0x000000070f200000|100%| O|  |TAMS 0x000000070f200000| PB 0x000000070f200000| Updating 
|  82|0x000000070f200000, 0x000000070f400000, 0x000000070f400000|100%| O|  |TAMS 0x000000070f400000| PB 0x000000070f400000| Untracked 
|  83|0x000000070f400000, 0x000000070f600000, 0x000000070f600000|100%| O|  |TAMS 0x000000070f600000| PB 0x000000070f600000| Updating 
|  84|0x000000070f600000, 0x000000070f800000, 0x000000070f800000|100%| O|  |TAMS 0x000000070f800000| PB 0x000000070f800000| Updating 
|  85|0x000000070f800000, 0x000000070fa00000, 0x000000070fa00000|100%| O|  |TAMS 0x000000070fa00000| PB 0x000000070fa00000| Untracked 
|  86|0x000000070fa00000, 0x000000070fc00000, 0x000000070fc00000|100%|HS|  |TAMS 0x000000070fc00000| PB 0x000000070fa00000| Updating 
|  87|0x000000070fc00000, 0x000000070fe00000, 0x000000070fe00000|100%|HC|  |TAMS 0x000000070fe00000| PB 0x000000070fc00000| Updating 
|  88|0x000000070fe00000, 0x0000000710000000, 0x0000000710000000|100%|HC|  |TAMS 0x0000000710000000| PB 0x000000070fe00000| Updating 
|  89|0x0000000710000000, 0x0000000710200000, 0x0000000710200000|100%| O|  |TAMS 0x0000000710200000| PB 0x0000000710200000| Untracked 
|  90|0x0000000710200000, 0x0000000710400000, 0x0000000710400000|100%| O|  |TAMS 0x0000000710400000| PB 0x0000000710400000| Untracked 
|  91|0x0000000710400000, 0x0000000710600000, 0x0000000710600000|100%| O|  |TAMS 0x0000000710600000| PB 0x0000000710600000| Untracked 
|  92|0x0000000710600000, 0x0000000710800000, 0x0000000710800000|100%| O|  |TAMS 0x0000000710800000| PB 0x0000000710800000| Updating 
|  93|0x0000000710800000, 0x0000000710a00000, 0x0000000710a00000|100%| O|  |TAMS 0x0000000710a00000| PB 0x0000000710a00000| Updating 
|  94|0x0000000710a00000, 0x0000000710c00000, 0x0000000710c00000|100%| O|  |TAMS 0x0000000710c00000| PB 0x0000000710c00000| Untracked 
|  95|0x0000000710c00000, 0x0000000710e00000, 0x0000000710e00000|100%| O|  |TAMS 0x0000000710e00000| PB 0x0000000710e00000| Updating 
|  96|0x0000000710e00000, 0x0000000711000000, 0x0000000711000000|100%| O|  |TAMS 0x0000000711000000| PB 0x0000000711000000| Untracked 
|  97|0x0000000711000000, 0x0000000711200000, 0x0000000711200000|100%| O|  |TAMS 0x0000000711200000| PB 0x0000000711200000| Untracked 
|  98|0x0000000711200000, 0x0000000711400000, 0x0000000711400000|100%| O|  |TAMS 0x0000000711400000| PB 0x0000000711400000| Updating 
|  99|0x0000000711400000, 0x0000000711600000, 0x0000000711600000|100%| O|  |TAMS 0x0000000711600000| PB 0x0000000711600000| Updating 
| 100|0x0000000711600000, 0x0000000711800000, 0x0000000711800000|100%| O|  |TAMS 0x0000000711800000| PB 0x0000000711800000| Updating 
| 101|0x0000000711800000, 0x0000000711a00000, 0x0000000711a00000|100%| O|  |TAMS 0x0000000711a00000| PB 0x0000000711a00000| Updating 
| 102|0x0000000711a00000, 0x0000000711c00000, 0x0000000711c00000|100%| O|  |TAMS 0x0000000711c00000| PB 0x0000000711c00000| Updating 
| 103|0x0000000711c00000, 0x0000000711e00000, 0x0000000711e00000|100%| O|  |TAMS 0x0000000711e00000| PB 0x0000000711e00000| Untracked 
| 104|0x0000000711e00000, 0x0000000712000000, 0x0000000712000000|100%| O|  |TAMS 0x0000000712000000| PB 0x0000000712000000| Untracked 
| 105|0x0000000712000000, 0x0000000712200000, 0x0000000712200000|100%| O|  |TAMS 0x0000000712200000| PB 0x0000000712200000| Untracked 
| 106|0x0000000712200000, 0x0000000712400000, 0x0000000712400000|100%| O|  |TAMS 0x0000000712400000| PB 0x0000000712400000| Untracked 
| 107|0x0000000712400000, 0x0000000712600000, 0x0000000712600000|100%| O|  |TAMS 0x0000000712600000| PB 0x0000000712600000| Updating 
| 108|0x0000000712600000, 0x0000000712800000, 0x0000000712800000|100%| O|  |TAMS 0x0000000712800000| PB 0x0000000712800000| Updating 
| 109|0x0000000712800000, 0x0000000712a00000, 0x0000000712a00000|100%| O|  |TAMS 0x0000000712a00000| PB 0x0000000712a00000| Untracked 
| 110|0x0000000712a00000, 0x0000000712c00000, 0x0000000712c00000|100%| O|  |TAMS 0x0000000712c00000| PB 0x0000000712c00000| Updating 
| 111|0x0000000712c00000, 0x0000000712e00000, 0x0000000712e00000|100%| O|  |TAMS 0x0000000712e00000| PB 0x0000000712e00000| Untracked 
| 112|0x0000000712e00000, 0x0000000713000000, 0x0000000713000000|100%| O|  |TAMS 0x0000000713000000| PB 0x0000000713000000| Untracked 
| 113|0x0000000713000000, 0x0000000713200000, 0x0000000713200000|100%| O|  |TAMS 0x0000000713200000| PB 0x0000000713200000| Untracked 
| 114|0x0000000713200000, 0x0000000713400000, 0x0000000713400000|100%| O|  |TAMS 0x0000000713400000| PB 0x0000000713400000| Untracked 
| 115|0x0000000713400000, 0x0000000713600000, 0x0000000713600000|100%| O|  |TAMS 0x0000000713600000| PB 0x0000000713600000| Untracked 
| 116|0x0000000713600000, 0x0000000713800000, 0x0000000713800000|100%| O|  |TAMS 0x0000000713800000| PB 0x0000000713800000| Updating 
| 117|0x0000000713800000, 0x0000000713a00000, 0x0000000713a00000|100%| O|  |TAMS 0x0000000713a00000| PB 0x0000000713a00000| Untracked 
| 118|0x0000000713a00000, 0x0000000713c00000, 0x0000000713c00000|100%| O|  |TAMS 0x0000000713c00000| PB 0x0000000713c00000| Updating 
| 119|0x0000000713c00000, 0x0000000713e00000, 0x0000000713e00000|100%| O|  |TAMS 0x0000000713e00000| PB 0x0000000713e00000| Untracked 
| 120|0x0000000713e00000, 0x0000000714000000, 0x0000000714000000|100%| O|  |TAMS 0x0000000714000000| PB 0x0000000714000000| Updating 
| 121|0x0000000714000000, 0x0000000714200000, 0x0000000714200000|100%|HS|  |TAMS 0x0000000714200000| PB 0x0000000714000000| Updating 
| 122|0x0000000714200000, 0x0000000714400000, 0x0000000714400000|100%|HC|  |TAMS 0x0000000714400000| PB 0x0000000714200000| Updating 
| 123|0x0000000714400000, 0x0000000714600000, 0x0000000714600000|100%| O|  |TAMS 0x0000000714600000| PB 0x0000000714600000| Untracked 
| 124|0x0000000714600000, 0x0000000714800000, 0x0000000714800000|100%| O|  |TAMS 0x0000000714800000| PB 0x0000000714800000| Updating 
| 125|0x0000000714800000, 0x0000000714a00000, 0x0000000714a00000|100%|HS|  |TAMS 0x0000000714a00000| PB 0x0000000714800000| Complete 
| 126|0x0000000714a00000, 0x0000000714c00000, 0x0000000714c00000|100%| O|  |TAMS 0x0000000714c00000| PB 0x0000000714c00000| Untracked 
| 127|0x0000000714c00000, 0x0000000714e00000, 0x0000000714e00000|100%| O|  |TAMS 0x0000000714e00000| PB 0x0000000714e00000| Untracked 
| 128|0x0000000714e00000, 0x0000000715000000, 0x0000000715000000|100%| O|  |TAMS 0x0000000715000000| PB 0x0000000715000000| Updating 
| 129|0x0000000715000000, 0x0000000715200000, 0x0000000715200000|100%| O|  |TAMS 0x0000000715200000| PB 0x0000000715200000| Updating 
| 130|0x0000000715200000, 0x0000000715400000, 0x0000000715400000|100%| O|  |TAMS 0x0000000715400000| PB 0x0000000715400000| Updating 
| 131|0x0000000715400000, 0x0000000715600000, 0x0000000715600000|100%| O|  |TAMS 0x0000000715600000| PB 0x0000000715600000| Untracked 
| 132|0x0000000715600000, 0x0000000715800000, 0x0000000715800000|100%| O|  |TAMS 0x0000000715800000| PB 0x0000000715800000| Untracked 
| 133|0x0000000715800000, 0x0000000715a00000, 0x0000000715a00000|100%| O|  |TAMS 0x0000000715a00000| PB 0x0000000715a00000| Untracked 
| 134|0x0000000715a00000, 0x0000000715c00000, 0x0000000715c00000|100%| O|  |TAMS 0x0000000715c00000| PB 0x0000000715c00000| Untracked 
| 135|0x0000000715c00000, 0x0000000715e00000, 0x0000000715e00000|100%| O|  |TAMS 0x0000000715e00000| PB 0x0000000715e00000| Updating 
| 136|0x0000000715e00000, 0x0000000716000000, 0x0000000716000000|100%| O|  |TAMS 0x0000000716000000| PB 0x0000000716000000| Updating 
| 137|0x0000000716000000, 0x0000000716200000, 0x0000000716200000|100%| O|  |TAMS 0x0000000716200000| PB 0x0000000716200000| Untracked 
| 138|0x0000000716200000, 0x0000000716400000, 0x0000000716400000|100%| O|  |TAMS 0x0000000716400000| PB 0x0000000716400000| Updating 
| 139|0x0000000716400000, 0x0000000716600000, 0x0000000716600000|100%| O|  |TAMS 0x0000000716600000| PB 0x0000000716600000| Untracked 
| 140|0x0000000716600000, 0x0000000716800000, 0x0000000716800000|100%| O|  |TAMS 0x0000000716800000| PB 0x0000000716800000| Untracked 
| 141|0x0000000716800000, 0x0000000716a00000, 0x0000000716a00000|100%| O|  |TAMS 0x0000000716a00000| PB 0x0000000716a00000| Updating 
| 142|0x0000000716a00000, 0x0000000716c00000, 0x0000000716c00000|100%| O|  |TAMS 0x0000000716c00000| PB 0x0000000716c00000| Untracked 
| 143|0x0000000716c00000, 0x0000000716e00000, 0x0000000716e00000|100%| O|  |TAMS 0x0000000716e00000| PB 0x0000000716e00000| Untracked 
| 144|0x0000000716e00000, 0x0000000717000000, 0x0000000717000000|100%| O|  |TAMS 0x0000000717000000| PB 0x0000000717000000| Untracked 
| 145|0x0000000717000000, 0x0000000717200000, 0x0000000717200000|100%| O|  |TAMS 0x0000000717200000| PB 0x0000000717200000| Untracked 
| 146|0x0000000717200000, 0x0000000717400000, 0x0000000717400000|100%| O|  |TAMS 0x0000000717400000| PB 0x0000000717400000| Updating 
| 147|0x0000000717400000, 0x0000000717600000, 0x0000000717600000|100%| O|  |TAMS 0x0000000717600000| PB 0x0000000717600000| Untracked 
| 148|0x0000000717600000, 0x0000000717800000, 0x0000000717800000|100%| O|  |TAMS 0x0000000717800000| PB 0x0000000717800000| Updating 
| 149|0x0000000717800000, 0x0000000717a00000, 0x0000000717a00000|100%| O|  |TAMS 0x0000000717a00000| PB 0x0000000717a00000| Updating 
| 150|0x0000000717a00000, 0x0000000717c00000, 0x0000000717c00000|100%| O|  |TAMS 0x0000000717c00000| PB 0x0000000717c00000| Untracked 
| 151|0x0000000717c00000, 0x0000000717e00000, 0x0000000717e00000|100%| O|  |TAMS 0x0000000717e00000| PB 0x0000000717e00000| Untracked 
| 152|0x0000000717e00000, 0x0000000718000000, 0x0000000718000000|100%| O|  |TAMS 0x0000000718000000| PB 0x0000000718000000| Untracked 
| 153|0x0000000718000000, 0x0000000718200000, 0x0000000718200000|100%| O|  |TAMS 0x0000000718200000| PB 0x0000000718200000| Untracked 
| 154|0x0000000718200000, 0x0000000718400000, 0x0000000718400000|100%| O|  |TAMS 0x0000000718400000| PB 0x0000000718400000| Untracked 
| 155|0x0000000718400000, 0x0000000718600000, 0x0000000718600000|100%| O|  |TAMS 0x0000000718600000| PB 0x0000000718600000| Untracked 
| 156|0x0000000718600000, 0x0000000718800000, 0x0000000718800000|100%| O|  |TAMS 0x0000000718800000| PB 0x0000000718800000| Untracked 
| 157|0x0000000718800000, 0x0000000718a00000, 0x0000000718a00000|100%| O|  |TAMS 0x0000000718a00000| PB 0x0000000718a00000| Untracked 
| 158|0x0000000718a00000, 0x0000000718c00000, 0x0000000718c00000|100%| O|  |TAMS 0x0000000718c00000| PB 0x0000000718c00000| Untracked 
| 159|0x0000000718c00000, 0x0000000718e00000, 0x0000000718e00000|100%| O|  |TAMS 0x0000000718e00000| PB 0x0000000718e00000| Untracked 
| 160|0x0000000718e00000, 0x0000000719000000, 0x0000000719000000|100%| O|  |TAMS 0x0000000719000000| PB 0x0000000719000000| Untracked 
| 161|0x0000000719000000, 0x0000000719200000, 0x0000000719200000|100%| O|  |TAMS 0x0000000719200000| PB 0x0000000719200000| Untracked 
| 162|0x0000000719200000, 0x0000000719400000, 0x0000000719400000|100%| O|  |TAMS 0x0000000719400000| PB 0x0000000719400000| Untracked 
| 163|0x0000000719400000, 0x0000000719600000, 0x0000000719600000|100%| O|  |TAMS 0x0000000719600000| PB 0x0000000719600000| Untracked 
| 164|0x0000000719600000, 0x0000000719800000, 0x0000000719800000|100%| O|  |TAMS 0x0000000719800000| PB 0x0000000719800000| Untracked 
| 165|0x0000000719800000, 0x0000000719a00000, 0x0000000719a00000|100%| O|  |TAMS 0x0000000719a00000| PB 0x0000000719a00000| Untracked 
| 166|0x0000000719a00000, 0x0000000719c00000, 0x0000000719c00000|100%| O|  |TAMS 0x0000000719c00000| PB 0x0000000719c00000| Untracked 
| 167|0x0000000719c00000, 0x0000000719e00000, 0x0000000719e00000|100%| O|  |TAMS 0x0000000719e00000| PB 0x0000000719e00000| Updating 
| 168|0x0000000719e00000, 0x000000071a000000, 0x000000071a000000|100%| O|  |TAMS 0x000000071a000000| PB 0x000000071a000000| Updating 
| 169|0x000000071a000000, 0x000000071a200000, 0x000000071a200000|100%| O|  |TAMS 0x000000071a200000| PB 0x000000071a200000| Updating 
| 170|0x000000071a200000, 0x000000071a400000, 0x000000071a400000|100%| O|  |TAMS 0x000000071a400000| PB 0x000000071a400000| Updating 
| 171|0x000000071a400000, 0x000000071a600000, 0x000000071a600000|100%| O|  |TAMS 0x000000071a600000| PB 0x000000071a600000| Updating 
| 172|0x000000071a600000, 0x000000071a800000, 0x000000071a800000|100%| O|  |TAMS 0x000000071a800000| PB 0x000000071a800000| Updating 
| 173|0x000000071a800000, 0x000000071aa00000, 0x000000071aa00000|100%| O|  |TAMS 0x000000071aa00000| PB 0x000000071aa00000| Updating 
| 174|0x000000071aa00000, 0x000000071ac00000, 0x000000071ac00000|100%| O|  |TAMS 0x000000071ac00000| PB 0x000000071ac00000| Untracked 
| 175|0x000000071ac00000, 0x000000071ae00000, 0x000000071ae00000|100%| O|  |TAMS 0x000000071ae00000| PB 0x000000071ae00000| Untracked 
| 176|0x000000071ae00000, 0x000000071b000000, 0x000000071b000000|100%| O|  |TAMS 0x000000071b000000| PB 0x000000071b000000| Untracked 
| 177|0x000000071b000000, 0x000000071b200000, 0x000000071b200000|100%| O|  |TAMS 0x000000071b200000| PB 0x000000071b200000| Untracked 
| 178|0x000000071b200000, 0x000000071b400000, 0x000000071b400000|100%| O|  |TAMS 0x000000071b400000| PB 0x000000071b400000| Untracked 
| 179|0x000000071b400000, 0x000000071b600000, 0x000000071b600000|100%| O|  |TAMS 0x000000071b600000| PB 0x000000071b600000| Untracked 
| 180|0x000000071b600000, 0x000000071b800000, 0x000000071b800000|100%| O|  |TAMS 0x000000071b800000| PB 0x000000071b800000| Untracked 
| 181|0x000000071b800000, 0x000000071ba00000, 0x000000071ba00000|100%| O|  |TAMS 0x000000071ba00000| PB 0x000000071ba00000| Untracked 
| 182|0x000000071ba00000, 0x000000071bc00000, 0x000000071bc00000|100%|HS|  |TAMS 0x000000071bc00000| PB 0x000000071ba00000| Updating 
| 183|0x000000071bc00000, 0x000000071be00000, 0x000000071be00000|100%|HC|  |TAMS 0x000000071be00000| PB 0x000000071bc00000| Updating 
| 184|0x000000071be00000, 0x000000071c000000, 0x000000071c000000|100%|HC|  |TAMS 0x000000071c000000| PB 0x000000071be00000| Updating 
| 185|0x000000071c000000, 0x000000071c200000, 0x000000071c200000|100%| O|  |TAMS 0x000000071c200000| PB 0x000000071c200000| Updating 
| 186|0x000000071c200000, 0x000000071c400000, 0x000000071c400000|100%| O|  |TAMS 0x000000071c400000| PB 0x000000071c400000| Untracked 
| 187|0x000000071c400000, 0x000000071c600000, 0x000000071c600000|100%| O|  |TAMS 0x000000071c600000| PB 0x000000071c600000| Untracked 
| 188|0x000000071c600000, 0x000000071c800000, 0x000000071c800000|100%| O|  |TAMS 0x000000071c800000| PB 0x000000071c800000| Untracked 
| 189|0x000000071c800000, 0x000000071ca00000, 0x000000071ca00000|100%| O|  |TAMS 0x000000071ca00000| PB 0x000000071ca00000| Untracked 
| 190|0x000000071ca00000, 0x000000071cc00000, 0x000000071cc00000|100%| O|  |TAMS 0x000000071cc00000| PB 0x000000071cc00000| Untracked 
| 191|0x000000071cc00000, 0x000000071ce00000, 0x000000071ce00000|100%| O|  |TAMS 0x000000071ce00000| PB 0x000000071ce00000| Untracked 
| 192|0x000000071ce00000, 0x000000071d000000, 0x000000071d000000|100%| O|  |TAMS 0x000000071d000000| PB 0x000000071d000000| Updating 
| 193|0x000000071d000000, 0x000000071d200000, 0x000000071d200000|100%| O|  |TAMS 0x000000071d200000| PB 0x000000071d200000| Untracked 
| 194|0x000000071d200000, 0x000000071d400000, 0x000000071d400000|100%| O|  |TAMS 0x000000071d400000| PB 0x000000071d400000| Untracked 
| 195|0x000000071d400000, 0x000000071d600000, 0x000000071d600000|100%| O|  |TAMS 0x000000071d600000| PB 0x000000071d600000| Untracked 
| 196|0x000000071d600000, 0x000000071d800000, 0x000000071d800000|100%| O|  |TAMS 0x000000071d800000| PB 0x000000071d800000| Untracked 
| 197|0x000000071d800000, 0x000000071da00000, 0x000000071da00000|100%| O|  |TAMS 0x000000071da00000| PB 0x000000071da00000| Untracked 
| 198|0x000000071da00000, 0x000000071dc00000, 0x000000071dc00000|100%| O|  |TAMS 0x000000071dc00000| PB 0x000000071dc00000| Updating 
| 199|0x000000071dc00000, 0x000000071de00000, 0x000000071de00000|100%| O|  |TAMS 0x000000071de00000| PB 0x000000071de00000| Untracked 
| 200|0x000000071de00000, 0x000000071e000000, 0x000000071e000000|100%| O|  |TAMS 0x000000071e000000| PB 0x000000071e000000| Untracked 
| 201|0x000000071e000000, 0x000000071e200000, 0x000000071e200000|100%| O|  |TAMS 0x000000071e000000| PB 0x000000071e000000| Untracked 
| 202|0x000000071e200000, 0x000000071e400000, 0x000000071e400000|100%| O|  |TAMS 0x000000071e400000| PB 0x000000071e400000| Untracked 
| 203|0x000000071e400000, 0x000000071e600000, 0x000000071e600000|100%| O|  |TAMS 0x000000071e600000| PB 0x000000071e600000| Untracked 
| 204|0x000000071e600000, 0x000000071e800000, 0x000000071e800000|100%| O|  |TAMS 0x000000071e800000| PB 0x000000071e800000| Untracked 
| 205|0x000000071e800000, 0x000000071ea00000, 0x000000071ea00000|100%| O|  |TAMS 0x000000071ea00000| PB 0x000000071ea00000| Untracked 
| 206|0x000000071ea00000, 0x000000071ec00000, 0x000000071ec00000|100%| O|  |TAMS 0x000000071ec00000| PB 0x000000071ec00000| Untracked 
| 207|0x000000071ec00000, 0x000000071ee00000, 0x000000071ee00000|100%| O|  |TAMS 0x000000071ee00000| PB 0x000000071ee00000| Untracked 
| 208|0x000000071ee00000, 0x000000071f000000, 0x000000071f000000|100%| O|  |TAMS 0x000000071f000000| PB 0x000000071f000000| Untracked 
| 209|0x000000071f000000, 0x000000071f200000, 0x000000071f200000|100%| O|  |TAMS 0x000000071f200000| PB 0x000000071f200000| Untracked 
| 210|0x000000071f200000, 0x000000071f400000, 0x000000071f400000|100%| O|  |TAMS 0x000000071f400000| PB 0x000000071f400000| Untracked 
| 211|0x000000071f400000, 0x000000071f600000, 0x000000071f600000|100%| O|  |TAMS 0x000000071f600000| PB 0x000000071f600000| Untracked 
| 212|0x000000071f600000, 0x000000071f800000, 0x000000071f800000|100%| O|  |TAMS 0x000000071f800000| PB 0x000000071f800000| Untracked 
| 213|0x000000071f800000, 0x000000071fa00000, 0x000000071fa00000|100%| O|  |TAMS 0x000000071fa00000| PB 0x000000071fa00000| Updating 
| 214|0x000000071fa00000, 0x000000071fc00000, 0x000000071fc00000|100%| O|  |TAMS 0x000000071fc00000| PB 0x000000071fc00000| Untracked 
| 215|0x000000071fc00000, 0x000000071fe00000, 0x000000071fe00000|100%| O|  |TAMS 0x000000071fe00000| PB 0x000000071fe00000| Untracked 
| 216|0x000000071fe00000, 0x0000000720000000, 0x0000000720000000|100%| O|  |TAMS 0x0000000720000000| PB 0x0000000720000000| Untracked 
| 217|0x0000000720000000, 0x0000000720200000, 0x0000000720200000|100%| O|  |TAMS 0x0000000720200000| PB 0x0000000720200000| Untracked 
| 218|0x0000000720200000, 0x0000000720400000, 0x0000000720400000|100%| O|  |TAMS 0x0000000720400000| PB 0x0000000720400000| Untracked 
| 219|0x0000000720400000, 0x0000000720600000, 0x0000000720600000|100%| O|  |TAMS 0x0000000720600000| PB 0x0000000720600000| Untracked 
| 220|0x0000000720600000, 0x0000000720800000, 0x0000000720800000|100%| O|  |TAMS 0x0000000720800000| PB 0x0000000720800000| Untracked 
| 221|0x0000000720800000, 0x0000000720a00000, 0x0000000720a00000|100%| O|  |TAMS 0x0000000720a00000| PB 0x0000000720a00000| Untracked 
| 222|0x0000000720a00000, 0x0000000720c00000, 0x0000000720c00000|100%| O|  |TAMS 0x0000000720c00000| PB 0x0000000720c00000| Untracked 
| 223|0x0000000720c00000, 0x0000000720e00000, 0x0000000720e00000|100%| O|  |TAMS 0x0000000720e00000| PB 0x0000000720e00000| Untracked 
| 224|0x0000000720e00000, 0x0000000721000000, 0x0000000721000000|100%| O|  |TAMS 0x0000000721000000| PB 0x0000000721000000| Untracked 
| 225|0x0000000721000000, 0x0000000721200000, 0x0000000721200000|100%| O|  |TAMS 0x0000000721200000| PB 0x0000000721200000| Untracked 
| 226|0x0000000721200000, 0x0000000721400000, 0x0000000721400000|100%| O|  |TAMS 0x0000000721400000| PB 0x0000000721400000| Untracked 
| 227|0x0000000721400000, 0x0000000721600000, 0x0000000721600000|100%| O|  |TAMS 0x0000000721600000| PB 0x0000000721600000| Untracked 
| 228|0x0000000721600000, 0x0000000721800000, 0x0000000721800000|100%| O|  |TAMS 0x0000000721800000| PB 0x0000000721800000| Untracked 
| 229|0x0000000721800000, 0x0000000721a00000, 0x0000000721a00000|100%| O|  |TAMS 0x0000000721a00000| PB 0x0000000721a00000| Untracked 
| 230|0x0000000721a00000, 0x0000000721c00000, 0x0000000721c00000|100%| O|  |TAMS 0x0000000721c00000| PB 0x0000000721c00000| Untracked 
| 231|0x0000000721c00000, 0x0000000721e00000, 0x0000000721e00000|100%| O|  |TAMS 0x0000000721e00000| PB 0x0000000721e00000| Untracked 
| 232|0x0000000721e00000, 0x0000000722000000, 0x0000000722000000|100%| O|  |TAMS 0x0000000722000000| PB 0x0000000722000000| Untracked 
| 233|0x0000000722000000, 0x0000000722200000, 0x0000000722200000|100%| O|  |TAMS 0x0000000722200000| PB 0x0000000722200000| Untracked 
| 234|0x0000000722200000, 0x0000000722400000, 0x0000000722400000|100%| O|  |TAMS 0x0000000722400000| PB 0x0000000722400000| Untracked 
| 235|0x0000000722400000, 0x0000000722600000, 0x0000000722600000|100%| O|  |TAMS 0x0000000722600000| PB 0x0000000722600000| Untracked 
| 236|0x0000000722600000, 0x0000000722800000, 0x0000000722800000|100%| O|  |TAMS 0x0000000722800000| PB 0x0000000722800000| Untracked 
| 237|0x0000000722800000, 0x0000000722a00000, 0x0000000722a00000|100%| O|  |TAMS 0x0000000722a00000| PB 0x0000000722a00000| Untracked 
| 238|0x0000000722a00000, 0x0000000722c00000, 0x0000000722c00000|100%| O|  |TAMS 0x0000000722c00000| PB 0x0000000722c00000| Untracked 
| 239|0x0000000722c00000, 0x0000000722e00000, 0x0000000722e00000|100%| O|  |TAMS 0x0000000722e00000| PB 0x0000000722e00000| Untracked 
| 240|0x0000000722e00000, 0x0000000723000000, 0x0000000723000000|100%| O|  |TAMS 0x0000000723000000| PB 0x0000000723000000| Untracked 
| 241|0x0000000723000000, 0x0000000723200000, 0x0000000723200000|100%| O|  |TAMS 0x0000000723200000| PB 0x0000000723200000| Untracked 
| 242|0x0000000723200000, 0x0000000723400000, 0x0000000723400000|100%| O|  |TAMS 0x0000000723400000| PB 0x0000000723400000| Untracked 
| 243|0x0000000723400000, 0x0000000723600000, 0x0000000723600000|100%| O|  |TAMS 0x0000000723600000| PB 0x0000000723600000| Untracked 
| 244|0x0000000723600000, 0x0000000723800000, 0x0000000723800000|100%| O|  |TAMS 0x0000000723800000| PB 0x0000000723800000| Untracked 
| 245|0x0000000723800000, 0x0000000723a00000, 0x0000000723a00000|100%| O|  |TAMS 0x0000000723a00000| PB 0x0000000723a00000| Untracked 
| 246|0x0000000723a00000, 0x0000000723c00000, 0x0000000723c00000|100%| O|  |TAMS 0x0000000723c00000| PB 0x0000000723c00000| Untracked 
| 247|0x0000000723c00000, 0x0000000723e00000, 0x0000000723e00000|100%| O|  |TAMS 0x0000000723e00000| PB 0x0000000723e00000| Untracked 
| 248|0x0000000723e00000, 0x0000000724000000, 0x0000000724000000|100%| O|  |TAMS 0x0000000724000000| PB 0x0000000724000000| Untracked 
| 249|0x0000000724000000, 0x0000000724200000, 0x0000000724200000|100%| O|  |TAMS 0x0000000724200000| PB 0x0000000724200000| Untracked 
| 250|0x0000000724200000, 0x0000000724400000, 0x0000000724400000|100%| O|  |TAMS 0x0000000724400000| PB 0x0000000724400000| Untracked 
| 251|0x0000000724400000, 0x0000000724600000, 0x0000000724600000|100%| O|  |TAMS 0x0000000724600000| PB 0x0000000724600000| Untracked 
| 252|0x0000000724600000, 0x0000000724800000, 0x0000000724800000|100%| O|  |TAMS 0x0000000724800000| PB 0x0000000724800000| Untracked 
| 253|0x0000000724800000, 0x0000000724a00000, 0x0000000724a00000|100%| O|  |TAMS 0x0000000724a00000| PB 0x0000000724a00000| Untracked 
| 254|0x0000000724a00000, 0x0000000724c00000, 0x0000000724c00000|100%| O|  |TAMS 0x0000000724c00000| PB 0x0000000724c00000| Untracked 
| 255|0x0000000724c00000, 0x0000000724e00000, 0x0000000724e00000|100%| O|  |TAMS 0x0000000724e00000| PB 0x0000000724e00000| Untracked 
| 256|0x0000000724e00000, 0x0000000725000000, 0x0000000725000000|100%| O|  |TAMS 0x0000000725000000| PB 0x0000000725000000| Untracked 
| 257|0x0000000725000000, 0x0000000725200000, 0x0000000725200000|100%| O|  |TAMS 0x0000000725200000| PB 0x0000000725200000| Untracked 
| 258|0x0000000725200000, 0x0000000725400000, 0x0000000725400000|100%| O|  |TAMS 0x0000000725400000| PB 0x0000000725400000| Untracked 
| 259|0x0000000725400000, 0x0000000725600000, 0x0000000725600000|100%| O|  |TAMS 0x0000000725600000| PB 0x0000000725600000| Untracked 
| 260|0x0000000725600000, 0x0000000725800000, 0x0000000725800000|100%| O|  |TAMS 0x0000000725800000| PB 0x0000000725800000| Untracked 
| 261|0x0000000725800000, 0x0000000725a00000, 0x0000000725a00000|100%| O|  |TAMS 0x0000000725a00000| PB 0x0000000725a00000| Untracked 
| 262|0x0000000725a00000, 0x0000000725c00000, 0x0000000725c00000|100%| O|  |TAMS 0x0000000725c00000| PB 0x0000000725c00000| Untracked 
| 263|0x0000000725c00000, 0x0000000725e00000, 0x0000000725e00000|100%| O|  |TAMS 0x0000000725e00000| PB 0x0000000725e00000| Untracked 
| 264|0x0000000725e00000, 0x0000000726000000, 0x0000000726000000|100%| O|  |TAMS 0x0000000726000000| PB 0x0000000726000000| Untracked 
| 265|0x0000000726000000, 0x0000000726200000, 0x0000000726200000|100%| O|  |TAMS 0x0000000726200000| PB 0x0000000726200000| Untracked 
| 266|0x0000000726200000, 0x0000000726400000, 0x0000000726400000|100%| O|  |TAMS 0x0000000726400000| PB 0x0000000726400000| Untracked 
| 267|0x0000000726400000, 0x0000000726600000, 0x0000000726600000|100%| O|  |TAMS 0x0000000726600000| PB 0x0000000726600000| Untracked 
| 268|0x0000000726600000, 0x0000000726800000, 0x0000000726800000|100%| O|  |TAMS 0x0000000726800000| PB 0x0000000726800000| Untracked 
| 269|0x0000000726800000, 0x0000000726a00000, 0x0000000726a00000|100%| O|  |TAMS 0x0000000726a00000| PB 0x0000000726a00000| Untracked 
| 270|0x0000000726a00000, 0x0000000726c00000, 0x0000000726c00000|100%| O|  |TAMS 0x0000000726c00000| PB 0x0000000726c00000| Untracked 
| 271|0x0000000726c00000, 0x0000000726e00000, 0x0000000726e00000|100%| O|  |TAMS 0x0000000726e00000| PB 0x0000000726e00000| Untracked 
| 272|0x0000000726e00000, 0x0000000727000000, 0x0000000727000000|100%| O|  |TAMS 0x0000000727000000| PB 0x0000000727000000| Untracked 
| 273|0x0000000727000000, 0x0000000727200000, 0x0000000727200000|100%| O|  |TAMS 0x0000000727200000| PB 0x0000000727200000| Untracked 
| 274|0x0000000727200000, 0x0000000727400000, 0x0000000727400000|100%| O|  |TAMS 0x0000000727400000| PB 0x0000000727400000| Untracked 
| 275|0x0000000727400000, 0x0000000727600000, 0x0000000727600000|100%| O|  |TAMS 0x0000000727600000| PB 0x0000000727600000| Untracked 
| 276|0x0000000727600000, 0x0000000727800000, 0x0000000727800000|100%| O|  |TAMS 0x0000000727800000| PB 0x0000000727800000| Updating 
| 277|0x0000000727800000, 0x0000000727a00000, 0x0000000727a00000|100%| O|  |TAMS 0x0000000727a00000| PB 0x0000000727a00000| Untracked 
| 278|0x0000000727a00000, 0x0000000727c00000, 0x0000000727c00000|100%| O|  |TAMS 0x0000000727c00000| PB 0x0000000727c00000| Untracked 
| 279|0x0000000727c00000, 0x0000000727e00000, 0x0000000727e00000|100%| O|  |TAMS 0x0000000727e00000| PB 0x0000000727e00000| Untracked 
| 280|0x0000000727e00000, 0x0000000728000000, 0x0000000728000000|100%| O|  |TAMS 0x0000000728000000| PB 0x0000000728000000| Untracked 
| 281|0x0000000728000000, 0x0000000728200000, 0x0000000728200000|100%| O|  |TAMS 0x0000000728200000| PB 0x0000000728200000| Untracked 
| 282|0x0000000728200000, 0x0000000728400000, 0x0000000728400000|100%| O|  |TAMS 0x0000000728400000| PB 0x0000000728400000| Untracked 
| 283|0x0000000728400000, 0x0000000728600000, 0x0000000728600000|100%| O|  |TAMS 0x0000000728600000| PB 0x0000000728600000| Untracked 
| 284|0x0000000728600000, 0x0000000728800000, 0x0000000728800000|100%| O|  |TAMS 0x0000000728800000| PB 0x0000000728800000| Untracked 
| 285|0x0000000728800000, 0x0000000728a00000, 0x0000000728a00000|100%| O|  |TAMS 0x0000000728a00000| PB 0x0000000728a00000| Untracked 
| 286|0x0000000728a00000, 0x0000000728c00000, 0x0000000728c00000|100%| O|  |TAMS 0x0000000728c00000| PB 0x0000000728c00000| Untracked 
| 287|0x0000000728c00000, 0x0000000728e00000, 0x0000000728e00000|100%| O|  |TAMS 0x0000000728e00000| PB 0x0000000728e00000| Untracked 
| 288|0x0000000728e00000, 0x0000000729000000, 0x0000000729000000|100%| O|  |TAMS 0x0000000729000000| PB 0x0000000729000000| Untracked 
| 289|0x0000000729000000, 0x0000000729200000, 0x0000000729200000|100%| O|  |TAMS 0x0000000729200000| PB 0x0000000729200000| Untracked 
| 290|0x0000000729200000, 0x0000000729400000, 0x0000000729400000|100%| O|  |TAMS 0x0000000729400000| PB 0x0000000729400000| Untracked 
| 291|0x0000000729400000, 0x0000000729600000, 0x0000000729600000|100%| O|  |TAMS 0x0000000729600000| PB 0x0000000729600000| Untracked 
| 292|0x0000000729600000, 0x0000000729800000, 0x0000000729800000|100%| O|  |TAMS 0x0000000729800000| PB 0x0000000729800000| Untracked 
| 293|0x0000000729800000, 0x0000000729a00000, 0x0000000729a00000|100%| O|  |TAMS 0x0000000729a00000| PB 0x0000000729a00000| Untracked 
| 294|0x0000000729a00000, 0x0000000729c00000, 0x0000000729c00000|100%| O|  |TAMS 0x0000000729c00000| PB 0x0000000729c00000| Untracked 
| 295|0x0000000729c00000, 0x0000000729e00000, 0x0000000729e00000|100%| O|  |TAMS 0x0000000729e00000| PB 0x0000000729e00000| Untracked 
| 296|0x0000000729e00000, 0x000000072a000000, 0x000000072a000000|100%| O|  |TAMS 0x000000072a000000| PB 0x000000072a000000| Untracked 
| 297|0x000000072a000000, 0x000000072a200000, 0x000000072a200000|100%| O|  |TAMS 0x000000072a200000| PB 0x000000072a200000| Untracked 
| 298|0x000000072a200000, 0x000000072a400000, 0x000000072a400000|100%| O|  |TAMS 0x000000072a400000| PB 0x000000072a400000| Untracked 
| 299|0x000000072a400000, 0x000000072a600000, 0x000000072a600000|100%| O|  |TAMS 0x000000072a600000| PB 0x000000072a600000| Untracked 
| 300|0x000000072a600000, 0x000000072a800000, 0x000000072a800000|100%| O|  |TAMS 0x000000072a800000| PB 0x000000072a800000| Untracked 
| 301|0x000000072a800000, 0x000000072aa00000, 0x000000072aa00000|100%| O|  |TAMS 0x000000072aa00000| PB 0x000000072aa00000| Untracked 
| 302|0x000000072aa00000, 0x000000072ac00000, 0x000000072ac00000|100%| O|  |TAMS 0x000000072ac00000| PB 0x000000072ac00000| Untracked 
| 303|0x000000072ac00000, 0x000000072ae00000, 0x000000072ae00000|100%| O|  |TAMS 0x000000072ae00000| PB 0x000000072ae00000| Untracked 
| 304|0x000000072ae00000, 0x000000072b000000, 0x000000072b000000|100%| O|  |TAMS 0x000000072b000000| PB 0x000000072b000000| Untracked 
| 305|0x000000072b000000, 0x000000072b200000, 0x000000072b200000|100%| O|  |TAMS 0x000000072b200000| PB 0x000000072b200000| Untracked 
| 306|0x000000072b200000, 0x000000072b400000, 0x000000072b400000|100%| O|  |TAMS 0x000000072b400000| PB 0x000000072b400000| Untracked 
| 307|0x000000072b400000, 0x000000072b600000, 0x000000072b600000|100%| O|  |TAMS 0x000000072b600000| PB 0x000000072b600000| Untracked 
| 308|0x000000072b600000, 0x000000072b800000, 0x000000072b800000|100%| O|  |TAMS 0x000000072b800000| PB 0x000000072b800000| Untracked 
| 309|0x000000072b800000, 0x000000072ba00000, 0x000000072ba00000|100%| O|  |TAMS 0x000000072ba00000| PB 0x000000072ba00000| Untracked 
| 310|0x000000072ba00000, 0x000000072bc00000, 0x000000072bc00000|100%| O|  |TAMS 0x000000072bc00000| PB 0x000000072bc00000| Untracked 
| 311|0x000000072bc00000, 0x000000072be00000, 0x000000072be00000|100%| O|  |TAMS 0x000000072be00000| PB 0x000000072be00000| Untracked 
| 312|0x000000072be00000, 0x000000072c000000, 0x000000072c000000|100%| O|  |TAMS 0x000000072c000000| PB 0x000000072c000000| Untracked 
| 313|0x000000072c000000, 0x000000072c200000, 0x000000072c200000|100%| O|  |TAMS 0x000000072c200000| PB 0x000000072c200000| Untracked 
| 314|0x000000072c200000, 0x000000072c400000, 0x000000072c400000|100%| O|  |TAMS 0x000000072c400000| PB 0x000000072c400000| Untracked 
| 315|0x000000072c400000, 0x000000072c600000, 0x000000072c600000|100%| O|  |TAMS 0x000000072c600000| PB 0x000000072c600000| Untracked 
| 316|0x000000072c600000, 0x000000072c800000, 0x000000072c800000|100%| O|  |TAMS 0x000000072c800000| PB 0x000000072c800000| Untracked 
| 317|0x000000072c800000, 0x000000072ca00000, 0x000000072ca00000|100%| O|  |TAMS 0x000000072ca00000| PB 0x000000072ca00000| Untracked 
| 318|0x000000072ca00000, 0x000000072cc00000, 0x000000072cc00000|100%| O|  |TAMS 0x000000072cc00000| PB 0x000000072cc00000| Untracked 
| 319|0x000000072cc00000, 0x000000072ce00000, 0x000000072ce00000|100%| O|  |TAMS 0x000000072ce00000| PB 0x000000072ce00000| Untracked 
| 320|0x000000072ce00000, 0x000000072d000000, 0x000000072d000000|100%| O|  |TAMS 0x000000072d000000| PB 0x000000072d000000| Untracked 
| 321|0x000000072d000000, 0x000000072d200000, 0x000000072d200000|100%| O|  |TAMS 0x000000072d200000| PB 0x000000072d200000| Untracked 
| 322|0x000000072d200000, 0x000000072d400000, 0x000000072d400000|100%| O|  |TAMS 0x000000072d400000| PB 0x000000072d400000| Untracked 
| 323|0x000000072d400000, 0x000000072d600000, 0x000000072d600000|100%| O|  |TAMS 0x000000072d600000| PB 0x000000072d600000| Untracked 
| 324|0x000000072d600000, 0x000000072d800000, 0x000000072d800000|100%| O|  |TAMS 0x000000072d800000| PB 0x000000072d800000| Untracked 
| 325|0x000000072d800000, 0x000000072da00000, 0x000000072da00000|100%| O|  |TAMS 0x000000072da00000| PB 0x000000072da00000| Untracked 
| 326|0x000000072da00000, 0x000000072dc00000, 0x000000072dc00000|100%| O|  |TAMS 0x000000072dc00000| PB 0x000000072dc00000| Untracked 
| 327|0x000000072dc00000, 0x000000072de00000, 0x000000072de00000|100%| O|  |TAMS 0x000000072de00000| PB 0x000000072de00000| Untracked 
| 328|0x000000072de00000, 0x000000072e000000, 0x000000072e000000|100%| O|  |TAMS 0x000000072e000000| PB 0x000000072e000000| Untracked 
| 329|0x000000072e000000, 0x000000072e200000, 0x000000072e200000|100%| O|  |TAMS 0x000000072e200000| PB 0x000000072e200000| Untracked 
| 330|0x000000072e200000, 0x000000072e400000, 0x000000072e400000|100%| O|  |TAMS 0x000000072e400000| PB 0x000000072e400000| Untracked 
| 331|0x000000072e400000, 0x000000072e600000, 0x000000072e600000|100%| O|  |TAMS 0x000000072e600000| PB 0x000000072e600000| Updating 
| 332|0x000000072e600000, 0x000000072e800000, 0x000000072e800000|100%| O|  |TAMS 0x000000072e800000| PB 0x000000072e800000| Updating 
| 333|0x000000072e800000, 0x000000072ea00000, 0x000000072ea00000|100%| O|  |TAMS 0x000000072ea00000| PB 0x000000072ea00000| Updating 
| 334|0x000000072ea00000, 0x000000072ec00000, 0x000000072ec00000|100%| O|  |TAMS 0x000000072ec00000| PB 0x000000072ec00000| Untracked 
| 335|0x000000072ec00000, 0x000000072ee00000, 0x000000072ee00000|100%| O|  |TAMS 0x000000072ee00000| PB 0x000000072ee00000| Untracked 
| 336|0x000000072ee00000, 0x000000072f000000, 0x000000072f000000|100%| O|  |TAMS 0x000000072f000000| PB 0x000000072f000000| Untracked 
| 337|0x000000072f000000, 0x000000072f200000, 0x000000072f200000|100%| O|  |TAMS 0x000000072f200000| PB 0x000000072f200000| Untracked 
| 338|0x000000072f200000, 0x000000072f400000, 0x000000072f400000|100%| O|  |TAMS 0x000000072f400000| PB 0x000000072f400000| Untracked 
| 339|0x000000072f400000, 0x000000072f600000, 0x000000072f600000|100%| O|  |TAMS 0x000000072f600000| PB 0x000000072f600000| Untracked 
| 340|0x000000072f600000, 0x000000072f800000, 0x000000072f800000|100%| O|  |TAMS 0x000000072f800000| PB 0x000000072f800000| Untracked 
| 341|0x000000072f800000, 0x000000072fa00000, 0x000000072fa00000|100%| O|  |TAMS 0x000000072fa00000| PB 0x000000072fa00000| Untracked 
| 342|0x000000072fa00000, 0x000000072fc00000, 0x000000072fc00000|100%| O|  |TAMS 0x000000072fc00000| PB 0x000000072fc00000| Updating 
| 343|0x000000072fc00000, 0x000000072fe00000, 0x000000072fe00000|100%| O|  |TAMS 0x000000072fe00000| PB 0x000000072fe00000| Updating 
| 344|0x000000072fe00000, 0x0000000730000000, 0x0000000730000000|100%| O|  |TAMS 0x0000000730000000| PB 0x0000000730000000| Updating 
| 345|0x0000000730000000, 0x0000000730200000, 0x0000000730200000|100%| O|  |TAMS 0x0000000730200000| PB 0x0000000730200000| Updating 
| 346|0x0000000730200000, 0x0000000730400000, 0x0000000730400000|100%| O|  |TAMS 0x0000000730400000| PB 0x0000000730400000| Untracked 
| 347|0x0000000730400000, 0x0000000730600000, 0x0000000730600000|100%| O|  |TAMS 0x0000000730600000| PB 0x0000000730600000| Untracked 
| 348|0x0000000730600000, 0x0000000730800000, 0x0000000730800000|100%| O|  |TAMS 0x0000000730800000| PB 0x0000000730800000| Untracked 
| 349|0x0000000730800000, 0x0000000730a00000, 0x0000000730a00000|100%| O|  |TAMS 0x0000000730a00000| PB 0x0000000730a00000| Untracked 
| 350|0x0000000730a00000, 0x0000000730c00000, 0x0000000730c00000|100%| O|  |TAMS 0x0000000730c00000| PB 0x0000000730c00000| Untracked 
| 351|0x0000000730c00000, 0x0000000730e00000, 0x0000000730e00000|100%| O|  |TAMS 0x0000000730e00000| PB 0x0000000730e00000| Untracked 
| 352|0x0000000730e00000, 0x0000000731000000, 0x0000000731000000|100%| O|  |TAMS 0x0000000731000000| PB 0x0000000731000000| Untracked 
| 353|0x0000000731000000, 0x0000000731200000, 0x0000000731200000|100%| O|  |TAMS 0x0000000731200000| PB 0x0000000731200000| Untracked 
| 354|0x0000000731200000, 0x0000000731400000, 0x0000000731400000|100%| O|  |TAMS 0x0000000731400000| PB 0x0000000731400000| Untracked 
| 355|0x0000000731400000, 0x0000000731600000, 0x0000000731600000|100%| O|  |TAMS 0x0000000731600000| PB 0x0000000731600000| Untracked 
| 356|0x0000000731600000, 0x0000000731800000, 0x0000000731800000|100%| O|  |TAMS 0x0000000731800000| PB 0x0000000731800000| Untracked 
| 357|0x0000000731800000, 0x0000000731a00000, 0x0000000731a00000|100%| O|  |TAMS 0x0000000731a00000| PB 0x0000000731a00000| Untracked 
| 358|0x0000000731a00000, 0x0000000731c00000, 0x0000000731c00000|100%| O|  |TAMS 0x0000000731c00000| PB 0x0000000731c00000| Untracked 
| 359|0x0000000731c00000, 0x0000000731e00000, 0x0000000731e00000|100%| O|  |TAMS 0x0000000731e00000| PB 0x0000000731e00000| Untracked 
| 360|0x0000000731e00000, 0x0000000732000000, 0x0000000732000000|100%| O|  |TAMS 0x0000000732000000| PB 0x0000000732000000| Untracked 
| 361|0x0000000732000000, 0x0000000732200000, 0x0000000732200000|100%| O|  |TAMS 0x0000000732200000| PB 0x0000000732200000| Untracked 
| 362|0x0000000732200000, 0x0000000732400000, 0x0000000732400000|100%| O|  |TAMS 0x0000000732400000| PB 0x0000000732400000| Untracked 
| 363|0x0000000732400000, 0x0000000732600000, 0x0000000732600000|100%| O|  |TAMS 0x0000000732600000| PB 0x0000000732600000| Untracked 
| 364|0x0000000732600000, 0x0000000732800000, 0x0000000732800000|100%| O|  |TAMS 0x0000000732800000| PB 0x0000000732800000| Updating 
| 365|0x0000000732800000, 0x0000000732a00000, 0x0000000732a00000|100%| O|  |TAMS 0x0000000732a00000| PB 0x0000000732a00000| Updating 
| 366|0x0000000732a00000, 0x0000000732c00000, 0x0000000732c00000|100%| O|  |TAMS 0x0000000732c00000| PB 0x0000000732c00000| Updating 
| 367|0x0000000732c00000, 0x0000000732e00000, 0x0000000732e00000|100%| O|  |TAMS 0x0000000732e00000| PB 0x0000000732e00000| Untracked 
| 368|0x0000000732e00000, 0x0000000733000000, 0x0000000733000000|100%| O|  |TAMS 0x0000000733000000| PB 0x0000000733000000| Untracked 
| 369|0x0000000733000000, 0x0000000733200000, 0x0000000733200000|100%| O|  |TAMS 0x0000000733200000| PB 0x0000000733200000| Untracked 
| 370|0x0000000733200000, 0x0000000733400000, 0x0000000733400000|100%| O|  |TAMS 0x0000000733400000| PB 0x0000000733400000| Untracked 
| 371|0x0000000733400000, 0x0000000733600000, 0x0000000733600000|100%| O|  |TAMS 0x0000000733600000| PB 0x0000000733600000| Untracked 
| 372|0x0000000733600000, 0x0000000733800000, 0x0000000733800000|100%| O|  |TAMS 0x0000000733800000| PB 0x0000000733800000| Untracked 
| 373|0x0000000733800000, 0x0000000733a00000, 0x0000000733a00000|100%| O|  |TAMS 0x0000000733a00000| PB 0x0000000733a00000| Untracked 
| 374|0x0000000733a00000, 0x0000000733c00000, 0x0000000733c00000|100%| O|  |TAMS 0x0000000733c00000| PB 0x0000000733c00000| Untracked 
| 375|0x0000000733c00000, 0x0000000733e00000, 0x0000000733e00000|100%| O|  |TAMS 0x0000000733e00000| PB 0x0000000733e00000| Untracked 
| 376|0x0000000733e00000, 0x0000000734000000, 0x0000000734000000|100%| O|  |TAMS 0x0000000734000000| PB 0x0000000734000000| Untracked 
| 377|0x0000000734000000, 0x0000000734200000, 0x0000000734200000|100%| O|  |TAMS 0x0000000734200000| PB 0x0000000734200000| Untracked 
| 378|0x0000000734200000, 0x0000000734400000, 0x0000000734400000|100%| O|  |TAMS 0x0000000734400000| PB 0x0000000734400000| Untracked 
| 379|0x0000000734400000, 0x0000000734600000, 0x0000000734600000|100%| O|  |TAMS 0x0000000734600000| PB 0x0000000734600000| Untracked 
| 380|0x0000000734600000, 0x0000000734800000, 0x0000000734800000|100%| O|  |TAMS 0x0000000734800000| PB 0x0000000734800000| Untracked 
| 381|0x0000000734800000, 0x0000000734a00000, 0x0000000734a00000|100%| O|  |TAMS 0x0000000734a00000| PB 0x0000000734a00000| Untracked 
| 382|0x0000000734a00000, 0x0000000734c00000, 0x0000000734c00000|100%| O|  |TAMS 0x0000000734c00000| PB 0x0000000734c00000| Untracked 
| 383|0x0000000734c00000, 0x0000000734e00000, 0x0000000734e00000|100%| O|  |TAMS 0x0000000734e00000| PB 0x0000000734e00000| Untracked 
| 384|0x0000000734e00000, 0x0000000735000000, 0x0000000735000000|100%| O|  |TAMS 0x0000000735000000| PB 0x0000000735000000| Untracked 
| 385|0x0000000735000000, 0x0000000735200000, 0x0000000735200000|100%| O|  |TAMS 0x0000000735200000| PB 0x0000000735200000| Untracked 
| 386|0x0000000735200000, 0x0000000735400000, 0x0000000735400000|100%| O|  |TAMS 0x0000000735400000| PB 0x0000000735400000| Untracked 
| 387|0x0000000735400000, 0x0000000735600000, 0x0000000735600000|100%| O|  |TAMS 0x0000000735600000| PB 0x0000000735600000| Untracked 
| 388|0x0000000735600000, 0x0000000735800000, 0x0000000735800000|100%| O|  |TAMS 0x0000000735800000| PB 0x0000000735800000| Untracked 
| 389|0x0000000735800000, 0x0000000735a00000, 0x0000000735a00000|100%| O|  |TAMS 0x0000000735a00000| PB 0x0000000735a00000| Untracked 
| 390|0x0000000735a00000, 0x0000000735c00000, 0x0000000735c00000|100%| O|  |TAMS 0x0000000735c00000| PB 0x0000000735c00000| Untracked 
| 391|0x0000000735c00000, 0x0000000735e00000, 0x0000000735e00000|100%| O|  |TAMS 0x0000000735e00000| PB 0x0000000735e00000| Untracked 
| 392|0x0000000735e00000, 0x0000000736000000, 0x0000000736000000|100%| O|  |TAMS 0x0000000736000000| PB 0x0000000736000000| Updating 
| 393|0x0000000736000000, 0x0000000736200000, 0x0000000736200000|100%| O|  |TAMS 0x0000000736200000| PB 0x0000000736200000| Updating 
| 394|0x0000000736200000, 0x0000000736400000, 0x0000000736400000|100%| O|  |TAMS 0x0000000736400000| PB 0x0000000736400000| Updating 
| 395|0x0000000736400000, 0x0000000736600000, 0x0000000736600000|100%| O|  |TAMS 0x0000000736600000| PB 0x0000000736600000| Updating 
| 396|0x0000000736600000, 0x0000000736800000, 0x0000000736800000|100%| O|  |TAMS 0x0000000736800000| PB 0x0000000736800000| Untracked 
| 397|0x0000000736800000, 0x0000000736a00000, 0x0000000736a00000|100%| O|  |TAMS 0x0000000736a00000| PB 0x0000000736a00000| Untracked 
| 398|0x0000000736a00000, 0x0000000736c00000, 0x0000000736c00000|100%| O|  |TAMS 0x0000000736c00000| PB 0x0000000736c00000| Untracked 
| 399|0x0000000736c00000, 0x0000000736e00000, 0x0000000736e00000|100%| O|  |TAMS 0x0000000736e00000| PB 0x0000000736e00000| Untracked 
| 400|0x0000000736e00000, 0x0000000737000000, 0x0000000737000000|100%| O|  |TAMS 0x0000000737000000| PB 0x0000000737000000| Untracked 
| 401|0x0000000737000000, 0x0000000737200000, 0x0000000737200000|100%| O|  |TAMS 0x0000000737200000| PB 0x0000000737200000| Untracked 
| 402|0x0000000737200000, 0x0000000737400000, 0x0000000737400000|100%| O|  |TAMS 0x0000000737400000| PB 0x0000000737400000| Untracked 
| 403|0x0000000737400000, 0x0000000737600000, 0x0000000737600000|100%| O|  |TAMS 0x0000000737600000| PB 0x0000000737600000| Untracked 
| 404|0x0000000737600000, 0x0000000737800000, 0x0000000737800000|100%| O|  |TAMS 0x0000000737800000| PB 0x0000000737800000| Untracked 
| 405|0x0000000737800000, 0x0000000737a00000, 0x0000000737a00000|100%| O|  |TAMS 0x0000000737a00000| PB 0x0000000737a00000| Untracked 
| 406|0x0000000737a00000, 0x0000000737c00000, 0x0000000737c00000|100%| O|  |TAMS 0x0000000737c00000| PB 0x0000000737c00000| Untracked 
| 407|0x0000000737c00000, 0x0000000737e00000, 0x0000000737e00000|100%| O|  |TAMS 0x0000000737e00000| PB 0x0000000737e00000| Untracked 
| 408|0x0000000737e00000, 0x0000000738000000, 0x0000000738000000|100%| O|  |TAMS 0x0000000738000000| PB 0x0000000738000000| Untracked 
| 409|0x0000000738000000, 0x0000000738200000, 0x0000000738200000|100%| O|  |TAMS 0x0000000738200000| PB 0x0000000738200000| Untracked 
| 410|0x0000000738200000, 0x0000000738400000, 0x0000000738400000|100%| O|  |TAMS 0x0000000738400000| PB 0x0000000738400000| Untracked 
| 411|0x0000000738400000, 0x0000000738600000, 0x0000000738600000|100%| O|  |TAMS 0x0000000738600000| PB 0x0000000738600000| Untracked 
| 412|0x0000000738600000, 0x0000000738800000, 0x0000000738800000|100%| O|  |TAMS 0x0000000738800000| PB 0x0000000738800000| Untracked 
| 413|0x0000000738800000, 0x0000000738a00000, 0x0000000738a00000|100%| O|  |TAMS 0x0000000738a00000| PB 0x0000000738a00000| Untracked 
| 414|0x0000000738a00000, 0x0000000738c00000, 0x0000000738c00000|100%| O|  |TAMS 0x0000000738c00000| PB 0x0000000738c00000| Untracked 
| 415|0x0000000738c00000, 0x0000000738e00000, 0x0000000738e00000|100%| O|  |TAMS 0x0000000738e00000| PB 0x0000000738e00000| Untracked 
| 416|0x0000000738e00000, 0x0000000739000000, 0x0000000739000000|100%| O|  |TAMS 0x0000000739000000| PB 0x0000000739000000| Untracked 
| 417|0x0000000739000000, 0x0000000739200000, 0x0000000739200000|100%| O|  |TAMS 0x0000000739200000| PB 0x0000000739200000| Untracked 
| 418|0x0000000739200000, 0x0000000739400000, 0x0000000739400000|100%| O|  |TAMS 0x0000000739400000| PB 0x0000000739400000| Untracked 
| 419|0x0000000739400000, 0x0000000739600000, 0x0000000739600000|100%| O|  |TAMS 0x0000000739600000| PB 0x0000000739600000| Untracked 
| 420|0x0000000739600000, 0x0000000739800000, 0x0000000739800000|100%| O|  |TAMS 0x0000000739800000| PB 0x0000000739800000| Untracked 
| 421|0x0000000739800000, 0x0000000739a00000, 0x0000000739a00000|100%| O|  |TAMS 0x0000000739a00000| PB 0x0000000739a00000| Untracked 
| 422|0x0000000739a00000, 0x0000000739c00000, 0x0000000739c00000|100%| O|  |TAMS 0x0000000739c00000| PB 0x0000000739c00000| Untracked 
| 423|0x0000000739c00000, 0x0000000739e00000, 0x0000000739e00000|100%| O|  |TAMS 0x0000000739e00000| PB 0x0000000739e00000| Untracked 
| 424|0x0000000739e00000, 0x000000073a000000, 0x000000073a000000|100%| O|  |TAMS 0x000000073a000000| PB 0x000000073a000000| Updating 
| 425|0x000000073a000000, 0x000000073a200000, 0x000000073a200000|100%| O|  |TAMS 0x000000073a200000| PB 0x000000073a200000| Updating 
| 426|0x000000073a200000, 0x000000073a400000, 0x000000073a400000|100%| O|  |TAMS 0x000000073a400000| PB 0x000000073a400000| Updating 
| 427|0x000000073a400000, 0x000000073a600000, 0x000000073a600000|100%| O|  |TAMS 0x000000073a600000| PB 0x000000073a600000| Updating 
| 428|0x000000073a600000, 0x000000073a800000, 0x000000073a800000|100%| O|  |TAMS 0x000000073a800000| PB 0x000000073a800000| Untracked 
| 429|0x000000073a800000, 0x000000073aa00000, 0x000000073aa00000|100%| O|  |TAMS 0x000000073aa00000| PB 0x000000073aa00000| Untracked 
| 430|0x000000073aa00000, 0x000000073ac00000, 0x000000073ac00000|100%| O|  |TAMS 0x000000073ac00000| PB 0x000000073ac00000| Untracked 
| 431|0x000000073ac00000, 0x000000073ae00000, 0x000000073ae00000|100%| O|  |TAMS 0x000000073ae00000| PB 0x000000073ae00000| Untracked 
| 432|0x000000073ae00000, 0x000000073b000000, 0x000000073b000000|100%| O|  |TAMS 0x000000073b000000| PB 0x000000073b000000| Untracked 
| 433|0x000000073b000000, 0x000000073b200000, 0x000000073b200000|100%| O|  |TAMS 0x000000073b200000| PB 0x000000073b200000| Untracked 
| 434|0x000000073b200000, 0x000000073b400000, 0x000000073b400000|100%| O|  |TAMS 0x000000073b400000| PB 0x000000073b400000| Untracked 
| 435|0x000000073b400000, 0x000000073b600000, 0x000000073b600000|100%| O|  |TAMS 0x000000073b600000| PB 0x000000073b600000| Untracked 
| 436|0x000000073b600000, 0x000000073b800000, 0x000000073b800000|100%| O|  |TAMS 0x000000073b800000| PB 0x000000073b800000| Untracked 
| 437|0x000000073b800000, 0x000000073ba00000, 0x000000073ba00000|100%| O|  |TAMS 0x000000073ba00000| PB 0x000000073ba00000| Untracked 
| 438|0x000000073ba00000, 0x000000073bc00000, 0x000000073bc00000|100%| O|  |TAMS 0x000000073bc00000| PB 0x000000073bc00000| Untracked 
| 439|0x000000073bc00000, 0x000000073be00000, 0x000000073be00000|100%| O|  |TAMS 0x000000073be00000| PB 0x000000073be00000| Untracked 
| 440|0x000000073be00000, 0x000000073c000000, 0x000000073c000000|100%| O|  |TAMS 0x000000073c000000| PB 0x000000073c000000| Untracked 
| 441|0x000000073c000000, 0x000000073c200000, 0x000000073c200000|100%| O|  |TAMS 0x000000073c200000| PB 0x000000073c200000| Untracked 
| 442|0x000000073c200000, 0x000000073c400000, 0x000000073c400000|100%| O|  |TAMS 0x000000073c400000| PB 0x000000073c400000| Untracked 
| 443|0x000000073c400000, 0x000000073c600000, 0x000000073c600000|100%| O|  |TAMS 0x000000073c600000| PB 0x000000073c600000| Untracked 
| 444|0x000000073c600000, 0x000000073c800000, 0x000000073c800000|100%| O|  |TAMS 0x000000073c800000| PB 0x000000073c800000| Untracked 
| 445|0x000000073c800000, 0x000000073ca00000, 0x000000073ca00000|100%| O|  |TAMS 0x000000073ca00000| PB 0x000000073ca00000| Untracked 
| 446|0x000000073ca00000, 0x000000073cc00000, 0x000000073cc00000|100%| O|  |TAMS 0x000000073cc00000| PB 0x000000073cc00000| Untracked 
| 447|0x000000073cc00000, 0x000000073ce00000, 0x000000073ce00000|100%| O|  |TAMS 0x000000073ce00000| PB 0x000000073ce00000| Untracked 
| 448|0x000000073ce00000, 0x000000073d000000, 0x000000073d000000|100%| O|  |TAMS 0x000000073d000000| PB 0x000000073d000000| Untracked 
| 449|0x000000073d000000, 0x000000073d200000, 0x000000073d200000|100%| O|  |TAMS 0x000000073d200000| PB 0x000000073d200000| Untracked 
| 450|0x000000073d200000, 0x000000073d400000, 0x000000073d400000|100%| O|  |TAMS 0x000000073d400000| PB 0x000000073d400000| Untracked 
| 451|0x000000073d400000, 0x000000073d600000, 0x000000073d600000|100%| O|  |TAMS 0x000000073d600000| PB 0x000000073d600000| Untracked 
| 452|0x000000073d600000, 0x000000073d800000, 0x000000073d800000|100%| O|  |TAMS 0x000000073d800000| PB 0x000000073d800000| Untracked 
| 453|0x000000073d800000, 0x000000073da00000, 0x000000073da00000|100%| O|  |TAMS 0x000000073da00000| PB 0x000000073da00000| Untracked 
| 454|0x000000073da00000, 0x000000073dc00000, 0x000000073dc00000|100%| O|  |TAMS 0x000000073dc00000| PB 0x000000073dc00000| Updating 
| 455|0x000000073dc00000, 0x000000073de00000, 0x000000073de00000|100%| O|  |TAMS 0x000000073de00000| PB 0x000000073de00000| Updating 
| 456|0x000000073de00000, 0x000000073e000000, 0x000000073e000000|100%| O|  |TAMS 0x000000073e000000| PB 0x000000073e000000| Updating 
| 457|0x000000073e000000, 0x000000073e200000, 0x000000073e200000|100%| O|  |TAMS 0x000000073e200000| PB 0x000000073e200000| Updating 
| 458|0x000000073e200000, 0x000000073e400000, 0x000000073e400000|100%| O|  |TAMS 0x000000073e400000| PB 0x000000073e400000| Untracked 
| 459|0x000000073e400000, 0x000000073e600000, 0x000000073e600000|100%| O|  |TAMS 0x000000073e600000| PB 0x000000073e600000| Untracked 
| 460|0x000000073e600000, 0x000000073e800000, 0x000000073e800000|100%| O|  |TAMS 0x000000073e800000| PB 0x000000073e800000| Untracked 
| 461|0x000000073e800000, 0x000000073ea00000, 0x000000073ea00000|100%| O|  |TAMS 0x000000073ea00000| PB 0x000000073ea00000| Untracked 
| 462|0x000000073ea00000, 0x000000073ec00000, 0x000000073ec00000|100%| O|  |TAMS 0x000000073ec00000| PB 0x000000073ec00000| Untracked 
| 463|0x000000073ec00000, 0x000000073ee00000, 0x000000073ee00000|100%| O|  |TAMS 0x000000073ee00000| PB 0x000000073ee00000| Untracked 
| 464|0x000000073ee00000, 0x000000073f000000, 0x000000073f000000|100%| O|  |TAMS 0x000000073f000000| PB 0x000000073f000000| Untracked 
| 465|0x000000073f000000, 0x000000073f200000, 0x000000073f200000|100%| O|  |TAMS 0x000000073f200000| PB 0x000000073f200000| Untracked 
| 466|0x000000073f200000, 0x000000073f400000, 0x000000073f400000|100%| O|  |TAMS 0x000000073f400000| PB 0x000000073f400000| Untracked 
| 467|0x000000073f400000, 0x000000073f600000, 0x000000073f600000|100%| O|  |TAMS 0x000000073f600000| PB 0x000000073f600000| Untracked 
| 468|0x000000073f600000, 0x000000073f800000, 0x000000073f800000|100%| O|  |TAMS 0x000000073f800000| PB 0x000000073f800000| Untracked 
| 469|0x000000073f800000, 0x000000073fa00000, 0x000000073fa00000|100%| O|  |TAMS 0x000000073fa00000| PB 0x000000073fa00000| Untracked 
| 470|0x000000073fa00000, 0x000000073fc00000, 0x000000073fc00000|100%| O|  |TAMS 0x000000073fc00000| PB 0x000000073fc00000| Untracked 
| 471|0x000000073fc00000, 0x000000073fe00000, 0x000000073fe00000|100%| O|  |TAMS 0x000000073fe00000| PB 0x000000073fe00000| Untracked 
| 472|0x000000073fe00000, 0x0000000740000000, 0x0000000740000000|100%| O|  |TAMS 0x0000000740000000| PB 0x0000000740000000| Updating 
| 473|0x0000000740000000, 0x0000000740200000, 0x0000000740200000|100%| O|  |TAMS 0x0000000740200000| PB 0x0000000740200000| Updating 
| 474|0x0000000740200000, 0x0000000740400000, 0x0000000740400000|100%| O|  |TAMS 0x0000000740400000| PB 0x0000000740400000| Updating 
| 475|0x0000000740400000, 0x0000000740600000, 0x0000000740600000|100%| O|  |TAMS 0x0000000740600000| PB 0x0000000740600000| Updating 
| 476|0x0000000740600000, 0x0000000740800000, 0x0000000740800000|100%| O|  |TAMS 0x0000000740600000| PB 0x0000000740600000| Untracked 
| 477|0x0000000740800000, 0x0000000740a00000, 0x0000000740a00000|100%| O|  |TAMS 0x0000000740800000| PB 0x0000000740800000| Untracked 
| 478|0x0000000740a00000, 0x0000000740c00000, 0x0000000740c00000|100%| O|  |TAMS 0x0000000740a00000| PB 0x0000000740a00000| Untracked 
| 479|0x0000000740c00000, 0x0000000740e00000, 0x0000000740e00000|100%| O|  |TAMS 0x0000000740c00000| PB 0x0000000740c00000| Untracked 
| 480|0x0000000740e00000, 0x0000000741000000, 0x0000000741000000|100%| O|  |TAMS 0x0000000740e00000| PB 0x0000000740e00000| Untracked 
| 481|0x0000000741000000, 0x0000000741200000, 0x0000000741200000|100%| O|  |TAMS 0x0000000741000000| PB 0x0000000741000000| Untracked 
| 482|0x0000000741200000, 0x0000000741400000, 0x0000000741400000|100%| O|  |TAMS 0x0000000741200000| PB 0x0000000741200000| Untracked 
| 483|0x0000000741400000, 0x0000000741600000, 0x0000000741600000|100%| O|  |TAMS 0x0000000741400000| PB 0x0000000741400000| Untracked 
| 484|0x0000000741600000, 0x0000000741800000, 0x0000000741800000|100%| O|  |TAMS 0x0000000741600000| PB 0x0000000741600000| Untracked 
| 485|0x0000000741800000, 0x0000000741a00000, 0x0000000741a00000|100%| O|  |TAMS 0x0000000741800000| PB 0x0000000741800000| Untracked 
| 486|0x0000000741a00000, 0x0000000741c00000, 0x0000000741c00000|100%| O|  |TAMS 0x0000000741a00000| PB 0x0000000741a00000| Untracked 
| 487|0x0000000741c00000, 0x0000000741e00000, 0x0000000741e00000|100%| O|  |TAMS 0x0000000741c00000| PB 0x0000000741c00000| Untracked 
| 488|0x0000000741e00000, 0x0000000742000000, 0x0000000742000000|100%| O|  |TAMS 0x0000000741e00000| PB 0x0000000741e00000| Untracked 
| 489|0x0000000742000000, 0x0000000742200000, 0x0000000742200000|100%| O|  |TAMS 0x0000000742000000| PB 0x0000000742000000| Untracked 
| 490|0x0000000742200000, 0x0000000742400000, 0x0000000742400000|100%| O|  |TAMS 0x0000000742200000| PB 0x0000000742200000| Untracked 
| 491|0x0000000742400000, 0x0000000742600000, 0x0000000742600000|100%| O|  |TAMS 0x0000000742400000| PB 0x0000000742400000| Untracked 
| 492|0x0000000742600000, 0x0000000742700000, 0x0000000742800000| 50%| O|  |TAMS 0x0000000742600000| PB 0x0000000742600000| Updating 
| 493|0x0000000742800000, 0x0000000742800000, 0x0000000742a00000|  0%| F|  |TAMS 0x0000000742800000| PB 0x0000000742800000| Untracked 
| 494|0x0000000742a00000, 0x0000000742a00000, 0x0000000742c00000|  0%| F|  |TAMS 0x0000000742a00000| PB 0x0000000742a00000| Untracked 
| 495|0x0000000742c00000, 0x0000000742c00000, 0x0000000742e00000|  0%| F|  |TAMS 0x0000000742c00000| PB 0x0000000742c00000| Untracked 
| 496|0x0000000742e00000, 0x0000000742e00000, 0x0000000743000000|  0%| F|  |TAMS 0x0000000742e00000| PB 0x0000000742e00000| Untracked 
| 497|0x0000000743000000, 0x0000000743000000, 0x0000000743200000|  0%| F|  |TAMS 0x0000000743000000| PB 0x0000000743000000| Untracked 
| 498|0x0000000743200000, 0x0000000743200000, 0x0000000743400000|  0%| F|  |TAMS 0x0000000743200000| PB 0x0000000743200000| Untracked 
| 499|0x0000000743400000, 0x0000000743400000, 0x0000000743600000|  0%| F|  |TAMS 0x0000000743400000| PB 0x0000000743400000| Untracked 
| 500|0x0000000743600000, 0x0000000743600000, 0x0000000743800000|  0%| F|  |TAMS 0x0000000743600000| PB 0x0000000743600000| Untracked 
| 501|0x0000000743800000, 0x0000000743800000, 0x0000000743a00000|  0%| F|  |TAMS 0x0000000743800000| PB 0x0000000743800000| Untracked 
| 502|0x0000000743a00000, 0x0000000743a00000, 0x0000000743c00000|  0%| F|  |TAMS 0x0000000743a00000| PB 0x0000000743a00000| Untracked 
| 503|0x0000000743c00000, 0x0000000743c00000, 0x0000000743e00000|  0%| F|  |TAMS 0x0000000743c00000| PB 0x0000000743c00000| Untracked 
| 504|0x0000000743e00000, 0x0000000743e00000, 0x0000000744000000|  0%| F|  |TAMS 0x0000000743e00000| PB 0x0000000743e00000| Untracked 
| 505|0x0000000744000000, 0x0000000744000000, 0x0000000744200000|  0%| F|  |TAMS 0x0000000744000000| PB 0x0000000744000000| Untracked 
| 506|0x0000000744200000, 0x0000000744200000, 0x0000000744400000|  0%| F|  |TAMS 0x0000000744200000| PB 0x0000000744200000| Untracked 
| 507|0x0000000744400000, 0x0000000744400000, 0x0000000744600000|  0%| F|  |TAMS 0x0000000744400000| PB 0x0000000744400000| Untracked 
| 508|0x0000000744600000, 0x0000000744600000, 0x0000000744800000|  0%| F|  |TAMS 0x0000000744600000| PB 0x0000000744600000| Untracked 
| 509|0x0000000744800000, 0x0000000744800000, 0x0000000744a00000|  0%| F|  |TAMS 0x0000000744800000| PB 0x0000000744800000| Untracked 
| 510|0x0000000744a00000, 0x0000000744a00000, 0x0000000744c00000|  0%| F|  |TAMS 0x0000000744a00000| PB 0x0000000744a00000| Untracked 
| 511|0x0000000744c00000, 0x0000000744c00000, 0x0000000744e00000|  0%| F|  |TAMS 0x0000000744c00000| PB 0x0000000744c00000| Untracked 
| 512|0x0000000744e00000, 0x0000000744e00000, 0x0000000745000000|  0%| F|  |TAMS 0x0000000744e00000| PB 0x0000000744e00000| Untracked 
| 513|0x0000000745000000, 0x0000000745000000, 0x0000000745200000|  0%| F|  |TAMS 0x0000000745000000| PB 0x0000000745000000| Untracked 
| 514|0x0000000745200000, 0x0000000745200000, 0x0000000745400000|  0%| F|  |TAMS 0x0000000745200000| PB 0x0000000745200000| Untracked 
| 515|0x0000000745400000, 0x0000000745400000, 0x0000000745600000|  0%| F|  |TAMS 0x0000000745400000| PB 0x0000000745400000| Untracked 
| 516|0x0000000745600000, 0x0000000745600000, 0x0000000745800000|  0%| F|  |TAMS 0x0000000745600000| PB 0x0000000745600000| Untracked 
| 517|0x0000000745800000, 0x0000000745800000, 0x0000000745a00000|  0%| F|  |TAMS 0x0000000745800000| PB 0x0000000745800000| Untracked 
| 518|0x0000000745a00000, 0x0000000745a00000, 0x0000000745c00000|  0%| F|  |TAMS 0x0000000745a00000| PB 0x0000000745a00000| Untracked 
| 519|0x0000000745c00000, 0x0000000745e00000, 0x0000000745e00000|100%| S|CS|TAMS 0x0000000745c00000| PB 0x0000000745c00000| Complete 
|1870|0x00000007eea00000, 0x00000007eec00000, 0x00000007eec00000|100%| S|CS|TAMS 0x00000007eea00000| PB 0x00000007eea00000| Complete 
|1871|0x00000007eec00000, 0x00000007eee00000, 0x00000007eee00000|100%| O|  |TAMS 0x00000007eee00000| PB 0x00000007eee00000| Updating 
|1872|0x00000007eee00000, 0x00000007ef000000, 0x00000007ef000000|100%| O|  |TAMS 0x00000007ef000000| PB 0x00000007ef000000| Updating 
|1873|0x00000007ef000000, 0x00000007ef200000, 0x00000007ef200000|100%| O|  |TAMS 0x00000007ef200000| PB 0x00000007ef200000| Untracked 
|1874|0x00000007ef200000, 0x00000007ef400000, 0x00000007ef400000|100%| O|  |TAMS 0x00000007ef400000| PB 0x00000007ef400000| Updating 
|1875|0x00000007ef400000, 0x00000007ef600000, 0x00000007ef600000|100%| O|  |TAMS 0x00000007ef600000| PB 0x00000007ef600000| Untracked 
|1876|0x00000007ef600000, 0x00000007ef800000, 0x00000007ef800000|100%| O|  |TAMS 0x00000007ef800000| PB 0x00000007ef800000| Untracked 
|1877|0x00000007ef800000, 0x00000007efa00000, 0x00000007efa00000|100%| O|  |TAMS 0x00000007efa00000| PB 0x00000007efa00000| Untracked 
|1878|0x00000007efa00000, 0x00000007efc00000, 0x00000007efc00000|100%| S|CS|TAMS 0x00000007efa00000| PB 0x00000007efa00000| Complete 
|1879|0x00000007efc00000, 0x00000007efe00000, 0x00000007efe00000|100%| S|CS|TAMS 0x00000007efc00000| PB 0x00000007efc00000| Complete 
|1880|0x00000007efe00000, 0x00000007f0000000, 0x00000007f0000000|100%| S|CS|TAMS 0x00000007efe00000| PB 0x00000007efe00000| Complete 
|1881|0x00000007f0000000, 0x00000007f0200000, 0x00000007f0200000|100%| O|  |TAMS 0x00000007f0200000| PB 0x00000007f0200000| Untracked 
|1882|0x00000007f0200000, 0x00000007f0400000, 0x00000007f0400000|100%| O|  |TAMS 0x00000007f0400000| PB 0x00000007f0400000| Untracked 
|1883|0x00000007f0400000, 0x00000007f0600000, 0x00000007f0600000|100%| O|  |TAMS 0x00000007f0600000| PB 0x00000007f0600000| Untracked 
|1884|0x00000007f0600000, 0x00000007f0800000, 0x00000007f0800000|100%| O|  |TAMS 0x00000007f0800000| PB 0x00000007f0800000| Untracked 
|1885|0x00000007f0800000, 0x00000007f0a00000, 0x00000007f0a00000|100%| O|  |TAMS 0x00000007f0a00000| PB 0x00000007f0a00000| Untracked 
|1886|0x00000007f0a00000, 0x00000007f0c00000, 0x00000007f0c00000|100%| O|  |TAMS 0x00000007f0c00000| PB 0x00000007f0c00000| Untracked 
|1887|0x00000007f0c00000, 0x00000007f0e00000, 0x00000007f0e00000|100%| O|  |TAMS 0x00000007f0e00000| PB 0x00000007f0e00000| Untracked 
|1888|0x00000007f0e00000, 0x00000007f1000000, 0x00000007f1000000|100%| O|  |TAMS 0x00000007f1000000| PB 0x00000007f1000000| Untracked 
|1889|0x00000007f1000000, 0x00000007f1200000, 0x00000007f1200000|100%| O|  |TAMS 0x00000007f1200000| PB 0x00000007f1200000| Untracked 
|1890|0x00000007f1200000, 0x00000007f1400000, 0x00000007f1400000|100%| O|  |TAMS 0x00000007f1400000| PB 0x00000007f1400000| Untracked 
|1891|0x00000007f1400000, 0x00000007f1600000, 0x00000007f1600000|100%| O|  |TAMS 0x00000007f1600000| PB 0x00000007f1600000| Untracked 
|1892|0x00000007f1600000, 0x00000007f1800000, 0x00000007f1800000|100%| O|  |TAMS 0x00000007f1800000| PB 0x00000007f1800000| Untracked 
|1893|0x00000007f1800000, 0x00000007f1a00000, 0x00000007f1a00000|100%| O|  |TAMS 0x00000007f1a00000| PB 0x00000007f1a00000| Untracked 
|1894|0x00000007f1a00000, 0x00000007f1c00000, 0x00000007f1c00000|100%| O|  |TAMS 0x00000007f1c00000| PB 0x00000007f1c00000| Untracked 
|1895|0x00000007f1c00000, 0x00000007f1e00000, 0x00000007f1e00000|100%| O|  |TAMS 0x00000007f1e00000| PB 0x00000007f1e00000| Untracked 
|1896|0x00000007f1e00000, 0x00000007f2000000, 0x00000007f2000000|100%| O|  |TAMS 0x00000007f2000000| PB 0x00000007f2000000| Untracked 
|1897|0x00000007f2000000, 0x00000007f2200000, 0x00000007f2200000|100%| O|  |TAMS 0x00000007f2200000| PB 0x00000007f2200000| Untracked 
|1898|0x00000007f2200000, 0x00000007f2400000, 0x00000007f2400000|100%| O|  |TAMS 0x00000007f2400000| PB 0x00000007f2400000| Untracked 
|1899|0x00000007f2400000, 0x00000007f2600000, 0x00000007f2600000|100%| O|  |TAMS 0x00000007f2600000| PB 0x00000007f2600000| Untracked 
|1900|0x00000007f2600000, 0x00000007f2800000, 0x00000007f2800000|100%| O|  |TAMS 0x00000007f2800000| PB 0x00000007f2800000| Untracked 
|1901|0x00000007f2800000, 0x00000007f2a00000, 0x00000007f2a00000|100%| O|  |TAMS 0x00000007f2a00000| PB 0x00000007f2a00000| Untracked 
|1902|0x00000007f2a00000, 0x00000007f2c00000, 0x00000007f2c00000|100%| O|  |TAMS 0x00000007f2c00000| PB 0x00000007f2c00000| Untracked 
|1903|0x00000007f2c00000, 0x00000007f2e00000, 0x00000007f2e00000|100%| O|  |TAMS 0x00000007f2e00000| PB 0x00000007f2e00000| Untracked 
|1904|0x00000007f2e00000, 0x00000007f3000000, 0x00000007f3000000|100%| O|  |TAMS 0x00000007f3000000| PB 0x00000007f3000000| Untracked 
|1905|0x00000007f3000000, 0x00000007f3200000, 0x00000007f3200000|100%| O|  |TAMS 0x00000007f3200000| PB 0x00000007f3200000| Untracked 
|1906|0x00000007f3200000, 0x00000007f3400000, 0x00000007f3400000|100%| O|  |TAMS 0x00000007f3400000| PB 0x00000007f3400000| Untracked 
|1907|0x00000007f3400000, 0x00000007f3600000, 0x00000007f3600000|100%| O|  |TAMS 0x00000007f3600000| PB 0x00000007f3600000| Untracked 
|1908|0x00000007f3600000, 0x00000007f3800000, 0x00000007f3800000|100%| O|  |TAMS 0x00000007f3800000| PB 0x00000007f3800000| Untracked 
|1909|0x00000007f3800000, 0x00000007f3a00000, 0x00000007f3a00000|100%| O|  |TAMS 0x00000007f3a00000| PB 0x00000007f3a00000| Untracked 
|1910|0x00000007f3a00000, 0x00000007f3c00000, 0x00000007f3c00000|100%| O|  |TAMS 0x00000007f3c00000| PB 0x00000007f3c00000| Untracked 
|1911|0x00000007f3c00000, 0x00000007f3e00000, 0x00000007f3e00000|100%| O|  |TAMS 0x00000007f3e00000| PB 0x00000007f3e00000| Untracked 
|1912|0x00000007f3e00000, 0x00000007f4000000, 0x00000007f4000000|100%| O|  |TAMS 0x00000007f4000000| PB 0x00000007f4000000| Untracked 
|1913|0x00000007f4000000, 0x00000007f4200000, 0x00000007f4200000|100%| O|  |TAMS 0x00000007f4200000| PB 0x00000007f4200000| Untracked 
|1914|0x00000007f4200000, 0x00000007f4400000, 0x00000007f4400000|100%| O|  |TAMS 0x00000007f4400000| PB 0x00000007f4400000| Untracked 
|1915|0x00000007f4400000, 0x00000007f4600000, 0x00000007f4600000|100%| O|  |TAMS 0x00000007f4600000| PB 0x00000007f4600000| Untracked 
|1916|0x00000007f4600000, 0x00000007f4800000, 0x00000007f4800000|100%| O|  |TAMS 0x00000007f4800000| PB 0x00000007f4800000| Untracked 
|1917|0x00000007f4800000, 0x00000007f4a00000, 0x00000007f4a00000|100%| O|  |TAMS 0x00000007f4a00000| PB 0x00000007f4a00000| Untracked 
|1918|0x00000007f4a00000, 0x00000007f4c00000, 0x00000007f4c00000|100%| O|  |TAMS 0x00000007f4c00000| PB 0x00000007f4c00000| Untracked 
|1919|0x00000007f4c00000, 0x00000007f4e00000, 0x00000007f4e00000|100%| O|  |TAMS 0x00000007f4e00000| PB 0x00000007f4e00000| Untracked 
|1920|0x00000007f4e00000, 0x00000007f5000000, 0x00000007f5000000|100%| O|  |TAMS 0x00000007f5000000| PB 0x00000007f5000000| Untracked 
|1921|0x00000007f5000000, 0x00000007f5200000, 0x00000007f5200000|100%| O|  |TAMS 0x00000007f5200000| PB 0x00000007f5200000| Untracked 
|1922|0x00000007f5200000, 0x00000007f5400000, 0x00000007f5400000|100%| O|  |TAMS 0x00000007f5400000| PB 0x00000007f5400000| Untracked 
|1923|0x00000007f5400000, 0x00000007f5600000, 0x00000007f5600000|100%| O|  |TAMS 0x00000007f5600000| PB 0x00000007f5600000| Untracked 
|1924|0x00000007f5600000, 0x00000007f5800000, 0x00000007f5800000|100%| O|  |TAMS 0x00000007f5800000| PB 0x00000007f5800000| Untracked 
|1925|0x00000007f5800000, 0x00000007f5a00000, 0x00000007f5a00000|100%| O|  |TAMS 0x00000007f5a00000| PB 0x00000007f5a00000| Untracked 
|1926|0x00000007f5a00000, 0x00000007f5c00000, 0x00000007f5c00000|100%| O|  |TAMS 0x00000007f5c00000| PB 0x00000007f5c00000| Untracked 
|1927|0x00000007f5c00000, 0x00000007f5e00000, 0x00000007f5e00000|100%| O|  |TAMS 0x00000007f5e00000| PB 0x00000007f5e00000| Untracked 
|1928|0x00000007f5e00000, 0x00000007f6000000, 0x00000007f6000000|100%| O|  |TAMS 0x00000007f6000000| PB 0x00000007f6000000| Untracked 
|1929|0x00000007f6000000, 0x00000007f6200000, 0x00000007f6200000|100%| O|  |TAMS 0x00000007f6200000| PB 0x00000007f6200000| Untracked 
|1930|0x00000007f6200000, 0x00000007f6400000, 0x00000007f6400000|100%| O|  |TAMS 0x00000007f6400000| PB 0x00000007f6400000| Untracked 
|1931|0x00000007f6400000, 0x00000007f6600000, 0x00000007f6600000|100%| O|  |TAMS 0x00000007f6600000| PB 0x00000007f6600000| Untracked 
|1932|0x00000007f6600000, 0x00000007f6800000, 0x00000007f6800000|100%| O|  |TAMS 0x00000007f6800000| PB 0x00000007f6800000| Untracked 
|1933|0x00000007f6800000, 0x00000007f6a00000, 0x00000007f6a00000|100%| O|  |TAMS 0x00000007f6a00000| PB 0x00000007f6a00000| Untracked 
|1934|0x00000007f6a00000, 0x00000007f6c00000, 0x00000007f6c00000|100%| O|  |TAMS 0x00000007f6c00000| PB 0x00000007f6c00000| Untracked 
|1935|0x00000007f6c00000, 0x00000007f6e00000, 0x00000007f6e00000|100%| O|  |TAMS 0x00000007f6e00000| PB 0x00000007f6e00000| Untracked 
|1936|0x00000007f6e00000, 0x00000007f7000000, 0x00000007f7000000|100%| O|  |TAMS 0x00000007f7000000| PB 0x00000007f7000000| Untracked 
|1937|0x00000007f7000000, 0x00000007f7200000, 0x00000007f7200000|100%| O|  |TAMS 0x00000007f7200000| PB 0x00000007f7200000| Updating 
|1938|0x00000007f7200000, 0x00000007f7400000, 0x00000007f7400000|100%| S|CS|TAMS 0x00000007f7200000| PB 0x00000007f7200000| Complete 
|1939|0x00000007f7400000, 0x00000007f7600000, 0x00000007f7600000|100%| S|CS|TAMS 0x00000007f7400000| PB 0x00000007f7400000| Complete 
|1940|0x00000007f7600000, 0x00000007f7800000, 0x00000007f7800000|100%| S|CS|TAMS 0x00000007f7600000| PB 0x00000007f7600000| Complete 
|1941|0x00000007f7800000, 0x00000007f7a00000, 0x00000007f7a00000|100%| S|CS|TAMS 0x00000007f7800000| PB 0x00000007f7800000| Complete 
|1942|0x00000007f7a00000, 0x00000007f7a00000, 0x00000007f7c00000|  0%| F|  |TAMS 0x00000007f7a00000| PB 0x00000007f7a00000| Untracked 
|1943|0x00000007f7c00000, 0x00000007f7c00000, 0x00000007f7e00000|  0%| F|  |TAMS 0x00000007f7c00000| PB 0x00000007f7c00000| Untracked 
|1944|0x00000007f7e00000, 0x00000007f7e00000, 0x00000007f8000000|  0%| F|  |TAMS 0x00000007f7e00000| PB 0x00000007f7e00000| Untracked 
|1945|0x00000007f8000000, 0x00000007f8000000, 0x00000007f8200000|  0%| F|  |TAMS 0x00000007f8000000| PB 0x00000007f8000000| Untracked 
|1946|0x00000007f8200000, 0x00000007f8200000, 0x00000007f8400000|  0%| F|  |TAMS 0x00000007f8200000| PB 0x00000007f8200000| Untracked 
|1947|0x00000007f8400000, 0x00000007f8400000, 0x00000007f8600000|  0%| F|  |TAMS 0x00000007f8400000| PB 0x00000007f8400000| Untracked 
|1948|0x00000007f8600000, 0x00000007f8600000, 0x00000007f8800000|  0%| F|  |TAMS 0x00000007f8600000| PB 0x00000007f8600000| Untracked 
|1949|0x00000007f8800000, 0x00000007f8800000, 0x00000007f8a00000|  0%| F|  |TAMS 0x00000007f8800000| PB 0x00000007f8800000| Untracked 
|1950|0x00000007f8a00000, 0x00000007f8a00000, 0x00000007f8c00000|  0%| F|  |TAMS 0x00000007f8a00000| PB 0x00000007f8a00000| Untracked 
|1951|0x00000007f8c00000, 0x00000007f8c00000, 0x00000007f8e00000|  0%| F|  |TAMS 0x00000007f8c00000| PB 0x00000007f8c00000| Untracked 
|1952|0x00000007f8e00000, 0x00000007f8e00000, 0x00000007f9000000|  0%| F|  |TAMS 0x00000007f8e00000| PB 0x00000007f8e00000| Untracked 
|1953|0x00000007f9000000, 0x00000007f9000000, 0x00000007f9200000|  0%| F|  |TAMS 0x00000007f9000000| PB 0x00000007f9000000| Untracked 
|1954|0x00000007f9200000, 0x00000007f9200000, 0x00000007f9400000|  0%| F|  |TAMS 0x00000007f9200000| PB 0x00000007f9200000| Untracked 
|1955|0x00000007f9400000, 0x00000007f9400000, 0x00000007f9600000|  0%| F|  |TAMS 0x00000007f9400000| PB 0x00000007f9400000| Untracked 
|1956|0x00000007f9600000, 0x00000007f9600000, 0x00000007f9800000|  0%| F|  |TAMS 0x00000007f9600000| PB 0x00000007f9600000| Untracked 
|1957|0x00000007f9800000, 0x00000007f9800000, 0x00000007f9a00000|  0%| F|  |TAMS 0x00000007f9800000| PB 0x00000007f9800000| Untracked 
|1958|0x00000007f9a00000, 0x00000007f9a00000, 0x00000007f9c00000|  0%| F|  |TAMS 0x00000007f9a00000| PB 0x00000007f9a00000| Untracked 
|1959|0x00000007f9c00000, 0x00000007f9c00000, 0x00000007f9e00000|  0%| F|  |TAMS 0x00000007f9c00000| PB 0x00000007f9c00000| Untracked 
|1960|0x00000007f9e00000, 0x00000007f9e00000, 0x00000007fa000000|  0%| F|  |TAMS 0x00000007f9e00000| PB 0x00000007f9e00000| Untracked 
|1961|0x00000007fa000000, 0x00000007fa000000, 0x00000007fa200000|  0%| F|  |TAMS 0x00000007fa000000| PB 0x00000007fa000000| Untracked 
|1962|0x00000007fa200000, 0x00000007fa200000, 0x00000007fa400000|  0%| F|  |TAMS 0x00000007fa200000| PB 0x00000007fa200000| Untracked 
|1963|0x00000007fa400000, 0x00000007fa400000, 0x00000007fa600000|  0%| F|  |TAMS 0x00000007fa400000| PB 0x00000007fa400000| Untracked 
|1964|0x00000007fa600000, 0x00000007fa600000, 0x00000007fa800000|  0%| F|  |TAMS 0x00000007fa600000| PB 0x00000007fa600000| Untracked 
|1965|0x00000007fa800000, 0x00000007fa800000, 0x00000007faa00000|  0%| F|  |TAMS 0x00000007fa800000| PB 0x00000007fa800000| Untracked 
|1966|0x00000007faa00000, 0x00000007faa00000, 0x00000007fac00000|  0%| F|  |TAMS 0x00000007faa00000| PB 0x00000007faa00000| Untracked 
|1967|0x00000007fac00000, 0x00000007fac00000, 0x00000007fae00000|  0%| F|  |TAMS 0x00000007fac00000| PB 0x00000007fac00000| Untracked 
|1968|0x00000007fae00000, 0x00000007fae00000, 0x00000007fb000000|  0%| F|  |TAMS 0x00000007fae00000| PB 0x00000007fae00000| Untracked 
|1969|0x00000007fb000000, 0x00000007fb000000, 0x00000007fb200000|  0%| F|  |TAMS 0x00000007fb000000| PB 0x00000007fb000000| Untracked 
|1970|0x00000007fb200000, 0x00000007fb200000, 0x00000007fb400000|  0%| F|  |TAMS 0x00000007fb200000| PB 0x00000007fb200000| Untracked 
|1971|0x00000007fb400000, 0x00000007fb400000, 0x00000007fb600000|  0%| F|  |TAMS 0x00000007fb400000| PB 0x00000007fb400000| Untracked 
|1972|0x00000007fb600000, 0x00000007fb600000, 0x00000007fb800000|  0%| F|  |TAMS 0x00000007fb600000| PB 0x00000007fb600000| Untracked 
|1973|0x00000007fb800000, 0x00000007fb800000, 0x00000007fba00000|  0%| F|  |TAMS 0x00000007fb800000| PB 0x00000007fb800000| Untracked 
|1974|0x00000007fba00000, 0x00000007fba00000, 0x00000007fbc00000|  0%| F|  |TAMS 0x00000007fba00000| PB 0x00000007fba00000| Untracked 
|1975|0x00000007fbc00000, 0x00000007fbc00000, 0x00000007fbe00000|  0%| F|  |TAMS 0x00000007fbc00000| PB 0x00000007fbc00000| Untracked 
|1976|0x00000007fbe00000, 0x00000007fbe00000, 0x00000007fc000000|  0%| F|  |TAMS 0x00000007fbe00000| PB 0x00000007fbe00000| Untracked 
|1977|0x00000007fc000000, 0x00000007fc000000, 0x00000007fc200000|  0%| F|  |TAMS 0x00000007fc000000| PB 0x00000007fc000000| Untracked 
|1978|0x00000007fc200000, 0x00000007fc200000, 0x00000007fc400000|  0%| F|  |TAMS 0x00000007fc200000| PB 0x00000007fc200000| Untracked 
|1979|0x00000007fc400000, 0x00000007fc400000, 0x00000007fc600000|  0%| F|  |TAMS 0x00000007fc400000| PB 0x00000007fc400000| Untracked 
|1980|0x00000007fc600000, 0x00000007fc600000, 0x00000007fc800000|  0%| F|  |TAMS 0x00000007fc600000| PB 0x00000007fc600000| Untracked 
|1981|0x00000007fc800000, 0x00000007fc800000, 0x00000007fca00000|  0%| F|  |TAMS 0x00000007fc800000| PB 0x00000007fc800000| Untracked 
|1982|0x00000007fca00000, 0x00000007fca00000, 0x00000007fcc00000|  0%| F|  |TAMS 0x00000007fca00000| PB 0x00000007fca00000| Untracked 
|1983|0x00000007fcc00000, 0x00000007fcc00000, 0x00000007fce00000|  0%| F|  |TAMS 0x00000007fcc00000| PB 0x00000007fcc00000| Untracked 
|1984|0x00000007fce00000, 0x00000007fce00000, 0x00000007fd000000|  0%| F|  |TAMS 0x00000007fce00000| PB 0x00000007fce00000| Untracked 
|1985|0x00000007fd000000, 0x00000007fd000000, 0x00000007fd200000|  0%| F|  |TAMS 0x00000007fd000000| PB 0x00000007fd000000| Untracked 
|1986|0x00000007fd200000, 0x00000007fd200000, 0x00000007fd400000|  0%| F|  |TAMS 0x00000007fd200000| PB 0x00000007fd200000| Untracked 
|1987|0x00000007fd400000, 0x00000007fd400000, 0x00000007fd600000|  0%| F|  |TAMS 0x00000007fd400000| PB 0x00000007fd400000| Untracked 
|1988|0x00000007fd600000, 0x00000007fd600000, 0x00000007fd800000|  0%| F|  |TAMS 0x00000007fd600000| PB 0x00000007fd600000| Untracked 
|1989|0x00000007fd800000, 0x00000007fd800000, 0x00000007fda00000|  0%| F|  |TAMS 0x00000007fd800000| PB 0x00000007fd800000| Untracked 
|1990|0x00000007fda00000, 0x00000007fda00000, 0x00000007fdc00000|  0%| F|  |TAMS 0x00000007fda00000| PB 0x00000007fda00000| Untracked 
|1991|0x00000007fdc00000, 0x00000007fdc00000, 0x00000007fde00000|  0%| F|  |TAMS 0x00000007fdc00000| PB 0x00000007fdc00000| Untracked 
|1992|0x00000007fde00000, 0x00000007fde00000, 0x00000007fe000000|  0%| F|  |TAMS 0x00000007fde00000| PB 0x00000007fde00000| Untracked 
|1993|0x00000007fe000000, 0x00000007fe000000, 0x00000007fe200000|  0%| F|  |TAMS 0x00000007fe000000| PB 0x00000007fe000000| Untracked 
|1994|0x00000007fe200000, 0x00000007fe200000, 0x00000007fe400000|  0%| F|  |TAMS 0x00000007fe200000| PB 0x00000007fe200000| Untracked 
|1995|0x00000007fe400000, 0x00000007fe400000, 0x00000007fe600000|  0%| F|  |TAMS 0x00000007fe400000| PB 0x00000007fe400000| Untracked 
|1996|0x00000007fe600000, 0x00000007fe600000, 0x00000007fe800000|  0%| F|  |TAMS 0x00000007fe600000| PB 0x00000007fe600000| Untracked 
|1997|0x00000007fe800000, 0x00000007fe800000, 0x00000007fea00000|  0%| F|  |TAMS 0x00000007fe800000| PB 0x00000007fe800000| Untracked 
|1998|0x00000007fea00000, 0x00000007fea00000, 0x00000007fec00000|  0%| F|  |TAMS 0x00000007fea00000| PB 0x00000007fea00000| Untracked 
|1999|0x00000007fec00000, 0x00000007fec00000, 0x00000007fee00000|  0%| F|  |TAMS 0x00000007fec00000| PB 0x00000007fec00000| Untracked 
|2000|0x00000007fee00000, 0x00000007fee00000, 0x00000007ff000000|  0%| F|  |TAMS 0x00000007fee00000| PB 0x00000007fee00000| Untracked 
|2001|0x00000007ff000000, 0x00000007ff000000, 0x00000007ff200000|  0%| F|  |TAMS 0x00000007ff000000| PB 0x00000007ff000000| Untracked 
|2002|0x00000007ff200000, 0x00000007ff200000, 0x00000007ff400000|  0%| F|  |TAMS 0x00000007ff200000| PB 0x00000007ff200000| Untracked 
|2003|0x00000007ff400000, 0x00000007ff400000, 0x00000007ff600000|  0%| F|  |TAMS 0x00000007ff400000| PB 0x00000007ff400000| Untracked 
|2004|0x00000007ff600000, 0x00000007ff800000, 0x00000007ff800000|100%| E|  |TAMS 0x00000007ff600000| PB 0x00000007ff600000| Complete 
|2005|0x00000007ff800000, 0x00000007ffa00000, 0x00000007ffa00000|100%| E|CS|TAMS 0x00000007ff800000| PB 0x00000007ff800000| Complete 
|2006|0x00000007ffa00000, 0x00000007ffc00000, 0x00000007ffc00000|100%| E|CS|TAMS 0x00000007ffa00000| PB 0x00000007ffa00000| Complete 
|2007|0x00000007ffc00000, 0x00000007ffe00000, 0x00000007ffe00000|100%| E|CS|TAMS 0x00000007ffc00000| PB 0x00000007ffc00000| Complete 
|2008|0x00000007ffe00000, 0x0000000800000000, 0x0000000800000000|100%| E|CS|TAMS 0x00000007ffe00000| PB 0x00000007ffe00000| Complete 

Card table byte_map: [0x000001adfd1b0000,0x000001adfd990000] _byte_map_base: 0x000001adf9989000

Marking Bits: (CMBitMap*) 0x000001ade4fd8710
 Bits: [0x000001ad80000000, 0x000001ad83ec8000)

Polling page: 0x000001ade4730000

Metaspace:

Usage:
  Non-class:     35.50 MB used.
      Class:      4.21 MB used.
       Both:     39.71 MB used.

Virtual space:
  Non-class space:       64.00 MB reserved,      35.88 MB ( 56%) committed,  1 nodes.
      Class space:        1.00 GB reserved,       4.62 MB ( <1%) committed,  1 nodes.
             Both:        1.06 GB reserved,      40.50 MB (  4%) committed. 

Chunk freelists:
   Non-Class:  12.24 MB
       Class:  11.48 MB
        Both:  23.73 MB

MaxMetaspaceSize: unlimited
CompressedClassSpaceSize: 1.00 GB
Initial GC threshold: 21.00 MB
Current GC threshold: 67.31 MB
CDS: on
 - commit_granule_bytes: 65536.
 - commit_granule_words: 8192.
 - virtual_space_node_default_size: 8388608.
 - enlarge_chunks_in_place: 1.
 - use_allocation_guard: 0.


Internal statistics:

num_allocs_failed_limit: 6.
num_arena_births: 1508.
num_arena_deaths: 286.
num_vsnodes_births: 2.
num_vsnodes_deaths: 0.
num_space_committed: 648.
num_space_uncommitted: 0.
num_chunks_returned_to_freelist: 354.
num_chunks_taken_from_freelist: 2666.
num_chunk_merges: 75.
num_chunk_splits: 1495.
num_chunks_enlarged: 623.
num_inconsistent_stats: 0.

CodeHeap 'non-profiled nmethods': size=120000Kb used=14074Kb max_used=14074Kb free=105925Kb
 bounds [0x000001adf5170000, 0x000001adf5f30000, 0x000001adfc6a0000]
CodeHeap 'profiled nmethods': size=120000Kb used=16485Kb max_used=20887Kb free=103514Kb
 bounds [0x000001aded6a0000, 0x000001adeeb50000, 0x000001adf4bd0000]
CodeHeap 'non-nmethods': size=5760Kb used=1748Kb max_used=1822Kb free=4011Kb
 bounds [0x000001adf4bd0000, 0x000001adf4e40000, 0x000001adf5170000]
CodeCache: size=245760Kb, used=32307Kb, max_used=36783Kb, free=213450Kb
 total_blobs=10878, nmethods=9989, adapters=789, full_count=0
Compilation: enabled, stopped_count=0, restarted_count=0

Compilation events (20 events):
Event: 13882.537 Thread 0x000001ad843deb80 14426   !   4       java.util.concurrent.locks.AbstractQueuedSynchronizer::acquire (424 bytes)
Event: 13882.553 Thread 0x000001ad843deb80 nmethod 14426 0x000001adf5f29b10 code [0x000001adf5f29d60, 0x000001adf5f2ac10]
Event: 13916.777 Thread 0x000001ad843deb80 14427       4       sun.security.util.DerValue::<init> (59 bytes)
Event: 13916.787 Thread 0x000001ad843deb80 nmethod 14427 0x000001adf5f2b290 code [0x000001adf5f2b420, 0x000001adf5f2b770]
Event: 13931.146 Thread 0x000001ad843deb80 14428       4       java.lang.invoke.LambdaForm$DMH/0x000001ad86478800::newInvokeSpecial (27 bytes)
Event: 13931.192 Thread 0x000001ad843deb80 nmethod 14428 0x000001adf5f2b890 code [0x000001adf5f2bac0, 0x000001adf5f2c2b8]
Event: 14268.706 Thread 0x000001ad843deb80 14429       4       java.text.DecimalFormat::setMaximumIntegerDigits (66 bytes)
Event: 14268.724 Thread 0x000001ad843deb80 nmethod 14429 0x000001adf5f07510 code [0x000001adf5f076a0, 0x000001adf5f077b8]
Event: 14400.673 Thread 0x000001ad84409f10 14430       3       java.lang.Class::forName (10 bytes)
Event: 14400.691 Thread 0x000001ad84409f10 nmethod 14430 0x000001adedd57610 code [0x000001adedd577c0, 0x000001adedd57918]
Event: 14400.692 Thread 0x000001ad84409f10 14431       3       java.lang.Class::forName (23 bytes)
Event: 14400.700 Thread 0x000001ad84409f10 nmethod 14431 0x000001adedfa7a90 code [0x000001adedfa7c60, 0x000001adedfa7ed0]
Event: 14622.494 Thread 0x000001ad843deb80 14432   !   4       java.text.SimpleDateFormat::parse (446 bytes)
Event: 14622.596 Thread 0x000001ad843deb80 nmethod 14432 0x000001adf5f2c910 code [0x000001adf5f2cbe0, 0x000001adf5f2e7e8]
Event: 14684.166 Thread 0x000001ad843deb80 14433       4       java.lang.invoke.LambdaForm$MH/0x000001ad8646c000::invoke (42 bytes)
Event: 14684.196 Thread 0x000001ad843deb80 nmethod 14433 0x000001adf5ec1c10 code [0x000001adf5ec1da0, 0x000001adf5ec1e48]
Event: 14684.197 Thread 0x000001ad843deb80 14434       4       java.lang.invoke.LambdaForm$MH/0x000001ad8646c400::invoke (42 bytes)
Event: 14684.199 Thread 0x000001ad843deb80 nmethod 14434 0x000001adf5ec1810 code [0x000001adf5ec19a0, 0x000001adf5ec1a48]
Event: 14684.199 Thread 0x000001ad843deb80 14435       4       java.lang.invoke.LambdaForm$MH/0x000001ad8646f000::invoke (42 bytes)
Event: 14684.203 Thread 0x000001ad843deb80 nmethod 14435 0x000001adf5ec1490 code [0x000001adf5ec1620, 0x000001adf5ec16c8]

GC Heap History (20 events):
Event: 14040.501 GC heap before
{Heap before GC invocations=268 (full 0):
 garbage-first heap   total 980992K, used 927716K [0x0000000704e00000, 0x0000000800000000)
  region size 2048K, 275 young (563200K), 29 survivors (59392K)
 Metaspace       used 40669K, committed 41472K, reserved 1114112K
  class space    used 4315K, committed 4736K, reserved 1048576K
}
Event: 14040.600 GC heap after
{Heap after GC invocations=269 (full 0):
 garbage-first heap   total 1142784K, used 579584K [0x0000000704e00000, 0x0000000800000000)
  region size 2048K, 35 young (71680K), 35 survivors (71680K)
 Metaspace       used 40669K, committed 41472K, reserved 1114112K
  class space    used 4315K, committed 4736K, reserved 1048576K
}
Event: 14144.513 GC heap before
{Heap before GC invocations=269 (full 0):
 garbage-first heap   total 1142784K, used 935936K [0x0000000704e00000, 0x0000000800000000)
  region size 2048K, 209 young (428032K), 35 survivors (71680K)
 Metaspace       used 40669K, committed 41472K, reserved 1114112K
  class space    used 4315K, committed 4736K, reserved 1048576K
}
Event: 14145.526 GC heap after
{Heap after GC invocations=270 (full 0):
 garbage-first heap   total 1159168K, used 714752K [0x0000000704e00000, 0x0000000800000000)
  region size 2048K, 27 young (55296K), 27 survivors (55296K)
 Metaspace       used 40669K, committed 41472K, reserved 1114112K
  class space    used 4315K, committed 4736K, reserved 1048576K
}
Event: 14282.597 GC heap before
{Heap before GC invocations=270 (full 0):
 garbage-first heap   total 1159168K, used 972800K [0x0000000704e00000, 0x0000000800000000)
  region size 2048K, 153 young (313344K), 27 survivors (55296K)
 Metaspace       used 40669K, committed 41472K, reserved 1114112K
  class space    used 4315K, committed 4736K, reserved 1048576K
}
Event: 14282.685 GC heap after
{Heap after GC invocations=271 (full 0):
 garbage-first heap   total 1159168K, used 808960K [0x0000000704e00000, 0x0000000800000000)
  region size 2048K, 20 young (40960K), 20 survivors (40960K)
 Metaspace       used 40669K, committed 41472K, reserved 1114112K
  class space    used 4315K, committed 4736K, reserved 1048576K
}
Event: 14401.431 GC heap before
{Heap before GC invocations=272 (full 0):
 garbage-first heap   total 1349632K, used 1005568K [0x0000000704e00000, 0x0000000800000000)
  region size 2048K, 116 young (237568K), 20 survivors (40960K)
 Metaspace       used 40669K, committed 41472K, reserved 1114112K
  class space    used 4315K, committed 4736K, reserved 1048576K
}
Event: 14401.630 GC heap after
{Heap after GC invocations=273 (full 0):
 garbage-first heap   total 1349632K, used 878592K [0x0000000704e00000, 0x0000000800000000)
  region size 2048K, 15 young (30720K), 15 survivors (30720K)
 Metaspace       used 40669K, committed 41472K, reserved 1114112K
  class space    used 4315K, committed 4736K, reserved 1048576K
}
Event: 14426.013 GC heap before
{Heap before GC invocations=273 (full 0):
 garbage-first heap   total 1349632K, used 933888K [0x0000000704e00000, 0x0000000800000000)
  region size 2048K, 42 young (86016K), 15 survivors (30720K)
 Metaspace       used 40669K, committed 41472K, reserved 1114112K
  class space    used 4315K, committed 4736K, reserved 1048576K
}
Event: 14426.042 GC heap after
{Heap after GC invocations=274 (full 0):
 garbage-first heap   total 1349632K, used 899072K [0x0000000704e00000, 0x0000000800000000)
  region size 2048K, 6 young (12288K), 6 survivors (12288K)
 Metaspace       used 40669K, committed 41472K, reserved 1114112K
  class space    used 4315K, committed 4736K, reserved 1048576K
}
Event: 14525.950 GC heap before
{Heap before GC invocations=274 (full 0):
 garbage-first heap   total 1349632K, used 1105920K [0x0000000704e00000, 0x0000000800000000)
  region size 2048K, 107 young (219136K), 6 survivors (12288K)
 Metaspace       used 40669K, committed 41472K, reserved 1114112K
  class space    used 4315K, committed 4736K, reserved 1048576K
}
Event: 14526.051 GC heap after
{Heap after GC invocations=275 (full 0):
 garbage-first heap   total 1349632K, used 968704K [0x0000000704e00000, 0x0000000800000000)
  region size 2048K, 14 young (28672K), 14 survivors (28672K)
 Metaspace       used 40669K, committed 41472K, reserved 1114112K
  class space    used 4315K, committed 4736K, reserved 1048576K
}
Event: 14618.220 GC heap before
{Heap before GC invocations=275 (full 0):
 garbage-first heap   total 1349632K, used 1136640K [0x0000000704e00000, 0x0000000800000000)
  region size 2048K, 96 young (196608K), 14 survivors (28672K)
 Metaspace       used 40669K, committed 41472K, reserved 1114112K
  class space    used 4315K, committed 4736K, reserved 1048576K
}
Event: 14618.278 GC heap after
{Heap after GC invocations=276 (full 0):
 garbage-first heap   total 1349632K, used 1028096K [0x0000000704e00000, 0x0000000800000000)
  region size 2048K, 12 young (24576K), 12 survivors (24576K)
 Metaspace       used 40669K, committed 41472K, reserved 1114112K
  class space    used 4315K, committed 4736K, reserved 1048576K
}
Event: 14706.383 GC heap before
{Heap before GC invocations=276 (full 0):
 garbage-first heap   total 1349632K, used 1202176K [0x0000000704e00000, 0x0000000800000000)
  region size 2048K, 97 young (198656K), 12 survivors (24576K)
 Metaspace       used 40669K, committed 41472K, reserved 1114112K
  class space    used 4315K, committed 4736K, reserved 1048576K
}
Event: 14706.419 GC heap after
{Heap after GC invocations=277 (full 0):
 garbage-first heap   total 1349632K, used 1090560K [0x0000000704e00000, 0x0000000800000000)
  region size 2048K, 13 young (26624K), 13 survivors (26624K)
 Metaspace       used 40669K, committed 41472K, reserved 1114112K
  class space    used 4315K, committed 4736K, reserved 1048576K
}
Event: 14724.359 GC heap before
{Heap before GC invocations=277 (full 0):
 garbage-first heap   total 1349632K, used 1131520K [0x0000000704e00000, 0x0000000800000000)
  region size 2048K, 32 young (65536K), 13 survivors (26624K)
 Metaspace       used 40669K, committed 41472K, reserved 1114112K
  class space    used 4315K, committed 4736K, reserved 1048576K
}
Event: 14724.393 GC heap after
{Heap after GC invocations=278 (full 0):
 garbage-first heap   total 1349632K, used 1112064K [0x0000000704e00000, 0x0000000800000000)
  region size 2048K, 4 young (8192K), 4 survivors (8192K)
 Metaspace       used 40669K, committed 41472K, reserved 1114112K
  class space    used 4315K, committed 4736K, reserved 1048576K
}
Event: 14779.975 GC heap before
{Heap before GC invocations=278 (full 0):
 garbage-first heap   total 1349632K, used 1241088K [0x0000000704e00000, 0x0000000800000000)
  region size 2048K, 67 young (137216K), 4 survivors (8192K)
 Metaspace       used 40669K, committed 41472K, reserved 1114112K
  class space    used 4315K, committed 4736K, reserved 1048576K
}
Event: 14780.009 GC heap after
{Heap after GC invocations=279 (full 0):
 garbage-first heap   total 1349632K, used 1158144K [0x0000000704e00000, 0x0000000800000000)
  region size 2048K, 9 young (18432K), 9 survivors (18432K)
 Metaspace       used 40669K, committed 41472K, reserved 1114112K
  class space    used 4315K, committed 4736K, reserved 1048576K
}

Dll operation events (20 events):
Event: 0.119 Attempting to load shared library C:\Users\Technical\.jdks\ms-21.0.12\bin\zip.dll
Event: 0.119 Loaded shared library C:\Users\Technical\.jdks\ms-21.0.12\bin\zip.dll
Event: 0.175 Attempting to load shared library C:\Users\Technical\.jdks\ms-21.0.12\bin\extnet.dll
Event: 0.175 Loaded shared library C:\Users\Technical\.jdks\ms-21.0.12\bin\extnet.dll
Event: 0.185 Attempting to load shared library C:\Users\Technical\.jdks\ms-21.0.12\bin\jimage.dll
Event: 0.185 Loaded shared library C:\Users\Technical\.jdks\ms-21.0.12\bin\jimage.dll
Event: 0.195 Attempting to load shared library C:\Users\Technical\.jdks\ms-21.0.12\bin\awt.dll
Event: 0.197 Loaded shared library C:\Users\Technical\.jdks\ms-21.0.12\bin\awt.dll
Event: 0.330 Attempting to load shared library C:\Users\Technical\.jdks\ms-21.0.12\bin\management.dll
Event: 0.330 Loaded shared library C:\Users\Technical\.jdks\ms-21.0.12\bin\management.dll
Event: 0.336 Attempting to load shared library C:\Users\Technical\.jdks\ms-21.0.12\bin\management_ext.dll
Event: 0.336 Loaded shared library C:\Users\Technical\.jdks\ms-21.0.12\bin\management_ext.dll
Event: 0.347 Attempting to load shared library C:\Users\Technical\.jdks\ms-21.0.12\bin\freetype.dll
Event: 0.347 Loaded shared library C:\Users\Technical\.jdks\ms-21.0.12\bin\freetype.dll
Event: 0.347 Attempting to load shared library C:\Users\Technical\.jdks\ms-21.0.12\bin\fontmanager.dll
Event: 0.347 Loaded shared library C:\Users\Technical\.jdks\ms-21.0.12\bin\fontmanager.dll
Event: 109.826 Attempting to load shared library C:\Users\Technical\AppData\Local\Temp\flatlaf.temp\flatlaf-windows-x86_64-262110735671000.dll
Event: 109.883 Loaded shared library C:\Users\Technical\AppData\Local\Temp\flatlaf.temp\flatlaf-windows-x86_64-262110735671000.dll
Event: 116.399 Attempting to load shared library C:\Users\Technical\.jdks\ms-21.0.12\bin\sunmscapi.dll
Event: 116.400 Loaded shared library C:\Users\Technical\.jdks\ms-21.0.12\bin\sunmscapi.dll

Deoptimization events (20 events):
Event: 13264.391 Thread 0x000001adce1b2900 DEOPT PACKING pc=0x000001adf5f07818 sp=0x0000006c4defd830
Event: 13264.391 Thread 0x000001adce1b2900 DEOPT UNPACKING pc=0x000001adf4c24422 sp=0x0000006c4defd7d0 mode 2
Event: 13264.391 Thread 0x000001adce1b2900 Uncommon trap: trap_request=0xffffffd6 fr.pc=0x000001adf5f07818 relative=0x0000000000000178
Event: 13264.391 Thread 0x000001adce1b2900 Uncommon trap: reason=array_check action=maybe_recompile pc=0x000001adf5f07818 method=java.util.stream.Nodes$FixedNodeBuilder.accept(Ljava/lang/Object;)V @ 28 c2
Event: 13264.391 Thread 0x000001adce1b2900 DEOPT PACKING pc=0x000001adf5f07818 sp=0x0000006c4defd830
Event: 13264.392 Thread 0x000001adce1b2900 DEOPT UNPACKING pc=0x000001adf4c24422 sp=0x0000006c4defd7d0 mode 2
Event: 13264.392 Thread 0x000001adce1b2900 Uncommon trap: trap_request=0xffffffd6 fr.pc=0x000001adf5f07818 relative=0x0000000000000178
Event: 13264.392 Thread 0x000001adce1b2900 Uncommon trap: reason=array_check action=maybe_recompile pc=0x000001adf5f07818 method=java.util.stream.Nodes$FixedNodeBuilder.accept(Ljava/lang/Object;)V @ 28 c2
Event: 13264.392 Thread 0x000001adce1b2900 DEOPT PACKING pc=0x000001adf5f07818 sp=0x0000006c4defd830
Event: 13264.392 Thread 0x000001adce1b2900 DEOPT UNPACKING pc=0x000001adf4c24422 sp=0x0000006c4defd7d0 mode 2
Event: 13429.434 Thread 0x000001adce1b2900 DEOPT PACKING pc=0x000001adeda704fc sp=0x0000006c4defd790
Event: 13429.434 Thread 0x000001adce1b2900 DEOPT UNPACKING pc=0x000001adf4c24bc2 sp=0x0000006c4defcca0 mode 0
Event: 13757.836 Thread 0x000001adca17edc0 Uncommon trap: trap_request=0xffffff45 fr.pc=0x000001adf529722c relative=0x000000000000008c
Event: 13757.836 Thread 0x000001adca17edc0 Uncommon trap: reason=unstable_if action=reinterpret pc=0x000001adf529722c method=jdk.internal.misc.Unsafe.getAndBitwiseAndInt(Ljava/lang/Object;JI)I @ 21 c2
Event: 13757.837 Thread 0x000001adca17edc0 DEOPT PACKING pc=0x000001adf529722c sp=0x0000006c4d5fedd0
Event: 13757.837 Thread 0x000001adca17edc0 DEOPT UNPACKING pc=0x000001adf4c24422 sp=0x0000006c4d5fecd8 mode 2
Event: 13858.369 Thread 0x000001adce1b2900 Uncommon trap: trap_request=0xffffff45 fr.pc=0x000001adf5ec17d4 relative=0x0000000000000c94
Event: 13858.369 Thread 0x000001adce1b2900 Uncommon trap: reason=unstable_if action=reinterpret pc=0x000001adf5ec17d4 method=java.util.concurrent.locks.AbstractQueuedSynchronizer.acquire(Ljava/util/concurrent/locks/AbstractQueuedSynchronizer$Node;IZZZJ)I @ 285 c2
Event: 13858.370 Thread 0x000001adce1b2900 DEOPT PACKING pc=0x000001adf5ec17d4 sp=0x0000006c4defe700
Event: 13858.371 Thread 0x000001adce1b2900 DEOPT UNPACKING pc=0x000001adf4c24422 sp=0x0000006c4defe688 mode 2

Classes loaded (20 events):
Event: 859.090 Loading class java/lang/invoke/MethodHandleImpl$CountingWrapper$1
Event: 859.091 Loading class java/lang/invoke/MethodHandleImpl$CountingWrapper$1 done
Event: 1059.325 Loading class java/util/WeakHashMap$KeyIterator
Event: 1059.350 Loading class java/util/WeakHashMap$HashIterator
Event: 1059.356 Loading class java/util/WeakHashMap$HashIterator done
Event: 1059.356 Loading class java/util/WeakHashMap$KeyIterator done
Event: 1059.394 Loading class javax/swing/RepaintManager$DisplayChangedRunnable
Event: 1059.404 Loading class javax/swing/RepaintManager$DisplayChangedRunnable done
Event: 1164.871 Loading class java/awt/font/NumericShaper
Event: 1164.883 Loading class java/awt/font/NumericShaper done
Event: 1247.133 Loading class java/util/DualPivotQuicksort$Sorter
Event: 1247.137 Loading class java/util/DualPivotQuicksort$Sorter done
Event: 1631.237 Loading class sun/net/www/protocol/http/HttpURLConnection$10
Event: 1631.240 Loading class sun/net/www/protocol/http/HttpURLConnection$10 done
Event: 1642.822 Loading class sun/net/www/protocol/http/EmptyInputStream
Event: 1642.823 Loading class sun/net/www/protocol/http/EmptyInputStream done
Event: 3017.941 Loading class sun/net/www/http/PosterOutputStream
Event: 3017.946 Loading class sun/net/www/http/PosterOutputStream done
Event: 4352.357 Loading class java/net/HttpRetryException
Event: 4352.362 Loading class java/net/HttpRetryException done

Classes unloaded (20 events):
Event: 6749.942 Thread 0x000001ad843b68a0 Unloading class 0x000001ad860c3c00 'java/lang/invoke/LambdaForm$MH+0x000001ad860c3c00'
Event: 6881.525 Thread 0x000001ad843b68a0 Unloading class 0x000001ad860c3800 'java/lang/invoke/LambdaForm$MH+0x000001ad860c3800'
Event: 6881.525 Thread 0x000001ad843b68a0 Unloading class 0x000001ad86015400 'java/lang/invoke/LambdaForm$MH+0x000001ad86015400'
Event: 6881.525 Thread 0x000001ad843b68a0 Unloading class 0x000001ad86014400 'java/lang/invoke/LambdaForm$MH+0x000001ad86014400'
Event: 6881.525 Thread 0x000001ad843b68a0 Unloading class 0x000001ad86009c00 'java/lang/invoke/LambdaForm$MH+0x000001ad86009c00'
Event: 6881.525 Thread 0x000001ad843b68a0 Unloading class 0x000001ad86009400 'java/lang/invoke/LambdaForm$MH+0x000001ad86009400'
Event: 6881.525 Thread 0x000001ad843b68a0 Unloading class 0x000001ad86008400 'java/lang/invoke/LambdaForm$MH+0x000001ad86008400'
Event: 10151.657 Thread 0x000001ad843b68a0 Unloading class 0x000001ad8641d400 'java/lang/invoke/LambdaForm$MH+0x000001ad8641d400'
Event: 13389.135 Thread 0x000001ad843b68a0 Unloading class 0x000001ad86114c00 'java/lang/invoke/LambdaForm$MH+0x000001ad86114c00'
Event: 13389.135 Thread 0x000001ad843b68a0 Unloading class 0x000001ad86116000 'java/lang/invoke/LambdaForm$MH+0x000001ad86116000'
Event: 13389.135 Thread 0x000001ad843b68a0 Unloading class 0x000001ad8621ac00 'java/lang/invoke/LambdaForm$MH+0x000001ad8621ac00'
Event: 13389.135 Thread 0x000001ad843b68a0 Unloading class 0x000001ad86480800 'java/lang/invoke/LambdaForm$MH+0x000001ad86480800'
Event: 13389.135 Thread 0x000001ad843b68a0 Unloading class 0x000001ad86481400 'java/lang/invoke/LambdaForm$MH+0x000001ad86481400'
Event: 13389.136 Thread 0x000001ad843b68a0 Unloading class 0x000001ad86483000 'java/lang/invoke/LambdaForm$MH+0x000001ad86483000'
Event: 13389.136 Thread 0x000001ad843b68a0 Unloading class 0x000001ad86015c00 'java/lang/invoke/LambdaForm$MH+0x000001ad86015c00'
Event: 13389.136 Thread 0x000001ad843b68a0 Unloading class 0x000001ad86016c00 'java/lang/invoke/LambdaForm$MH+0x000001ad86016c00'
Event: 14784.060 Thread 0x000001ad843b68a0 Unloading class 0x000001ad86448800 'java/lang/invoke/LambdaForm$MH+0x000001ad86448800'
Event: 14784.061 Thread 0x000001ad843b68a0 Unloading class 0x000001ad86449400 'java/lang/invoke/LambdaForm$MH+0x000001ad86449400'
Event: 14784.061 Thread 0x000001ad843b68a0 Unloading class 0x000001ad8644a400 'java/lang/invoke/LambdaForm$MH+0x000001ad8644a400'
Event: 14784.062 Thread 0x000001ad843b68a0 Unloading class 0x000001ad860c8000 'java/lang/invoke/LambdaForm$MH+0x000001ad860c8000'

Classes redefined (0 events):
No events

Internal exceptions (20 events):
Event: 13884.153 Thread 0x000001adce1b2900 Implicit null exception at 0x000001adee8cbdc4 to 0x000001adee8cc533
Event: 13884.153 Thread 0x000001adce1b2900 Exception <a 'java/lang/NullPointerException'{0x000000072ffacb40}> (0x000000072ffacb40) 
thrown [s\src\hotspot\share\runtime\sharedRuntime.cpp, line 625]
Event: 13916.969 Thread 0x000001adce1b2900 Implicit null exception at 0x000001adee8cbdc4 to 0x000001adee8cc533
Event: 13916.969 Thread 0x000001adce1b2900 Exception <a 'java/lang/NullPointerException'{0x000000072a33ce58}> (0x000000072a33ce58) 
thrown [s\src\hotspot\share\runtime\sharedRuntime.cpp, line 625]
Event: 13925.103 Thread 0x000001adce1b2900 Implicit null exception at 0x000001adee8cbdc4 to 0x000001adee8cc533
Event: 13925.103 Thread 0x000001adce1b2900 Exception <a 'java/lang/NullPointerException'{0x0000000728b02ac8}> (0x0000000728b02ac8) 
thrown [s\src\hotspot\share\runtime\sharedRuntime.cpp, line 625]
Event: 13940.341 Thread 0x000001adce1b2900 Implicit null exception at 0x000001adee8cbdc4 to 0x000001adee8cc533
Event: 13940.341 Thread 0x000001adce1b2900 Exception <a 'java/lang/NullPointerException'{0x0000000725dfc658}> (0x0000000725dfc658) 
thrown [s\src\hotspot\share\runtime\sharedRuntime.cpp, line 625]
Event: 13940.924 Thread 0x000001adce1b2900 Implicit null exception at 0x000001adee8cbdc4 to 0x000001adee8cc533
Event: 13940.924 Thread 0x000001adce1b2900 Exception <a 'java/lang/NullPointerException'{0x00000007251a7018}> (0x00000007251a7018) 
thrown [s\src\hotspot\share\runtime\sharedRuntime.cpp, line 625]
Event: 13948.453 Thread 0x000001adce1b2900 Implicit null exception at 0x000001adee8cbdc4 to 0x000001adee8cc533
Event: 13948.453 Thread 0x000001adce1b2900 Exception <a 'java/lang/NullPointerException'{0x00000007243c2c98}> (0x00000007243c2c98) 
thrown [s\src\hotspot\share\runtime\sharedRuntime.cpp, line 625]
Event: 13953.756 Thread 0x000001adce1b2900 Implicit null exception at 0x000001adee8cbdc4 to 0x000001adee8cc533
Event: 13953.756 Thread 0x000001adce1b2900 Exception <a 'java/lang/NullPointerException'{0x0000000722b70da8}> (0x0000000722b70da8) 
thrown [s\src\hotspot\share\runtime\sharedRuntime.cpp, line 625]
Event: 13954.407 Thread 0x000001adce1b2900 Implicit null exception at 0x000001adee8cbdc4 to 0x000001adee8cc533
Event: 13954.407 Thread 0x000001adce1b2900 Exception <a 'java/lang/NullPointerException'{0x000000072241b5f8}> (0x000000072241b5f8) 
thrown [s\src\hotspot\share\runtime\sharedRuntime.cpp, line 625]
Event: 14001.017 Thread 0x000001adce1b2900 Implicit null exception at 0x000001adee8cbdc4 to 0x000001adee8cc533
Event: 14001.018 Thread 0x000001adce1b2900 Exception <a 'java/lang/NullPointerException'{0x00000007fab99160}> (0x00000007fab99160) 
thrown [s\src\hotspot\share\runtime\sharedRuntime.cpp, line 625]
Event: 14001.552 Thread 0x000001adce1b2900 Implicit null exception at 0x000001adee8cbdc4 to 0x000001adee8cc533
Event: 14001.552 Thread 0x000001adce1b2900 Exception <a 'java/lang/NullPointerException'{0x00000007f8443860}> (0x00000007f8443860) 
thrown [s\src\hotspot\share\runtime\sharedRuntime.cpp, line 625]

ZGC Phase Switch (0 events):
No events

VM Operations (20 events):
Event: 14282.685 Executing safepoint VM operation: G1CollectForAllocation (G1 Evacuation Pause) done
Event: 14284.506 Executing safepoint VM operation: G1PauseRemark
Event: 14284.613 Executing safepoint VM operation: G1PauseRemark done
Event: 14284.860 Executing safepoint VM operation: G1PauseCleanup
Event: 14284.861 Executing safepoint VM operation: G1PauseCleanup done
Event: 14401.429 Executing safepoint VM operation: G1CollectForAllocation (G1 Evacuation Pause)
Event: 14401.630 Executing safepoint VM operation: G1CollectForAllocation (G1 Evacuation Pause) done
Event: 14426.013 Executing safepoint VM operation: G1CollectForAllocation (G1 Evacuation Pause)
Event: 14426.042 Executing safepoint VM operation: G1CollectForAllocation (G1 Evacuation Pause) done
Event: 14525.949 Executing safepoint VM operation: G1CollectForAllocation (G1 Evacuation Pause)
Event: 14526.051 Executing safepoint VM operation: G1CollectForAllocation (G1 Evacuation Pause) done
Event: 14618.220 Executing safepoint VM operation: G1CollectForAllocation (G1 Evacuation Pause)
Event: 14618.278 Executing safepoint VM operation: G1CollectForAllocation (G1 Evacuation Pause) done
Event: 14706.383 Executing safepoint VM operation: G1CollectForAllocation (G1 Evacuation Pause)
Event: 14706.419 Executing safepoint VM operation: G1CollectForAllocation (G1 Evacuation Pause) done
Event: 14724.359 Executing safepoint VM operation: G1CollectForAllocation (G1 Evacuation Pause)
Event: 14724.393 Executing safepoint VM operation: G1CollectForAllocation (G1 Evacuation Pause) done
Event: 14779.975 Executing safepoint VM operation: G1CollectForAllocation (G1 Evacuation Pause)
Event: 14780.009 Executing safepoint VM operation: G1CollectForAllocation (G1 Evacuation Pause) done
Event: 14784.054 Executing safepoint VM operation: G1PauseRemark

Memory protections (0 events):
No events

Nmethod flushes (20 events):
Event: 14284.597 Thread 0x000001ad843b68a0 flushing  nmethod 0x000001adedbd9390
Event: 14284.597 Thread 0x000001ad843b68a0 flushing  nmethod 0x000001adedbed890
Event: 14284.597 Thread 0x000001ad843b68a0 flushing  nmethod 0x000001adedcf9190
Event: 14284.597 Thread 0x000001ad843b68a0 flushing  nmethod 0x000001adee1fde90
Event: 14284.598 Thread 0x000001ad843b68a0 flushing  nmethod 0x000001aded756710
Event: 14284.598 Thread 0x000001ad843b68a0 flushing  nmethod 0x000001aded6c6a90
Event: 14284.598 Thread 0x000001ad843b68a0 flushing  nmethod 0x000001adee08e990
Event: 14284.599 Thread 0x000001ad843b68a0 flushing  nmethod 0x000001adf5ec0910
Event: 14284.599 Thread 0x000001ad843b68a0 flushing  nmethod 0x000001adeda96f10
Event: 14284.599 Thread 0x000001ad843b68a0 flushing  nmethod 0x000001adeddcbe10
Event: 14284.599 Thread 0x000001ad843b68a0 flushing  nmethod 0x000001adee7ce490
Event: 14284.599 Thread 0x000001ad843b68a0 flushing  nmethod 0x000001aded729390
Event: 14284.600 Thread 0x000001ad843b68a0 flushing  nmethod 0x000001aded926c10
Event: 14284.600 Thread 0x000001ad843b68a0 flushing  nmethod 0x000001adee837990
Event: 14284.600 Thread 0x000001ad843b68a0 flushing  nmethod 0x000001adf5297010
Event: 14284.600 Thread 0x000001ad843b68a0 flushing  nmethod 0x000001aded6e8d90
Event: 14284.601 Thread 0x000001ad843b68a0 flushing  nmethod 0x000001aded7ec390
Event: 14284.601 Thread 0x000001ad843b68a0 flushing  nmethod 0x000001adedab2a10
Event: 14284.601 Thread 0x000001ad843b68a0 flushing  nmethod 0x000001adedc84510
Event: 14784.444 Thread 0x000001ad843b68a0 flushing  nmethod 0x000001adedb73910

Events (20 events):
Event: 13953.641 Thread 0x000001adce1b2900 Thread added: 0x000001adcd2c4fb0
Event: 13953.641 Thread 0x000001adcd2c4fb0 Thread exited: 0x000001adcd2c4fb0
Event: 13953.832 Thread 0x000001adce1b2900 Thread added: 0x000001adcd2c4fb0
Event: 13953.834 Thread 0x000001adcd2c4fb0 Thread exited: 0x000001adcd2c4fb0
Event: 13954.470 Thread 0x000001adce1b2900 Thread added: 0x000001adce1b77c0
Event: 13954.470 Thread 0x000001adce1b77c0 Thread exited: 0x000001adce1b77c0
Event: 13957.925 Thread 0x000001adce1b2900 Thread added: 0x000001adce1b6aa0
Event: 13957.926 Thread 0x000001adce1b6aa0 Thread exited: 0x000001adce1b6aa0
Event: 13976.678 Thread 0x000001adce1b2900 Thread added: 0x000001ad8463eae0
Event: 13976.679 Thread 0x000001ad8463eae0 Thread exited: 0x000001ad8463eae0
Event: 13997.708 Thread 0x000001adce1b2900 Thread added: 0x000001ad846441a0
Event: 13997.709 Thread 0x000001ad846441a0 Thread exited: 0x000001ad846441a0
Event: 14000.918 Thread 0x000001adce1b2900 Thread added: 0x000001ad846441a0
Event: 14000.920 Thread 0x000001ad846441a0 Thread exited: 0x000001ad846441a0
Event: 14001.084 Thread 0x000001adce1b2900 Thread added: 0x000001ad84644ec0
Event: 14001.084 Thread 0x000001ad84644ec0 Thread exited: 0x000001ad84644ec0
Event: 14001.625 Thread 0x000001adce1b2900 Thread added: 0x000001ad84644830
Event: 14001.626 Thread 0x000001ad84644830 Thread exited: 0x000001ad84644830
Event: 14004.303 Thread 0x000001adce1b2900 Thread added: 0x000001ad84644ec0
Event: 14004.303 Thread 0x000001ad84644ec0 Thread exited: 0x000001ad84644ec0


Dynamic libraries:
0x00007ff77b2b0000 - 0x00007ff77b2be000 	C:\Users\Technical\.jdks\ms-21.0.12\bin\java.exe
0x00007ff8cfc00000 - 0x00007ff8cfe66000 	C:\WINDOWS\SYSTEM32\ntdll.dll
0x00007ff8cf2d0000 - 0x00007ff8cf399000 	C:\WINDOWS\System32\KERNEL32.DLL
0x00007ff8cd330000 - 0x00007ff8cd72f000 	C:\WINDOWS\System32\KERNELBASE.dll
0x00007ff8cce10000 - 0x00007ff8ccf5c000 	C:\WINDOWS\System32\ucrtbase.dll
0x00007ff8c97a0000 - 0x00007ff8c97b8000 	C:\Users\Technical\.jdks\ms-21.0.12\bin\jli.dll
0x00007ff8c97c0000 - 0x00007ff8c97de000 	C:\Users\Technical\.jdks\ms-21.0.12\bin\VCRUNTIME140.dll
0x00007ff8cf670000 - 0x00007ff8cf836000 	C:\WINDOWS\System32\USER32.dll
0x00007ff8cd030000 - 0x00007ff8cd057000 	C:\WINDOWS\System32\win32u.dll
0x00007ff8ce510000 - 0x00007ff8ce53b000 	C:\WINDOWS\System32\GDI32.dll
0x00007ff8a6680000 - 0x00007ff8a6911000 	C:\WINDOWS\WinSxS\amd64_microsoft.windows.common-controls_6595b64144ccf1df_6.0.26100.8972_none_3e0da176e32f9d4b\COMCTL32.dll
0x00007ff8cd740000 - 0x00007ff8cd869000 	C:\WINDOWS\System32\gdi32full.dll
0x00007ff8ce460000 - 0x00007ff8ce509000 	C:\WINDOWS\System32\msvcrt.dll
0x00007ff8cd0f0000 - 0x00007ff8cd193000 	C:\WINDOWS\System32\msvcp_win.dll
0x00007ff8ce6f0000 - 0x00007ff8ce722000 	C:\WINDOWS\System32\IMM32.DLL
0x00007ff8c9790000 - 0x00007ff8c979c000 	C:\Users\Technical\.jdks\ms-21.0.12\bin\vcruntime140_1.dll
0x00007ff8ae8c0000 - 0x00007ff8ae949000 	C:\Users\Technical\.jdks\ms-21.0.12\bin\msvcp140.dll
0x00007ff847070000 - 0x00007ff847e1f000 	C:\Users\Technical\.jdks\ms-21.0.12\bin\server\jvm.dll
0x00007ff8cf9f0000 - 0x00007ff8cfaac000 	C:\WINDOWS\System32\ADVAPI32.dll
0x00007ff8cf440000 - 0x00007ff8cf4ea000 	C:\WINDOWS\System32\sechost.dll
0x00007ff8cf840000 - 0x00007ff8cf958000 	C:\WINDOWS\System32\RPCRT4.dll
0x00007ff8cf3b0000 - 0x00007ff8cf432000 	C:\WINDOWS\System32\WS2_32.dll
0x00007ff8ccc70000 - 0x00007ff8cccce000 	C:\WINDOWS\SYSTEM32\POWRPROF.dll
0x00007ff8bd5b0000 - 0x00007ff8bd5bb000 	C:\WINDOWS\SYSTEM32\VERSION.dll
0x00007ff8c2830000 - 0x00007ff8c2866000 	C:\WINDOWS\SYSTEM32\WINMM.dll
0x00007ff8ccc50000 - 0x00007ff8ccc65000 	C:\WINDOWS\SYSTEM32\UMPDC.dll
0x00007ff8cbb00000 - 0x00007ff8cbb1b000 	C:\WINDOWS\SYSTEM32\kernel.appcore.dll
0x00007ff8c9780000 - 0x00007ff8c978a000 	C:\Users\Technical\.jdks\ms-21.0.12\bin\jimage.dll
0x00007ff8ca680000 - 0x00007ff8ca8c2000 	C:\WINDOWS\SYSTEM32\DBGHELP.DLL
0x00007ff8ce730000 - 0x00007ff8ceab5000 	C:\WINDOWS\System32\combase.dll
0x00007ff8cdf60000 - 0x00007ff8ce039000 	C:\WINDOWS\System32\OLEAUT32.dll
0x00007ff8a3cc0000 - 0x00007ff8a3cfb000 	C:\WINDOWS\SYSTEM32\dbgcore.DLL
0x00007ff8cd870000 - 0x00007ff8cd91c000 	C:\WINDOWS\System32\bcryptPrimitives.dll
0x00007ff8c9770000 - 0x00007ff8c9780000 	C:\Users\Technical\.jdks\ms-21.0.12\bin\instrument.dll
0x00007ff8c6560000 - 0x00007ff8c6581000 	C:\Users\Technical\.jdks\ms-21.0.12\bin\java.dll
0x00007ff8ceb40000 - 0x00007ff8cf2c8000 	C:\WINDOWS\System32\SHELL32.dll
0x00007ff8ca900000 - 0x00007ff8cb19b000 	C:\WINDOWS\SYSTEM32\windows.storage.dll
0x00007ff8ce560000 - 0x00007ff8ce659000 	C:\WINDOWS\System32\SHCORE.dll
0x00007ff8ce1f0000 - 0x00007ff8ce256000 	C:\WINDOWS\System32\shlwapi.dll
0x00007ff8ccd30000 - 0x00007ff8ccd59000 	C:\WINDOWS\SYSTEM32\profapi.dll
0x00007ff88d280000 - 0x00007ff88d356000 	C:\Users\Technical\.jdks\ms-21.0.12\bin\jsvml.dll
0x00007ff8c9610000 - 0x00007ff8c9628000 	C:\Users\Technical\.jdks\ms-21.0.12\bin\zip.dll
0x00007ff8c9750000 - 0x00007ff8c9761000 	C:\Users\Technical\.jdks\ms-21.0.12\bin\net.dll
0x00007ff8c5410000 - 0x00007ff8c5538000 	C:\WINDOWS\SYSTEM32\WINHTTP.dll
0x00007ff8cc0b0000 - 0x00007ff8cc11c000 	C:\WINDOWS\system32\mswsock.dll
0x00007ff8c5780000 - 0x00007ff8c5796000 	C:\Users\Technical\.jdks\ms-21.0.12\bin\nio.dll
0x00007ff8c9700000 - 0x00007ff8c9709000 	C:\Users\Technical\.jdks\ms-21.0.12\bin\extnet.dll
0x00007ff88d020000 - 0x00007ff88d1b3000 	C:\Users\Technical\.jdks\ms-21.0.12\bin\awt.dll
0x00007ff8c97e0000 - 0x00007ff8c987f000 	C:\WINDOWS\SYSTEM32\apphelp.dll
0x00007ff8c9a60000 - 0x00007ff8c9b08000 	C:\WINDOWS\system32\uxtheme.dll
0x00007ff876ed0000 - 0x00007ff876efb000 	C:\Program Files (x86)\UltraViewer\uvh64.dll
0x00007ff8ce040000 - 0x00007ff8ce19d000 	C:\WINDOWS\System32\MSCTF.dll
0x00007ff8cddc0000 - 0x00007ff8cdf59000 	C:\WINDOWS\System32\ole32.dll
0x00007ff8c9d10000 - 0x00007ff8c9d3f000 	C:\WINDOWS\system32\DWMAPI.DLL
0x00007ff8cb560000 - 0x00007ff8cb6b8000 	C:\WINDOWS\SYSTEM32\DNSAPI.dll
0x00007ff8cbe90000 - 0x00007ff8cbe9d000 	C:\WINDOWS\SYSTEM32\DSPARSE.dll
0x00007ff8cb4d0000 - 0x00007ff8cb503000 	C:\WINDOWS\SYSTEM32\IPHLPAPI.DLL
0x00007ff8cf540000 - 0x00007ff8cf54a000 	C:\WINDOWS\System32\NSI.dll
0x00007ff8bd370000 - 0x00007ff8bd37b000 	C:\Windows\System32\rasadhlp.dll
0x00007ff8c40b0000 - 0x00007ff8c4136000 	C:\WINDOWS\System32\fwpuclnt.dll
0x00007ff8c5770000 - 0x00007ff8c577a000 	C:\Users\Technical\.jdks\ms-21.0.12\bin\management.dll
0x00007ff8c27f0000 - 0x00007ff8c27fc000 	C:\Users\Technical\.jdks\ms-21.0.12\bin\management_ext.dll
0x00007ff8ce1e0000 - 0x00007ff8ce1e8000 	C:\WINDOWS\System32\PSAPI.DLL
0x00007ff890a00000 - 0x00007ff890a8b000 	C:\Users\Technical\.jdks\ms-21.0.12\bin\freetype.dll
0x00007ff88cf20000 - 0x00007ff88d01f000 	C:\Users\Technical\.jdks\ms-21.0.12\bin\fontmanager.dll
0x00007ff8cc3a0000 - 0x00007ff8cc3bb000 	C:\WINDOWS\SYSTEM32\CRYPTSP.dll
0x00007ff8cba60000 - 0x00007ff8cba99000 	C:\WINDOWS\system32\rsaenh.dll
0x00007ff8cc160000 - 0x00007ff8cc192000 	C:\WINDOWS\SYSTEM32\USERENV.dll
0x00007ff8ccd00000 - 0x00007ff8ccd2a000 	C:\WINDOWS\SYSTEM32\bcrypt.dll
0x00007ff8cc3c0000 - 0x00007ff8cc3cc000 	C:\WINDOWS\SYSTEM32\CRYPTBASE.dll
0x00007ff893940000 - 0x00007ff893958000 	C:\WINDOWS\system32\napinsp.dll
0x00007ff893920000 - 0x00007ff893933000 	C:\WINDOWS\System32\winrnr.dll
0x00007ff8938f0000 - 0x00007ff893912000 	C:\WINDOWS\system32\nlansp_c.dll
0x00007ff8c4410000 - 0x00007ff8c4426000 	C:\WINDOWS\system32\wshbth.dll
0x00007ff8a7aa0000 - 0x00007ff8a7bac000 	C:\WINDOWS\system32\opengl32.dll
0x00007ff8a6970000 - 0x00007ff8a699d000 	C:\WINDOWS\SYSTEM32\GLU32.dll
0x00007ff8c9b60000 - 0x00007ff8c9ba5000 	C:\WINDOWS\SYSTEM32\dxcore.dll
0x00007ff89c970000 - 0x00007ff89c9c8000 	C:\WINDOWS\SYSTEM32\pdh.dll
0x00007ff894ac0000 - 0x00007ff894ad2000 	C:\WINDOWS\System32\perfproc.dll
0x00007ff8cf550000 - 0x00007ff8cf5fe000 	C:\WINDOWS\System32\clbcatq.dll
0x00007ff8c7610000 - 0x00007ff8c783d000 	C:\WINDOWS\SYSTEM32\WindowsCodecs.dll
0x00007ff887d90000 - 0x00007ff887dec000 	C:\WINDOWS\system32\dataexchange.dll
0x00007ff8ba020000 - 0x00007ff8ba270000 	C:\WINDOWS\system32\twinapi.appcore.dll
0x00007ff8918d0000 - 0x00007ff891a16000 	C:\WINDOWS\SYSTEM32\textinputframework.dll
0x00007ff8c8b60000 - 0x00007ff8c8c8b000 	C:\WINDOWS\SYSTEM32\CoreMessaging.dll
0x00007ff8c4640000 - 0x00007ff8c4924000 	C:\WINDOWS\SYSTEM32\CoreUIComponents.dll
0x00007ff8c6790000 - 0x00007ff8c68fa000 	C:\WINDOWS\SYSTEM32\wintypes.dll
0x00007ff8936e0000 - 0x00007ff8936f1000 	C:\WINDOWS\SYSTEM32\wtdccm.dll
0x00007ff8a73d0000 - 0x00007ff8a7485000 	C:\WINDOWS\WinSxS\amd64_microsoft.windows.common-controls_6595b64144ccf1df_5.82.26100.8328_none_87eede957a2ccddd\comctl32.dll
0x00007ff8cc930000 - 0x00007ff8cc982000 	C:\WINDOWS\SYSTEM32\CFGMGR32.dll
0x00007ff8a0e50000 - 0x00007ff8a102d000 	C:\Windows\System32\urlmon.dll
0x00007ff8a0b50000 - 0x00007ff8a0e14000 	C:\Windows\System32\iertutil.dll
0x00007ff8cb4b0000 - 0x00007ff8cb4bd000 	C:\Windows\System32\netutils.dll
0x00007ff8ad4e0000 - 0x00007ff8ad509000 	C:\Windows\System32\srvcli.dll
0x00007ff8cbdb0000 - 0x00007ff8cbdf9000 	C:\Windows\System32\SspiCli.dll
0x00007ff8c9250000 - 0x00007ff8c9344000 	C:\Windows\System32\PROPSYS.dll
0x00007ff8c5fc0000 - 0x00007ff8c5fd7000 	C:\WINDOWS\SYSTEM32\virtdisk.dll
0x00007ff8933e0000 - 0x00007ff89349f000 	C:\Windows\System32\Windows.FileExplorer.Common.dll
0x00007ff889b70000 - 0x00007ff889b8b000 	C:\WINDOWS\system32\NetworkExplorer.dll
0x00007ff882280000 - 0x00007ff8822f1000 	C:\Windows\System32\thumbcache.dll
0x00007ff890fb0000 - 0x00007ff89112f000 	C:\Windows\System32\Windows.System.Launcher.dll
0x00007ff8ae170000 - 0x00007ff8ae18f000 	C:\WINDOWS\SYSTEM32\windows.staterepositorycore.dll
0x00007ff8a0e20000 - 0x00007ff8a0e41000 	C:\WINDOWS\SYSTEM32\MPR.dll
0x00007ff887fa0000 - 0x00007ff887fc2000 	C:\WINDOWS\System32\p9np.dll
0x00007ff888b30000 - 0x00007ff888b3d000 	C:\WINDOWS\System32\drprov.dll
0x00007ff8723f0000 - 0x00007ff872414000 	C:\WINDOWS\System32\ntlanman.dll
0x00007ff8496c0000 - 0x00007ff8496e1000 	C:\WINDOWS\System32\davclnt.dll
0x00007ff8cca00000 - 0x00007ff8cca62000 	C:\WINDOWS\System32\WINSTA.dll
0x00007ff8c4c30000 - 0x00007ff8c4c4b000 	C:\WINDOWS\System32\wkscli.dll
0x00007ff893690000 - 0x00007ff8936a3000 	C:\WINDOWS\SYSTEM32\cscapi.dll
0x00007ff8762a0000 - 0x00007ff8762f6000 	C:\Windows\System32\dlnashext.dll
0x00007ff85a3f0000 - 0x00007ff85a44d000 	C:\Windows\System32\PlayToDevice.dll
0x00007ff88fc50000 - 0x00007ff88fc80000 	C:\Windows\System32\DevDispItemProvider.dll
0x00007ff8c4e60000 - 0x00007ff8c4f06000 	C:\WINDOWS\System32\MMDevApi.dll
0x00007ff8cc990000 - 0x00007ff8cc9bf000 	C:\WINDOWS\System32\DEVOBJ.dll
0x00007ff85a080000 - 0x00007ff85a12c000 	C:\WINDOWS\system32\wpdshext.dll
0x00007ff8a6b50000 - 0x00007ff8a6d2b000 	C:\WINDOWS\WinSxS\amd64_microsoft.windows.gdiplus_6595b64144ccf1df_1.1.26100.9168_none_6ef70e683dc39227\gdiplus.dll
0x00007ff8c5360000 - 0x00007ff8c53fd000 	C:\Windows\System32\PortableDeviceApi.dll
0x00007ff8cd930000 - 0x00007ff8cddb7000 	C:\WINDOWS\System32\SETUPAPI.dll
0x00007ff8cd060000 - 0x00007ff8cd0e3000 	C:\WINDOWS\System32\WINTRUST.dll
0x00007ff8cd1a0000 - 0x00007ff8cd31e000 	C:\WINDOWS\System32\CRYPT32.dll
0x00007ff8cc420000 - 0x00007ff8cc433000 	C:\WINDOWS\SYSTEM32\MSASN1.dll
0x00007ff879d70000 - 0x00007ff879db1000 	C:\Windows\System32\EhStorShell.dll
0x00007ff890bf0000 - 0x00007ff890c15000 	C:\Windows\System32\EhStorAPI.dll
0x00007ff8c98b0000 - 0x00007ff8c98d9000 	C:\Windows\System32\WTSAPI32.dll
0x00007ff881e80000 - 0x00007ff881e8f000 	C:\WINDOWS\SYSTEM32\LINKINFO.dll
0x00007ff8c9890000 - 0x00007ff8c989d000 	C:\WINDOWS\SYSTEM32\Secur32.dll
0x00007ff8cb450000 - 0x00007ff8cb46b000 	C:\WINDOWS\SYSTEM32\samcli.dll

JVMTI agents:
C:\Program Files\JetBrains\IntelliJ IDEA 2025.1.3\lib\idea_rt.jar path:C:\Users\Technical\.jdks\ms-21.0.12\bin\instrument.dll, loaded, initialized, instrumentlib options:57582

dbghelp: loaded successfully - version: 4.0.5 - missing functions: none
symbol engine: initialized successfully - sym options: 0x614 - pdb path: .;C:\Users\Technical\.jdks\ms-21.0.12\bin;C:\WINDOWS\SYSTEM32;C:\WINDOWS\WinSxS\amd64_microsoft.windows.common-controls_6595b64144ccf1df_6.0.26100.8972_none_3e0da176e32f9d4b;C:\Users\Technical\.jdks\ms-21.0.12\bin\server;C:\Program Files (x86)\UltraViewer;C:\WINDOWS\WinSxS\amd64_microsoft.windows.common-controls_6595b64144ccf1df_5.82.26100.8328_none_87eede957a2ccddd;C:\WINDOWS\WinSxS\amd64_microsoft.windows.gdiplus_6595b64144ccf1df_1.1.26100.9168_none_6ef70e683dc39227;C:\Users\Technical\AppData\Local\Temp\flatlaf.temp

VM Arguments:
jvm_args: -javaagent:C:\Program Files\JetBrains\IntelliJ IDEA 2025.1.3\lib\idea_rt.jar=57582 -Dfile.encoding=UTF-8 -Dsun.stdout.encoding=UTF-8 -Dsun.stderr.encoding=UTF-8 
java_command: driverecovery.Main
java_class_path (initial): C:\Users\Technical\OneDrive\Documents\onedrive\OneDrive - Professional\Pictures\DA 1\Drive-Activity\target\classes;C:\Users\Technical\.m2\repository\com\google\apis\google-api-services-drive\v3-rev20251210-2.0.0\google-api-services-drive-v3-rev20251210-2.0.0.jar;C:\Users\Technical\.m2\repository\com\google\apis\google-api-services-driveactivity\v2-rev20230704-2.0.0\google-api-services-driveactivity-v2-rev20230704-2.0.0.jar;C:\Users\Technical\.m2\repository\com\google\apis\google-api-services-admin-directory\directory_v1-rev20220919-2.0.0\google-api-services-admin-directory-directory_v1-rev20220919-2.0.0.jar;C:\Users\Technical\.m2\repository\com\google\apis\google-api-services-admin-reports\reports_v1-rev20250128-2.0.0\google-api-services-admin-reports-reports_v1-rev20250128-2.0.0.jar;C:\Users\Technical\.m2\repository\com\google\api-client\google-api-client\2.0.0\google-api-client-2.0.0.jar;C:\Users\Technical\.m2\repository\com\google\oauth-client\google-oauth-client\1.34.1\google-oauth-client-1.34.1.jar;C:\Users\Technical\.m2\repository\com\google\guava\guava\31.1-jre\guava-31.1-jre.jar;C:\Users\Technical\.m2\repository\com\google\guava\failureaccess\1.0.1\failureaccess-1.0.1.jar;C:\Users\Technical\.m2\repository\com\google\guava\listenablefuture\9999.0-empty-to-avoid-conflict-with-guava\listenablefuture-9999.0-empty-to-avoid-conflict-with-guava.jar;C:\Users\Technical\.m2\repository\org\checkerframework\checker-qual\3.12.0\checker-qual-3.12.0.jar;C:\Users\Technical\.m2\repository\com\google\errorprone\error_prone_annotations\2.11.0\error_prone_annotations-2.11.0.jar;C:\Users\Technical\.m2\repository\com\google\j2objc\j2objc-annotations\1.3\j2objc-annotations-1.3.jar;C:\Users\Technical\.m2\repository\com\google\http-client\google-http-client-apache-v2\1.42.1\google-http-client-apache-v2-1.42.1.jar;C:\Users\Technical\.m2\repository\org\apache\httpcomponents\httpcore\4.4.15\httpcore-4.4.15.jar;C:\Users\Technical\.m2\repository\org\apache\httpcomponents\httpclient\4.5.13\httpclient-4.5.13.jar;C:\Users\Technical\.m2\repository\commons-logging\commons-logging\1.2\commons-logging-1.2.jar;C:\Users\Technical\.m2\repository\commons-codec\commons-codec\1.11\commons-codec-1.11.jar;C:\Users\Technical\.m2\repository\com\google\http-client\google-http-client\1.42.1\google-http-client-1.42.1.jar;C:\Users\Technical\.m2\repository\io\opencensus\opencensus-api\0.31.1\opencensus-api-0.31.1.jar;C:\Users\Technical\.m2\repository\io\grpc\grpc-context\1.27.2\grpc-context-1.27.2.jar;C:\Users\Technical\.m2\repository\io\opencensus\opencensus-contrib-http-util\0.31.1\opencensus-contrib-http-util-0.31.1.jar;C:\Users\Technical\.m2\repository\com\google\oauth-client\google-oauth-client-jetty\1.34.1\google-oauth-client-jetty-1.34.1.jar;C:\Users\Technical\.m2\repository\com\google\oauth-client\google-oauth-client-java6\1.34.1\google-oauth-client-java6-1.34.1.jar;C:\Users\Technical\.m2\repository\com\google\auth\google-auth-library-oauth2-http\1.19.0\google-auth-library-oauth2-http-1.19.0.jar;C:\Users\Technical\.m2\repository\com\google\auto\value\auto-value-annotations\1.10.1\auto-value-annotations-1.10.1.jar;C:\Users\Technical\.m2\repository\com\google\code\findbugs\jsr305\3.0.2\jsr305-3.0.2.jar;C:\Users\Technical\.m2\repository\com\google\auth\google-auth-library-credentials\1.19.0\google-auth-library-credentials-1.19.0.jar;C:\Users\Technical\.m2\repository\com\google\http-client\google-http-client-gson\1.42.3\google-http-client-gson-1.42.3.jar;C:\Users\Technical\.m2\repository\org\apache\poi\poi-ooxml\5.2.3\poi-ooxml-5.2.3.jar;C:\Users\Technical\.m2\repository\org\apache\poi\poi\5.2.3\poi-5.2.3.jar;C:\Users\Technical\.m2\repository\org\apache\commons\commons-math3\3.6.1\commons-math3-3.6.1.jar;C:\Users\Technical\.m2\repository\com\zaxxer\SparseBitSet\1.2\SparseBitSet-1.2.jar;C:\Users\Technical\.m2\repository\org\apache\poi\poi-ooxml-lite\5.2.3\poi-ooxml-lite-5.2.3.jar;C:\Users\Technical\.m2\repository\org\apache\xmlbeans\xmlbeans\5.1.1\xmlbeans-5.1.1.jar;C:\Users\Technical\.m2\repository\org\apache\commons\commons-compress\1.21\commons-compress-1.21.jar;C:\Users\Technical\.m2\repository\commons-io\commons-io\2.11.0\commons-io-2.11.0.jar;C:\Users\Technical\.m2\repository\com\github\virtuald\curvesapi\1.07\curvesapi-1.07.jar;C:\Users\Technical\.m2\repository\org\apache\logging\log4j\log4j-api\2.18.0\log4j-api-2.18.0.jar;C:\Users\Technical\.m2\repository\org\apache\commons\commons-collections4\4.4\commons-collections4-4.4.jar;C:\Users\Technical\.m2\repository\org\slf4j\slf4j-simple\2.0.7\slf4j-simple-2.0.7.jar;C:\Users\Technical\.m2\repository\org\slf4j\slf4j-api\2.0.7\slf4j-api-2.0.7.jar;C:\Users\Technical\.m2\repository\com\google\code\gson\gson\2.10.1\gson-2.10.1.jar;C:\Users\Technical\.m2\repository\com\formdev\flatlaf\3.4.1\flatlaf-3.4.1.jar;C:\Users\Technical\.m2\repository\com\formdev\flatlaf-extras\3.4.1\flatlaf-extras-3.4.1.jar;C:\Users\Technical\.m2\repository\com\github\weisj\jsvg\1.4.0\jsvg-1.4.0.jar
Launcher Type: SUN_STANDARD

[Global flags]
     intx CICompilerCount                          = 4                                         {product} {ergonomic}
     uint ConcGCThreads                            = 2                                         {product} {ergonomic}
     uint G1ConcRefinementThreads                  = 8                                         {product} {ergonomic}
   size_t G1HeapRegionSize                         = 2097152                                   {product} {ergonomic}
    uintx GCDrainStackTargetSize                   = 64                                        {product} {ergonomic}
   size_t InitialHeapSize                          = 264241152                                 {product} {ergonomic}
   size_t MarkStackSize                            = 4194304                                   {product} {ergonomic}
   size_t MaxHeapSize                              = 4213178368                                {product} {ergonomic}
   size_t MaxNewSize                               = 2527068160                                {product} {ergonomic}
   size_t MinHeapDeltaBytes                        = 2097152                                   {product} {ergonomic}
   size_t MinHeapSize                              = 8388608                                   {product} {ergonomic}
    uintx NonNMethodCodeHeapSize                   = 5839372                                {pd product} {ergonomic}
    uintx NonProfiledCodeHeapSize                  = 122909434                              {pd product} {ergonomic}
    uintx ProfiledCodeHeapSize                     = 122909434                              {pd product} {ergonomic}
    uintx ReservedCodeCacheSize                    = 251658240                              {pd product} {ergonomic}
     bool SegmentedCodeCache                       = true                                      {product} {ergonomic}
   size_t SoftMaxHeapSize                          = 4213178368                             {manageable} {ergonomic}
     bool UseCompressedOops                        = true                           {product lp64_product} {ergonomic}
     bool UseG1GC                                  = true                                      {product} {ergonomic}
     bool UseLargePagesIndividualAllocation        = false                                  {pd product} {ergonomic}

Logging:
Log output configuration:
 #0: stdout all=warning uptime,level,tags foldmultilines=false
 #1: stderr all=off uptime,level,tags foldmultilines=false

Release file:
IMPLEMENTOR="Microsoft" 
IMPLEMENTOR_VERSION="Microsoft-14653896" 
JAVA_RUNTIME_VERSION="21.0.12+8-LTS" 
JAVA_VERSION="21.0.12" 
JAVA_VERSION_DATE="2026-07-21" 
LIBC="default" 
MODULES="java.base java.compiler java.datatransfer java.xml java.prefs java.desktop java.instrument java.logging java.management java.security.sasl java.naming java.rmi java.management.rmi java.net.http java.scripting java.security.jgss java.transaction.xa java.sql java.sql.rowset java.xml.crypto java.se java.smartcardio jdk.accessibility jdk.internal.jvmstat jdk.attach jdk.charsets jdk.internal.opt jdk.zipfs jdk.compiler jdk.crypto.ec jdk.crypto.cryptoki jdk.crypto.mscapi jdk.dynalink jdk.internal.ed jdk.editpad jdk.hotspot.agent jdk.httpserver jdk.incubator.vector jdk.internal.le jdk.internal.vm.ci jdk.internal.vm.compiler jdk.internal.vm.compiler.management jdk.jartool jdk.javadoc jdk.jcmd jdk.management jdk.management.agent jdk.jconsole jdk.jdeps jdk.jdwp.agent jdk.jdi jdk.jfr jdk.jlink jdk.jpackage jdk.jshell jdk.jsobject jdk.jstatd jdk.localedata jdk.management.jfr jdk.naming.dns jdk.naming.rmi jdk.net jdk.nio.mapmode jdk.random jdk.sctp jdk.security.auth jdk.security.jgss jdk.unsupported jdk.unsupported.desktop jdk.xml.dom" 
OS_ARCH="x86_64" 
OS_NAME="Windows" 
SOURCE=".:git:ffd52e07a1a6" 

Environment Variables:
PATH=C:\Program Files\Common Files\Oracle\Java\javapath;C:\Python314\Scripts\;C:\Python314\;C:\WINDOWS\system32;C:\WINDOWS;C:\WINDOWS\System32\Wbem;C:\WINDOWS\System32\WindowsPowerShell\v1.0\;C:\WINDOWS\System32\OpenSSH\;C:\Program Files (x86)\Google\Google Workspace Migration\;C:\Program Files (x86)\Google\Google Apps Migration\;C:\Program Files\Google\Google Apps Migration\;C:\GAM7\;C:\Program Files\dotnet\;C:\Program Files\nodejs\;C:\ProgramData\chocolatey\bin;C:\Program Files\Azure Data Studio\bin;C:\Program Files\Git\cmd;C:\Users\Technical\AppData\Local\Programs\Python\Python313\Scripts\;C:\Users\Technical\AppData\Local\Programs\Python\Python313\;C:\Users\Technical\AppData\Local\Programs\Python\Launcher\;C:\Users\Technical\AppData\Local\Microsoft\WindowsApps;C:\Users\Technical\AppData\Local\Programs\Microsoft VS Code\bin;C:\Users\Technical\AppData\Local\Programs\Git\cmd;;C:\Users\Technical\.lmstudio\bin;C:\Users\Technical\AppData\Local\Programs\Azure Data Studio\bin;C:\Users\Technical\.dotnet\tools;C:\Program Files\JetBrains\IntelliJ IDEA 2025.1.3\bin;;C:\Users\Technical\AppData\Roaming\npm;C:\Program Files\Azure Data Studio\bin;C:\Users\Technical\AppData\Local\Programs\Ollama;C:\Users\Technical\AppData\Local\Programs\Antigravity\bin;C:\Users\Technical\AppData\Local\Programs\Antigravity IDE\bin
USERNAME=Technical
OS=Windows_NT
PROCESSOR_IDENTIFIER=Intel64 Family 6 Model 151 Stepping 5, GenuineIntel
TMP=C:\Users\TECHNI~1\AppData\Local\Temp
TEMP=C:\Users\TECHNI~1\AppData\Local\Temp




Periodic native trim disabled

---------------  S Y S T E M  ---------------

OS:
 Windows 11 , 64 bit Build 26100 (10.0.26100.9168)
OS uptime: 0 days 11:21 hours

CPU: total 8 (initial active 8) (4 cores per cpu, 2 threads per core) family 6 model 151 stepping 5 microcode 0x37, cx8, cmov, fxsr, ht, mmx, 3dnowpref, sse, sse2, sse3, ssse3, sse4.1, sse4.2, popcnt, lzcnt, tsc, tscinvbit, avx, avx2, aes, erms, clmul, bmi1, bmi2, adx, sha, fma, vzeroupper, clflush, clflushopt, clwb, serialize, rdtscp, rdpid, fsrm, f16c, pku, cet_ibt, cet_ss
Processor Information for the first 8 processors :
  Max Mhz: 3300, Current Mhz: 3300, Mhz Limit: 3300

Memory: 4k page, system-wide physical 16071M (18M free)
TotalPageFile size 42396M (AvailPageFile size 409M)
current process WorkingSet (physical memory assigned to process): 1195M, peak: 1195M
current process commit charge ("private bytes"): 1562M, peak: 2132M

vm_info: OpenJDK 64-Bit Server VM (21.0.12+8-LTS) for windows-amd64 JRE (21.0.12+8-LTS), built on 2026-07-14T17:50:36Z by "MicrosoftCorporation" with MS VC++ 17.14 (VS2022)

END.
