#
# There is insufficient memory for the Java Runtime Environment to continue.
# Native memory allocation (mmap) failed to map 2097152 bytes. Error detail: G1 virtual space
# Possible reasons:
#   The system is out of physical RAM or swap space
#   This process is running with CompressedOops enabled, and the Java Heap may be blocking the growth of the native heap
# Possible solutions:
#   Reduce memory load on the system
#   Increase physical memory or swap space
#   Check if swap backing store is full
#   Decrease Java heap size (-Xmx/-Xms)
#   Decrease number of Java threads
#   Decrease Java thread stack sizes (-Xss)
#   Set larger code cache with -XX:ReservedCodeCacheSize=
#   JVM is running with Zero Based Compressed Oops mode in which the Java heap is
#     placed in the first 32GB address space. The Java Heap base address is the
#     maximum limit for the native heap growth. Please use -XX:HeapBaseMinAddress
#     to set the Java Heap base and to place the Java Heap above 32GB virtual address.
# This output file may be truncated or incomplete.
#
#  Out of Memory Error (os_windows.cpp:3735), pid=26936, tid=2868
#
# JRE version: OpenJDK Runtime Environment Microsoft-14653896 (21.0.12+8) (build 21.0.12+8-LTS)
# Java VM: OpenJDK 64-Bit Server VM Microsoft-14653896 (21.0.12+8-LTS, mixed mode, sharing, tiered, compressed oops, compressed class ptrs, g1 gc, windows-amd64)
# No core dump will be written. Minidumps are not enabled by default on client versions of Windows
#

---------------  S U M M A R Y ------------

Command Line: -javaagent:C:\Program Files\JetBrains\IntelliJ IDEA 2025.1.3\lib\idea_rt.jar=54502 -Dfile.encoding=UTF-8 -Dsun.stdout.encoding=UTF-8 -Dsun.stderr.encoding=UTF-8 driverecovery.Main

Host: 12th Gen Intel(R) Core(TM) i3-12100, 8 cores, 15G,  Windows 11 , 64 bit Build 26100 (10.0.26100.9168)
Time: Tue Aug 25 20:56:08 2026 SE Asia Standard Time elapsed time: 17587.924075 seconds (0d 4h 53m 7s)

---------------  T H R E A D  ---------------

Current thread (0x00000153fa696610):  WorkerThread "GC Thread#4"    [id=2868, stack(0x0000004683700000,0x0000004683800000) (1024K)]

Stack: [0x0000004683700000,0x0000004683800000]
Native frames: (J=compiled Java code, j=interpreted, Vv=VM code, C=native code)
V  [jvm.dll+0x6e0c09]  (no source info available)
V  [jvm.dll+0x8c0e1b]  (no source info available)
V  [jvm.dll+0x8c33ad]  (no source info available)
V  [jvm.dll+0x8c3a83]  (no source info available)
V  [jvm.dll+0x28ac66]  (no source info available)
V  [jvm.dll+0x6e00b5]  (no source info available)
V  [jvm.dll+0x6d3b6a]  (no source info available)
V  [jvm.dll+0x367f2e]  (no source info available)
V  [jvm.dll+0x36fdfb]  (no source info available)
V  [jvm.dll+0x3c1610]  (no source info available)
V  [jvm.dll+0x3c1c91]  (no source info available)
V  [jvm.dll+0x3c1d4f]  (no source info available)
V  [jvm.dll+0x33cb2c]  (no source info available)
V  [jvm.dll+0x33c885]  (no source info available)
V  [jvm.dll+0x32b516]  (no source info available)
V  [jvm.dll+0x32c32a]  (no source info available)
V  [jvm.dll+0x32c732]  (no source info available)
V  [jvm.dll+0x32c18d]  (no source info available)
V  [jvm.dll+0x369d56]  (no source info available)
V  [jvm.dll+0x36a0b0]  (no source info available)
V  [jvm.dll+0x36b28f]  (no source info available)
V  [jvm.dll+0x36ad9f]  (no source info available)
V  [jvm.dll+0x37f6d9]  (no source info available)
V  [jvm.dll+0x37fd2a]  (no source info available)
V  [jvm.dll+0x37fe17]  (no source info available)
V  [jvm.dll+0x380ce1]  (no source info available)
V  [jvm.dll+0x8eedf1]  (no source info available)
V  [jvm.dll+0x86ba8d]  (no source info available)
V  [jvm.dll+0x6e21bd]  (no source info available)
C  [ucrtbase.dll+0x2cd30]  (no source info available)
C  [KERNEL32.DLL+0x2ccb7]  (no source info available)
C  [ntdll.dll+0xaad6c]  (no source info available)


---------------  P R O C E S S  ---------------

Threads class SMR info:
_java_thread_list=0x00000153fb116860, length=26, elements={
0x00000153b2f4fac0, 0x00000153b2f51440, 0x00000153b2f581e0, 0x00000153b2f5b730,
0x00000153b2f5a4a0, 0x00000153b2f69680, 0x00000153b2f78a70, 0x00000153b2f7d5c0,
0x00000153b2f6a3a0, 0x00000153b2f68ff0, 0x00000153b2f69d10, 0x00000153b2f682d0,
0x00000153b2f68960, 0x00000153b2f675b0, 0x00000153b2f66f20, 0x00000153b2f67c40,
0x00000153f8b92030, 0x00000153f8b919a0, 0x00000153f8b905f0, 0x00000153f8b933e0,
0x00000153f8b926c0, 0x00000153f8b95b40, 0x00000153f8b961d0, 0x00000153f8b96ef0,
0x00000153f8b97c10, 0x00000153fc6712b0
}

Java Threads: ( => current thread )
  0x00000153b2f4fac0 JavaThread "Reference Handler"          daemon [_thread_blocked, id=6304, stack(0x0000004682400000,0x0000004682500000) (1024K)]
  0x00000153b2f51440 JavaThread "Finalizer"                  daemon [_thread_blocked, id=11792, stack(0x0000004682500000,0x0000004682600000) (1024K)]
  0x00000153b2f581e0 JavaThread "Signal Dispatcher"          daemon [_thread_blocked, id=24712, stack(0x0000004682600000,0x0000004682700000) (1024K)]
  0x00000153b2f5b730 JavaThread "Attach Listener"            daemon [_thread_blocked, id=25508, stack(0x0000004682700000,0x0000004682800000) (1024K)]
  0x00000153b2f5a4a0 JavaThread "Service Thread"             daemon [_thread_blocked, id=11300, stack(0x0000004682800000,0x0000004682900000) (1024K)]
  0x00000153b2f69680 JavaThread "Monitor Deflation Thread"   daemon [_thread_blocked, id=13996, stack(0x0000004682900000,0x0000004682a00000) (1024K)]
  0x00000153b2f78a70 JavaThread "C2 CompilerThread0"         daemon [_thread_blocked, id=1944, stack(0x0000004682a00000,0x0000004682b00000) (1024K)]
  0x00000153b2f7d5c0 JavaThread "C1 CompilerThread0"         daemon [_thread_blocked, id=22000, stack(0x0000004682b00000,0x0000004682c00000) (1024K)]
  0x00000153b2f6a3a0 JavaThread "Common-Cleaner"             daemon [_thread_blocked, id=20844, stack(0x0000004682c00000,0x0000004682d00000) (1024K)]
  0x00000153b2f68ff0 JavaThread "Monitor Ctrl-Break"         daemon [_thread_in_native, id=18880, stack(0x0000004682e00000,0x0000004682f00000) (1024K)]
  0x00000153b2f69d10 JavaThread "Notification Thread"        daemon [_thread_blocked, id=22516, stack(0x0000004682f00000,0x0000004683000000) (1024K)]
  0x00000153b2f682d0 JavaThread "Java2D Disposer"            daemon [_thread_blocked, id=12596, stack(0x0000004683000000,0x0000004683100000) (1024K)]
  0x00000153b2f68960 JavaThread "AWT-Shutdown"                      [_thread_blocked, id=4200, stack(0x0000004683100000,0x0000004683200000) (1024K)]
  0x00000153b2f675b0 JavaThread "AWT-Windows"                daemon [_thread_in_native, id=660, stack(0x0000004683200000,0x0000004683300000) (1024K)]
  0x00000153b2f66f20 JavaThread "AWT-EventQueue-0"                  [_thread_blocked, id=22588, stack(0x0000004683300000,0x0000004683400000) (1024K)]
  0x00000153b2f67c40 JavaThread "DestroyJavaVM"                     [_thread_blocked, id=26308, stack(0x0000004681c00000,0x0000004681d00000) (1024K)]
  0x00000153f8b92030 JavaThread "RMI TCP Accept-0"           daemon [_thread_in_native, id=26932, stack(0x0000004683b00000,0x0000004683c00000) (1024K)]
  0x00000153f8b919a0 JavaThread "RMI Scheduler(0)"           daemon [_thread_blocked, id=26100, stack(0x0000004683d00000,0x0000004683e00000) (1024K)]
  0x00000153f8b905f0 JavaThread "JMX server connection timeout 39" daemon [_thread_blocked, id=24220, stack(0x0000004683e00000,0x0000004683f00000) (1024K)]
  0x00000153f8b933e0 JavaThread "TimerQueue"                 daemon [_thread_blocked, id=20908, stack(0x0000004683f00000,0x0000004684000000) (1024K)]
  0x00000153f8b926c0 JavaThread "Swing-Shell"                daemon [_thread_blocked, id=16656, stack(0x0000004681a00000,0x0000004681b00000) (1024K)]
  0x00000153f8b95b40 JavaThread "SwingWorker-pool-2-thread-1" daemon [_thread_blocked, id=20064, stack(0x0000004684800000,0x0000004684900000) (1024K)]
  0x00000153f8b961d0 JavaThread "SwingWorker-pool-2-thread-2" daemon [_thread_blocked, id=10420, stack(0x0000004681b00000,0x0000004681c00000) (1024K)]
  0x00000153f8b96ef0 JavaThread "pool-3-thread-1"                   [_thread_blocked, id=11076, stack(0x0000004683c00000,0x0000004683d00000) (1024K)]
  0x00000153f8b97c10 JavaThread "Keep-Alive-Timer"           daemon [_thread_blocked, id=25928, stack(0x0000004682d00000,0x0000004682e00000) (1024K)]
  0x00000153fc6712b0 JavaThread "RMI TCP Connection(19)-192.168.40.57" daemon [_thread_in_native, id=25832, stack(0x0000004684200000,0x0000004684300000) (1024K)]
Total: 26

Other Threads:
  0x00000153b2f2ee00 VMThread "VM Thread"                           [id=23996, stack(0x0000004682300000,0x0000004682400000) (1024K)]
  0x00000153b2f1a010 WatcherThread "VM Periodic Task Thread"        [id=16644, stack(0x0000004682200000,0x0000004682300000) (1024K)]
  0x0000015393c87d20 WorkerThread "GC Thread#0"                     [id=22088, stack(0x0000004681d00000,0x0000004681e00000) (1024K)]
  0x00000153f8bf98c0 WorkerThread "GC Thread#1"                     [id=27180, stack(0x0000004683400000,0x0000004683500000) (1024K)]
  0x00000153fa695eb0 WorkerThread "GC Thread#2"                     [id=18828, stack(0x0000004683500000,0x0000004683600000) (1024K)]
  0x00000153fa696260 WorkerThread "GC Thread#3"                     [id=26216, stack(0x0000004683600000,0x0000004683700000) (1024K)]
=>0x00000153fa696610 WorkerThread "GC Thread#4"                     [id=2868, stack(0x0000004683700000,0x0000004683800000) (1024K)]
  0x00000153fa6971d0 WorkerThread "GC Thread#5"                     [id=6956, stack(0x0000004683800000,0x0000004683900000) (1024K)]
  0x00000153f8aee470 WorkerThread "GC Thread#6"                     [id=17548, stack(0x0000004683900000,0x0000004683a00000) (1024K)]
  0x00000153f8aee820 WorkerThread "GC Thread#7"                     [id=23200, stack(0x0000004683a00000,0x0000004683b00000) (1024K)]
  0x0000015393c98820 ConcurrentGCThread "G1 Main Marker"            [id=12148, stack(0x0000004681e00000,0x0000004681f00000) (1024K)]
  0x0000015393c9a1b0 WorkerThread "G1 Conc#0"                       [id=22832, stack(0x0000004681f00000,0x0000004682000000) (1024K)]
  0x00000153fa989fa0 WorkerThread "G1 Conc#1"                       [id=23908, stack(0x0000004681900000,0x0000004681a00000) (1024K)]
  0x00000153b2deb5e0 ConcurrentGCThread "G1 Refine#0"               [id=23992, stack(0x0000004682000000,0x0000004682100000) (1024K)]
  0x00000153b2debf70 ConcurrentGCThread "G1 Service"                [id=1424, stack(0x0000004682100000,0x0000004682200000) (1024K)]
Total: 15

Threads with active compile tasks:
Total: 0

VM state: at safepoint (normal execution)

VM Mutex/Monitor currently owned by a thread:  ([mutex/lock_event])
[0x00007ff847d3a330] FreeList_lock - owner thread: 0x00000153fa696610
[0x00007ff847d3c8b0] Threads_lock - owner thread: 0x00000153b2f2ee00
[0x00007ff847d3c9b0] Heap_lock - owner thread: 0x00000153f8b96ef0

Heap address: 0x0000000704e00000, size: 4018 MB, Compressed Oops mode: Zero based, Oop shift amount: 3

CDS archive(s) mapped at: [0x00000153b3000000-0x00000153b3c80000-0x00000153b3c80000), size 13107200, SharedBaseAddress: 0x00000153b3000000, ArchiveRelocationMode: 1.
Compressed class space mapped at: 0x00000153b4000000-0x00000153f4000000, reserved size: 1073741824
Narrow klass base: 0x00000153b3000000, Narrow klass shift: 0, Narrow klass range: 0x100000000

GC Precious Log:
 CardTable entry size: 512
 Card Set container configuration: InlinePtr #cards 4 size 8 Array Of Cards #cards 16 size 48 Howl #buckets 8 coarsen threshold 3686 Howl Bitmap #cards 512 size 80 coarsen threshold 460 Card regions per heap region 1 cards per card region 4096
 CPUs: 8 total, 8 available
 Memory: 16071M
 Large Page Support: Disabled
 NUMA Support: Disabled
 Compressed Oops: Enabled (Zero based)
 Heap Region Size: 2M
 Heap Min Capacity: 8M
 Heap Initial Capacity: 252M
 Heap Max Capacity: 4018M
 Pre-touch: Disabled
 Parallel Workers: 8
 Concurrent Workers: 2
 Concurrent Refinement Workers: 8
 Periodic GC: Disabled

Heap:
 garbage-first heap   total 1028096K, used 966378K [0x0000000704e00000, 0x0000000800000000)
  region size 2048K, 208 young (425984K), 18 survivors (36864K)
 Metaspace       used 39611K, committed 40256K, reserved 1114112K
  class space    used 4283K, committed 4608K, reserved 1048576K

Heap Regions: E=young(eden), S=young(survivor), O=old, HS=humongous(starts), HC=humongous(continues), CS=collection set, F=free, TAMS=top-at-mark-start, PB=parsable bottom
|   0|0x0000000704e00000, 0x0000000705000000, 0x0000000705000000|100%| O|  |TAMS 0x0000000704e00000| PB 0x0000000704e00000| Untracked 
|   1|0x0000000705000000, 0x0000000705200000, 0x0000000705200000|100%| O|  |TAMS 0x0000000705000000| PB 0x0000000705000000| Untracked 
|   2|0x0000000705200000, 0x0000000705400000, 0x0000000705400000|100%| O|  |TAMS 0x0000000705200000| PB 0x0000000705200000| Untracked 
|   3|0x0000000705400000, 0x0000000705600000, 0x0000000705600000|100%| O|  |TAMS 0x0000000705400000| PB 0x0000000705400000| Untracked 
|   4|0x0000000705600000, 0x0000000705800000, 0x0000000705800000|100%|HS|  |TAMS 0x0000000705600000| PB 0x0000000705600000| Untracked 
|   5|0x0000000705800000, 0x0000000705a00000, 0x0000000705a00000|100%| O|  |TAMS 0x0000000705800000| PB 0x0000000705800000| Untracked 
|   6|0x0000000705a00000, 0x0000000705c00000, 0x0000000705c00000|100%| O|  |TAMS 0x0000000705a00000| PB 0x0000000705a00000| Untracked 
|   7|0x0000000705c00000, 0x0000000705e00000, 0x0000000705e00000|100%| O|  |TAMS 0x0000000705c00000| PB 0x0000000705c00000| Untracked 
|   8|0x0000000705e00000, 0x0000000706000000, 0x0000000706000000|100%| O|  |TAMS 0x0000000705e00000| PB 0x0000000705e00000| Untracked 
|   9|0x0000000706000000, 0x0000000706200000, 0x0000000706200000|100%| O|  |TAMS 0x0000000706000000| PB 0x0000000706000000| Untracked 
|  10|0x0000000706200000, 0x0000000706400000, 0x0000000706400000|100%| O|  |TAMS 0x0000000706200000| PB 0x0000000706200000| Untracked 
|  11|0x0000000706400000, 0x0000000706600000, 0x0000000706600000|100%| O|  |TAMS 0x0000000706400000| PB 0x0000000706400000| Untracked 
|  12|0x0000000706600000, 0x0000000706800000, 0x0000000706800000|100%| O|  |TAMS 0x0000000706600000| PB 0x0000000706600000| Untracked 
|  13|0x0000000706800000, 0x0000000706a00000, 0x0000000706a00000|100%| O|  |TAMS 0x0000000706800000| PB 0x0000000706800000| Untracked 
|  14|0x0000000706a00000, 0x0000000706c00000, 0x0000000706c00000|100%|HS|  |TAMS 0x0000000706a00000| PB 0x0000000706a00000| Complete 
|  15|0x0000000706c00000, 0x0000000706e00000, 0x0000000706e00000|100%|HC|  |TAMS 0x0000000706c00000| PB 0x0000000706c00000| Complete 
|  16|0x0000000706e00000, 0x0000000707000000, 0x0000000707000000|100%|HC|  |TAMS 0x0000000706e00000| PB 0x0000000706e00000| Complete 
|  17|0x0000000707000000, 0x0000000707200000, 0x0000000707200000|100%| O|  |TAMS 0x0000000707000000| PB 0x0000000707000000| Untracked 
|  18|0x0000000707200000, 0x0000000707400000, 0x0000000707400000|100%| O|  |TAMS 0x0000000707200000| PB 0x0000000707200000| Untracked 
|  19|0x0000000707400000, 0x0000000707600000, 0x0000000707600000|100%| O|  |TAMS 0x0000000707400000| PB 0x0000000707400000| Untracked 
|  20|0x0000000707600000, 0x0000000707800000, 0x0000000707800000|100%| O|  |TAMS 0x0000000707600000| PB 0x0000000707600000| Untracked 
|  21|0x0000000707800000, 0x0000000707a00000, 0x0000000707a00000|100%| O|  |TAMS 0x0000000707800000| PB 0x0000000707800000| Untracked 
|  22|0x0000000707a00000, 0x0000000707c00000, 0x0000000707c00000|100%| O|  |TAMS 0x0000000707a00000| PB 0x0000000707a00000| Untracked 
|  23|0x0000000707c00000, 0x0000000707e00000, 0x0000000707e00000|100%| O|  |TAMS 0x0000000707c00000| PB 0x0000000707c00000| Untracked 
|  24|0x0000000707e00000, 0x0000000708000000, 0x0000000708000000|100%| O|  |TAMS 0x0000000707e00000| PB 0x0000000707e00000| Untracked 
|  25|0x0000000708000000, 0x0000000708200000, 0x0000000708200000|100%| O|  |TAMS 0x0000000708000000| PB 0x0000000708000000| Untracked 
|  26|0x0000000708200000, 0x0000000708400000, 0x0000000708400000|100%| O|  |TAMS 0x0000000708200000| PB 0x0000000708200000| Untracked 
|  27|0x0000000708400000, 0x0000000708600000, 0x0000000708600000|100%| O|  |TAMS 0x0000000708400000| PB 0x0000000708400000| Untracked 
|  28|0x0000000708600000, 0x0000000708800000, 0x0000000708800000|100%| O|  |TAMS 0x0000000708600000| PB 0x0000000708600000| Untracked 
|  29|0x0000000708800000, 0x0000000708a00000, 0x0000000708a00000|100%| O|  |TAMS 0x0000000708800000| PB 0x0000000708800000| Untracked 
|  30|0x0000000708a00000, 0x0000000708c00000, 0x0000000708c00000|100%| O|  |TAMS 0x0000000708a00000| PB 0x0000000708a00000| Untracked 
|  31|0x0000000708c00000, 0x0000000708e00000, 0x0000000708e00000|100%| O|  |TAMS 0x0000000708c00000| PB 0x0000000708c00000| Untracked 
|  32|0x0000000708e00000, 0x0000000709000000, 0x0000000709000000|100%| O|  |TAMS 0x0000000708e00000| PB 0x0000000708e00000| Untracked 
|  33|0x0000000709000000, 0x0000000709200000, 0x0000000709200000|100%| O|  |TAMS 0x0000000709000000| PB 0x0000000709000000| Untracked 
|  34|0x0000000709200000, 0x0000000709400000, 0x0000000709400000|100%| O|  |TAMS 0x0000000709200000| PB 0x0000000709200000| Untracked 
|  35|0x0000000709400000, 0x0000000709600000, 0x0000000709600000|100%| O|  |TAMS 0x0000000709400000| PB 0x0000000709400000| Untracked 
|  36|0x0000000709600000, 0x0000000709800000, 0x0000000709800000|100%| O|  |TAMS 0x0000000709600000| PB 0x0000000709600000| Untracked 
|  37|0x0000000709800000, 0x0000000709a00000, 0x0000000709a00000|100%| O|  |TAMS 0x0000000709800000| PB 0x0000000709800000| Untracked 
|  38|0x0000000709a00000, 0x0000000709c00000, 0x0000000709c00000|100%| O|  |TAMS 0x0000000709a00000| PB 0x0000000709a00000| Untracked 
|  39|0x0000000709c00000, 0x0000000709e00000, 0x0000000709e00000|100%| O|  |TAMS 0x0000000709c00000| PB 0x0000000709c00000| Untracked 
|  40|0x0000000709e00000, 0x000000070a000000, 0x000000070a000000|100%| O|  |TAMS 0x0000000709e00000| PB 0x0000000709e00000| Untracked 
|  41|0x000000070a000000, 0x000000070a200000, 0x000000070a200000|100%| O|  |TAMS 0x000000070a000000| PB 0x000000070a000000| Untracked 
|  42|0x000000070a200000, 0x000000070a400000, 0x000000070a400000|100%| O|  |TAMS 0x000000070a200000| PB 0x000000070a200000| Untracked 
|  43|0x000000070a400000, 0x000000070a600000, 0x000000070a600000|100%|HS|  |TAMS 0x000000070a400000| PB 0x000000070a400000| Untracked 
|  44|0x000000070a600000, 0x000000070a800000, 0x000000070a800000|100%|HC|  |TAMS 0x000000070a600000| PB 0x000000070a600000| Untracked 
|  45|0x000000070a800000, 0x000000070aa00000, 0x000000070aa00000|100%| O|  |TAMS 0x000000070a800000| PB 0x000000070a800000| Untracked 
|  46|0x000000070aa00000, 0x000000070ac00000, 0x000000070ac00000|100%| O|  |TAMS 0x000000070aa00000| PB 0x000000070aa00000| Untracked 
|  47|0x000000070ac00000, 0x000000070ae00000, 0x000000070ae00000|100%| O|  |TAMS 0x000000070ac00000| PB 0x000000070ac00000| Untracked 
|  48|0x000000070ae00000, 0x000000070b000000, 0x000000070b000000|100%| O|  |TAMS 0x000000070ae00000| PB 0x000000070ae00000| Untracked 
|  49|0x000000070b000000, 0x000000070b200000, 0x000000070b200000|100%| O|  |TAMS 0x000000070b000000| PB 0x000000070b000000| Untracked 
|  50|0x000000070b200000, 0x000000070b400000, 0x000000070b400000|100%| O|  |TAMS 0x000000070b200000| PB 0x000000070b200000| Untracked 
|  51|0x000000070b400000, 0x000000070b600000, 0x000000070b600000|100%| O|  |TAMS 0x000000070b400000| PB 0x000000070b400000| Untracked 
|  52|0x000000070b600000, 0x000000070b800000, 0x000000070b800000|100%| O|  |TAMS 0x000000070b600000| PB 0x000000070b600000| Untracked 
|  53|0x000000070b800000, 0x000000070ba00000, 0x000000070ba00000|100%| O|CS|TAMS 0x000000070b800000| PB 0x000000070b800000| Complete 
|  54|0x000000070ba00000, 0x000000070bc00000, 0x000000070bc00000|100%| O|  |TAMS 0x000000070ba00000| PB 0x000000070ba00000| Untracked 
|  55|0x000000070bc00000, 0x000000070be00000, 0x000000070be00000|100%| O|CS|TAMS 0x000000070bc00000| PB 0x000000070bc00000| Complete 
|  56|0x000000070be00000, 0x000000070c000000, 0x000000070c000000|100%| O|  |TAMS 0x000000070be00000| PB 0x000000070be00000| Untracked 
|  57|0x000000070c000000, 0x000000070c200000, 0x000000070c200000|100%| O|CS|TAMS 0x000000070c000000| PB 0x000000070c000000| Complete 
|  58|0x000000070c200000, 0x000000070c400000, 0x000000070c400000|100%|HS|  |TAMS 0x000000070c200000| PB 0x000000070c200000| Untracked 
|  59|0x000000070c400000, 0x000000070c600000, 0x000000070c600000|100%|HC|  |TAMS 0x000000070c400000| PB 0x000000070c400000| Untracked 
|  60|0x000000070c600000, 0x000000070c800000, 0x000000070c800000|100%| O|  |TAMS 0x000000070c600000| PB 0x000000070c600000| Untracked 
|  61|0x000000070c800000, 0x000000070ca00000, 0x000000070ca00000|100%| O|  |TAMS 0x000000070c800000| PB 0x000000070c800000| Untracked 
|  62|0x000000070ca00000, 0x000000070cc00000, 0x000000070cc00000|100%| O|  |TAMS 0x000000070ca00000| PB 0x000000070ca00000| Untracked 
|  63|0x000000070cc00000, 0x000000070ce00000, 0x000000070ce00000|100%| O|  |TAMS 0x000000070cc00000| PB 0x000000070cc00000| Untracked 
|  64|0x000000070ce00000, 0x000000070d000000, 0x000000070d000000|100%| O|  |TAMS 0x000000070ce00000| PB 0x000000070ce00000| Untracked 
|  65|0x000000070d000000, 0x000000070d200000, 0x000000070d200000|100%| O|  |TAMS 0x000000070d000000| PB 0x000000070d000000| Untracked 
|  66|0x000000070d200000, 0x000000070d400000, 0x000000070d400000|100%| O|  |TAMS 0x000000070d200000| PB 0x000000070d200000| Untracked 
|  67|0x000000070d400000, 0x000000070d600000, 0x000000070d600000|100%| O|  |TAMS 0x000000070d400000| PB 0x000000070d400000| Untracked 
|  68|0x000000070d600000, 0x000000070d800000, 0x000000070d800000|100%| O|  |TAMS 0x000000070d600000| PB 0x000000070d600000| Untracked 
|  69|0x000000070d800000, 0x000000070da00000, 0x000000070da00000|100%| O|  |TAMS 0x000000070d800000| PB 0x000000070d800000| Untracked 
|  70|0x000000070da00000, 0x000000070dc00000, 0x000000070dc00000|100%| O|  |TAMS 0x000000070da00000| PB 0x000000070da00000| Untracked 
|  71|0x000000070dc00000, 0x000000070de00000, 0x000000070de00000|100%| O|  |TAMS 0x000000070dc00000| PB 0x000000070dc00000| Untracked 
|  72|0x000000070de00000, 0x000000070e000000, 0x000000070e000000|100%| O|  |TAMS 0x000000070de00000| PB 0x000000070de00000| Untracked 
|  73|0x000000070e000000, 0x000000070e200000, 0x000000070e200000|100%| O|  |TAMS 0x000000070e000000| PB 0x000000070e000000| Untracked 
|  74|0x000000070e200000, 0x000000070e400000, 0x000000070e400000|100%| O|CS|TAMS 0x000000070e200000| PB 0x000000070e200000| Complete 
|  75|0x000000070e400000, 0x000000070e600000, 0x000000070e600000|100%| O|  |TAMS 0x000000070e400000| PB 0x000000070e400000| Untracked 
|  76|0x000000070e600000, 0x000000070e800000, 0x000000070e800000|100%| O|  |TAMS 0x000000070e600000| PB 0x000000070e600000| Untracked 
|  77|0x000000070e800000, 0x000000070ea00000, 0x000000070ea00000|100%| O|  |TAMS 0x000000070e800000| PB 0x000000070e800000| Untracked 
|  78|0x000000070ea00000, 0x000000070ec00000, 0x000000070ec00000|100%| O|  |TAMS 0x000000070ea00000| PB 0x000000070ea00000| Untracked 
|  79|0x000000070ec00000, 0x000000070ee00000, 0x000000070ee00000|100%| O|  |TAMS 0x000000070ec00000| PB 0x000000070ec00000| Untracked 
|  80|0x000000070ee00000, 0x000000070f000000, 0x000000070f000000|100%| O|  |TAMS 0x000000070ee00000| PB 0x000000070ee00000| Untracked 
|  81|0x000000070f000000, 0x000000070f200000, 0x000000070f200000|100%| O|  |TAMS 0x000000070f000000| PB 0x000000070f000000| Untracked 
|  82|0x000000070f200000, 0x000000070f400000, 0x000000070f400000|100%| O|  |TAMS 0x000000070f200000| PB 0x000000070f200000| Untracked 
|  83|0x000000070f400000, 0x000000070f600000, 0x000000070f600000|100%| O|  |TAMS 0x000000070f400000| PB 0x000000070f400000| Untracked 
|  84|0x000000070f600000, 0x000000070f800000, 0x000000070f800000|100%| O|  |TAMS 0x000000070f600000| PB 0x000000070f600000| Untracked 
|  85|0x000000070f800000, 0x000000070fa00000, 0x000000070fa00000|100%| O|  |TAMS 0x000000070f800000| PB 0x000000070f800000| Untracked 
|  86|0x000000070fa00000, 0x000000070fc00000, 0x000000070fc00000|100%| O|  |TAMS 0x000000070fa00000| PB 0x000000070fa00000| Untracked 
|  87|0x000000070fc00000, 0x000000070fe00000, 0x000000070fe00000|100%| O|  |TAMS 0x000000070fc00000| PB 0x000000070fc00000| Untracked 
|  88|0x000000070fe00000, 0x0000000710000000, 0x0000000710000000|100%| O|  |TAMS 0x000000070fe00000| PB 0x000000070fe00000| Untracked 
|  89|0x0000000710000000, 0x0000000710200000, 0x0000000710200000|100%| O|  |TAMS 0x0000000710000000| PB 0x0000000710000000| Untracked 
|  90|0x0000000710200000, 0x0000000710400000, 0x0000000710400000|100%| O|  |TAMS 0x0000000710200000| PB 0x0000000710200000| Untracked 
|  91|0x0000000710400000, 0x0000000710600000, 0x0000000710600000|100%| O|  |TAMS 0x0000000710400000| PB 0x0000000710400000| Untracked 
|  92|0x0000000710600000, 0x0000000710800000, 0x0000000710800000|100%| O|  |TAMS 0x0000000710600000| PB 0x0000000710600000| Untracked 
|  93|0x0000000710800000, 0x0000000710a00000, 0x0000000710a00000|100%| O|  |TAMS 0x0000000710800000| PB 0x0000000710800000| Untracked 
|  94|0x0000000710a00000, 0x0000000710c00000, 0x0000000710c00000|100%| O|  |TAMS 0x0000000710a00000| PB 0x0000000710a00000| Untracked 
|  95|0x0000000710c00000, 0x0000000710e00000, 0x0000000710e00000|100%| O|  |TAMS 0x0000000710c00000| PB 0x0000000710c00000| Untracked 
|  96|0x0000000710e00000, 0x0000000711000000, 0x0000000711000000|100%| O|  |TAMS 0x0000000710e00000| PB 0x0000000710e00000| Untracked 
|  97|0x0000000711000000, 0x0000000711200000, 0x0000000711200000|100%| O|  |TAMS 0x0000000711000000| PB 0x0000000711000000| Untracked 
|  98|0x0000000711200000, 0x0000000711400000, 0x0000000711400000|100%| O|  |TAMS 0x0000000711200000| PB 0x0000000711200000| Untracked 
|  99|0x0000000711400000, 0x0000000711600000, 0x0000000711600000|100%| O|  |TAMS 0x0000000711400000| PB 0x0000000711400000| Untracked 
| 100|0x0000000711600000, 0x0000000711800000, 0x0000000711800000|100%| O|  |TAMS 0x0000000711600000| PB 0x0000000711600000| Untracked 
| 101|0x0000000711800000, 0x0000000711a00000, 0x0000000711a00000|100%| O|  |TAMS 0x0000000711800000| PB 0x0000000711800000| Untracked 
| 102|0x0000000711a00000, 0x0000000711c00000, 0x0000000711c00000|100%| O|  |TAMS 0x0000000711a00000| PB 0x0000000711a00000| Untracked 
| 103|0x0000000711c00000, 0x0000000711e00000, 0x0000000711e00000|100%| O|  |TAMS 0x0000000711c00000| PB 0x0000000711c00000| Untracked 
| 104|0x0000000711e00000, 0x0000000712000000, 0x0000000712000000|100%| O|  |TAMS 0x0000000711e00000| PB 0x0000000711e00000| Untracked 
| 105|0x0000000712000000, 0x0000000712200000, 0x0000000712200000|100%| O|  |TAMS 0x0000000712000000| PB 0x0000000712000000| Untracked 
| 106|0x0000000712200000, 0x0000000712400000, 0x0000000712400000|100%| O|  |TAMS 0x0000000712200000| PB 0x0000000712200000| Untracked 
| 107|0x0000000712400000, 0x0000000712600000, 0x0000000712600000|100%| O|  |TAMS 0x0000000712400000| PB 0x0000000712400000| Untracked 
| 108|0x0000000712600000, 0x0000000712800000, 0x0000000712800000|100%| O|  |TAMS 0x0000000712600000| PB 0x0000000712600000| Untracked 
| 109|0x0000000712800000, 0x0000000712a00000, 0x0000000712a00000|100%| O|  |TAMS 0x0000000712800000| PB 0x0000000712800000| Untracked 
| 110|0x0000000712a00000, 0x0000000712c00000, 0x0000000712c00000|100%| O|  |TAMS 0x0000000712a00000| PB 0x0000000712a00000| Untracked 
| 111|0x0000000712c00000, 0x0000000712e00000, 0x0000000712e00000|100%| O|  |TAMS 0x0000000712c00000| PB 0x0000000712c00000| Untracked 
| 112|0x0000000712e00000, 0x0000000713000000, 0x0000000713000000|100%| O|  |TAMS 0x0000000712e00000| PB 0x0000000712e00000| Untracked 
| 113|0x0000000713000000, 0x0000000713200000, 0x0000000713200000|100%| O|  |TAMS 0x0000000713000000| PB 0x0000000713000000| Untracked 
| 114|0x0000000713200000, 0x0000000713400000, 0x0000000713400000|100%| O|  |TAMS 0x0000000713200000| PB 0x0000000713200000| Untracked 
| 115|0x0000000713400000, 0x0000000713600000, 0x0000000713600000|100%| O|  |TAMS 0x0000000713400000| PB 0x0000000713400000| Untracked 
| 116|0x0000000713600000, 0x0000000713800000, 0x0000000713800000|100%| O|  |TAMS 0x0000000713600000| PB 0x0000000713600000| Untracked 
| 117|0x0000000713800000, 0x0000000713a00000, 0x0000000713a00000|100%| O|  |TAMS 0x0000000713800000| PB 0x0000000713800000| Untracked 
| 118|0x0000000713a00000, 0x0000000713c00000, 0x0000000713c00000|100%| O|  |TAMS 0x0000000713a00000| PB 0x0000000713a00000| Untracked 
| 119|0x0000000713c00000, 0x0000000713e00000, 0x0000000713e00000|100%| O|  |TAMS 0x0000000713c00000| PB 0x0000000713c00000| Untracked 
| 120|0x0000000713e00000, 0x0000000714000000, 0x0000000714000000|100%| O|  |TAMS 0x0000000713e00000| PB 0x0000000713e00000| Untracked 
| 121|0x0000000714000000, 0x0000000714200000, 0x0000000714200000|100%| O|  |TAMS 0x0000000714000000| PB 0x0000000714000000| Untracked 
| 122|0x0000000714200000, 0x0000000714400000, 0x0000000714400000|100%| O|  |TAMS 0x0000000714200000| PB 0x0000000714200000| Untracked 
| 123|0x0000000714400000, 0x0000000714600000, 0x0000000714600000|100%| O|  |TAMS 0x0000000714400000| PB 0x0000000714400000| Untracked 
| 124|0x0000000714600000, 0x0000000714800000, 0x0000000714800000|100%| O|  |TAMS 0x0000000714600000| PB 0x0000000714600000| Untracked 
| 125|0x0000000714800000, 0x0000000714a00000, 0x0000000714a00000|100%| O|CS|TAMS 0x0000000714800000| PB 0x0000000714800000| Complete 
| 126|0x0000000714a00000, 0x0000000714c00000, 0x0000000714c00000|100%| O|CS|TAMS 0x0000000714a00000| PB 0x0000000714a00000| Complete 
| 127|0x0000000714c00000, 0x0000000714e00000, 0x0000000714e00000|100%| O|  |TAMS 0x0000000714c00000| PB 0x0000000714c00000| Untracked 
| 128|0x0000000714e00000, 0x0000000715000000, 0x0000000715000000|100%| O|  |TAMS 0x0000000714e00000| PB 0x0000000714e00000| Untracked 
| 129|0x0000000715000000, 0x0000000715200000, 0x0000000715200000|100%| O|  |TAMS 0x0000000715000000| PB 0x0000000715000000| Untracked 
| 130|0x0000000715200000, 0x0000000715400000, 0x0000000715400000|100%| O|  |TAMS 0x0000000715200000| PB 0x0000000715200000| Untracked 
| 131|0x0000000715400000, 0x0000000715600000, 0x0000000715600000|100%| O|  |TAMS 0x0000000715400000| PB 0x0000000715400000| Untracked 
| 132|0x0000000715600000, 0x0000000715800000, 0x0000000715800000|100%| O|  |TAMS 0x0000000715600000| PB 0x0000000715600000| Untracked 
| 133|0x0000000715800000, 0x0000000715a00000, 0x0000000715a00000|100%| O|  |TAMS 0x0000000715800000| PB 0x0000000715800000| Untracked 
| 134|0x0000000715a00000, 0x0000000715c00000, 0x0000000715c00000|100%| O|  |TAMS 0x0000000715a00000| PB 0x0000000715a00000| Untracked 
| 135|0x0000000715c00000, 0x0000000715e00000, 0x0000000715e00000|100%| O|  |TAMS 0x0000000715c00000| PB 0x0000000715c00000| Untracked 
| 136|0x0000000715e00000, 0x0000000716000000, 0x0000000716000000|100%| O|  |TAMS 0x0000000715e00000| PB 0x0000000715e00000| Untracked 
| 137|0x0000000716000000, 0x0000000716200000, 0x0000000716200000|100%| O|  |TAMS 0x0000000716000000| PB 0x0000000716000000| Untracked 
| 138|0x0000000716200000, 0x0000000716400000, 0x0000000716400000|100%|HS|  |TAMS 0x0000000716200000| PB 0x0000000716200000| Untracked 
| 139|0x0000000716400000, 0x0000000716600000, 0x0000000716600000|100%|HC|  |TAMS 0x0000000716400000| PB 0x0000000716400000| Untracked 
| 140|0x0000000716600000, 0x0000000716800000, 0x0000000716800000|100%|HC|  |TAMS 0x0000000716600000| PB 0x0000000716600000| Untracked 
| 141|0x0000000716800000, 0x0000000716a00000, 0x0000000716a00000|100%| O|CS|TAMS 0x0000000716800000| PB 0x0000000716800000| Complete 
| 142|0x0000000716a00000, 0x0000000716c00000, 0x0000000716c00000|100%| O|CS|TAMS 0x0000000716a00000| PB 0x0000000716a00000| Complete 
| 143|0x0000000716c00000, 0x0000000716e00000, 0x0000000716e00000|100%| O|CS|TAMS 0x0000000716c00000| PB 0x0000000716c00000| Complete 
| 144|0x0000000716e00000, 0x0000000717000000, 0x0000000717000000|100%| O|CS|TAMS 0x0000000716e00000| PB 0x0000000716e00000| Complete 
| 145|0x0000000717000000, 0x0000000717200000, 0x0000000717200000|100%| O|  |TAMS 0x0000000717000000| PB 0x0000000717000000| Untracked 
| 146|0x0000000717200000, 0x0000000717400000, 0x0000000717400000|100%| O|  |TAMS 0x0000000717200000| PB 0x0000000717200000| Untracked 
| 147|0x0000000717400000, 0x0000000717600000, 0x0000000717600000|100%| O|  |TAMS 0x0000000717400000| PB 0x0000000717400000| Untracked 
| 148|0x0000000717600000, 0x0000000717800000, 0x0000000717800000|100%| O|  |TAMS 0x0000000717600000| PB 0x0000000717600000| Untracked 
| 149|0x0000000717800000, 0x0000000717a00000, 0x0000000717a00000|100%| O|  |TAMS 0x0000000717800000| PB 0x0000000717800000| Untracked 
| 150|0x0000000717a00000, 0x0000000717c00000, 0x0000000717c00000|100%| O|  |TAMS 0x0000000717a00000| PB 0x0000000717a00000| Untracked 
| 151|0x0000000717c00000, 0x0000000717e00000, 0x0000000717e00000|100%| O|  |TAMS 0x0000000717c00000| PB 0x0000000717c00000| Untracked 
| 152|0x0000000717e00000, 0x0000000718000000, 0x0000000718000000|100%| O|  |TAMS 0x0000000717e00000| PB 0x0000000717e00000| Untracked 
| 153|0x0000000718000000, 0x0000000718200000, 0x0000000718200000|100%| O|  |TAMS 0x0000000718000000| PB 0x0000000718000000| Untracked 
| 154|0x0000000718200000, 0x0000000718400000, 0x0000000718400000|100%| O|  |TAMS 0x0000000718200000| PB 0x0000000718200000| Untracked 
| 155|0x0000000718400000, 0x0000000718600000, 0x0000000718600000|100%| O|  |TAMS 0x0000000718400000| PB 0x0000000718400000| Untracked 
| 156|0x0000000718600000, 0x0000000718800000, 0x0000000718800000|100%| O|  |TAMS 0x0000000718600000| PB 0x0000000718600000| Untracked 
| 157|0x0000000718800000, 0x0000000718a00000, 0x0000000718a00000|100%| O|  |TAMS 0x0000000718800000| PB 0x0000000718800000| Untracked 
| 158|0x0000000718a00000, 0x0000000718c00000, 0x0000000718c00000|100%| O|  |TAMS 0x0000000718a00000| PB 0x0000000718a00000| Untracked 
| 159|0x0000000718c00000, 0x0000000718e00000, 0x0000000718e00000|100%| O|  |TAMS 0x0000000718c00000| PB 0x0000000718c00000| Untracked 
| 160|0x0000000718e00000, 0x0000000719000000, 0x0000000719000000|100%| O|  |TAMS 0x0000000718e00000| PB 0x0000000718e00000| Untracked 
| 161|0x0000000719000000, 0x0000000719200000, 0x0000000719200000|100%| O|  |TAMS 0x0000000719000000| PB 0x0000000719000000| Untracked 
| 162|0x0000000719200000, 0x0000000719400000, 0x0000000719400000|100%| O|  |TAMS 0x0000000719200000| PB 0x0000000719200000| Untracked 
| 163|0x0000000719400000, 0x0000000719600000, 0x0000000719600000|100%| O|  |TAMS 0x0000000719400000| PB 0x0000000719400000| Untracked 
| 164|0x0000000719600000, 0x0000000719800000, 0x0000000719800000|100%| O|  |TAMS 0x0000000719600000| PB 0x0000000719600000| Untracked 
| 165|0x0000000719800000, 0x0000000719a00000, 0x0000000719a00000|100%| O|  |TAMS 0x0000000719800000| PB 0x0000000719800000| Untracked 
| 166|0x0000000719a00000, 0x0000000719c00000, 0x0000000719c00000|100%| O|  |TAMS 0x0000000719a00000| PB 0x0000000719a00000| Untracked 
| 167|0x0000000719c00000, 0x0000000719e00000, 0x0000000719e00000|100%| O|  |TAMS 0x0000000719c00000| PB 0x0000000719c00000| Untracked 
| 168|0x0000000719e00000, 0x000000071a000000, 0x000000071a000000|100%| O|  |TAMS 0x0000000719e00000| PB 0x0000000719e00000| Untracked 
| 169|0x000000071a000000, 0x000000071a200000, 0x000000071a200000|100%| O|CS|TAMS 0x000000071a000000| PB 0x000000071a000000| Complete 
| 170|0x000000071a200000, 0x000000071a400000, 0x000000071a400000|100%| O|CS|TAMS 0x000000071a200000| PB 0x000000071a200000| Complete 
| 171|0x000000071a400000, 0x000000071a600000, 0x000000071a600000|100%| O|CS|TAMS 0x000000071a400000| PB 0x000000071a400000| Complete 
| 172|0x000000071a600000, 0x000000071a800000, 0x000000071a800000|100%| O|  |TAMS 0x000000071a600000| PB 0x000000071a600000| Untracked 
| 173|0x000000071a800000, 0x000000071aa00000, 0x000000071aa00000|100%| O|  |TAMS 0x000000071a800000| PB 0x000000071a800000| Untracked 
| 174|0x000000071aa00000, 0x000000071ac00000, 0x000000071ac00000|100%| O|  |TAMS 0x000000071aa00000| PB 0x000000071aa00000| Untracked 
| 175|0x000000071ac00000, 0x000000071ae00000, 0x000000071ae00000|100%| O|  |TAMS 0x000000071ac00000| PB 0x000000071ac00000| Untracked 
| 176|0x000000071ae00000, 0x000000071b000000, 0x000000071b000000|100%| O|  |TAMS 0x000000071ae00000| PB 0x000000071ae00000| Untracked 
| 177|0x000000071b000000, 0x000000071b200000, 0x000000071b200000|100%| O|  |TAMS 0x000000071b000000| PB 0x000000071b000000| Untracked 
| 178|0x000000071b200000, 0x000000071b400000, 0x000000071b400000|100%| O|  |TAMS 0x000000071b200000| PB 0x000000071b200000| Untracked 
| 179|0x000000071b400000, 0x000000071b600000, 0x000000071b600000|100%| O|  |TAMS 0x000000071b400000| PB 0x000000071b400000| Untracked 
| 180|0x000000071b600000, 0x000000071b800000, 0x000000071b800000|100%| O|  |TAMS 0x000000071b600000| PB 0x000000071b600000| Untracked 
| 181|0x000000071b800000, 0x000000071ba00000, 0x000000071ba00000|100%| O|  |TAMS 0x000000071b800000| PB 0x000000071b800000| Untracked 
| 182|0x000000071ba00000, 0x000000071bc00000, 0x000000071bc00000|100%| O|  |TAMS 0x000000071ba00000| PB 0x000000071ba00000| Untracked 
| 183|0x000000071bc00000, 0x000000071be00000, 0x000000071be00000|100%| O|  |TAMS 0x000000071bc00000| PB 0x000000071bc00000| Untracked 
| 184|0x000000071be00000, 0x000000071c000000, 0x000000071c000000|100%| O|  |TAMS 0x000000071be00000| PB 0x000000071be00000| Untracked 
| 185|0x000000071c000000, 0x000000071c200000, 0x000000071c200000|100%| O|  |TAMS 0x000000071c000000| PB 0x000000071c000000| Untracked 
| 186|0x000000071c200000, 0x000000071c400000, 0x000000071c400000|100%| O|  |TAMS 0x000000071c200000| PB 0x000000071c200000| Untracked 
| 187|0x000000071c400000, 0x000000071c600000, 0x000000071c600000|100%| O|  |TAMS 0x000000071c400000| PB 0x000000071c400000| Untracked 
| 188|0x000000071c600000, 0x000000071c800000, 0x000000071c800000|100%| O|  |TAMS 0x000000071c600000| PB 0x000000071c600000| Untracked 
| 189|0x000000071c800000, 0x000000071ca00000, 0x000000071ca00000|100%| O|  |TAMS 0x000000071c800000| PB 0x000000071c800000| Untracked 
| 190|0x000000071ca00000, 0x000000071cc00000, 0x000000071cc00000|100%| O|  |TAMS 0x000000071ca00000| PB 0x000000071ca00000| Untracked 
| 191|0x000000071cc00000, 0x000000071ce00000, 0x000000071ce00000|100%| O|  |TAMS 0x000000071cc00000| PB 0x000000071cc00000| Untracked 
| 192|0x000000071ce00000, 0x000000071d000000, 0x000000071d000000|100%| O|  |TAMS 0x000000071ce00000| PB 0x000000071ce00000| Untracked 
| 193|0x000000071d000000, 0x000000071d200000, 0x000000071d200000|100%|HS|  |TAMS 0x000000071d000000| PB 0x000000071d000000| Untracked 
| 194|0x000000071d200000, 0x000000071d400000, 0x000000071d400000|100%|HC|  |TAMS 0x000000071d200000| PB 0x000000071d200000| Untracked 
| 195|0x000000071d400000, 0x000000071d600000, 0x000000071d600000|100%|HC|  |TAMS 0x000000071d400000| PB 0x000000071d400000| Untracked 
| 196|0x000000071d600000, 0x000000071d800000, 0x000000071d800000|100%| O|  |TAMS 0x000000071d600000| PB 0x000000071d600000| Untracked 
| 197|0x000000071d800000, 0x000000071da00000, 0x000000071da00000|100%| O|  |TAMS 0x000000071d800000| PB 0x000000071d800000| Untracked 
| 198|0x000000071da00000, 0x000000071dc00000, 0x000000071dc00000|100%| O|  |TAMS 0x000000071da00000| PB 0x000000071da00000| Untracked 
| 199|0x000000071dc00000, 0x000000071de00000, 0x000000071de00000|100%| O|  |TAMS 0x000000071dc00000| PB 0x000000071dc00000| Untracked 
| 200|0x000000071de00000, 0x000000071e000000, 0x000000071e000000|100%| O|  |TAMS 0x000000071de00000| PB 0x000000071de00000| Untracked 
| 201|0x000000071e000000, 0x000000071e200000, 0x000000071e200000|100%| O|  |TAMS 0x000000071e000000| PB 0x000000071e000000| Untracked 
| 202|0x000000071e200000, 0x000000071e400000, 0x000000071e400000|100%| O|  |TAMS 0x000000071e200000| PB 0x000000071e200000| Untracked 
| 203|0x000000071e400000, 0x000000071e600000, 0x000000071e600000|100%| O|  |TAMS 0x000000071e400000| PB 0x000000071e400000| Untracked 
| 204|0x000000071e600000, 0x000000071e800000, 0x000000071e800000|100%| O|  |TAMS 0x000000071e600000| PB 0x000000071e600000| Untracked 
| 205|0x000000071e800000, 0x000000071ea00000, 0x000000071ea00000|100%| O|  |TAMS 0x000000071e800000| PB 0x000000071e800000| Untracked 
| 206|0x000000071ea00000, 0x000000071ec00000, 0x000000071ec00000|100%| O|  |TAMS 0x000000071ea00000| PB 0x000000071ea00000| Untracked 
| 207|0x000000071ec00000, 0x000000071ee00000, 0x000000071ee00000|100%| O|  |TAMS 0x000000071ec00000| PB 0x000000071ec00000| Untracked 
| 208|0x000000071ee00000, 0x000000071f000000, 0x000000071f000000|100%| O|  |TAMS 0x000000071ee00000| PB 0x000000071ee00000| Untracked 
| 209|0x000000071f000000, 0x000000071f200000, 0x000000071f200000|100%| O|  |TAMS 0x000000071f000000| PB 0x000000071f000000| Untracked 
| 210|0x000000071f200000, 0x000000071f400000, 0x000000071f400000|100%| O|  |TAMS 0x000000071f200000| PB 0x000000071f200000| Untracked 
| 211|0x000000071f400000, 0x000000071f600000, 0x000000071f600000|100%| O|  |TAMS 0x000000071f400000| PB 0x000000071f400000| Untracked 
| 212|0x000000071f600000, 0x000000071f800000, 0x000000071f800000|100%| O|  |TAMS 0x000000071f600000| PB 0x000000071f600000| Untracked 
| 213|0x000000071f800000, 0x000000071fa00000, 0x000000071fa00000|100%| O|  |TAMS 0x000000071f800000| PB 0x000000071f800000| Untracked 
| 214|0x000000071fa00000, 0x000000071fc00000, 0x000000071fc00000|100%| O|  |TAMS 0x000000071fa00000| PB 0x000000071fa00000| Untracked 
| 215|0x000000071fc00000, 0x000000071fe00000, 0x000000071fe00000|100%| O|  |TAMS 0x000000071fc00000| PB 0x000000071fc00000| Untracked 
| 216|0x000000071fe00000, 0x0000000720000000, 0x0000000720000000|100%| O|  |TAMS 0x000000071fe00000| PB 0x000000071fe00000| Untracked 
| 217|0x0000000720000000, 0x0000000720200000, 0x0000000720200000|100%| O|  |TAMS 0x0000000720000000| PB 0x0000000720000000| Untracked 
| 218|0x0000000720200000, 0x0000000720400000, 0x0000000720400000|100%| O|  |TAMS 0x0000000720200000| PB 0x0000000720200000| Untracked 
| 219|0x0000000720400000, 0x0000000720600000, 0x0000000720600000|100%| O|  |TAMS 0x0000000720400000| PB 0x0000000720400000| Untracked 
| 220|0x0000000720600000, 0x0000000720800000, 0x0000000720800000|100%| O|  |TAMS 0x0000000720600000| PB 0x0000000720600000| Untracked 
| 221|0x0000000720800000, 0x0000000720a00000, 0x0000000720a00000|100%| O|  |TAMS 0x0000000720800000| PB 0x0000000720800000| Untracked 
| 222|0x0000000720a00000, 0x0000000720c00000, 0x0000000720c00000|100%| O|  |TAMS 0x0000000720a00000| PB 0x0000000720a00000| Untracked 
| 223|0x0000000720c00000, 0x0000000720e00000, 0x0000000720e00000|100%| O|  |TAMS 0x0000000720c00000| PB 0x0000000720c00000| Untracked 
| 224|0x0000000720e00000, 0x0000000721000000, 0x0000000721000000|100%| O|  |TAMS 0x0000000720e00000| PB 0x0000000720e00000| Untracked 
| 225|0x0000000721000000, 0x0000000721200000, 0x0000000721200000|100%| O|  |TAMS 0x0000000721000000| PB 0x0000000721000000| Untracked 
| 226|0x0000000721200000, 0x0000000721400000, 0x0000000721400000|100%| O|  |TAMS 0x0000000721200000| PB 0x0000000721200000| Untracked 
| 227|0x0000000721400000, 0x0000000721600000, 0x0000000721600000|100%| O|  |TAMS 0x0000000721400000| PB 0x0000000721400000| Untracked 
| 228|0x0000000721600000, 0x0000000721800000, 0x0000000721800000|100%| O|  |TAMS 0x0000000721600000| PB 0x0000000721600000| Untracked 
| 229|0x0000000721800000, 0x0000000721a00000, 0x0000000721a00000|100%| O|  |TAMS 0x0000000721800000| PB 0x0000000721800000| Untracked 
| 230|0x0000000721a00000, 0x0000000721c00000, 0x0000000721c00000|100%| O|  |TAMS 0x0000000721a00000| PB 0x0000000721a00000| Untracked 
| 231|0x0000000721c00000, 0x0000000721e00000, 0x0000000721e00000|100%| O|  |TAMS 0x0000000721c00000| PB 0x0000000721c00000| Untracked 
| 232|0x0000000721e00000, 0x0000000722000000, 0x0000000722000000|100%| O|  |TAMS 0x0000000721e00000| PB 0x0000000721e00000| Untracked 
| 233|0x0000000722000000, 0x0000000722200000, 0x0000000722200000|100%| O|  |TAMS 0x0000000722000000| PB 0x0000000722000000| Untracked 
| 234|0x0000000722200000, 0x0000000722400000, 0x0000000722400000|100%| O|  |TAMS 0x0000000722200000| PB 0x0000000722200000| Untracked 
| 235|0x0000000722400000, 0x0000000722600000, 0x0000000722600000|100%| O|  |TAMS 0x0000000722400000| PB 0x0000000722400000| Untracked 
| 236|0x0000000722600000, 0x0000000722800000, 0x0000000722800000|100%| O|  |TAMS 0x0000000722600000| PB 0x0000000722600000| Untracked 
| 237|0x0000000722800000, 0x0000000722a00000, 0x0000000722a00000|100%| O|  |TAMS 0x0000000722800000| PB 0x0000000722800000| Untracked 
| 238|0x0000000722a00000, 0x0000000722c00000, 0x0000000722c00000|100%| O|  |TAMS 0x0000000722a00000| PB 0x0000000722a00000| Untracked 
| 239|0x0000000722c00000, 0x0000000722e00000, 0x0000000722e00000|100%| O|  |TAMS 0x0000000722c00000| PB 0x0000000722c00000| Untracked 
| 240|0x0000000722e00000, 0x0000000723000000, 0x0000000723000000|100%| O|  |TAMS 0x0000000722e00000| PB 0x0000000722e00000| Untracked 
| 241|0x0000000723000000, 0x0000000723200000, 0x0000000723200000|100%| O|CS|TAMS 0x0000000723000000| PB 0x0000000723000000| Complete 
| 242|0x0000000723200000, 0x0000000723400000, 0x0000000723400000|100%| O|  |TAMS 0x0000000723200000| PB 0x0000000723200000| Untracked 
| 243|0x0000000723400000, 0x0000000723600000, 0x0000000723600000|100%| O|  |TAMS 0x0000000723400000| PB 0x0000000723400000| Untracked 
| 244|0x0000000723600000, 0x0000000723800000, 0x0000000723800000|100%| O|  |TAMS 0x0000000723600000| PB 0x0000000723600000| Untracked 
| 245|0x0000000723800000, 0x0000000723a00000, 0x0000000723a00000|100%| O|  |TAMS 0x0000000723800000| PB 0x0000000723800000| Untracked 
| 246|0x0000000723a00000, 0x0000000723c00000, 0x0000000723c00000|100%| O|  |TAMS 0x0000000723a00000| PB 0x0000000723a00000| Untracked 
| 247|0x0000000723c00000, 0x0000000723e00000, 0x0000000723e00000|100%| O|  |TAMS 0x0000000723c00000| PB 0x0000000723c00000| Untracked 
| 248|0x0000000723e00000, 0x0000000724000000, 0x0000000724000000|100%| O|  |TAMS 0x0000000723e00000| PB 0x0000000723e00000| Untracked 
| 249|0x0000000724000000, 0x0000000724200000, 0x0000000724200000|100%| O|  |TAMS 0x0000000724000000| PB 0x0000000724000000| Untracked 
| 250|0x0000000724200000, 0x0000000724400000, 0x0000000724400000|100%| S|  |TAMS 0x0000000724200000| PB 0x0000000724200000| Complete 
| 251|0x0000000724400000, 0x0000000724600000, 0x0000000724600000|100%|HS|  |TAMS 0x0000000724400000| PB 0x0000000724400000| Untracked 
| 252|0x0000000724600000, 0x0000000724800000, 0x0000000724800000|100%|HC|  |TAMS 0x0000000724600000| PB 0x0000000724600000| Untracked 
| 253|0x0000000724800000, 0x0000000724a00000, 0x0000000724a00000|100%|HC|  |TAMS 0x0000000724800000| PB 0x0000000724800000| Untracked 
| 254|0x0000000724a00000, 0x0000000724c00000, 0x0000000724c00000|100%|HC|  |TAMS 0x0000000724a00000| PB 0x0000000724a00000| Untracked 
| 255|0x0000000724c00000, 0x0000000724e00000, 0x0000000724e00000|100%| O|  |TAMS 0x0000000724c00000| PB 0x0000000724c00000| Untracked 
| 256|0x0000000724e00000, 0x0000000725000000, 0x0000000725000000|100%| S|  |TAMS 0x0000000724e00000| PB 0x0000000724e00000| Complete 
| 257|0x0000000725000000, 0x0000000725200000, 0x0000000725200000|100%| O|  |TAMS 0x0000000725000000| PB 0x0000000725000000| Untracked 
| 258|0x0000000725200000, 0x0000000725400000, 0x0000000725400000|100%| O|  |TAMS 0x0000000725200000| PB 0x0000000725200000| Untracked 
| 259|0x0000000725400000, 0x0000000725600000, 0x0000000725600000|100%| O|  |TAMS 0x0000000725400000| PB 0x0000000725400000| Untracked 
| 260|0x0000000725600000, 0x0000000725800000, 0x0000000725800000|100%| O|  |TAMS 0x0000000725600000| PB 0x0000000725600000| Untracked 
| 261|0x0000000725800000, 0x0000000725a00000, 0x0000000725a00000|100%| S|  |TAMS 0x0000000725800000| PB 0x0000000725800000| Complete 
| 262|0x0000000725a00000, 0x0000000725c00000, 0x0000000725c00000|100%| S|  |TAMS 0x0000000725a00000| PB 0x0000000725a00000| Complete 
| 263|0x0000000725c00000, 0x0000000725e00000, 0x0000000725e00000|100%| O|  |TAMS 0x0000000725c00000| PB 0x0000000725c00000| Untracked 
| 264|0x0000000725e00000, 0x0000000726000000, 0x0000000726000000|100%| S|  |TAMS 0x0000000725e00000| PB 0x0000000725e00000| Complete 
| 265|0x0000000726000000, 0x0000000726200000, 0x0000000726200000|100%| S|  |TAMS 0x0000000726000000| PB 0x0000000726000000| Complete 
| 266|0x0000000726200000, 0x0000000726400000, 0x0000000726400000|100%| O|  |TAMS 0x0000000726200000| PB 0x0000000726200000| Untracked 
| 267|0x0000000726400000, 0x0000000726600000, 0x0000000726600000|100%| O|  |TAMS 0x0000000726400000| PB 0x0000000726400000| Untracked 
| 268|0x0000000726600000, 0x0000000726800000, 0x0000000726800000|100%| O|  |TAMS 0x0000000726600000| PB 0x0000000726600000| Untracked 
| 269|0x0000000726800000, 0x0000000726a00000, 0x0000000726a00000|100%| O|  |TAMS 0x0000000726800000| PB 0x0000000726800000| Untracked 
| 270|0x0000000726a00000, 0x0000000726c00000, 0x0000000726c00000|100%| O|  |TAMS 0x0000000726a00000| PB 0x0000000726a00000| Untracked 
| 271|0x0000000726c00000, 0x0000000726e00000, 0x0000000726e00000|100%| O|  |TAMS 0x0000000726c00000| PB 0x0000000726c00000| Untracked 
| 272|0x0000000726e00000, 0x0000000727000000, 0x0000000727000000|100%| O|  |TAMS 0x0000000726e00000| PB 0x0000000726e00000| Untracked 
| 273|0x0000000727000000, 0x0000000727200000, 0x0000000727200000|100%| S|  |TAMS 0x0000000727000000| PB 0x0000000727000000| Complete 
| 274|0x0000000727200000, 0x0000000727400000, 0x0000000727400000|100%| O|  |TAMS 0x0000000727200000| PB 0x0000000727200000| Untracked 
| 275|0x0000000727400000, 0x0000000727600000, 0x0000000727600000|100%| S|  |TAMS 0x0000000727400000| PB 0x0000000727400000| Complete 
| 276|0x0000000727600000, 0x0000000727800000, 0x0000000727800000|100%| S|  |TAMS 0x0000000727600000| PB 0x0000000727600000| Complete 
| 277|0x0000000727800000, 0x0000000727a00000, 0x0000000727a00000|100%| S|  |TAMS 0x0000000727800000| PB 0x0000000727800000| Complete 
| 278|0x0000000727a00000, 0x0000000727c00000, 0x0000000727c00000|100%| O|  |TAMS 0x0000000727a00000| PB 0x0000000727a00000| Untracked 
| 279|0x0000000727c00000, 0x0000000727e00000, 0x0000000727e00000|100%| O|  |TAMS 0x0000000727c00000| PB 0x0000000727c00000| Untracked 
| 280|0x0000000727e00000, 0x0000000728000000, 0x0000000728000000|100%| O|  |TAMS 0x0000000727e00000| PB 0x0000000727e00000| Untracked 
| 281|0x0000000728000000, 0x0000000728200000, 0x0000000728200000|100%| O|  |TAMS 0x0000000728000000| PB 0x0000000728000000| Untracked 
| 282|0x0000000728200000, 0x0000000728400000, 0x0000000728400000|100%| S|  |TAMS 0x0000000728200000| PB 0x0000000728200000| Complete 
| 283|0x0000000728400000, 0x0000000728600000, 0x0000000728600000|100%| S|  |TAMS 0x0000000728400000| PB 0x0000000728400000| Complete 
| 284|0x0000000728600000, 0x0000000728800000, 0x0000000728800000|100%| S|  |TAMS 0x0000000728600000| PB 0x0000000728600000| Complete 
| 285|0x0000000728800000, 0x0000000728a00000, 0x0000000728a00000|100%| S|  |TAMS 0x0000000728800000| PB 0x0000000728800000| Complete 
| 286|0x0000000728a00000, 0x0000000728c00000, 0x0000000728c00000|100%| S|  |TAMS 0x0000000728a00000| PB 0x0000000728a00000| Complete 
| 287|0x0000000728c00000, 0x0000000728e00000, 0x0000000728e00000|100%| E|CS|TAMS 0x0000000728c00000| PB 0x0000000728c00000| Complete 
| 288|0x0000000728e00000, 0x0000000729000000, 0x0000000729000000|100%| E|CS|TAMS 0x0000000728e00000| PB 0x0000000728e00000| Complete 
| 289|0x0000000729000000, 0x0000000729200000, 0x0000000729200000|100%| O|  |TAMS 0x0000000729000000| PB 0x0000000729000000| Untracked 
| 290|0x0000000729200000, 0x0000000729400000, 0x0000000729400000|100%| E|CS|TAMS 0x0000000729200000| PB 0x0000000729200000| Complete 
| 291|0x0000000729400000, 0x0000000729600000, 0x0000000729600000|100%| E|CS|TAMS 0x0000000729400000| PB 0x0000000729400000| Complete 
| 292|0x0000000729600000, 0x0000000729800000, 0x0000000729800000|100%| E|CS|TAMS 0x0000000729600000| PB 0x0000000729600000| Complete 
| 293|0x0000000729800000, 0x0000000729a00000, 0x0000000729a00000|100%| O|  |TAMS 0x0000000729800000| PB 0x0000000729800000| Untracked 
| 294|0x0000000729a00000, 0x0000000729c00000, 0x0000000729c00000|100%| O|CS|TAMS 0x0000000729a00000| PB 0x0000000729a00000| Complete 
| 295|0x0000000729c00000, 0x0000000729e00000, 0x0000000729e00000|100%| O|CS|TAMS 0x0000000729c00000| PB 0x0000000729c00000| Complete 
| 296|0x0000000729e00000, 0x000000072a000000, 0x000000072a000000|100%| O|CS|TAMS 0x0000000729e00000| PB 0x0000000729e00000| Complete 
| 297|0x000000072a000000, 0x000000072a200000, 0x000000072a200000|100%| O|  |TAMS 0x000000072a000000| PB 0x000000072a000000| Untracked 
| 298|0x000000072a200000, 0x000000072a400000, 0x000000072a400000|100%| E|CS|TAMS 0x000000072a200000| PB 0x000000072a200000| Complete 
| 299|0x000000072a400000, 0x000000072a600000, 0x000000072a600000|100%| E|CS|TAMS 0x000000072a400000| PB 0x000000072a400000| Complete 
| 300|0x000000072a600000, 0x000000072a800000, 0x000000072a800000|100%| E|CS|TAMS 0x000000072a600000| PB 0x000000072a600000| Complete 
| 301|0x000000072a800000, 0x000000072aa00000, 0x000000072aa00000|100%| E|CS|TAMS 0x000000072a800000| PB 0x000000072a800000| Complete 
| 302|0x000000072aa00000, 0x000000072ac00000, 0x000000072ac00000|100%| E|CS|TAMS 0x000000072aa00000| PB 0x000000072aa00000| Complete 
| 303|0x000000072ac00000, 0x000000072ad0b060, 0x000000072ae00000| 52%| E|CS|TAMS 0x000000072ac00000| PB 0x000000072ac00000| Complete 
| 304|0x000000072ae00000, 0x000000072b000000, 0x000000072b000000|100%| E|CS|TAMS 0x000000072ae00000| PB 0x000000072ae00000| Complete 
| 305|0x000000072b000000, 0x000000072b200000, 0x000000072b200000|100%| E|CS|TAMS 0x000000072b000000| PB 0x000000072b000000| Complete 
| 306|0x000000072b200000, 0x000000072b400000, 0x000000072b400000|100%| E|CS|TAMS 0x000000072b200000| PB 0x000000072b200000| Complete 
| 307|0x000000072b400000, 0x000000072b600000, 0x000000072b600000|100%| E|CS|TAMS 0x000000072b400000| PB 0x000000072b400000| Complete 
| 308|0x000000072b600000, 0x000000072b800000, 0x000000072b800000|100%| E|CS|TAMS 0x000000072b600000| PB 0x000000072b600000| Complete 
| 309|0x000000072b800000, 0x000000072ba00000, 0x000000072ba00000|100%| E|CS|TAMS 0x000000072b800000| PB 0x000000072b800000| Complete 
| 310|0x000000072ba00000, 0x000000072bc00000, 0x000000072bc00000|100%| E|CS|TAMS 0x000000072ba00000| PB 0x000000072ba00000| Complete 
| 311|0x000000072bc00000, 0x000000072be00000, 0x000000072be00000|100%| E|CS|TAMS 0x000000072bc00000| PB 0x000000072bc00000| Complete 
| 312|0x000000072be00000, 0x000000072c000000, 0x000000072c000000|100%| E|CS|TAMS 0x000000072be00000| PB 0x000000072be00000| Complete 
| 313|0x000000072c000000, 0x000000072c200000, 0x000000072c200000|100%| E|CS|TAMS 0x000000072c000000| PB 0x000000072c000000| Complete 
| 314|0x000000072c200000, 0x000000072c400000, 0x000000072c400000|100%| E|CS|TAMS 0x000000072c200000| PB 0x000000072c200000| Complete 
| 315|0x000000072c400000, 0x000000072c600000, 0x000000072c600000|100%| E|CS|TAMS 0x000000072c400000| PB 0x000000072c400000| Complete 
| 316|0x000000072c600000, 0x000000072c800000, 0x000000072c800000|100%| E|CS|TAMS 0x000000072c600000| PB 0x000000072c600000| Complete 
| 317|0x000000072c800000, 0x000000072ca00000, 0x000000072ca00000|100%| E|CS|TAMS 0x000000072c800000| PB 0x000000072c800000| Complete 
| 318|0x000000072ca00000, 0x000000072cc00000, 0x000000072cc00000|100%| E|CS|TAMS 0x000000072ca00000| PB 0x000000072ca00000| Complete 
| 319|0x000000072cc00000, 0x000000072ce00000, 0x000000072ce00000|100%| E|CS|TAMS 0x000000072cc00000| PB 0x000000072cc00000| Complete 
| 320|0x000000072ce00000, 0x000000072d000000, 0x000000072d000000|100%| E|CS|TAMS 0x000000072ce00000| PB 0x000000072ce00000| Complete 
| 321|0x000000072d000000, 0x000000072d200000, 0x000000072d200000|100%| E|CS|TAMS 0x000000072d000000| PB 0x000000072d000000| Complete 
| 322|0x000000072d200000, 0x000000072d400000, 0x000000072d400000|100%| E|CS|TAMS 0x000000072d200000| PB 0x000000072d200000| Complete 
| 323|0x000000072d400000, 0x000000072d600000, 0x000000072d600000|100%| E|CS|TAMS 0x000000072d400000| PB 0x000000072d400000| Complete 
| 324|0x000000072d600000, 0x000000072d800000, 0x000000072d800000|100%| E|CS|TAMS 0x000000072d600000| PB 0x000000072d600000| Complete 
| 325|0x000000072d800000, 0x000000072da00000, 0x000000072da00000|100%| E|CS|TAMS 0x000000072d800000| PB 0x000000072d800000| Complete 
| 326|0x000000072da00000, 0x000000072dc00000, 0x000000072dc00000|100%| E|CS|TAMS 0x000000072da00000| PB 0x000000072da00000| Complete 
| 327|0x000000072dc00000, 0x000000072de00000, 0x000000072de00000|100%| E|CS|TAMS 0x000000072dc00000| PB 0x000000072dc00000| Complete 
| 328|0x000000072de00000, 0x000000072e000000, 0x000000072e000000|100%| E|CS|TAMS 0x000000072de00000| PB 0x000000072de00000| Complete 
| 329|0x000000072e000000, 0x000000072e200000, 0x000000072e200000|100%| E|CS|TAMS 0x000000072e000000| PB 0x000000072e000000| Complete 
| 330|0x000000072e200000, 0x000000072e400000, 0x000000072e400000|100%| E|CS|TAMS 0x000000072e200000| PB 0x000000072e200000| Complete 
| 331|0x000000072e400000, 0x000000072e600000, 0x000000072e600000|100%| E|CS|TAMS 0x000000072e400000| PB 0x000000072e400000| Complete 
| 332|0x000000072e600000, 0x000000072e800000, 0x000000072e800000|100%| E|CS|TAMS 0x000000072e600000| PB 0x000000072e600000| Complete 
| 333|0x000000072e800000, 0x000000072ea00000, 0x000000072ea00000|100%| E|CS|TAMS 0x000000072e800000| PB 0x000000072e800000| Complete 
| 334|0x000000072ea00000, 0x000000072ec00000, 0x000000072ec00000|100%| E|CS|TAMS 0x000000072ea00000| PB 0x000000072ea00000| Complete 
| 335|0x000000072ec00000, 0x000000072ee00000, 0x000000072ee00000|100%| O|  |TAMS 0x000000072ec00000| PB 0x000000072ec00000| Untracked 
| 336|0x000000072ee00000, 0x000000072f000000, 0x000000072f000000|100%| E|CS|TAMS 0x000000072ee00000| PB 0x000000072ee00000| Complete 
| 337|0x000000072f000000, 0x000000072f200000, 0x000000072f200000|100%| O|  |TAMS 0x000000072f000000| PB 0x000000072f000000| Untracked 
| 338|0x000000072f200000, 0x000000072f400000, 0x000000072f400000|100%| E|CS|TAMS 0x000000072f200000| PB 0x000000072f200000| Complete 
| 339|0x000000072f400000, 0x000000072f600000, 0x000000072f600000|100%| E|CS|TAMS 0x000000072f400000| PB 0x000000072f400000| Complete 
| 340|0x000000072f600000, 0x000000072f800000, 0x000000072f800000|100%| E|CS|TAMS 0x000000072f600000| PB 0x000000072f600000| Complete 
| 341|0x000000072f800000, 0x000000072fa00000, 0x000000072fa00000|100%| E|CS|TAMS 0x000000072f800000| PB 0x000000072f800000| Complete 
| 342|0x000000072fa00000, 0x000000072fc00000, 0x000000072fc00000|100%| E|CS|TAMS 0x000000072fa00000| PB 0x000000072fa00000| Complete 
| 343|0x000000072fc00000, 0x000000072fe00000, 0x000000072fe00000|100%| E|CS|TAMS 0x000000072fc00000| PB 0x000000072fc00000| Complete 
| 344|0x000000072fe00000, 0x0000000730000000, 0x0000000730000000|100%| E|CS|TAMS 0x000000072fe00000| PB 0x000000072fe00000| Complete 
| 345|0x0000000730000000, 0x0000000730200000, 0x0000000730200000|100%| E|CS|TAMS 0x0000000730000000| PB 0x0000000730000000| Complete 
| 346|0x0000000730200000, 0x0000000730400000, 0x0000000730400000|100%| E|CS|TAMS 0x0000000730200000| PB 0x0000000730200000| Complete 
| 347|0x0000000730400000, 0x0000000730600000, 0x0000000730600000|100%| E|CS|TAMS 0x0000000730400000| PB 0x0000000730400000| Complete 
| 348|0x0000000730600000, 0x0000000730800000, 0x0000000730800000|100%| E|CS|TAMS 0x0000000730600000| PB 0x0000000730600000| Complete 
| 349|0x0000000730800000, 0x0000000730a00000, 0x0000000730a00000|100%| E|CS|TAMS 0x0000000730800000| PB 0x0000000730800000| Complete 
| 350|0x0000000730a00000, 0x0000000730c00000, 0x0000000730c00000|100%| E|CS|TAMS 0x0000000730a00000| PB 0x0000000730a00000| Complete 
| 351|0x0000000730c00000, 0x0000000730e00000, 0x0000000730e00000|100%| E|CS|TAMS 0x0000000730c00000| PB 0x0000000730c00000| Complete 
| 352|0x0000000730e00000, 0x0000000731000000, 0x0000000731000000|100%| E|CS|TAMS 0x0000000730e00000| PB 0x0000000730e00000| Complete 
| 353|0x0000000731000000, 0x0000000731200000, 0x0000000731200000|100%| E|CS|TAMS 0x0000000731000000| PB 0x0000000731000000| Complete 
| 354|0x0000000731200000, 0x0000000731400000, 0x0000000731400000|100%| E|CS|TAMS 0x0000000731200000| PB 0x0000000731200000| Complete 
| 355|0x0000000731400000, 0x0000000731600000, 0x0000000731600000|100%| E|CS|TAMS 0x0000000731400000| PB 0x0000000731400000| Complete 
| 356|0x0000000731600000, 0x0000000731800000, 0x0000000731800000|100%| E|CS|TAMS 0x0000000731600000| PB 0x0000000731600000| Complete 
| 357|0x0000000731800000, 0x0000000731a00000, 0x0000000731a00000|100%| E|CS|TAMS 0x0000000731800000| PB 0x0000000731800000| Complete 
| 358|0x0000000731a00000, 0x0000000731c00000, 0x0000000731c00000|100%| E|CS|TAMS 0x0000000731a00000| PB 0x0000000731a00000| Complete 
| 359|0x0000000731c00000, 0x0000000731e00000, 0x0000000731e00000|100%| E|CS|TAMS 0x0000000731c00000| PB 0x0000000731c00000| Complete 
| 360|0x0000000731e00000, 0x0000000732000000, 0x0000000732000000|100%| E|CS|TAMS 0x0000000731e00000| PB 0x0000000731e00000| Complete 
| 361|0x0000000732000000, 0x0000000732200000, 0x0000000732200000|100%| E|CS|TAMS 0x0000000732000000| PB 0x0000000732000000| Complete 
| 362|0x0000000732200000, 0x0000000732400000, 0x0000000732400000|100%| E|CS|TAMS 0x0000000732200000| PB 0x0000000732200000| Complete 
| 363|0x0000000732400000, 0x0000000732600000, 0x0000000732600000|100%| E|CS|TAMS 0x0000000732400000| PB 0x0000000732400000| Complete 
| 364|0x0000000732600000, 0x0000000732800000, 0x0000000732800000|100%| E|CS|TAMS 0x0000000732600000| PB 0x0000000732600000| Complete 
| 365|0x0000000732800000, 0x0000000732a00000, 0x0000000732a00000|100%| E|CS|TAMS 0x0000000732800000| PB 0x0000000732800000| Complete 
| 366|0x0000000732a00000, 0x0000000732c00000, 0x0000000732c00000|100%| E|CS|TAMS 0x0000000732a00000| PB 0x0000000732a00000| Complete 
| 367|0x0000000732c00000, 0x0000000732e00000, 0x0000000732e00000|100%| E|CS|TAMS 0x0000000732c00000| PB 0x0000000732c00000| Complete 
| 368|0x0000000732e00000, 0x0000000733000000, 0x0000000733000000|100%| E|CS|TAMS 0x0000000732e00000| PB 0x0000000732e00000| Complete 
| 369|0x0000000733000000, 0x0000000733200000, 0x0000000733200000|100%| E|CS|TAMS 0x0000000733000000| PB 0x0000000733000000| Complete 
| 370|0x0000000733200000, 0x0000000733400000, 0x0000000733400000|100%| E|CS|TAMS 0x0000000733200000| PB 0x0000000733200000| Complete 
| 371|0x0000000733400000, 0x0000000733600000, 0x0000000733600000|100%| E|CS|TAMS 0x0000000733400000| PB 0x0000000733400000| Complete 
| 372|0x0000000733600000, 0x0000000733800000, 0x0000000733800000|100%| E|CS|TAMS 0x0000000733600000| PB 0x0000000733600000| Complete 
| 373|0x0000000733800000, 0x0000000733a00000, 0x0000000733a00000|100%| E|CS|TAMS 0x0000000733800000| PB 0x0000000733800000| Complete 
| 374|0x0000000733a00000, 0x0000000733c00000, 0x0000000733c00000|100%| E|CS|TAMS 0x0000000733a00000| PB 0x0000000733a00000| Complete 
| 375|0x0000000733c00000, 0x0000000733e00000, 0x0000000733e00000|100%| E|CS|TAMS 0x0000000733c00000| PB 0x0000000733c00000| Complete 
| 376|0x0000000733e00000, 0x0000000734000000, 0x0000000734000000|100%| E|CS|TAMS 0x0000000733e00000| PB 0x0000000733e00000| Complete 
| 377|0x0000000734000000, 0x0000000734200000, 0x0000000734200000|100%| E|CS|TAMS 0x0000000734000000| PB 0x0000000734000000| Complete 
| 378|0x0000000734200000, 0x0000000734400000, 0x0000000734400000|100%| E|CS|TAMS 0x0000000734200000| PB 0x0000000734200000| Complete 
| 379|0x0000000734400000, 0x0000000734600000, 0x0000000734600000|100%| E|CS|TAMS 0x0000000734400000| PB 0x0000000734400000| Complete 
| 380|0x0000000734600000, 0x0000000734800000, 0x0000000734800000|100%| E|CS|TAMS 0x0000000734600000| PB 0x0000000734600000| Complete 
| 381|0x0000000734800000, 0x0000000734a00000, 0x0000000734a00000|100%| E|CS|TAMS 0x0000000734800000| PB 0x0000000734800000| Complete 
| 382|0x0000000734a00000, 0x0000000734c00000, 0x0000000734c00000|100%| E|CS|TAMS 0x0000000734a00000| PB 0x0000000734a00000| Complete 
| 383|0x0000000734c00000, 0x0000000734e00000, 0x0000000734e00000|100%| E|CS|TAMS 0x0000000734c00000| PB 0x0000000734c00000| Complete 
| 384|0x0000000734e00000, 0x0000000735000000, 0x0000000735000000|100%| E|CS|TAMS 0x0000000734e00000| PB 0x0000000734e00000| Complete 
| 385|0x0000000735000000, 0x0000000735200000, 0x0000000735200000|100%| E|CS|TAMS 0x0000000735000000| PB 0x0000000735000000| Complete 
| 386|0x0000000735200000, 0x0000000735400000, 0x0000000735400000|100%| E|CS|TAMS 0x0000000735200000| PB 0x0000000735200000| Complete 
| 387|0x0000000735400000, 0x0000000735600000, 0x0000000735600000|100%| E|CS|TAMS 0x0000000735400000| PB 0x0000000735400000| Complete 
| 388|0x0000000735600000, 0x0000000735800000, 0x0000000735800000|100%| E|CS|TAMS 0x0000000735600000| PB 0x0000000735600000| Complete 
| 389|0x0000000735800000, 0x0000000735a00000, 0x0000000735a00000|100%| E|CS|TAMS 0x0000000735800000| PB 0x0000000735800000| Complete 
| 390|0x0000000735a00000, 0x0000000735c00000, 0x0000000735c00000|100%| E|CS|TAMS 0x0000000735a00000| PB 0x0000000735a00000| Complete 
| 391|0x0000000735c00000, 0x0000000735e00000, 0x0000000735e00000|100%| E|CS|TAMS 0x0000000735c00000| PB 0x0000000735c00000| Complete 
| 392|0x0000000735e00000, 0x0000000736000000, 0x0000000736000000|100%| E|CS|TAMS 0x0000000735e00000| PB 0x0000000735e00000| Complete 
| 393|0x0000000736000000, 0x0000000736200000, 0x0000000736200000|100%| E|CS|TAMS 0x0000000736000000| PB 0x0000000736000000| Complete 
| 394|0x0000000736200000, 0x0000000736400000, 0x0000000736400000|100%| E|CS|TAMS 0x0000000736200000| PB 0x0000000736200000| Complete 
| 395|0x0000000736400000, 0x0000000736600000, 0x0000000736600000|100%| E|CS|TAMS 0x0000000736400000| PB 0x0000000736400000| Complete 
| 396|0x0000000736600000, 0x0000000736800000, 0x0000000736800000|100%| E|CS|TAMS 0x0000000736600000| PB 0x0000000736600000| Complete 
| 397|0x0000000736800000, 0x0000000736a00000, 0x0000000736a00000|100%| E|CS|TAMS 0x0000000736800000| PB 0x0000000736800000| Complete 
| 398|0x0000000736a00000, 0x0000000736c00000, 0x0000000736c00000|100%| E|CS|TAMS 0x0000000736a00000| PB 0x0000000736a00000| Complete 
| 399|0x0000000736c00000, 0x0000000736e00000, 0x0000000736e00000|100%| E|CS|TAMS 0x0000000736c00000| PB 0x0000000736c00000| Complete 
| 400|0x0000000736e00000, 0x0000000737000000, 0x0000000737000000|100%| E|CS|TAMS 0x0000000736e00000| PB 0x0000000736e00000| Complete 
| 401|0x0000000737000000, 0x0000000737200000, 0x0000000737200000|100%| E|CS|TAMS 0x0000000737000000| PB 0x0000000737000000| Complete 
| 402|0x0000000737200000, 0x0000000737400000, 0x0000000737400000|100%| E|CS|TAMS 0x0000000737200000| PB 0x0000000737200000| Complete 
| 403|0x0000000737400000, 0x0000000737600000, 0x0000000737600000|100%| E|CS|TAMS 0x0000000737400000| PB 0x0000000737400000| Complete 
| 404|0x0000000737600000, 0x0000000737800000, 0x0000000737800000|100%| E|CS|TAMS 0x0000000737600000| PB 0x0000000737600000| Complete 
| 405|0x0000000737800000, 0x0000000737a00000, 0x0000000737a00000|100%| E|CS|TAMS 0x0000000737800000| PB 0x0000000737800000| Complete 
| 406|0x0000000737a00000, 0x0000000737c00000, 0x0000000737c00000|100%| E|CS|TAMS 0x0000000737a00000| PB 0x0000000737a00000| Complete 
| 407|0x0000000737c00000, 0x0000000737e00000, 0x0000000737e00000|100%| E|CS|TAMS 0x0000000737c00000| PB 0x0000000737c00000| Complete 
| 408|0x0000000737e00000, 0x0000000738000000, 0x0000000738000000|100%| E|CS|TAMS 0x0000000737e00000| PB 0x0000000737e00000| Complete 
| 409|0x0000000738000000, 0x0000000738200000, 0x0000000738200000|100%| E|CS|TAMS 0x0000000738000000| PB 0x0000000738000000| Complete 
| 410|0x0000000738200000, 0x0000000738400000, 0x0000000738400000|100%| E|CS|TAMS 0x0000000738200000| PB 0x0000000738200000| Complete 
| 411|0x0000000738400000, 0x0000000738600000, 0x0000000738600000|100%| E|CS|TAMS 0x0000000738400000| PB 0x0000000738400000| Complete 
| 412|0x0000000738600000, 0x0000000738800000, 0x0000000738800000|100%| E|CS|TAMS 0x0000000738600000| PB 0x0000000738600000| Complete 
| 413|0x0000000738800000, 0x0000000738a00000, 0x0000000738a00000|100%| E|CS|TAMS 0x0000000738800000| PB 0x0000000738800000| Complete 
| 414|0x0000000738a00000, 0x0000000738c00000, 0x0000000738c00000|100%| E|CS|TAMS 0x0000000738a00000| PB 0x0000000738a00000| Complete 
| 415|0x0000000738c00000, 0x0000000738e00000, 0x0000000738e00000|100%| E|CS|TAMS 0x0000000738c00000| PB 0x0000000738c00000| Complete 
| 416|0x0000000738e00000, 0x0000000739000000, 0x0000000739000000|100%| E|CS|TAMS 0x0000000738e00000| PB 0x0000000738e00000| Complete 
| 417|0x0000000739000000, 0x0000000739200000, 0x0000000739200000|100%| E|CS|TAMS 0x0000000739000000| PB 0x0000000739000000| Complete 
| 418|0x0000000739200000, 0x0000000739400000, 0x0000000739400000|100%| E|CS|TAMS 0x0000000739200000| PB 0x0000000739200000| Complete 
| 419|0x0000000739400000, 0x0000000739600000, 0x0000000739600000|100%| E|CS|TAMS 0x0000000739400000| PB 0x0000000739400000| Complete 
| 420|0x0000000739600000, 0x0000000739800000, 0x0000000739800000|100%| E|CS|TAMS 0x0000000739600000| PB 0x0000000739600000| Complete 
| 421|0x0000000739800000, 0x0000000739a00000, 0x0000000739a00000|100%| E|CS|TAMS 0x0000000739800000| PB 0x0000000739800000| Complete 
| 422|0x0000000739a00000, 0x0000000739c00000, 0x0000000739c00000|100%| E|CS|TAMS 0x0000000739a00000| PB 0x0000000739a00000| Complete 
| 423|0x0000000739c00000, 0x0000000739e00000, 0x0000000739e00000|100%| E|CS|TAMS 0x0000000739c00000| PB 0x0000000739c00000| Complete 
| 424|0x0000000739e00000, 0x000000073a000000, 0x000000073a000000|100%| E|CS|TAMS 0x0000000739e00000| PB 0x0000000739e00000| Complete 
| 425|0x000000073a000000, 0x000000073a200000, 0x000000073a200000|100%| E|CS|TAMS 0x000000073a000000| PB 0x000000073a000000| Complete 
| 426|0x000000073a200000, 0x000000073a400000, 0x000000073a400000|100%| E|CS|TAMS 0x000000073a200000| PB 0x000000073a200000| Complete 
| 427|0x000000073a400000, 0x000000073a600000, 0x000000073a600000|100%| E|CS|TAMS 0x000000073a400000| PB 0x000000073a400000| Complete 
| 428|0x000000073a600000, 0x000000073a800000, 0x000000073a800000|100%| E|CS|TAMS 0x000000073a600000| PB 0x000000073a600000| Complete 
| 429|0x000000073a800000, 0x000000073aa00000, 0x000000073aa00000|100%| E|CS|TAMS 0x000000073a800000| PB 0x000000073a800000| Complete 
| 430|0x000000073aa00000, 0x000000073ac00000, 0x000000073ac00000|100%| E|CS|TAMS 0x000000073aa00000| PB 0x000000073aa00000| Complete 
| 431|0x000000073ac00000, 0x000000073ae00000, 0x000000073ae00000|100%| E|CS|TAMS 0x000000073ac00000| PB 0x000000073ac00000| Complete 
| 432|0x000000073ae00000, 0x000000073b000000, 0x000000073b000000|100%| E|CS|TAMS 0x000000073ae00000| PB 0x000000073ae00000| Complete 
| 433|0x000000073b000000, 0x000000073b200000, 0x000000073b200000|100%| E|CS|TAMS 0x000000073b000000| PB 0x000000073b000000| Complete 
| 434|0x000000073b200000, 0x000000073b400000, 0x000000073b400000|100%| E|CS|TAMS 0x000000073b200000| PB 0x000000073b200000| Complete 
| 435|0x000000073b400000, 0x000000073b600000, 0x000000073b600000|100%| E|CS|TAMS 0x000000073b400000| PB 0x000000073b400000| Complete 
| 436|0x000000073b600000, 0x000000073b800000, 0x000000073b800000|100%| E|CS|TAMS 0x000000073b600000| PB 0x000000073b600000| Complete 
| 437|0x000000073b800000, 0x000000073ba00000, 0x000000073ba00000|100%| E|CS|TAMS 0x000000073b800000| PB 0x000000073b800000| Complete 
| 438|0x000000073ba00000, 0x000000073bc00000, 0x000000073bc00000|100%| E|CS|TAMS 0x000000073ba00000| PB 0x000000073ba00000| Complete 
| 439|0x000000073bc00000, 0x000000073be00000, 0x000000073be00000|100%| E|CS|TAMS 0x000000073bc00000| PB 0x000000073bc00000| Complete 
| 440|0x000000073be00000, 0x000000073c000000, 0x000000073c000000|100%| E|CS|TAMS 0x000000073be00000| PB 0x000000073be00000| Complete 
| 441|0x000000073c000000, 0x000000073c200000, 0x000000073c200000|100%| E|CS|TAMS 0x000000073c000000| PB 0x000000073c000000| Complete 
| 442|0x000000073c200000, 0x000000073c400000, 0x000000073c400000|100%| E|CS|TAMS 0x000000073c200000| PB 0x000000073c200000| Complete 
| 443|0x000000073c400000, 0x000000073c600000, 0x000000073c600000|100%| E|CS|TAMS 0x000000073c400000| PB 0x000000073c400000| Complete 
| 444|0x000000073c600000, 0x000000073c800000, 0x000000073c800000|100%| E|CS|TAMS 0x000000073c600000| PB 0x000000073c600000| Complete 
| 445|0x000000073c800000, 0x000000073ca00000, 0x000000073ca00000|100%| E|CS|TAMS 0x000000073c800000| PB 0x000000073c800000| Complete 
| 446|0x000000073ca00000, 0x000000073cc00000, 0x000000073cc00000|100%| E|CS|TAMS 0x000000073ca00000| PB 0x000000073ca00000| Complete 
| 447|0x000000073cc00000, 0x000000073ce00000, 0x000000073ce00000|100%| E|CS|TAMS 0x000000073cc00000| PB 0x000000073cc00000| Complete 
| 448|0x000000073ce00000, 0x000000073d000000, 0x000000073d000000|100%| E|CS|TAMS 0x000000073ce00000| PB 0x000000073ce00000| Complete 
| 449|0x000000073d000000, 0x000000073d200000, 0x000000073d200000|100%| E|CS|TAMS 0x000000073d000000| PB 0x000000073d000000| Complete 
| 450|0x000000073d200000, 0x000000073d400000, 0x000000073d400000|100%| E|CS|TAMS 0x000000073d200000| PB 0x000000073d200000| Complete 
| 451|0x000000073d400000, 0x000000073d600000, 0x000000073d600000|100%| E|CS|TAMS 0x000000073d400000| PB 0x000000073d400000| Complete 
| 452|0x000000073d600000, 0x000000073d800000, 0x000000073d800000|100%| E|CS|TAMS 0x000000073d600000| PB 0x000000073d600000| Complete 
| 453|0x000000073d800000, 0x000000073da00000, 0x000000073da00000|100%| E|CS|TAMS 0x000000073d800000| PB 0x000000073d800000| Complete 
| 454|0x000000073da00000, 0x000000073dc00000, 0x000000073dc00000|100%| E|CS|TAMS 0x000000073da00000| PB 0x000000073da00000| Complete 
| 455|0x000000073dc00000, 0x000000073de00000, 0x000000073de00000|100%| E|CS|TAMS 0x000000073dc00000| PB 0x000000073dc00000| Complete 
| 456|0x000000073de00000, 0x000000073e000000, 0x000000073e000000|100%| S|  |TAMS 0x000000073de00000| PB 0x000000073de00000| Complete 
| 457|0x000000073e000000, 0x000000073e200000, 0x000000073e200000|100%| S|  |TAMS 0x000000073e000000| PB 0x000000073e000000| Complete 
| 458|0x000000073e200000, 0x000000073e400000, 0x000000073e400000|100%| S|  |TAMS 0x000000073e200000| PB 0x000000073e200000| Complete 
| 471|0x000000073fc00000, 0x000000073fe00000, 0x000000073fe00000|100%| E|CS|TAMS 0x000000073fc00000| PB 0x000000073fc00000| Complete 
| 494|0x0000000742a00000, 0x0000000742c00000, 0x0000000742c00000|100%| E|CS|TAMS 0x0000000742a00000| PB 0x0000000742a00000| Complete 
| 495|0x0000000742c00000, 0x0000000742e00000, 0x0000000742e00000|100%| E|CS|TAMS 0x0000000742c00000| PB 0x0000000742c00000| Complete 
| 496|0x0000000742e00000, 0x0000000743000000, 0x0000000743000000|100%| E|CS|TAMS 0x0000000742e00000| PB 0x0000000742e00000| Complete 
| 497|0x0000000743000000, 0x0000000743200000, 0x0000000743200000|100%| E|CS|TAMS 0x0000000743000000| PB 0x0000000743000000| Complete 
| 530|0x0000000747200000, 0x0000000747400000, 0x0000000747400000|100%| E|CS|TAMS 0x0000000747200000| PB 0x0000000747200000| Complete 
| 532|0x0000000747600000, 0x0000000747800000, 0x0000000747800000|100%| E|CS|TAMS 0x0000000747600000| PB 0x0000000747600000| Complete 
|1973|0x00000007fb800000, 0x00000007fba00000, 0x00000007fba00000|100%| O|CS|TAMS 0x00000007fb800000| PB 0x00000007fb800000| Complete 
|1974|0x00000007fba00000, 0x00000007fbc00000, 0x00000007fbc00000|100%| E|CS|TAMS 0x00000007fba00000| PB 0x00000007fba00000| Complete 
|1975|0x00000007fbc00000, 0x00000007fbe00000, 0x00000007fbe00000|100%| E|CS|TAMS 0x00000007fbc00000| PB 0x00000007fbc00000| Complete 
|1976|0x00000007fbe00000, 0x00000007fc000000, 0x00000007fc000000|100%| E|CS|TAMS 0x00000007fbe00000| PB 0x00000007fbe00000| Complete 
|1977|0x00000007fc000000, 0x00000007fc200000, 0x00000007fc200000|100%| E|CS|TAMS 0x00000007fc000000| PB 0x00000007fc000000| Complete 
|1978|0x00000007fc200000, 0x00000007fc400000, 0x00000007fc400000|100%| E|CS|TAMS 0x00000007fc200000| PB 0x00000007fc200000| Complete 
|1979|0x00000007fc400000, 0x00000007fc600000, 0x00000007fc600000|100%| E|CS|TAMS 0x00000007fc400000| PB 0x00000007fc400000| Complete 
|1980|0x00000007fc600000, 0x00000007fc800000, 0x00000007fc800000|100%| E|CS|TAMS 0x00000007fc600000| PB 0x00000007fc600000| Complete 
|1981|0x00000007fc800000, 0x00000007fca00000, 0x00000007fca00000|100%| E|CS|TAMS 0x00000007fc800000| PB 0x00000007fc800000| Complete 
|1982|0x00000007fca00000, 0x00000007fcc00000, 0x00000007fcc00000|100%| E|CS|TAMS 0x00000007fca00000| PB 0x00000007fca00000| Complete 
|1983|0x00000007fcc00000, 0x00000007fce00000, 0x00000007fce00000|100%| E|CS|TAMS 0x00000007fcc00000| PB 0x00000007fcc00000| Complete 
|1984|0x00000007fce00000, 0x00000007fd000000, 0x00000007fd000000|100%| E|CS|TAMS 0x00000007fce00000| PB 0x00000007fce00000| Complete 
|1985|0x00000007fd000000, 0x00000007fd200000, 0x00000007fd200000|100%| E|CS|TAMS 0x00000007fd000000| PB 0x00000007fd000000| Complete 
|1986|0x00000007fd200000, 0x00000007fd400000, 0x00000007fd400000|100%| E|CS|TAMS 0x00000007fd200000| PB 0x00000007fd200000| Complete 
|1987|0x00000007fd400000, 0x00000007fd600000, 0x00000007fd600000|100%| E|CS|TAMS 0x00000007fd400000| PB 0x00000007fd400000| Complete 
|1988|0x00000007fd600000, 0x00000007fd800000, 0x00000007fd800000|100%| E|CS|TAMS 0x00000007fd600000| PB 0x00000007fd600000| Complete 
|1989|0x00000007fd800000, 0x00000007fda00000, 0x00000007fda00000|100%| O|  |TAMS 0x00000007fd800000| PB 0x00000007fd800000| Untracked 
|1990|0x00000007fda00000, 0x00000007fdc00000, 0x00000007fdc00000|100%| E|CS|TAMS 0x00000007fda00000| PB 0x00000007fda00000| Complete 
|1991|0x00000007fdc00000, 0x00000007fde00000, 0x00000007fde00000|100%| E|CS|TAMS 0x00000007fdc00000| PB 0x00000007fdc00000| Complete 
|1992|0x00000007fde00000, 0x00000007fe000000, 0x00000007fe000000|100%| O|  |TAMS 0x00000007fde00000| PB 0x00000007fde00000| Untracked 
|1993|0x00000007fe000000, 0x00000007fe200000, 0x00000007fe200000|100%| O|  |TAMS 0x00000007fe000000| PB 0x00000007fe000000| Untracked 
|1994|0x00000007fe200000, 0x00000007fe400000, 0x00000007fe400000|100%| E|CS|TAMS 0x00000007fe200000| PB 0x00000007fe200000| Complete 
|1995|0x00000007fe400000, 0x00000007fe600000, 0x00000007fe600000|100%| O|  |TAMS 0x00000007fe400000| PB 0x00000007fe400000| Untracked 
|1996|0x00000007fe600000, 0x00000007fe800000, 0x00000007fe800000|100%| O|  |TAMS 0x00000007fe600000| PB 0x00000007fe600000| Untracked 
|1997|0x00000007fe800000, 0x00000007fea00000, 0x00000007fea00000|100%| O|  |TAMS 0x00000007fe800000| PB 0x00000007fe800000| Untracked 
|1998|0x00000007fea00000, 0x00000007fec00000, 0x00000007fec00000|100%| E|CS|TAMS 0x00000007fea00000| PB 0x00000007fea00000| Complete 
|1999|0x00000007fec00000, 0x00000007fee00000, 0x00000007fee00000|100%| E|CS|TAMS 0x00000007fec00000| PB 0x00000007fec00000| Complete 
|2000|0x00000007fee00000, 0x00000007ff000000, 0x00000007ff000000|100%| E|CS|TAMS 0x00000007fee00000| PB 0x00000007fee00000| Complete 
|2001|0x00000007ff000000, 0x00000007ff200000, 0x00000007ff200000|100%| E|CS|TAMS 0x00000007ff000000| PB 0x00000007ff000000| Complete 
|2002|0x00000007ff200000, 0x00000007ff400000, 0x00000007ff400000|100%| E|CS|TAMS 0x00000007ff200000| PB 0x00000007ff200000| Complete 
|2003|0x00000007ff400000, 0x00000007ff600000, 0x00000007ff600000|100%| E|CS|TAMS 0x00000007ff400000| PB 0x00000007ff400000| Complete 
|2004|0x00000007ff600000, 0x00000007ff800000, 0x00000007ff800000|100%| E|CS|TAMS 0x00000007ff600000| PB 0x00000007ff600000| Complete 
|2005|0x00000007ff800000, 0x00000007ffa00000, 0x00000007ffa00000|100%| E|CS|TAMS 0x00000007ff800000| PB 0x00000007ff800000| Complete 
|2006|0x00000007ffa00000, 0x00000007ffc00000, 0x00000007ffc00000|100%| E|CS|TAMS 0x00000007ffa00000| PB 0x00000007ffa00000| Complete 
|2007|0x00000007ffc00000, 0x00000007ffe00000, 0x00000007ffe00000|100%| E|CS|TAMS 0x00000007ffc00000| PB 0x00000007ffc00000| Complete 
|2008|0x00000007ffe00000, 0x0000000800000000, 0x0000000800000000|100%| E|CS|TAMS 0x00000007ffe00000| PB 0x00000007ffe00000| Complete 

Card table byte_map: [0x00000153abe60000,0x00000153ac640000] _byte_map_base: 0x00000153a8639000

Marking Bits: (CMBitMap*) 0x0000015393c88430
 Bits: [0x00000153ac640000, 0x00000153b0508000)

Polling page: 0x00000153933e0000

Metaspace:

Usage:
  Non-class:     34.50 MB used.
      Class:      4.18 MB used.
       Both:     38.68 MB used.

Virtual space:
  Non-class space:       64.00 MB reserved,      34.81 MB ( 54%) committed,  1 nodes.
      Class space:        1.00 GB reserved,       4.50 MB ( <1%) committed,  1 nodes.
             Both:        1.06 GB reserved,      39.31 MB (  4%) committed. 

Chunk freelists:
   Non-Class:  12.81 MB
       Class:  11.54 MB
        Both:  24.36 MB

MaxMetaspaceSize: unlimited
CompressedClassSpaceSize: 1.00 GB
Initial GC threshold: 21.00 MB
Current GC threshold: 65.44 MB
CDS: on
 - commit_granule_bytes: 65536.
 - commit_granule_words: 8192.
 - virtual_space_node_default_size: 8388608.
 - enlarge_chunks_in_place: 1.
 - use_allocation_guard: 0.


Internal statistics:

num_allocs_failed_limit: 6.
num_arena_births: 1460.
num_arena_deaths: 338.
num_vsnodes_births: 2.
num_vsnodes_deaths: 0.
num_space_committed: 629.
num_space_uncommitted: 0.
num_chunks_returned_to_freelist: 416.
num_chunks_taken_from_freelist: 2574.
num_chunk_merges: 80.
num_chunk_splits: 1388.
num_chunks_enlarged: 579.
num_inconsistent_stats: 0.

CodeHeap 'non-profiled nmethods': size=120000Kb used=11555Kb max_used=11555Kb free=108445Kb
 bounds [0x00000153a3e20000, 0x00000153a4970000, 0x00000153ab350000]
CodeHeap 'profiled nmethods': size=120000Kb used=8529Kb max_used=20531Kb free=111470Kb
 bounds [0x000001539c350000, 0x000001539d760000, 0x00000153a3880000]
CodeHeap 'non-nmethods': size=5760Kb used=1752Kb max_used=1808Kb free=4008Kb
 bounds [0x00000153a3880000, 0x00000153a3af0000, 0x00000153a3e20000]
CodeCache: size=245760Kb, used=21836Kb, max_used=33894Kb, free=223923Kb
 total_blobs=7228, nmethods=6339, adapters=789, full_count=0
Compilation: enabled, stopped_count=0, restarted_count=0

Compilation events (20 events):
Event: 17187.438 Thread 0x00000153b2f7d5c0 13890       3       java.lang.invoke.LambdaForm$MH/0x00000153b41a8800::invoke (42 bytes)
Event: 17187.438 Thread 0x00000153b2f7d5c0 nmethod 13890 0x000001539c535110 code [0x000001539c5353a0, 0x000001539c536180]
Event: 17187.438 Thread 0x00000153b2f7d5c0 13891       3       java.lang.invoke.LambdaForm$MH/0x00000153b418a000::invoke (42 bytes)
Event: 17187.439 Thread 0x00000153b2f7d5c0 nmethod 13891 0x000001539c631610 code [0x000001539c6318a0, 0x000001539c632680]
Event: 17201.694 Thread 0x00000153b2f78a70 13892       4       java.lang.AbstractStringBuilder::append (67 bytes)
Event: 17201.711 Thread 0x00000153b2f78a70 nmethod 13892 0x00000153a495c090 code [0x00000153a495c2a0, 0x00000153a495cc40]
Event: 17227.484 Thread 0x00000153b2f78a70 13893       4       com.google.api.client.googleapis.MethodOverride::intercept (89 bytes)
Event: 17227.612 Thread 0x00000153b2f78a70 nmethod 13893 0x00000153a495d210 code [0x00000153a495d620, 0x00000153a4960148]
Event: 17268.139 Thread 0x00000153b2f78a70 13894   !   4       sun.net.www.protocol.https.HttpsClient::New (507 bytes)
Event: 17268.220 Thread 0x00000153b2f78a70 nmethod 13894 0x00000153a4961790 code [0x00000153a4961c60, 0x00000153a49651e0]
Event: 17343.998 Thread 0x00000153b2f78a70 13895       4       sun.security.ssl.CipherSuite::namesOf (55 bytes)
Event: 17344.019 Thread 0x00000153b2f78a70 nmethod 13895 0x00000153a4966b10 code [0x00000153a4966d60, 0x00000153a4967890]
Event: 17344.550 Thread 0x00000153b2f78a70 13896       4       driverecovery.DriveRecoveryService$$Lambda/0x00000153b446a5c8::test (12 bytes)
Event: 17344.555 Thread 0x00000153b2f78a70 nmethod 13896 0x00000153a4967f10 code [0x00000153a49680a0, 0x00000153a49682b0]
Event: 17346.264 Thread 0x00000153b2f78a70 13897       4       driverecovery.DriveRecoveryService$SubFolderInfo::<init> (5 bytes)
Event: 17346.264 Thread 0x00000153b2f78a70 nmethod 13897 0x00000153a4968390 code [0x00000153a4968520, 0x00000153a49685a8]
Event: 17449.142 Thread 0x00000153b2f78a70 13898       4       sun.security.ssl.SSLExtension::valueOf (51 bytes)
Event: 17449.157 Thread 0x00000153b2f78a70 nmethod 13898 0x00000153a4968690 code [0x00000153a4968820, 0x00000153a4968ab0]
Event: 17558.479 Thread 0x00000153b2f7d5c0 13899       3       com.formdev.flatlaf.ui.FlatUIUtils::resetRenderingHints (38 bytes)
Event: 17558.483 Thread 0x00000153b2f7d5c0 nmethod 13899 0x000001539ce26090 code [0x000001539ce26260, 0x000001539ce265a8]

GC Heap History (20 events):
Event: 16712.445 GC heap after
{Heap after GC invocations=242 (full 0):
 garbage-first heap   total 985088K, used 529721K [0x0000000704e00000, 0x0000000800000000)
  region size 2048K, 3 young (6144K), 3 survivors (6144K)
 Metaspace       used 39602K, committed 40256K, reserved 1114112K
  class space    used 4283K, committed 4608K, reserved 1048576K
}
Event: 16806.642 GC heap before
{Heap before GC invocations=242 (full 0):
 garbage-first heap   total 985088K, used 929081K [0x0000000704e00000, 0x0000000800000000)
  region size 2048K, 199 young (407552K), 3 survivors (6144K)
 Metaspace       used 39602K, committed 40256K, reserved 1114112K
  class space    used 4283K, committed 4608K, reserved 1048576K
}
Event: 16806.656 GC heap after
{Heap after GC invocations=243 (full 0):
 garbage-first heap   total 985088K, used 533368K [0x0000000704e00000, 0x0000000800000000)
  region size 2048K, 5 young (10240K), 5 survivors (10240K)
 Metaspace       used 39602K, committed 40256K, reserved 1114112K
  class space    used 4283K, committed 4608K, reserved 1048576K
}
Event: 16904.215 GC heap before
{Heap before GC invocations=243 (full 0):
 garbage-first heap   total 985088K, used 930680K [0x0000000704e00000, 0x0000000800000000)
  region size 2048K, 200 young (409600K), 5 survivors (10240K)
 Metaspace       used 39605K, committed 40256K, reserved 1114112K
  class space    used 4283K, committed 4608K, reserved 1048576K
}
Event: 16904.237 GC heap after
{Heap after GC invocations=244 (full 0):
 garbage-first heap   total 985088K, used 540713K [0x0000000704e00000, 0x0000000800000000)
  region size 2048K, 9 young (18432K), 9 survivors (18432K)
 Metaspace       used 39605K, committed 40256K, reserved 1114112K
  class space    used 4283K, committed 4608K, reserved 1048576K
}
Event: 17007.089 GC heap before
{Heap before GC invocations=245 (full 0):
 garbage-first heap   total 985088K, used 938025K [0x0000000704e00000, 0x0000000800000000)
  region size 2048K, 200 young (409600K), 9 survivors (18432K)
 Metaspace       used 39605K, committed 40256K, reserved 1114112K
  class space    used 4283K, committed 4608K, reserved 1048576K
}
Event: 17007.106 GC heap after
{Heap after GC invocations=246 (full 0):
 garbage-first heap   total 985088K, used 556711K [0x0000000704e00000, 0x0000000800000000)
  region size 2048K, 12 young (24576K), 12 survivors (24576K)
 Metaspace       used 39605K, committed 40256K, reserved 1114112K
  class space    used 4283K, committed 4608K, reserved 1048576K
}
Event: 17099.971 GC heap before
{Heap before GC invocations=246 (full 0):
 garbage-first heap   total 985088K, used 931495K [0x0000000704e00000, 0x0000000800000000)
  region size 2048K, 196 young (401408K), 12 survivors (24576K)
 Metaspace       used 39605K, committed 40256K, reserved 1114112K
  class space    used 4283K, committed 4608K, reserved 1048576K
}
Event: 17100.009 GC heap after
{Heap after GC invocations=247 (full 0):
 garbage-first heap   total 985088K, used 555929K [0x0000000704e00000, 0x0000000800000000)
  region size 2048K, 15 young (30720K), 15 survivors (30720K)
 Metaspace       used 39605K, committed 40256K, reserved 1114112K
  class space    used 4283K, committed 4608K, reserved 1048576K
}
Event: 17191.262 GC heap before
{Heap before GC invocations=247 (full 0):
 garbage-first heap   total 985088K, used 928665K [0x0000000704e00000, 0x0000000800000000)
  region size 2048K, 198 young (405504K), 15 survivors (30720K)
 Metaspace       used 39611K, committed 40256K, reserved 1114112K
  class space    used 4283K, committed 4608K, reserved 1048576K
}
Event: 17191.290 GC heap after
{Heap after GC invocations=248 (full 0):
 garbage-first heap   total 985088K, used 563735K [0x0000000704e00000, 0x0000000800000000)
  region size 2048K, 14 young (28672K), 14 survivors (28672K)
 Metaspace       used 39611K, committed 40256K, reserved 1114112K
  class space    used 4283K, committed 4608K, reserved 1048576K
}
Event: 17285.610 GC heap before
{Heap before GC invocations=249 (full 0):
 garbage-first heap   total 985088K, used 930327K [0x0000000704e00000, 0x0000000800000000)
  region size 2048K, 194 young (397312K), 14 survivors (28672K)
 Metaspace       used 39611K, committed 40256K, reserved 1114112K
  class space    used 4283K, committed 4608K, reserved 1048576K
}
Event: 17285.726 GC heap after
{Heap after GC invocations=250 (full 0):
 garbage-first heap   total 1021952K, used 624297K [0x0000000704e00000, 0x0000000800000000)
  region size 2048K, 25 young (51200K), 25 survivors (51200K)
 Metaspace       used 39611K, committed 40256K, reserved 1114112K
  class space    used 4283K, committed 4608K, reserved 1048576K
}
Event: 17346.427 GC heap before
{Heap before GC invocations=250 (full 0):
 garbage-first heap   total 1021952K, used 939689K [0x0000000704e00000, 0x0000000800000000)
  region size 2048K, 180 young (368640K), 25 survivors (51200K)
 Metaspace       used 39611K, committed 40256K, reserved 1114112K
  class space    used 4283K, committed 4608K, reserved 1048576K
}
Event: 17346.445 GC heap after
{Heap after GC invocations=251 (full 0):
 garbage-first heap   total 1021952K, used 599742K [0x0000000704e00000, 0x0000000800000000)
  region size 2048K, 5 young (10240K), 5 survivors (10240K)
 Metaspace       used 39611K, committed 40256K, reserved 1114112K
  class space    used 4283K, committed 4608K, reserved 1048576K
}
Event: 17450.722 GC heap before
{Heap before GC invocations=251 (full 0):
 garbage-first heap   total 1021952K, used 951998K [0x0000000704e00000, 0x0000000800000000)
  region size 2048K, 178 young (364544K), 5 survivors (10240K)
 Metaspace       used 39611K, committed 40256K, reserved 1114112K
  class space    used 4283K, committed 4608K, reserved 1048576K
}
Event: 17450.751 GC heap after
{Heap after GC invocations=252 (full 0):
 garbage-first heap   total 1021952K, used 597378K [0x0000000704e00000, 0x0000000800000000)
  region size 2048K, 4 young (8192K), 4 survivors (8192K)
 Metaspace       used 39611K, committed 40256K, reserved 1114112K
  class space    used 4283K, committed 4608K, reserved 1048576K
}
Event: 17558.110 GC heap before
{Heap before GC invocations=253 (full 0):
 garbage-first heap   total 1021952K, used 937346K [0x0000000704e00000, 0x0000000800000000)
  region size 2048K, 184 young (376832K), 4 survivors (8192K)
 Metaspace       used 39611K, committed 40256K, reserved 1114112K
  class space    used 4283K, committed 4608K, reserved 1048576K
}
Event: 17558.119 GC heap after
{Heap after GC invocations=254 (full 0):
 garbage-first heap   total 1021952K, used 577258K [0x0000000704e00000, 0x0000000800000000)
  region size 2048K, 7 young (14336K), 7 survivors (14336K)
 Metaspace       used 39611K, committed 40256K, reserved 1114112K
  class space    used 4283K, committed 4608K, reserved 1048576K
}
Event: 17587.778 GC heap before
{Heap before GC invocations=254 (full 0):
 garbage-first heap   total 1021952K, used 964330K [0x0000000704e00000, 0x0000000800000000)
  region size 2048K, 197 young (403456K), 7 survivors (14336K)
 Metaspace       used 39611K, committed 40256K, reserved 1114112K
  class space    used 4283K, committed 4608K, reserved 1048576K
}

Dll operation events (20 events):
Event: 0.111 Attempting to load shared library C:\Users\Technical\.jdks\ms-21.0.12\bin\zip.dll
Event: 0.111 Loaded shared library C:\Users\Technical\.jdks\ms-21.0.12\bin\zip.dll
Event: 0.159 Attempting to load shared library C:\Users\Technical\.jdks\ms-21.0.12\bin\extnet.dll
Event: 0.159 Loaded shared library C:\Users\Technical\.jdks\ms-21.0.12\bin\extnet.dll
Event: 0.171 Attempting to load shared library C:\Users\Technical\.jdks\ms-21.0.12\bin\jimage.dll
Event: 0.171 Loaded shared library C:\Users\Technical\.jdks\ms-21.0.12\bin\jimage.dll
Event: 0.182 Attempting to load shared library C:\Users\Technical\.jdks\ms-21.0.12\bin\awt.dll
Event: 0.184 Loaded shared library C:\Users\Technical\.jdks\ms-21.0.12\bin\awt.dll
Event: 0.258 Attempting to load shared library C:\Users\Technical\.jdks\ms-21.0.12\bin\management.dll
Event: 0.258 Loaded shared library C:\Users\Technical\.jdks\ms-21.0.12\bin\management.dll
Event: 0.264 Attempting to load shared library C:\Users\Technical\.jdks\ms-21.0.12\bin\management_ext.dll
Event: 0.264 Loaded shared library C:\Users\Technical\.jdks\ms-21.0.12\bin\management_ext.dll
Event: 0.355 Attempting to load shared library C:\Users\Technical\.jdks\ms-21.0.12\bin\freetype.dll
Event: 0.356 Loaded shared library C:\Users\Technical\.jdks\ms-21.0.12\bin\freetype.dll
Event: 0.356 Attempting to load shared library C:\Users\Technical\.jdks\ms-21.0.12\bin\fontmanager.dll
Event: 0.356 Loaded shared library C:\Users\Technical\.jdks\ms-21.0.12\bin\fontmanager.dll
Event: 73.046 Attempting to load shared library C:\Users\Technical\AppData\Local\Temp\flatlaf.temp\flatlaf-windows-x86_64-264443515278000.dll
Event: 73.081 Loaded shared library C:\Users\Technical\AppData\Local\Temp\flatlaf.temp\flatlaf-windows-x86_64-264443515278000.dll
Event: 84.295 Attempting to load shared library C:\Users\Technical\.jdks\ms-21.0.12\bin\sunmscapi.dll
Event: 84.296 Loaded shared library C:\Users\Technical\.jdks\ms-21.0.12\bin\sunmscapi.dll

Deoptimization events (20 events):
Event: 16745.119 Thread 0x00000153f8b96ef0 DEOPT PACKING pc=0x00000153a44f5bbc sp=0x0000004683cfe810
Event: 16745.119 Thread 0x00000153f8b96ef0 DEOPT UNPACKING pc=0x00000153a38d4422 sp=0x0000004683cfe7a8 mode 2
Event: 17449.098 Thread 0x00000153f8b96ef0 Uncommon trap: trap_request=0xffffffbe fr.pc=0x00000153a4967700 relative=0x00000000000009a0
Event: 17449.098 Thread 0x00000153f8b96ef0 Uncommon trap: reason=profile_predicate action=maybe_recompile pc=0x00000153a4967700 method=sun.security.ssl.CipherSuite.namesOf(Ljava/util/List;)[Ljava/lang/String; @ 25 c2
Event: 17449.098 Thread 0x00000153f8b96ef0 DEOPT PACKING pc=0x00000153a4967700 sp=0x0000004683cfe4f0
Event: 17449.099 Thread 0x00000153f8b96ef0 DEOPT UNPACKING pc=0x00000153a38d4422 sp=0x0000004683cfe4a8 mode 2
Event: 17449.099 Thread 0x00000153f8b96ef0 Uncommon trap: trap_request=0xffffffbe fr.pc=0x00000153a4967700 relative=0x00000000000009a0
Event: 17449.099 Thread 0x00000153f8b96ef0 Uncommon trap: reason=profile_predicate action=maybe_recompile pc=0x00000153a4967700 method=sun.security.ssl.CipherSuite.namesOf(Ljava/util/List;)[Ljava/lang/String; @ 25 c2
Event: 17449.099 Thread 0x00000153f8b96ef0 DEOPT PACKING pc=0x00000153a4967700 sp=0x0000004683cfe4f0
Event: 17449.099 Thread 0x00000153f8b96ef0 DEOPT UNPACKING pc=0x00000153a38d4422 sp=0x0000004683cfe4a8 mode 2
Event: 17449.141 Thread 0x00000153f8b96ef0 DEOPT PACKING pc=0x000001539d3ecc25 sp=0x0000004683cfdd70
Event: 17449.142 Thread 0x00000153f8b96ef0 DEOPT UNPACKING pc=0x00000153a38d4bc2 sp=0x0000004683cfd1f8 mode 0
Event: 17557.631 Thread 0x00000153f8b96ef0 Uncommon trap: trap_request=0xffffffbe fr.pc=0x00000153a4967700 relative=0x00000000000009a0
Event: 17557.631 Thread 0x00000153f8b96ef0 Uncommon trap: reason=profile_predicate action=maybe_recompile pc=0x00000153a4967700 method=sun.security.ssl.CipherSuite.namesOf(Ljava/util/List;)[Ljava/lang/String; @ 25 c2
Event: 17557.631 Thread 0x00000153f8b96ef0 DEOPT PACKING pc=0x00000153a4967700 sp=0x0000004683cfe2e0
Event: 17557.631 Thread 0x00000153f8b96ef0 DEOPT UNPACKING pc=0x00000153a38d4422 sp=0x0000004683cfe298 mode 2
Event: 17557.631 Thread 0x00000153f8b96ef0 Uncommon trap: trap_request=0xffffffbe fr.pc=0x00000153a4967700 relative=0x00000000000009a0
Event: 17557.631 Thread 0x00000153f8b96ef0 Uncommon trap: reason=profile_predicate action=maybe_recompile pc=0x00000153a4967700 method=sun.security.ssl.CipherSuite.namesOf(Ljava/util/List;)[Ljava/lang/String; @ 25 c2
Event: 17557.631 Thread 0x00000153f8b96ef0 DEOPT PACKING pc=0x00000153a4967700 sp=0x0000004683cfe2e0
Event: 17557.631 Thread 0x00000153f8b96ef0 DEOPT UNPACKING pc=0x00000153a38d4422 sp=0x0000004683cfe298 mode 2

Classes loaded (20 events):
Event: 3576.670 Loading class java/lang/invoke/MethodHandleImpl$CountingWrapper$1
Event: 3576.675 Loading class java/lang/invoke/MethodHandleImpl$CountingWrapper$1 done
Event: 3587.418 Loading class sun/net/www/http/PosterOutputStream
Event: 3587.422 Loading class sun/net/www/http/PosterOutputStream done
Event: 6689.178 Loading class java/awt/font/NumericShaper
Event: 6689.211 Loading class java/awt/font/NumericShaper done
Event: 6689.225 Loading class java/util/DualPivotQuicksort$Sorter
Event: 6689.230 Loading class java/util/DualPivotQuicksort$Sorter done
Event: 11784.447 Loading class sun/net/www/protocol/http/HttpURLConnection$10
Event: 11784.458 Loading class sun/net/www/protocol/http/HttpURLConnection$10 done
Event: 11851.117 Loading class java/net/HttpRetryException
Event: 11851.120 Loading class java/net/HttpRetryException done
Event: 13650.376 Loading class sun/net/ConnectionResetException
Event: 13650.386 Loading class java/net/SocketException
Event: 13650.388 Loading class java/net/SocketException done
Event: 13650.388 Loading class sun/net/ConnectionResetException done
Event: 13650.392 Loading class javax/net/ssl/SSLException
Event: 13650.394 Loading class javax/net/ssl/SSLException done
Event: 13650.405 Loading class java/lang/StackTraceElement$HashedModules
Event: 13650.408 Loading class java/lang/StackTraceElement$HashedModules done

Classes unloaded (20 events):
Event: 15406.498 Thread 0x00000153b2f2ee00 Unloading class 0x00000153b415a400 'java/lang/invoke/LambdaForm$MH+0x00000153b415a400'
Event: 15406.498 Thread 0x00000153b2f2ee00 Unloading class 0x00000153b4181c00 'java/lang/invoke/LambdaForm$BMH+0x00000153b4181c00'
Event: 15406.498 Thread 0x00000153b2f2ee00 Unloading class 0x00000153b4219000 'java/lang/invoke/LambdaForm$MH+0x00000153b4219000'
Event: 15406.498 Thread 0x00000153b2f2ee00 Unloading class 0x00000153b42cd400 'java/lang/invoke/LambdaForm$MH+0x00000153b42cd400'
Event: 15406.498 Thread 0x00000153b2f2ee00 Unloading class 0x00000153b43c4000 'java/lang/invoke/LambdaForm$MH+0x00000153b43c4000'
Event: 15406.498 Thread 0x00000153b2f2ee00 Unloading class 0x00000153b43c7000 'java/lang/invoke/LambdaForm$MH+0x00000153b43c7000'
Event: 15406.498 Thread 0x00000153b2f2ee00 Unloading class 0x00000153b43c7c00 'java/lang/invoke/LambdaForm$MH+0x00000153b43c7c00'
Event: 15406.498 Thread 0x00000153b2f2ee00 Unloading class 0x00000153b43c8400 'java/lang/invoke/LambdaForm$MH+0x00000153b43c8400'
Event: 15406.498 Thread 0x00000153b2f2ee00 Unloading class 0x00000153b43ca000 'java/lang/invoke/LambdaForm$MH+0x00000153b43ca000'
Event: 15406.498 Thread 0x00000153b2f2ee00 Unloading class 0x00000153b4007400 'java/lang/invoke/LambdaForm$MH+0x00000153b4007400'
Event: 15406.499 Thread 0x00000153b2f2ee00 Unloading class 0x00000153b4007c00 'java/lang/invoke/LambdaForm$MH+0x00000153b4007c00'
Event: 15406.499 Thread 0x00000153b2f2ee00 Unloading class 0x00000153b4014400 'java/lang/invoke/LambdaForm$MH+0x00000153b4014400'
Event: 15406.499 Thread 0x00000153b2f2ee00 Unloading class 0x00000153b4018800 'java/lang/invoke/LambdaForm$MH+0x00000153b4018800'
Event: 15406.499 Thread 0x00000153b2f2ee00 Unloading class 0x00000153b4019400 'java/lang/invoke/LambdaForm$MH+0x00000153b4019400'
Event: 15406.499 Thread 0x00000153b2f2ee00 Unloading class 0x00000153b4019c00 'java/lang/invoke/LambdaForm$MH+0x00000153b4019c00'
Event: 15406.499 Thread 0x00000153b2f2ee00 Unloading class 0x00000153b4456400 'java/lang/invoke/LambdaForm$MH+0x00000153b4456400'
Event: 15406.499 Thread 0x00000153b2f2ee00 Unloading class 0x00000153b4455400 'java/lang/invoke/LambdaForm$MH+0x00000153b4455400'
Event: 15406.499 Thread 0x00000153b2f2ee00 Unloading class 0x00000153b40c1c00 'java/lang/invoke/LambdaForm$MH+0x00000153b40c1c00'
Event: 15724.667 Thread 0x00000153b2f2ee00 Unloading class 0x00000153b447d800 'java/lang/invoke/LambdaForm$MH+0x00000153b447d800'
Event: 15724.668 Thread 0x00000153b2f2ee00 Unloading class 0x00000153b4016400 'java/lang/invoke/LambdaForm$MH+0x00000153b4016400'

Classes redefined (0 events):
No events

Internal exceptions (20 events):
Event: 15317.247 Thread 0x00000153f8b96ef0 Exception <a 'java/lang/NullPointerException'{0x00000007214c73b8}> (0x00000007214c73b8) 
thrown [s\src\hotspot\share\runtime\sharedRuntime.cpp, line 625]
Event: 15317.247 Thread 0x00000153f8b96ef0 Implicit null exception at 0x000001539c79e3f4 to 0x000001539c79efbc
Event: 15317.247 Thread 0x00000153f8b96ef0 Exception <a 'java/lang/NullPointerException'{0x00000007214c7fb0}> (0x00000007214c7fb0) 
thrown [s\src\hotspot\share\runtime\sharedRuntime.cpp, line 625]
Event: 15411.082 Thread 0x00000153f8b96ef0 Implicit null exception at 0x000001539c79e3f4 to 0x000001539c79efbc
Event: 15411.082 Thread 0x00000153f8b96ef0 Exception <a 'java/lang/NullPointerException'{0x00000007431f3000}> (0x00000007431f3000) 
thrown [s\src\hotspot\share\runtime\sharedRuntime.cpp, line 625]
Event: 15411.082 Thread 0x00000153f8b96ef0 Implicit null exception at 0x000001539c79e3f4 to 0x000001539c79efbc
Event: 15411.082 Thread 0x00000153f8b96ef0 Exception <a 'java/lang/NullPointerException'{0x00000007431f3590}> (0x00000007431f3590) 
thrown [s\src\hotspot\share\runtime\sharedRuntime.cpp, line 625]
Event: 15411.082 Thread 0x00000153f8b96ef0 Implicit null exception at 0x000001539c79e3f4 to 0x000001539c79efbc
Event: 15411.083 Thread 0x00000153f8b96ef0 Exception <a 'java/lang/NullPointerException'{0x00000007431f3db0}> (0x00000007431f3db0) 
thrown [s\src\hotspot\share\runtime\sharedRuntime.cpp, line 625]
Event: 15411.083 Thread 0x00000153f8b96ef0 Implicit null exception at 0x000001539c79e3f4 to 0x000001539c79efbc
Event: 15411.083 Thread 0x00000153f8b96ef0 Exception <a 'java/lang/NullPointerException'{0x00000007431f49a8}> (0x00000007431f49a8) 
thrown [s\src\hotspot\share\runtime\sharedRuntime.cpp, line 625]
Event: 15419.323 Thread 0x00000153f8b96ef0 Implicit null exception at 0x000001539c79e3f4 to 0x000001539c79efbc
Event: 15419.323 Thread 0x00000153f8b96ef0 Exception <a 'java/lang/NullPointerException'{0x000000073adfa928}> (0x000000073adfa928) 
thrown [s\src\hotspot\share\runtime\sharedRuntime.cpp, line 625]
Event: 15419.323 Thread 0x00000153f8b96ef0 Implicit null exception at 0x000001539c79e3f4 to 0x000001539c79efbc
Event: 15419.323 Thread 0x00000153f8b96ef0 Exception <a 'java/lang/NullPointerException'{0x000000073adfaeb8}> (0x000000073adfaeb8) 
thrown [s\src\hotspot\share\runtime\sharedRuntime.cpp, line 625]
Event: 15419.323 Thread 0x00000153f8b96ef0 Implicit null exception at 0x000001539c79e3f4 to 0x000001539c79efbc
Event: 15419.323 Thread 0x00000153f8b96ef0 Exception <a 'java/lang/NullPointerException'{0x000000073adfb6d8}> (0x000000073adfb6d8) 
thrown [s\src\hotspot\share\runtime\sharedRuntime.cpp, line 625]
Event: 15419.323 Thread 0x00000153f8b96ef0 Implicit null exception at 0x000001539c79e3f4 to 0x000001539c79efbc
Event: 15419.323 Thread 0x00000153f8b96ef0 Exception <a 'java/lang/NullPointerException'{0x000000073adfc2d0}> (0x000000073adfc2d0) 
thrown [s\src\hotspot\share\runtime\sharedRuntime.cpp, line 625]
Event: 16825.498 Thread 0x00000153f8b96ef0 Exception <a 'java/lang/NullPointerException'{0x000000073ab401b0}> (0x000000073ab401b0) 
thrown [s\src\hotspot\share\interpreter\linkResolver.cpp, line 1456]

ZGC Phase Switch (0 events):
No events

VM Operations (20 events):
Event: 17263.500 Executing non-safepoint VM operation: HandshakeAllThreads (HandshakeForDeflation) done
Event: 17263.500 Executing non-safepoint VM operation: RendezvousGCThreads
Event: 17263.500 Executing non-safepoint VM operation: RendezvousGCThreads done
Event: 17285.610 Executing safepoint VM operation: G1CollectForAllocation (G1 Evacuation Pause)
Event: 17285.726 Executing safepoint VM operation: G1CollectForAllocation (G1 Evacuation Pause) done
Event: 17346.427 Executing safepoint VM operation: G1CollectForAllocation (G1 Evacuation Pause)
Event: 17346.445 Executing safepoint VM operation: G1CollectForAllocation (G1 Evacuation Pause) done
Event: 17450.722 Executing safepoint VM operation: G1CollectForAllocation (G1 Evacuation Pause)
Event: 17450.751 Executing safepoint VM operation: G1CollectForAllocation (G1 Evacuation Pause) done
Event: 17451.690 Executing safepoint VM operation: G1PauseRemark
Event: 17451.738 Executing safepoint VM operation: G1PauseRemark done
Event: 17451.882 Executing safepoint VM operation: G1PauseCleanup
Event: 17451.884 Executing safepoint VM operation: G1PauseCleanup done
Event: 17558.110 Executing safepoint VM operation: G1CollectForAllocation (G1 Evacuation Pause)
Event: 17558.119 Executing safepoint VM operation: G1CollectForAllocation (G1 Evacuation Pause) done
Event: 17564.283 Executing non-safepoint VM operation: HandshakeAllThreads (HandshakeForDeflation)
Event: 17564.283 Executing non-safepoint VM operation: HandshakeAllThreads (HandshakeForDeflation) done
Event: 17564.283 Executing non-safepoint VM operation: RendezvousGCThreads
Event: 17564.283 Executing non-safepoint VM operation: RendezvousGCThreads done
Event: 17587.778 Executing safepoint VM operation: G1CollectForAllocation (G1 Evacuation Pause)

Memory protections (0 events):
No events

Nmethod flushes (20 events):
Event: 17191.543 Thread 0x00000153b2f2ee00 flushing  nmethod 0x000001539d6fc810
Event: 17191.544 Thread 0x00000153b2f2ee00 flushing  nmethod 0x000001539d590790
Event: 17191.544 Thread 0x00000153b2f2ee00 flushing  nmethod 0x000001539c65c690
Event: 17191.544 Thread 0x00000153b2f2ee00 flushing  nmethod 0x000001539cbc7710
Event: 17451.735 Thread 0x00000153b2f2ee00 flushing  nmethod 0x000001539c4e3990
Event: 17451.735 Thread 0x00000153b2f2ee00 flushing  nmethod 0x000001539c68cb90
Event: 17451.735 Thread 0x00000153b2f2ee00 flushing  nmethod 0x000001539cfdb590
Event: 17451.735 Thread 0x00000153b2f2ee00 flushing  nmethod 0x000001539c3b2f10
Event: 17451.735 Thread 0x00000153b2f2ee00 flushing  nmethod 0x000001539d4c2290
Event: 17451.736 Thread 0x00000153b2f2ee00 flushing  nmethod 0x000001539cfe0210
Event: 17451.736 Thread 0x00000153b2f2ee00 flushing  nmethod 0x000001539cfe1610
Event: 17451.736 Thread 0x00000153b2f2ee00 flushing  nmethod 0x000001539c892d10
Event: 17451.736 Thread 0x00000153b2f2ee00 flushing  nmethod 0x000001539d6ae110
Event: 17451.736 Thread 0x00000153b2f2ee00 flushing  nmethod 0x000001539d727390
Event: 17451.737 Thread 0x00000153b2f2ee00 flushing  nmethod 0x000001539d72ab90
Event: 17451.737 Thread 0x00000153b2f2ee00 flushing  nmethod 0x000001539c737090
Event: 17451.737 Thread 0x00000153b2f2ee00 flushing  nmethod 0x000001539c9ba710
Event: 17451.737 Thread 0x00000153b2f2ee00 flushing  nmethod 0x000001539cea3f10
Event: 17451.737 Thread 0x00000153b2f2ee00 flushing  nmethod 0x000001539d6dab90
Event: 17451.737 Thread 0x00000153b2f2ee00 flushing  nmethod 0x000001539d720c10

Events (20 events):
Event: 17014.128 Thread 0x00000153f8b96ef0 Thread added: 0x00000153fce561b0
Event: 17014.128 Thread 0x00000153fce561b0 Thread exited: 0x00000153fce561b0
Event: 17065.168 Thread 0x00000153f8b96ef0 Thread added: 0x00000153fcbfa700
Event: 17065.169 Thread 0x00000153fcbfa700 Thread exited: 0x00000153fcbfa700
Event: 17069.920 Thread 0x00000153f8b96ef0 Thread added: 0x00000153fcbfb420
Event: 17069.921 Thread 0x00000153fcbfb420 Thread exited: 0x00000153fcbfb420
Event: 17163.114 Thread 0x00000153f8b96ef0 Thread added: 0x00000153fc670590
Event: 17163.115 Thread 0x00000153fc670590 Thread exited: 0x00000153fc670590
Event: 17170.938 Thread 0x00000153f8b96ef0 Thread added: 0x00000153fc670590
Event: 17170.942 Thread 0x00000153fc670590 Thread exited: 0x00000153fc670590
Event: 17180.257 Thread 0x00000153f8b96ef0 Thread added: 0x00000153fc670590
Event: 17180.257 Thread 0x00000153fc670590 Thread exited: 0x00000153fc670590
Event: 17344.076 Thread 0x00000153f8b96ef0 Thread added: 0x00000153fca1fb60
Event: 17344.079 Thread 0x00000153fca1fb60 Thread exited: 0x00000153fca1fb60
Event: 17400.772 Thread 0x00000153f8b92030 Thread added: 0x00000153fc6712b0
Event: 17449.146 Thread 0x00000153f8b96ef0 Thread added: 0x00000153fc670590
Event: 17449.150 Thread 0x00000153fc670590 Thread exited: 0x00000153fc670590
Event: 17480.353 Thread 0x00000153f8b91310 Thread exited: 0x00000153f8b91310
Event: 17557.670 Thread 0x00000153f8b96ef0 Thread added: 0x00000153fc9f2e20
Event: 17557.672 Thread 0x00000153fc9f2e20 Thread exited: 0x00000153fc9f2e20


Dynamic libraries:
0x00007ff77b2b0000 - 0x00007ff77b2be000 	C:\Users\Technical\.jdks\ms-21.0.12\bin\java.exe
0x00007ff8cfc00000 - 0x00007ff8cfe66000 	C:\WINDOWS\SYSTEM32\ntdll.dll
0x00007ff8cf2d0000 - 0x00007ff8cf399000 	C:\WINDOWS\System32\KERNEL32.DLL
0x00007ff8cd330000 - 0x00007ff8cd72f000 	C:\WINDOWS\System32\KERNELBASE.dll
0x00007ff8cce10000 - 0x00007ff8ccf5c000 	C:\WINDOWS\System32\ucrtbase.dll
0x00007ff8c97a0000 - 0x00007ff8c97b8000 	C:\Users\Technical\.jdks\ms-21.0.12\bin\jli.dll
0x00007ff8c97c0000 - 0x00007ff8c97de000 	C:\Users\Technical\.jdks\ms-21.0.12\bin\VCRUNTIME140.dll
0x00007ff8cf670000 - 0x00007ff8cf836000 	C:\WINDOWS\System32\USER32.dll
0x00007ff8a6680000 - 0x00007ff8a6911000 	C:\WINDOWS\WinSxS\amd64_microsoft.windows.common-controls_6595b64144ccf1df_6.0.26100.8972_none_3e0da176e32f9d4b\COMCTL32.dll
0x00007ff8cd030000 - 0x00007ff8cd057000 	C:\WINDOWS\System32\win32u.dll
0x00007ff8ce460000 - 0x00007ff8ce509000 	C:\WINDOWS\System32\msvcrt.dll
0x00007ff8ce510000 - 0x00007ff8ce53b000 	C:\WINDOWS\System32\GDI32.dll
0x00007ff8cd740000 - 0x00007ff8cd869000 	C:\WINDOWS\System32\gdi32full.dll
0x00007ff8cd0f0000 - 0x00007ff8cd193000 	C:\WINDOWS\System32\msvcp_win.dll
0x00007ff8ce6f0000 - 0x00007ff8ce722000 	C:\WINDOWS\System32\IMM32.DLL
0x00007ff8c9790000 - 0x00007ff8c979c000 	C:\Users\Technical\.jdks\ms-21.0.12\bin\vcruntime140_1.dll
0x00007ff8ae8c0000 - 0x00007ff8ae949000 	C:\Users\Technical\.jdks\ms-21.0.12\bin\msvcp140.dll
0x00007ff847070000 - 0x00007ff847e1f000 	C:\Users\Technical\.jdks\ms-21.0.12\bin\server\jvm.dll
0x00007ff8cf9f0000 - 0x00007ff8cfaac000 	C:\WINDOWS\System32\ADVAPI32.dll
0x00007ff8cf440000 - 0x00007ff8cf4ea000 	C:\WINDOWS\System32\sechost.dll
0x00007ff8cf840000 - 0x00007ff8cf958000 	C:\WINDOWS\System32\RPCRT4.dll
0x00007ff8cf3b0000 - 0x00007ff8cf432000 	C:\WINDOWS\System32\WS2_32.dll
0x00007ff8ccc70000 - 0x00007ff8cccce000 	C:\WINDOWS\SYSTEM32\POWRPROF.dll
0x00007ff8c2830000 - 0x00007ff8c2866000 	C:\WINDOWS\SYSTEM32\WINMM.dll
0x00007ff8bd5b0000 - 0x00007ff8bd5bb000 	C:\WINDOWS\SYSTEM32\VERSION.dll
0x00007ff8ccc50000 - 0x00007ff8ccc65000 	C:\WINDOWS\SYSTEM32\UMPDC.dll
0x00007ff8cbb00000 - 0x00007ff8cbb1b000 	C:\WINDOWS\SYSTEM32\kernel.appcore.dll
0x00007ff8c9780000 - 0x00007ff8c978a000 	C:\Users\Technical\.jdks\ms-21.0.12\bin\jimage.dll
0x00007ff8ca680000 - 0x00007ff8ca8c2000 	C:\WINDOWS\SYSTEM32\DBGHELP.DLL
0x00007ff8ce730000 - 0x00007ff8ceab5000 	C:\WINDOWS\System32\combase.dll
0x00007ff8cdf60000 - 0x00007ff8ce039000 	C:\WINDOWS\System32\OLEAUT32.dll
0x00007ff8a3cc0000 - 0x00007ff8a3cfb000 	C:\WINDOWS\SYSTEM32\dbgcore.DLL
0x00007ff8cd870000 - 0x00007ff8cd91c000 	C:\WINDOWS\System32\bcryptPrimitives.dll
0x00007ff8c9770000 - 0x00007ff8c9780000 	C:\Users\Technical\.jdks\ms-21.0.12\bin\instrument.dll
0x00007ff8c6560000 - 0x00007ff8c6581000 	C:\Users\Technical\.jdks\ms-21.0.12\bin\java.dll
0x00007ff8ceb40000 - 0x00007ff8cf2c8000 	C:\WINDOWS\System32\SHELL32.dll
0x00007ff8ca900000 - 0x00007ff8cb19b000 	C:\WINDOWS\SYSTEM32\windows.storage.dll
0x00007ff8ce560000 - 0x00007ff8ce659000 	C:\WINDOWS\System32\SHCORE.dll
0x00007ff8ce1f0000 - 0x00007ff8ce256000 	C:\WINDOWS\System32\shlwapi.dll
0x00007ff8ccd30000 - 0x00007ff8ccd59000 	C:\WINDOWS\SYSTEM32\profapi.dll
0x00007ff88d280000 - 0x00007ff88d356000 	C:\Users\Technical\.jdks\ms-21.0.12\bin\jsvml.dll
0x00007ff8c9610000 - 0x00007ff8c9628000 	C:\Users\Technical\.jdks\ms-21.0.12\bin\zip.dll
0x00007ff8c9750000 - 0x00007ff8c9761000 	C:\Users\Technical\.jdks\ms-21.0.12\bin\net.dll
0x00007ff8c5410000 - 0x00007ff8c5538000 	C:\WINDOWS\SYSTEM32\WINHTTP.dll
0x00007ff8cc0b0000 - 0x00007ff8cc11c000 	C:\WINDOWS\system32\mswsock.dll
0x00007ff8c5780000 - 0x00007ff8c5796000 	C:\Users\Technical\.jdks\ms-21.0.12\bin\nio.dll
0x00007ff8c9700000 - 0x00007ff8c9709000 	C:\Users\Technical\.jdks\ms-21.0.12\bin\extnet.dll
0x00007ff88d020000 - 0x00007ff88d1b3000 	C:\Users\Technical\.jdks\ms-21.0.12\bin\awt.dll
0x00007ff8c97e0000 - 0x00007ff8c987f000 	C:\WINDOWS\SYSTEM32\apphelp.dll
0x00007ff8c9a60000 - 0x00007ff8c9b08000 	C:\WINDOWS\system32\uxtheme.dll
0x00007ff876ed0000 - 0x00007ff876efb000 	C:\Program Files (x86)\UltraViewer\uvh64.dll
0x00007ff8ce040000 - 0x00007ff8ce19d000 	C:\WINDOWS\System32\MSCTF.dll
0x00007ff8cddc0000 - 0x00007ff8cdf59000 	C:\WINDOWS\System32\ole32.dll
0x00007ff8cb560000 - 0x00007ff8cb6b8000 	C:\WINDOWS\SYSTEM32\DNSAPI.dll
0x00007ff8cbe90000 - 0x00007ff8cbe9d000 	C:\WINDOWS\SYSTEM32\DSPARSE.dll
0x00007ff8cb4d0000 - 0x00007ff8cb503000 	C:\WINDOWS\SYSTEM32\IPHLPAPI.DLL
0x00007ff8cf540000 - 0x00007ff8cf54a000 	C:\WINDOWS\System32\NSI.dll
0x00007ff8bd370000 - 0x00007ff8bd37b000 	C:\Windows\System32\rasadhlp.dll
0x00007ff8c40b0000 - 0x00007ff8c4136000 	C:\WINDOWS\System32\fwpuclnt.dll
0x00007ff8c5770000 - 0x00007ff8c577a000 	C:\Users\Technical\.jdks\ms-21.0.12\bin\management.dll
0x00007ff8c27f0000 - 0x00007ff8c27fc000 	C:\Users\Technical\.jdks\ms-21.0.12\bin\management_ext.dll
0x00007ff8ce1e0000 - 0x00007ff8ce1e8000 	C:\WINDOWS\System32\PSAPI.DLL
0x00007ff8c9d10000 - 0x00007ff8c9d3f000 	C:\WINDOWS\system32\DWMAPI.DLL
0x00007ff890a00000 - 0x00007ff890a8b000 	C:\Users\Technical\.jdks\ms-21.0.12\bin\freetype.dll
0x00007ff88cf20000 - 0x00007ff88d01f000 	C:\Users\Technical\.jdks\ms-21.0.12\bin\fontmanager.dll
0x00007ff8cc3a0000 - 0x00007ff8cc3bb000 	C:\WINDOWS\SYSTEM32\CRYPTSP.dll
0x00007ff8cba60000 - 0x00007ff8cba99000 	C:\WINDOWS\system32\rsaenh.dll
0x00007ff8cc160000 - 0x00007ff8cc192000 	C:\WINDOWS\SYSTEM32\USERENV.dll
0x00007ff8ccd00000 - 0x00007ff8ccd2a000 	C:\WINDOWS\SYSTEM32\bcrypt.dll
0x00007ff8cc3c0000 - 0x00007ff8cc3cc000 	C:\WINDOWS\SYSTEM32\CRYPTBASE.dll
0x00007ff893940000 - 0x00007ff893958000 	C:\WINDOWS\system32\napinsp.dll
0x00007ff893920000 - 0x00007ff893933000 	C:\WINDOWS\System32\winrnr.dll
0x00007ff8938f0000 - 0x00007ff893912000 	C:\WINDOWS\system32\nlansp_c.dll
0x00007ff8c4410000 - 0x00007ff8c4426000 	C:\WINDOWS\system32\wshbth.dll
0x00007ff8a7aa0000 - 0x00007ff8a7bac000 	C:\WINDOWS\system32\opengl32.dll
0x00007ff8a6970000 - 0x00007ff8a699d000 	C:\WINDOWS\SYSTEM32\GLU32.dll
0x00007ff8c9b60000 - 0x00007ff8c9ba5000 	C:\WINDOWS\SYSTEM32\dxcore.dll
0x00007ff89c970000 - 0x00007ff89c9c8000 	C:\WINDOWS\SYSTEM32\pdh.dll
0x00007ff8cf550000 - 0x00007ff8cf5fe000 	C:\WINDOWS\System32\clbcatq.dll
0x00007ff8c7610000 - 0x00007ff8c783d000 	C:\WINDOWS\SYSTEM32\WindowsCodecs.dll
0x00007ff887d90000 - 0x00007ff887dec000 	C:\WINDOWS\system32\dataexchange.dll
0x00007ff8ba020000 - 0x00007ff8ba270000 	C:\WINDOWS\system32\twinapi.appcore.dll
0x00007ff8918d0000 - 0x00007ff891a16000 	C:\WINDOWS\SYSTEM32\textinputframework.dll
0x00007ff8c8b60000 - 0x00007ff8c8c8b000 	C:\WINDOWS\SYSTEM32\CoreMessaging.dll
0x00007ff8c4640000 - 0x00007ff8c4924000 	C:\WINDOWS\SYSTEM32\CoreUIComponents.dll
0x00007ff8c6790000 - 0x00007ff8c68fa000 	C:\WINDOWS\SYSTEM32\wintypes.dll
0x00007ff8a73d0000 - 0x00007ff8a7485000 	C:\WINDOWS\WinSxS\amd64_microsoft.windows.common-controls_6595b64144ccf1df_5.82.26100.8328_none_87eede957a2ccddd\comctl32.dll
0x00007ff8cc930000 - 0x00007ff8cc982000 	C:\WINDOWS\SYSTEM32\CFGMGR32.dll
0x00007ff8a0e50000 - 0x00007ff8a102d000 	C:\Windows\System32\urlmon.dll
0x00007ff8a0b50000 - 0x00007ff8a0e14000 	C:\Windows\System32\iertutil.dll
0x00007ff8cb4b0000 - 0x00007ff8cb4bd000 	C:\Windows\System32\netutils.dll
0x00007ff8ad4e0000 - 0x00007ff8ad509000 	C:\Windows\System32\srvcli.dll
0x00007ff8cbdb0000 - 0x00007ff8cbdf9000 	C:\Windows\System32\SspiCli.dll
0x00007ff8c9250000 - 0x00007ff8c9344000 	C:\Windows\System32\PROPSYS.dll
0x00007ff8c5fc0000 - 0x00007ff8c5fd7000 	C:\WINDOWS\SYSTEM32\virtdisk.dll
0x00007ff8933e0000 - 0x00007ff89349f000 	C:\Windows\System32\Windows.FileExplorer.Common.dll
0x00007ff889b70000 - 0x00007ff889b8b000 	C:\WINDOWS\system32\NetworkExplorer.dll
0x00007ff882280000 - 0x00007ff8822f1000 	C:\Windows\System32\thumbcache.dll
0x00007ff890fb0000 - 0x00007ff89112f000 	C:\Windows\System32\Windows.System.Launcher.dll
0x00007ff8ae170000 - 0x00007ff8ae18f000 	C:\WINDOWS\SYSTEM32\windows.staterepositorycore.dll
0x00007ff8a0e20000 - 0x00007ff8a0e41000 	C:\WINDOWS\SYSTEM32\MPR.dll
0x00007ff887fa0000 - 0x00007ff887fc2000 	C:\WINDOWS\System32\p9np.dll
0x00007ff888b30000 - 0x00007ff888b3d000 	C:\WINDOWS\System32\drprov.dll
0x00007ff8723f0000 - 0x00007ff872414000 	C:\WINDOWS\System32\ntlanman.dll
0x00007ff8496c0000 - 0x00007ff8496e1000 	C:\WINDOWS\System32\davclnt.dll
0x00007ff8cca00000 - 0x00007ff8cca62000 	C:\WINDOWS\System32\WINSTA.dll
0x00007ff8c4c30000 - 0x00007ff8c4c4b000 	C:\WINDOWS\System32\wkscli.dll
0x00007ff893690000 - 0x00007ff8936a3000 	C:\WINDOWS\SYSTEM32\cscapi.dll
0x00007ff8762a0000 - 0x00007ff8762f6000 	C:\Windows\System32\dlnashext.dll
0x00007ff85a3f0000 - 0x00007ff85a44d000 	C:\Windows\System32\PlayToDevice.dll
0x00007ff88fc50000 - 0x00007ff88fc80000 	C:\Windows\System32\DevDispItemProvider.dll
0x00007ff8c4e60000 - 0x00007ff8c4f06000 	C:\WINDOWS\System32\MMDevApi.dll
0x00007ff8cc990000 - 0x00007ff8cc9bf000 	C:\WINDOWS\System32\DEVOBJ.dll
0x00007ff85a080000 - 0x00007ff85a12c000 	C:\WINDOWS\system32\wpdshext.dll
0x00007ff8a6b50000 - 0x00007ff8a6d2b000 	C:\WINDOWS\WinSxS\amd64_microsoft.windows.gdiplus_6595b64144ccf1df_1.1.26100.9168_none_6ef70e683dc39227\gdiplus.dll
0x00007ff8c5360000 - 0x00007ff8c53fd000 	C:\Windows\System32\PortableDeviceApi.dll
0x00007ff8cd930000 - 0x00007ff8cddb7000 	C:\WINDOWS\System32\SETUPAPI.dll
0x00007ff8cd060000 - 0x00007ff8cd0e3000 	C:\WINDOWS\System32\WINTRUST.dll
0x00007ff8cd1a0000 - 0x00007ff8cd31e000 	C:\WINDOWS\System32\CRYPT32.dll
0x00007ff8cc420000 - 0x00007ff8cc433000 	C:\WINDOWS\SYSTEM32\MSASN1.dll
0x00007ff879d70000 - 0x00007ff879db1000 	C:\Windows\System32\EhStorShell.dll
0x00007ff890bf0000 - 0x00007ff890c15000 	C:\Windows\System32\EhStorAPI.dll
0x00007ff8c98b0000 - 0x00007ff8c98d9000 	C:\Windows\System32\WTSAPI32.dll
0x00007ff881e80000 - 0x00007ff881e8f000 	C:\WINDOWS\SYSTEM32\LINKINFO.dll
0x00007ff8c9890000 - 0x00007ff8c989d000 	C:\WINDOWS\SYSTEM32\Secur32.dll
0x00007ff8cb450000 - 0x00007ff8cb46b000 	C:\WINDOWS\SYSTEM32\samcli.dll
0x00007ff8cb470000 - 0x00007ff8cb4a9000 	C:\WINDOWS\SYSTEM32\SAMLIB.dll
0x00007ff890e60000 - 0x00007ff890e66000 	C:\Users\Technical\AppData\Local\Temp\flatlaf.temp\flatlaf-windows-x86_64-264443515278000.dll

JVMTI agents:
C:\Program Files\JetBrains\IntelliJ IDEA 2025.1.3\lib\idea_rt.jar path:C:\Users\Technical\.jdks\ms-21.0.12\bin\instrument.dll, loaded, initialized, instrumentlib options:54502

dbghelp: loaded successfully - version: 4.0.5 - missing functions: none
symbol engine: initialized successfully - sym options: 0x614 - pdb path: .;C:\Users\Technical\.jdks\ms-21.0.12\bin;C:\WINDOWS\SYSTEM32;C:\WINDOWS\WinSxS\amd64_microsoft.windows.common-controls_6595b64144ccf1df_6.0.26100.8972_none_3e0da176e32f9d4b;C:\Users\Technical\.jdks\ms-21.0.12\bin\server;C:\Program Files (x86)\UltraViewer;C:\WINDOWS\WinSxS\amd64_microsoft.windows.common-controls_6595b64144ccf1df_5.82.26100.8328_none_87eede957a2ccddd;C:\WINDOWS\WinSxS\amd64_microsoft.windows.gdiplus_6595b64144ccf1df_1.1.26100.9168_none_6ef70e683dc39227;C:\Users\Technical\AppData\Local\Temp\flatlaf.temp

VM Arguments:
jvm_args: -javaagent:C:\Program Files\JetBrains\IntelliJ IDEA 2025.1.3\lib\idea_rt.jar=54502 -Dfile.encoding=UTF-8 -Dsun.stdout.encoding=UTF-8 -Dsun.stderr.encoding=UTF-8 
java_command: driverecovery.Main
java_class_path (initial): C:\Users\Technical\OneDrive\Documents\onedrive\OneDrive - Professional\Pictures\DA 1\Drive-Activity\target\classes;C:\Users\Technical\.m2\repository\com\google\apis\google-api-services-drive\v3-rev20251210-2.0.0\google-api-services-drive-v3-rev20251210-2.0.0.jar;C:\Users\Technical\.m2\repository\com\google\apis\google-api-services-driveactivity\v2-rev20230704-2.0.0\google-api-services-driveactivity-v2-rev20230704-2.0.0.jar;C:\Users\Technical\.m2\repository\com\google\apis\google-api-services-admin-directory\directory_v1-rev20220919-2.0.0\google-api-services-admin-directory-directory_v1-rev20220919-2.0.0.jar;C:\Users\Technical\.m2\repository\com\google\apis\google-api-services-admin-reports\reports_v1-rev20250128-2.0.0\google-api-services-admin-reports-reports_v1-rev20250128-2.0.0.jar;C:\Users\Technical\.m2\repository\com\google\api-client\google-api-client\2.0.0\google-api-client-2.0.0.jar;C:\Users\Technical\.m2\repository\com\google\oauth-client\google-oauth-client\1.34.1\google-oauth-client-1.34.1.jar;C:\Users\Technical\.m2\repository\com\google\guava\guava\31.1-jre\guava-31.1-jre.jar;C:\Users\Technical\.m2\repository\com\google\guava\failureaccess\1.0.1\failureaccess-1.0.1.jar;C:\Users\Technical\.m2\repository\com\google\guava\listenablefuture\9999.0-empty-to-avoid-conflict-with-guava\listenablefuture-9999.0-empty-to-avoid-conflict-with-guava.jar;C:\Users\Technical\.m2\repository\org\checkerframework\checker-qual\3.12.0\checker-qual-3.12.0.jar;C:\Users\Technical\.m2\repository\com\google\errorprone\error_prone_annotations\2.11.0\error_prone_annotations-2.11.0.jar;C:\Users\Technical\.m2\repository\com\google\j2objc\j2objc-annotations\1.3\j2objc-annotations-1.3.jar;C:\Users\Technical\.m2\repository\com\google\http-client\google-http-client-apache-v2\1.42.1\google-http-client-apache-v2-1.42.1.jar;C:\Users\Technical\.m2\repository\org\apache\httpcomponents\httpcore\4.4.15\httpcore-4.4.15.jar;C:\Users\Technical\.m2\repository\org\apache\httpcomponents\httpclient\4.5.13\httpclient-4.5.13.jar;C:\Users\Technical\.m2\repository\commons-logging\commons-logging\1.2\commons-logging-1.2.jar;C:\Users\Technical\.m2\repository\commons-codec\commons-codec\1.11\commons-codec-1.11.jar;C:\Users\Technical\.m2\repository\com\google\http-client\google-http-client\1.42.1\google-http-client-1.42.1.jar;C:\Users\Technical\.m2\repository\io\opencensus\opencensus-api\0.31.1\opencensus-api-0.31.1.jar;C:\Users\Technical\.m2\repository\io\grpc\grpc-context\1.27.2\grpc-context-1.27.2.jar;C:\Users\Technical\.m2\repository\io\opencensus\opencensus-contrib-http-util\0.31.1\opencensus-contrib-http-util-0.31.1.jar;C:\Users\Technical\.m2\repository\com\google\oauth-client\google-oauth-client-jetty\1.34.1\google-oauth-client-jetty-1.34.1.jar;C:\Users\Technical\.m2\repository\com\google\oauth-client\google-oauth-client-java6\1.34.1\google-oauth-client-java6-1.34.1.jar;C:\Users\Technical\.m2\repository\com\google\auth\google-auth-library-oauth2-http\1.19.0\google-auth-library-oauth2-http-1.19.0.jar;C:\Users\Technical\.m2\repository\com\google\auto\value\auto-value-annotations\1.10.1\auto-value-annotations-1.10.1.jar;C:\Users\Technical\.m2\repository\com\google\code\findbugs\jsr305\3.0.2\jsr305-3.0.2.jar;C:\Users\Technical\.m2\repository\com\google\auth\google-auth-library-credentials\1.19.0\google-auth-library-credentials-1.19.0.jar;C:\Users\Technical\.m2\repository\com\google\http-client\google-http-client-gson\1.42.3\google-http-client-gson-1.42.3.jar;C:\Users\Technical\.m2\repository\org\apache\poi\poi-ooxml\5.2.3\poi-ooxml-5.2.3.jar;C:\Users\Technical\.m2\repository\org\apache\poi\poi\5.2.3\poi-5.2.3.jar;C:\Users\Technical\.m2\repository\org\apache\commons\commons-math3\3.6.1\commons-math3-3.6.1.jar;C:\Users\Technical\.m2\repository\com\zaxxer\SparseBitSet\1.2\SparseBitSet-1.2.jar;C:\Users\Technical\.m2\repository\org\apache\poi\poi-ooxml-lite\5.2.3\poi-ooxml-lite-5.2.3.jar;C:\Users\Technical\.m2\repository\org\apache\xmlbeans\xmlbeans\5.1.1\xmlbeans-5.1.1.jar;C:\Users\Technical\.m2\repository\org\apache\commons\commons-compress\1.21\commons-compress-1.21.jar;C:\Users\Technical\.m2\repository\commons-io\commons-io\2.11.0\commons-io-2.11.0.jar;C:\Users\Technical\.m2\repository\com\github\virtuald\curvesapi\1.07\curvesapi-1.07.jar;C:\Users\Technical\.m2\repository\org\apache\logging\log4j\log4j-api\2.18.0\log4j-api-2.18.0.jar;C:\Users\Technical\.m2\repository\org\apache\commons\commons-collections4\4.4\commons-collections4-4.4.jar;C:\Users\Technical\.m2\repository\org\slf4j\slf4j-simple\2.0.7\slf4j-simple-2.0.7.jar;C:\Users\Technical\.m2\repository\org\slf4j\slf4j-api\2.0.7\slf4j-api-2.0.7.jar;C:\Users\Technical\.m2\repository\com\google\code\gson\gson\2.10.1\gson-2.10.1.jar;C:\Users\Technical\.m2\repository\com\formdev\flatlaf\3.4.1\flatlaf-3.4.1.jar;C:\Users\Technical\.m2\repository\com\formdev\flatlaf-extras\3.4.1\flatlaf-extras-3.4.1.jar;C:\Users\Technical\.m2\repository\com\github\weisj\jsvg\1.4.0\jsvg-1.4.0.jar
Launcher Type: SUN_STANDARD

[Global flags]
     intx CICompilerCount                          = 4                                         {product} {ergonomic}
     uint ConcGCThreads                            = 2                                         {product} {ergonomic}
     uint G1ConcRefinementThreads                  = 8                                         {product} {ergonomic}
   size_t G1HeapRegionSize                         = 2097152                                   {product} {ergonomic}
    uintx GCDrainStackTargetSize                   = 64                                        {product} {ergonomic}
   size_t InitialHeapSize                          = 264241152                                 {product} {ergonomic}
   size_t MarkStackSize                            = 4194304                                   {product} {ergonomic}
   size_t MaxHeapSize                              = 4213178368                                {product} {ergonomic}
   size_t MaxNewSize                               = 2527068160                                {product} {ergonomic}
   size_t MinHeapDeltaBytes                        = 2097152                                   {product} {ergonomic}
   size_t MinHeapSize                              = 8388608                                   {product} {ergonomic}
    uintx NonNMethodCodeHeapSize                   = 5839372                                {pd product} {ergonomic}
    uintx NonProfiledCodeHeapSize                  = 122909434                              {pd product} {ergonomic}
    uintx ProfiledCodeHeapSize                     = 122909434                              {pd product} {ergonomic}
    uintx ReservedCodeCacheSize                    = 251658240                              {pd product} {ergonomic}
     bool SegmentedCodeCache                       = true                                      {product} {ergonomic}
   size_t SoftMaxHeapSize                          = 4213178368                             {manageable} {ergonomic}
     bool UseCompressedOops                        = true                           {product lp64_product} {ergonomic}
     bool UseG1GC                                  = true                                      {product} {ergonomic}
     bool UseLargePagesIndividualAllocation        = false                                  {pd product} {ergonomic}

Logging:
Log output configuration:
 #0: stdout all=warning uptime,level,tags foldmultilines=false
 #1: stderr all=off uptime,level,tags foldmultilines=false

Release file:
IMPLEMENTOR="Microsoft" 
IMPLEMENTOR_VERSION="Microsoft-14653896" 
JAVA_RUNTIME_VERSION="21.0.12+8-LTS" 
JAVA_VERSION="21.0.12" 
JAVA_VERSION_DATE="2026-07-21" 
LIBC="default" 
MODULES="java.base java.compiler java.datatransfer java.xml java.prefs java.desktop java.instrument java.logging java.management java.security.sasl java.naming java.rmi java.management.rmi java.net.http java.scripting java.security.jgss java.transaction.xa java.sql java.sql.rowset java.xml.crypto java.se java.smartcardio jdk.accessibility jdk.internal.jvmstat jdk.attach jdk.charsets jdk.internal.opt jdk.zipfs jdk.compiler jdk.crypto.ec jdk.crypto.cryptoki jdk.crypto.mscapi jdk.dynalink jdk.internal.ed jdk.editpad jdk.hotspot.agent jdk.httpserver jdk.incubator.vector jdk.internal.le jdk.internal.vm.ci jdk.internal.vm.compiler jdk.internal.vm.compiler.management jdk.jartool jdk.javadoc jdk.jcmd jdk.management jdk.management.agent jdk.jconsole jdk.jdeps jdk.jdwp.agent jdk.jdi jdk.jfr jdk.jlink jdk.jpackage jdk.jshell jdk.jsobject jdk.jstatd jdk.localedata jdk.management.jfr jdk.naming.dns jdk.naming.rmi jdk.net jdk.nio.mapmode jdk.random jdk.sctp jdk.security.auth jdk.security.jgss jdk.unsupported jdk.unsupported.desktop jdk.xml.dom" 
OS_ARCH="x86_64" 
OS_NAME="Windows" 
SOURCE=".:git:ffd52e07a1a6" 

Environment Variables:
PATH=C:\Program Files\Common Files\Oracle\Java\javapath;C:\Python314\Scripts\;C:\Python314\;C:\WINDOWS\system32;C:\WINDOWS;C:\WINDOWS\System32\Wbem;C:\WINDOWS\System32\WindowsPowerShell\v1.0\;C:\WINDOWS\System32\OpenSSH\;C:\Program Files (x86)\Google\Google Workspace Migration\;C:\Program Files (x86)\Google\Google Apps Migration\;C:\Program Files\Google\Google Apps Migration\;C:\GAM7\;C:\Program Files\dotnet\;C:\Program Files\nodejs\;C:\ProgramData\chocolatey\bin;C:\Program Files\Azure Data Studio\bin;C:\Program Files\Git\cmd;C:\Users\Technical\AppData\Local\Programs\Python\Python313\Scripts\;C:\Users\Technical\AppData\Local\Programs\Python\Python313\;C:\Users\Technical\AppData\Local\Programs\Python\Launcher\;C:\Users\Technical\AppData\Local\Microsoft\WindowsApps;C:\Users\Technical\AppData\Local\Programs\Microsoft VS Code\bin;C:\Users\Technical\AppData\Local\Programs\Git\cmd;;C:\Users\Technical\.lmstudio\bin;C:\Users\Technical\AppData\Local\Programs\Azure Data Studio\bin;C:\Users\Technical\.dotnet\tools;C:\Program Files\JetBrains\IntelliJ IDEA 2025.1.3\bin;;C:\Users\Technical\AppData\Roaming\npm;C:\Program Files\Azure Data Studio\bin;C:\Users\Technical\AppData\Local\Programs\Ollama;C:\Users\Technical\AppData\Local\Programs\Antigravity\bin;C:\Users\Technical\AppData\Local\Programs\Antigravity IDE\bin
USERNAME=Technical
OS=Windows_NT
PROCESSOR_IDENTIFIER=Intel64 Family 6 Model 151 Stepping 5, GenuineIntel
TMP=C:\Users\TECHNI~1\AppData\Local\Temp
TEMP=C:\Users\TECHNI~1\AppData\Local\Temp




Periodic native trim disabled

---------------  S Y S T E M  ---------------

OS:
 Windows 11 , 64 bit Build 26100 (10.0.26100.9168)
OS uptime: 0 days 12:12 hours

CPU: total 8 (initial active 8) (4 cores per cpu, 2 threads per core) family 6 model 151 stepping 5 microcode 0x37, cx8, cmov, fxsr, ht, mmx, 3dnowpref, sse, sse2, sse3, ssse3, sse4.1, sse4.2, popcnt, lzcnt, tsc, tscinvbit, avx, avx2, aes, erms, clmul, bmi1, bmi2, adx, sha, fma, vzeroupper, clflush, clflushopt, clwb, serialize, rdtscp, rdpid, fsrm, f16c, pku, cet_ibt, cet_ss
Processor Information for the first 8 processors :
  Max Mhz: 3300, Current Mhz: 3300, Mhz Limit: 3300

Memory: 4k page, system-wide physical 16071M (1067M free)
TotalPageFile size 42725M (AvailPageFile size 6M)
current process WorkingSet (physical memory assigned to process): 794M, peak: 1323M
current process commit charge ("private bytes"): 1248M, peak: 1888M

vm_info: OpenJDK 64-Bit Server VM (21.0.12+8-LTS) for windows-amd64 JRE (21.0.12+8-LTS), built on 2026-07-14T17:50:36Z by "MicrosoftCorporation" with MS VC++ 17.14 (VS2022)

END.
