version 2
JvmtiExport can_access_local_variables 0
JvmtiExport can_hotswap_or_post_breakpoint 0
JvmtiExport can_post_on_exceptions 0
# 512 ciObject found
instanceKlass java/awt/DefaultKeyboardFocusManager
ciInstanceKlass java/lang/Cloneable 1 0 7 100 1 100 1 1 1
# instanceKlass java/lang/invoke/LambdaForm$MH+0x000001e10315c800
# instanceKlass java/lang/invoke/LambdaForm$MH+0x000001e10315d000
# instanceKlass java/lang/invoke/LambdaForm$MH+0x000001e10315dc00
# instanceKlass java/lang/invoke/LambdaForm$MH+0x000001e10315e800
# instanceKlass java/lang/invoke/LambdaForm$MH+0x000001e10315f800
# instanceKlass java/lang/invoke/LambdaForm$MH+0x000001e103181800
# instanceKlass java/lang/invoke/LambdaForm$MH+0x000001e103182000
# instanceKlass java/lang/invoke/LambdaForm$MH+0x000001e103182c00
# instanceKlass java/lang/invoke/LambdaForm$MH+0x000001e103183800
# instanceKlass java/lang/invoke/LambdaForm$MH+0x000001e103185800
# instanceKlass java/lang/invoke/LambdaForm$MH+0x000001e1031a4000
# instanceKlass java/lang/invoke/LambdaForm$DMH+0x000001e103201400
# instanceKlass java/lang/invoke/LambdaForm$DMH+0x000001e103201c00
# instanceKlass java/lang/invoke/LambdaForm$DMH+0x000001e103214400
# instanceKlass java/lang/invoke/LambdaForm$DMH+0x000001e103215800
# instanceKlass java/lang/invoke/LambdaForm$MH+0x000001e103217c00
# instanceKlass java/lang/invoke/LambdaForm$MH+0x000001e103218000
# instanceKlass java/lang/invoke/LambdaForm$MH+0x000001e1032c8000
# instanceKlass java/lang/invoke/LambdaForm$MH+0x000001e1032c9400
# instanceKlass java/lang/invoke/LambdaForm$MH+0x000001e1032ca000
# instanceKlass java/lang/invoke/LambdaForm$MH+0x000001e1033c4000
# instanceKlass java/lang/invoke/LambdaForm$MH+0x000001e1033c4c00
# instanceKlass java/lang/invoke/LambdaForm$MH+0x000001e1033c8000
# instanceKlass java/lang/invoke/LambdaForm$MH+0x000001e1033c8800
# instanceKlass java/lang/invoke/LambdaForm$MH+0x000001e1033d9000
# instanceKlass java/lang/invoke/LambdaForm$MH+0x000001e103018800
# instanceKlass java/lang/invoke/LambdaForm$MH+0x000001e103019400
# instanceKlass java/lang/invoke/LambdaForm$MH+0x000001e103019c00
# instanceKlass java/lang/invoke/LambdaForm$MH+0x000001e103411c00
# instanceKlass java/lang/invoke/LambdaForm$MH+0x000001e103414800
# instanceKlass java/lang/invoke/LambdaForm$MH+0x000001e103491000
# instanceKlass java/lang/invoke/LambdaForm$MH+0x000001e103491c00
# instanceKlass java/lang/invoke/LambdaForm$MH+0x000001e103492c00
# instanceKlass java/lang/invoke/LambdaForm$DMH+0x000001e103497800
# instanceKlass java/lang/invoke/LambdaForm$MH+0x000001e103498400
instanceKlass io/grpc/Context$1
# instanceKlass java/lang/invoke/LambdaForm$DMH+0x000001e103499000
# instanceKlass java/lang/invoke/LambdaForm$MH+0x000001e1034d0000
# instanceKlass java/lang/invoke/LambdaForm$MH+0x000001e1034cfc00
# instanceKlass java/lang/invoke/LambdaForm$MH+0x000001e1034cf800
# instanceKlass java/lang/invoke/LambdaForm$MH+0x000001e1034cf400
# instanceKlass java/lang/invoke/LambdaForm$DMH+0x000001e1034cf000
# instanceKlass java/lang/invoke/LambdaForm$MH+0x000001e1034cec00
# instanceKlass java/lang/invoke/LambdaForm$MH+0x000001e1034ce800
# instanceKlass java/lang/invoke/LambdaForm$MH+0x000001e1034ce400
# instanceKlass java/lang/invoke/LambdaForm$MH+0x000001e1034ce000
# instanceKlass java/lang/invoke/LambdaForm$MH+0x000001e1034cdc00
# instanceKlass java/lang/invoke/LambdaForm$MH+0x000001e1034cd800
# instanceKlass java/lang/invoke/LambdaForm$MH+0x000001e1034cd400
# instanceKlass java/lang/invoke/LambdaForm$DMH+0x000001e1034cd000
# instanceKlass java/lang/invoke/LambdaForm$MH+0x000001e1034ccc00
instanceKlass io/opencensus/trace/AutoValue_MessageEvent$1
# instanceKlass java/lang/invoke/LambdaForm$MH+0x000001e1034cc800
# instanceKlass java/lang/invoke/LambdaForm$MH+0x000001e1034cc400
# instanceKlass java/lang/invoke/LambdaForm$MH+0x000001e1034cc000
# instanceKlass java/lang/invoke/LambdaForm$DMH+0x000001e1034c5400
instanceKlass com/google/api/services/drive/Drive$Permissions
instanceKlass  @bci driverecovery/DriveRecoveryService moveFileToFolder (Ljava/lang/String;Ljava/util/List;Ljava/lang/String;Lcom/google/api/services/drive/Drive;)Ldriverecovery/DriveRecoveryService$MoveResult; 513 <adapter> ; # java/lang/invoke/LambdaForm$MH+0x000001e1034c5000
# instanceKlass java/lang/invoke/LambdaForm$DMH+0x000001e1034c4c00
instanceKlass  @bci driverecovery/DriveRecoveryService moveFileToFolder (Ljava/lang/String;Ljava/util/List;Ljava/lang/String;Lcom/google/api/services/drive/Drive;)Ldriverecovery/DriveRecoveryService$MoveResult; 513 <appendix> form vmentry <vmtarget> ; # java/lang/invoke/LambdaForm$MH+0x000001e1034c4800
# instanceKlass java/lang/invoke/LambdaForm$MH+0x000001e1034c4400
instanceKlass  @bci driverecovery/DriveRecoveryService moveFileToFolder (Ljava/lang/String;Ljava/util/List;Ljava/lang/String;Lcom/google/api/services/drive/Drive;)Ldriverecovery/DriveRecoveryService$MoveResult; 513 <appendix> form names 9 function resolvedHandle form vmentry <vmtarget> ; # java/lang/invoke/LambdaForm$DMH+0x000001e1034c4000
instanceKlass  @bci driverecovery/DriveRecoveryService moveFileToFolder (Ljava/lang/String;Ljava/util/List;Ljava/lang/String;Lcom/google/api/services/drive/Drive;)Ldriverecovery/DriveRecoveryService$MoveResult; 513 <appendix> argL3 form vmentry <vmtarget> ; # java/lang/invoke/LambdaForm$MH+0x000001e1034c3c00
# instanceKlass java/lang/invoke/LambdaForm$MH+0x000001e1034c3800
instanceKlass  @bci driverecovery/DriveRecoveryService moveFileToFolder (Ljava/lang/String;Ljava/util/List;Ljava/lang/String;Lcom/google/api/services/drive/Drive;)Ldriverecovery/DriveRecoveryService$MoveResult; 513 <appendix> argL3 form names 7 function resolvedHandle form vmentry <vmtarget> ; # java/lang/invoke/LambdaForm$DMH+0x000001e1034c3400
# instanceKlass java/lang/invoke/LambdaForm$MH+0x000001e1034c3000
# instanceKlass java/lang/invoke/LambdaForm$MH+0x000001e1034c2c00
# instanceKlass java/lang/invoke/LambdaForm$MH+0x000001e1034c2800
instanceKlass  @bci driverecovery/DriveRecoveryService moveFileToFolder (Ljava/lang/String;Ljava/util/List;Ljava/lang/String;Lcom/google/api/services/drive/Drive;)Ldriverecovery/DriveRecoveryService$MoveResult; 513 <appendix> form names 13 function resolvedHandle form vmentry <vmtarget> ; # java/lang/invoke/LambdaForm$DMH+0x000001e1034c2400
instanceKlass  @bci driverecovery/DriveRecoveryService moveFileToFolder (Ljava/lang/String;Ljava/util/List;Ljava/lang/String;Lcom/google/api/services/drive/Drive;)Ldriverecovery/DriveRecoveryService$MoveResult; 513 <appendix> argL1 form vmentry <vmtarget> ; # java/lang/invoke/LambdaForm$MH+0x000001e1034c2000
# instanceKlass java/lang/invoke/LambdaForm$MH+0x000001e1034c1c00
# instanceKlass java/lang/invoke/LambdaForm$MH+0x000001e1034c1800
# instanceKlass java/lang/invoke/LambdaForm$MH+0x000001e1034c1400
# instanceKlass java/lang/invoke/LambdaForm$MH+0x000001e1034c1000
# instanceKlass java/lang/invoke/LambdaForm$MH+0x000001e1034c0c00
# instanceKlass java/lang/invoke/LambdaForm$MH+0x000001e1034c0800
# instanceKlass java/lang/invoke/LambdaForm$MH+0x000001e1034c0400
# instanceKlass java/lang/invoke/LambdaForm$DMH+0x000001e1034c0000
instanceKlass com/google/api/services/reports/Reports$Activities
instanceKlass  @bci jdk/internal/reflect/MethodHandleIntegerFieldAccessorImpl getInt (Ljava/lang/Object;)I 20 <adapter> ; # java/lang/invoke/LambdaForm$MH+0x000001e1034bbc00
instanceKlass  @bci jdk/internal/reflect/MethodHandleIntegerFieldAccessorImpl setInt (Ljava/lang/Object;I)V 41 <adapter> ; # java/lang/invoke/LambdaForm$MH+0x000001e1034bb800
# instanceKlass java/lang/invoke/LambdaForm$MH+0x000001e1034bb400
# instanceKlass java/lang/invoke/LambdaForm$BMH+0x000001e1034bb000
# instanceKlass java/lang/invoke/LambdaForm$MH+0x000001e1034bac00
instanceKlass com/google/api/client/http/HttpResponseException$Builder
instanceKlass sun/net/www/protocol/http/HttpURLConnection$10
# instanceKlass java/lang/invoke/LambdaForm$DMH+0x000001e1034ba800
# instanceKlass java/lang/invoke/LambdaForm$MH+0x000001e1034ba400
# instanceKlass java/lang/invoke/LambdaForm$DMH+0x000001e1034ba000
# instanceKlass java/lang/invoke/LambdaForm$MH+0x000001e1034b9c00
# instanceKlass java/lang/invoke/LambdaForm$MH+0x000001e1034b9800
# instanceKlass java/lang/invoke/LambdaForm$MH+0x000001e1034b9400
# instanceKlass java/lang/invoke/LambdaForm$MH+0x000001e1034b9000
# instanceKlass java/lang/invoke/LambdaForm$MH+0x000001e1034b8c00
# instanceKlass java/lang/invoke/LambdaForm$MH+0x000001e1034b8800
# instanceKlass java/lang/invoke/LambdaForm$MH+0x000001e1034b8400
instanceKlass java/util/concurrent/ForkJoinTask
instanceKlass  @bci java/util/concurrent/ConcurrentLinkedQueue clear ()V 1 <appendix> argL0 ; # java/util/concurrent/ConcurrentLinkedQueue$$Lambda+0x000001e103443f80
instanceKlass  @bci sun/security/util/MemoryCache$QueueCacheEntry clear ()V 4 <appendix> argL0 ; # sun/security/util/MemoryCache$QueueCacheEntry$$Lambda+0x000001e103443d50
instanceKlass  @cpi sun/security/util/MemoryCache$QueueCacheEntry 137 form vmentry <vmtarget> ; # java/lang/invoke/LambdaForm$DMH+0x000001e1034b8000
instanceKlass javax/swing/RepaintManager$DisplayChangedRunnable
instanceKlass java/util/WeakHashMap$HashIterator
instanceKlass  @bci sun/awt/windows/WToolkit windowsSettingChange ()V 39 <appendix> member <vmtarget> ; # sun/awt/windows/WToolkit$$Lambda+0x000001e103443438
instanceKlass  @bci sun/awt/windows/WToolkit displayChanged ()V 0 <appendix> argL0 ; # sun/awt/windows/WToolkit$$Lambda+0x000001e103443218
# instanceKlass java/lang/invoke/LambdaForm$MH+0x000001e1034b7400
instanceKlass java/awt/font/NumericShaper
instanceKlass com/google/api/client/http/EmptyContent
# instanceKlass java/lang/invoke/LambdaForm$DMH+0x000001e1034b7000
# instanceKlass java/lang/invoke/LambdaForm$MH+0x000001e1034b6c00
# instanceKlass java/lang/invoke/LambdaForm$MH+0x000001e1034b6800
# instanceKlass java/lang/invoke/LambdaForm$MH+0x000001e1034b6400
# instanceKlass java/lang/invoke/LambdaForm$DMH+0x000001e1034b6000
instanceKlass  @bci sun/security/util/MemoryCache put (Ljava/lang/Object;Ljava/lang/Object;Z)V 126 <appendix> argL2 form vmentry <vmtarget> ; # java/lang/invoke/LambdaForm$MH+0x000001e1034b5c00
instanceKlass java/lang/invoke/MethodHandleImpl$CountingWrapper$1
# instanceKlass java/lang/invoke/LambdaForm$MH+0x000001e1034b5800
# instanceKlass java/lang/invoke/LambdaForm$DMH+0x000001e1034b5400
# instanceKlass java/lang/invoke/LambdaForm$MH+0x000001e1034b5000
# instanceKlass java/lang/invoke/LambdaForm$MH+0x000001e1034b4c00
# instanceKlass java/lang/invoke/LambdaForm$MH+0x000001e1034b4800
# instanceKlass java/lang/invoke/LambdaForm$MH+0x000001e1034b4400
# instanceKlass java/lang/invoke/LambdaForm$MH+0x000001e1034b4000
# instanceKlass java/lang/invoke/LambdaForm$MH+0x000001e1034b3c00
# instanceKlass java/lang/invoke/LambdaForm$MH+0x000001e1034b3800
# instanceKlass java/lang/invoke/LambdaForm$MH+0x000001e1034b3400
# instanceKlass java/lang/invoke/LambdaForm$MH+0x000001e1034b3000
# instanceKlass java/lang/invoke/LambdaForm$MH+0x000001e1034b2c00
# instanceKlass java/lang/invoke/LambdaForm$MH+0x000001e1034b2800
# instanceKlass java/lang/invoke/LambdaForm$MH+0x000001e1034b2400
# instanceKlass java/lang/invoke/LambdaForm$MH+0x000001e1034b2000
# instanceKlass java/lang/invoke/LambdaForm$MH+0x000001e1034b1c00
# instanceKlass java/lang/invoke/LambdaForm$MH+0x000001e1034b1800
# instanceKlass java/lang/invoke/LambdaForm$MH+0x000001e1034b1400
# instanceKlass java/lang/invoke/LambdaForm$MH+0x000001e1034b1000
instanceKlass driverecovery/DriveRecoveryService$CurrentStatus
instanceKlass  @bci driverecovery/DriveRecoveryService handleFoundFile (Ljava/lang/String;Lcom/google/api/services/drive/model/File;Ljava/lang/String;Ljava/lang/String;Ljava/lang/String;Ljava/util/Set;Ldriverecovery/DriveRecoveryService$MoveResult;Ljava/lang/String;)Ldriverecovery/DriveRecoveryService$MoveResult; 564 <appendix> member <vmtarget> ; # driverecovery/DriveRecoveryService$$Lambda+0x000001e1034abb48
instanceKlass  @bci driverecovery/DriveRecoveryService handleFoundFile (Ljava/lang/String;Lcom/google/api/services/drive/model/File;Ljava/lang/String;Ljava/lang/String;Ljava/lang/String;Ljava/util/Set;Ldriverecovery/DriveRecoveryService$MoveResult;Ljava/lang/String;)Ldriverecovery/DriveRecoveryService$MoveResult; 292 <appendix> member <vmtarget> ; # driverecovery/DriveRecoveryService$$Lambda+0x000001e1034ab8f0
# instanceKlass java/lang/invoke/LambdaForm$MH+0x000001e1034b0c00
# instanceKlass java/lang/invoke/LambdaForm$DMH+0x000001e1034b0800
# instanceKlass java/lang/invoke/LambdaForm$MH+0x000001e1034b0400
# instanceKlass java/lang/invoke/LambdaForm$MH+0x000001e1034b0000
# instanceKlass java/lang/invoke/LambdaForm$DMH+0x000001e1034afc00
# instanceKlass java/lang/invoke/LambdaForm$MH+0x000001e1034af800
# instanceKlass java/lang/invoke/LambdaForm$MH+0x000001e1034af400
# instanceKlass java/lang/invoke/LambdaForm$MH+0x000001e1034af000
# instanceKlass java/lang/invoke/LambdaForm$DMH+0x000001e1034aec00
# instanceKlass java/lang/invoke/LambdaForm$MH+0x000001e1034ae800
# instanceKlass java/lang/invoke/LambdaForm$MH+0x000001e1034ae400
# instanceKlass java/lang/invoke/LambdaForm$MH+0x000001e1034ae000
# instanceKlass java/lang/invoke/LambdaForm$DMH+0x000001e1034adc00
# instanceKlass java/lang/invoke/LambdaForm$MH+0x000001e1034ad800
# instanceKlass java/lang/invoke/LambdaForm$MH+0x000001e1034ad400
# instanceKlass java/lang/invoke/LambdaForm$DMH+0x000001e1034ad000
# instanceKlass java/lang/invoke/LambdaForm$MH+0x000001e1034acc00
# instanceKlass java/lang/invoke/LambdaForm$MH+0x000001e1034ac800
# instanceKlass java/lang/invoke/LambdaForm$MH+0x000001e1034ac400
# instanceKlass java/lang/invoke/LambdaForm$MH+0x000001e1034ac000
instanceKlass  @bci driverecovery/DriveRecoveryService handleFoundFolder (Ljava/lang/String;Lcom/google/api/services/drive/model/File;Ljava/lang/String;Ljava/lang/String;Ljava/lang/String;Ldriverecovery/DriveRecoveryService$MoveResult;Ljava/lang/String;)Ldriverecovery/DriveRecoveryService$MoveResult; 509 <appendix> member <vmtarget> ; # driverecovery/DriveRecoveryService$$Lambda+0x000001e1034ab698
instanceKlass  @bci driverecovery/DriveRecoveryService handleFoundFolder (Ljava/lang/String;Lcom/google/api/services/drive/model/File;Ljava/lang/String;Ljava/lang/String;Ljava/lang/String;Ldriverecovery/DriveRecoveryService$MoveResult;Ljava/lang/String;)Ldriverecovery/DriveRecoveryService$MoveResult; 368 <appendix> member <vmtarget> ; # driverecovery/DriveRecoveryService$$Lambda+0x000001e1034ab440
instanceKlass java/util/Collections$UnmodifiableList$1
instanceKlass com/google/common/base/NullnessCasts
instanceKlass com/google/common/base/AbstractIterator$1
instanceKlass com/google/common/base/AbstractIterator
instanceKlass com/google/common/base/Splitter$1
instanceKlass com/google/common/base/CharMatcher
instanceKlass com/google/common/base/Predicate
instanceKlass com/google/common/base/Splitter$Strategy
instanceKlass com/google/common/base/Splitter
instanceKlass driverecovery/DriveRecoveryService$MoveResult
# instanceKlass java/lang/invoke/LambdaForm$MH+0x000001e1034a3000
# instanceKlass java/lang/invoke/LambdaForm$MH+0x000001e1034a2c00
# instanceKlass java/lang/invoke/LambdaForm$DMH+0x000001e1034a2800
# instanceKlass java/lang/invoke/LambdaForm$MH+0x000001e1034a2400
# instanceKlass java/lang/invoke/LambdaForm$DMH+0x000001e1034a2000
# instanceKlass java/lang/invoke/LambdaForm$MH+0x000001e1034a1c00
# instanceKlass java/lang/invoke/LambdaForm$MH+0x000001e1034a1800
# instanceKlass java/lang/invoke/LambdaForm$DMH+0x000001e1034a1400
# instanceKlass java/lang/invoke/LambdaForm$MH+0x000001e1034a1000
# instanceKlass java/lang/invoke/LambdaForm$MH+0x000001e1034a0c00
# instanceKlass java/lang/invoke/LambdaForm$MH+0x000001e1034a0800
# instanceKlass java/lang/invoke/LambdaForm$DMH+0x000001e1034a0400
# instanceKlass java/lang/invoke/LambdaForm$MH+0x000001e1034a0000
# instanceKlass java/lang/invoke/LambdaForm$MH+0x000001e10349fc00
# instanceKlass java/lang/invoke/LambdaForm$DMH+0x000001e10349f800
# instanceKlass java/lang/invoke/LambdaForm$MH+0x000001e10349f400
# instanceKlass java/lang/invoke/LambdaForm$MH+0x000001e10349f000
# instanceKlass java/lang/invoke/LambdaForm$DMH+0x000001e10349ec00
# instanceKlass java/lang/invoke/LambdaForm$MH+0x000001e10349e800
# instanceKlass java/lang/invoke/LambdaForm$DMH+0x000001e10349e400
# instanceKlass java/lang/invoke/LambdaForm$MH+0x000001e10349e000
# instanceKlass java/lang/invoke/LambdaForm$DMH+0x000001e10349dc00
# instanceKlass java/lang/invoke/LambdaForm$MH+0x000001e10349d800
# instanceKlass java/lang/invoke/LambdaForm$MH+0x000001e10349d400
# instanceKlass java/lang/invoke/LambdaForm$MH+0x000001e10349d000
# instanceKlass java/lang/invoke/LambdaForm$MH+0x000001e10349cc00
# instanceKlass java/lang/invoke/LambdaForm$MH+0x000001e10349c800
# instanceKlass java/lang/invoke/LambdaForm$MH+0x000001e10349c400
# instanceKlass java/lang/invoke/LambdaForm$DMH+0x000001e10349c000
# instanceKlass java/lang/invoke/LambdaForm$MH+0x000001e10349bc00
# instanceKlass java/lang/invoke/LambdaForm$MH+0x000001e10349b800
# instanceKlass java/lang/invoke/LambdaForm$DMH+0x000001e10349b400
# instanceKlass java/lang/invoke/LambdaForm$MH+0x000001e10349b000
# instanceKlass java/lang/invoke/LambdaForm$DMH+0x000001e10349ac00
# instanceKlass java/lang/invoke/LambdaForm$MH+0x000001e10349a800
# instanceKlass java/lang/invoke/LambdaForm$MH+0x000001e10349a400
# instanceKlass java/lang/invoke/LambdaForm$DMH+0x000001e10349a000
instanceKlass  @bci driverecovery/DriveRecoveryService getAllFilesInSubfolders (Ljava/util/Set;Ljava/lang/String;)Ljava/util/Set; 55 <appendix> argL0 ; # driverecovery/DriveRecoveryService$$Lambda+0x000001e103487d68
instanceKlass driverecovery/DriveRecoveryService$SubFolderInfo
instanceKlass  @bci driverecovery/DriveRecoveryService checkFolder (Ldriverecovery/DriveRecoveryService$FolderInfo;Ljava/lang/String;)Ldriverecovery/DriveRecoveryService$FolderReport; 385 <appendix> argL0 ; # driverecovery/DriveRecoveryService$$Lambda+0x000001e103487918
instanceKlass  @bci driverecovery/DriveRecoveryService checkFolder (Ldriverecovery/DriveRecoveryService$FolderInfo;Ljava/lang/String;)Ldriverecovery/DriveRecoveryService$FolderReport; 375 <appendix> argL0 ; # driverecovery/DriveRecoveryService$$Lambda+0x000001e1034876c8
instanceKlass  @bci driverecovery/DriveRecoveryService checkFolder (Ldriverecovery/DriveRecoveryService$FolderInfo;Ljava/lang/String;)Ldriverecovery/DriveRecoveryService$FolderReport; 324 <appendix> form vmentry <vmtarget> ; # java/lang/invoke/LambdaForm$MH+0x000001e103499c00
instanceKlass  @bci driverecovery/DriveRecoveryService checkFolder (Ldriverecovery/DriveRecoveryService$FolderInfo;Ljava/lang/String;)Ldriverecovery/DriveRecoveryService$FolderReport; 324 <appendix> form names 5 function resolvedHandle form vmentry <vmtarget> ; # java/lang/invoke/LambdaForm$DMH+0x000001e103499800
instanceKlass  @bci driverecovery/DriveRecoveryService checkFolder (Ldriverecovery/DriveRecoveryService$FolderInfo;Ljava/lang/String;)Ldriverecovery/DriveRecoveryService$FolderReport; 324 <appendix> argL3 form vmentry <vmtarget> ; # java/lang/invoke/LambdaForm$MH+0x000001e103499400
instanceKlass  @bci driverecovery/DriveRecoveryService checkFolder (Ldriverecovery/DriveRecoveryService$FolderInfo;Ljava/lang/String;)Ldriverecovery/DriveRecoveryService$FolderReport; 324 <appendix> form names 9 function resolvedHandle form vmentry <vmtarget> ; # java/lang/invoke/LambdaForm$DMH+0x000001e103498000
instanceKlass  @bci driverecovery/DriveRecoveryService checkFolder (Ldriverecovery/DriveRecoveryService$FolderInfo;Ljava/lang/String;)Ldriverecovery/DriveRecoveryService$FolderReport; 324 <appendix> argL1 form vmentry <vmtarget> ; # java/lang/invoke/LambdaForm$MH+0x000001e103497c00
instanceKlass  @bci driverecovery/DriveRecoveryService processActivityForFolders (Lcom/google/api/services/driveactivity/v2/model/DriveActivity;Ljava/lang/String;Ljava/util/Map;)V 856 <appendix> argL0 ; # driverecovery/DriveRecoveryService$$Lambda+0x000001e103487478
# instanceKlass java/lang/invoke/LambdaForm$MH+0x000001e103496c00
# instanceKlass java/lang/invoke/LambdaForm$MH+0x000001e103496800
# instanceKlass java/lang/invoke/LambdaForm$MH+0x000001e103496400
# instanceKlass java/lang/invoke/LambdaForm$MH+0x000001e103496000
# instanceKlass java/lang/invoke/LambdaForm$MH+0x000001e103495c00
# instanceKlass java/lang/invoke/LambdaForm$DMH+0x000001e103495800
# instanceKlass java/lang/invoke/LambdaForm$DMH+0x000001e103495400
# instanceKlass java/lang/invoke/LambdaForm$MH+0x000001e103495000
# instanceKlass java/lang/invoke/LambdaForm$DMH+0x000001e103494c00
# instanceKlass java/lang/invoke/LambdaForm$MH+0x000001e103494800
# instanceKlass java/lang/invoke/LambdaForm$DMH+0x000001e103494400
instanceKlass driverecovery/DriveRecoveryService$FileInfo
instanceKlass  @bci driverecovery/DriveRecoveryService checkFolder (Ldriverecovery/DriveRecoveryService$FolderInfo;Ljava/lang/String;)Ldriverecovery/DriveRecoveryService$FolderReport; 2827 <appendix> argL0 ; # driverecovery/DriveRecoveryService$$Lambda+0x000001e103487028
instanceKlass  @bci driverecovery/DriveRecoveryService checkFolder (Ldriverecovery/DriveRecoveryService$FolderInfo;Ljava/lang/String;)Ldriverecovery/DriveRecoveryService$FolderReport; 2817 <appendix> argL0 ; # driverecovery/DriveRecoveryService$$Lambda+0x000001e103486dd8
instanceKlass  @bci driverecovery/DriveRecoveryService checkFolder (Ldriverecovery/DriveRecoveryService$FolderInfo;Ljava/lang/String;)Ldriverecovery/DriveRecoveryService$FolderReport; 2766 <adapter> ; # java/lang/invoke/LambdaForm$MH+0x000001e103494000
# instanceKlass java/lang/invoke/LambdaForm$DMH+0x000001e103493c00
instanceKlass  @bci driverecovery/DriveRecoveryService checkFolder (Ldriverecovery/DriveRecoveryService$FolderInfo;Ljava/lang/String;)Ldriverecovery/DriveRecoveryService$FolderReport; 2766 <appendix> form vmentry <vmtarget> ; # java/lang/invoke/LambdaForm$MH+0x000001e103493800
instanceKlass  @bci driverecovery/DriveRecoveryService checkFolder (Ldriverecovery/DriveRecoveryService$FolderInfo;Ljava/lang/String;)Ldriverecovery/DriveRecoveryService$FolderReport; 2766 <appendix> form names 6 function resolvedHandle form vmentry <vmtarget> ; # java/lang/invoke/LambdaForm$DMH+0x000001e103493400
instanceKlass  @bci driverecovery/DriveRecoveryService checkFolder (Ldriverecovery/DriveRecoveryService$FolderInfo;Ljava/lang/String;)Ldriverecovery/DriveRecoveryService$FolderReport; 2766 <appendix> argL3 form vmentry <vmtarget> ; # java/lang/invoke/LambdaForm$MH+0x000001e103493000
instanceKlass  @bci driverecovery/DriveRecoveryService checkFolder (Ldriverecovery/DriveRecoveryService$FolderInfo;Ljava/lang/String;)Ldriverecovery/DriveRecoveryService$FolderReport; 2766 <appendix> argL3 form names 7 function resolvedHandle form vmentry <vmtarget> ; # java/lang/invoke/LambdaForm$DMH+0x000001e103492800
instanceKlass  @bci driverecovery/DriveRecoveryService checkFolder (Ldriverecovery/DriveRecoveryService$FolderInfo;Ljava/lang/String;)Ldriverecovery/DriveRecoveryService$FolderReport; 2766 <appendix> form names 10 function resolvedHandle form vmentry <vmtarget> ; # java/lang/invoke/LambdaForm$DMH+0x000001e103491800
instanceKlass  @bci driverecovery/DriveRecoveryService checkFolder (Ldriverecovery/DriveRecoveryService$FolderInfo;Ljava/lang/String;)Ldriverecovery/DriveRecoveryService$FolderReport; 2766 <appendix> argL1 form vmentry <vmtarget> ; # java/lang/invoke/LambdaForm$MH+0x000001e103491400
instanceKlass  @bci driverecovery/DriveRecoveryService checkFolder (Ldriverecovery/DriveRecoveryService$FolderInfo;Ljava/lang/String;)Ldriverecovery/DriveRecoveryService$FolderReport; 2505 <appendix> argL0 ; # driverecovery/DriveRecoveryService$$Lambda+0x000001e103486b98
instanceKlass  @bci driverecovery/DriveRecoveryService checkFolder (Ldriverecovery/DriveRecoveryService$FolderInfo;Ljava/lang/String;)Ldriverecovery/DriveRecoveryService$FolderReport; 2475 <appendix> argL0 ; # driverecovery/DriveRecoveryService$$Lambda+0x000001e103486958
instanceKlass  @bci driverecovery/DriveRecoveryService getCurrentFilesInFolder (Ljava/lang/String;Ljava/lang/String;)Ljava/util/List; 81 <appendix> argL0 ; # driverecovery/DriveRecoveryService$$Lambda+0x000001e103486708
instanceKlass  @bci driverecovery/DriveRecoveryService getFilesFromActivity (Ljava/lang/String;Ljava/lang/String;)Ljava/util/List; 316 <appendix> argL0 ; # driverecovery/DriveRecoveryService$$Lambda+0x000001e1034864b8
instanceKlass  @bci driverecovery/DriveRecoveryService processActivity (Lcom/google/api/services/driveactivity/v2/model/DriveActivity;Ljava/lang/String;Ljava/util/Map;)V 801 <appendix> argL0 ; # driverecovery/DriveRecoveryService$$Lambda+0x000001e103486268
instanceKlass  @bci driverecovery/DriveRecoveryService getFilesFromActivity (Ljava/lang/String;Ljava/lang/String;)Ljava/util/List; 218 <appendix> argL0 ; # driverecovery/DriveRecoveryService$$Lambda+0x000001e103485fd0
instanceKlass  @bci driverecovery/DriveRecoveryService checkFolder (Ldriverecovery/DriveRecoveryService$FolderInfo;Ljava/lang/String;)Ldriverecovery/DriveRecoveryService$FolderReport; 114 <appendix> argL0 ; # driverecovery/DriveRecoveryService$$Lambda+0x000001e103485d90
instanceKlass  @bci driverecovery/DriveRecoveryService getDirectSubfolderIds (Ljava/lang/String;Ljava/lang/String;)Ljava/util/Set; 76 <appendix> member <vmtarget> ; # driverecovery/DriveRecoveryService$$Lambda+0x000001e103485b58
instanceKlass  @bci driverecovery/DriveRecoveryService getDirectSubFoldersFromActivity (Ljava/lang/String;Ljava/lang/String;)Ljava/util/List; 198 <appendix> argL0 ; # driverecovery/DriveRecoveryService$$Lambda+0x000001e103485908
instanceKlass driverecovery/DriveRecoveryService$FileHistory
instanceKlass  @bci driverecovery/DriveRecoveryService getDirectSubFoldersFromActivity (Ljava/lang/String;Ljava/lang/String;)Ljava/util/List; 135 <appendix> argL0 ; # driverecovery/DriveRecoveryService$$Lambda+0x000001e10343bcf8
# instanceKlass java/lang/invoke/LambdaForm$MH+0x000001e103490400
# instanceKlass java/lang/invoke/LambdaForm$MH+0x000001e103490000
# instanceKlass java/lang/invoke/LambdaForm$MH+0x000001e10348fc00
# instanceKlass java/lang/invoke/LambdaForm$DMH+0x000001e10348f800
# instanceKlass java/lang/invoke/LambdaForm$MH+0x000001e10348f400
# instanceKlass java/lang/invoke/LambdaForm$MH+0x000001e10348f000
# instanceKlass java/lang/invoke/LambdaForm$DMH+0x000001e10348ec00
# instanceKlass java/lang/invoke/LambdaForm$MH+0x000001e10348e800
# instanceKlass java/lang/invoke/LambdaForm$DMH+0x000001e10348e400
# instanceKlass java/lang/invoke/LambdaForm$MH+0x000001e10348e000
# instanceKlass java/lang/invoke/LambdaForm$MH+0x000001e10348dc00
# instanceKlass java/lang/invoke/LambdaForm$MH+0x000001e10348d800
# instanceKlass java/lang/invoke/LambdaForm$MH+0x000001e10348d400
# instanceKlass java/lang/invoke/LambdaForm$MH+0x000001e10348d000
# instanceKlass java/lang/invoke/LambdaForm$DMH+0x000001e10348cc00
# instanceKlass java/lang/invoke/LambdaForm$MH+0x000001e10348c800
# instanceKlass java/lang/invoke/LambdaForm$MH+0x000001e10348c400
# instanceKlass java/lang/invoke/LambdaForm$MH+0x000001e10348c000
# instanceKlass java/lang/invoke/LambdaForm$DMH+0x000001e10348bc00
# instanceKlass java/lang/invoke/LambdaForm$DMH+0x000001e10348b800
# instanceKlass java/lang/invoke/LambdaForm$MH+0x000001e10348b400
# instanceKlass java/lang/invoke/LambdaForm$MH+0x000001e10348b000
# instanceKlass java/lang/invoke/LambdaForm$MH+0x000001e10348ac00
# instanceKlass java/lang/invoke/LambdaForm$DMH+0x000001e10348a800
# instanceKlass java/lang/invoke/LambdaForm$DMH+0x000001e10348a400
# instanceKlass java/lang/invoke/LambdaForm$MH+0x000001e10348a000
# instanceKlass java/lang/invoke/LambdaForm$DMH+0x000001e103489c00
# instanceKlass java/lang/invoke/LambdaForm$MH+0x000001e103489800
# instanceKlass java/lang/invoke/LambdaForm$DMH+0x000001e103489400
# instanceKlass java/lang/invoke/LambdaForm$MH+0x000001e103489000
# instanceKlass java/lang/invoke/LambdaForm$MH+0x000001e103488c00
# instanceKlass java/lang/invoke/LambdaForm$DMH+0x000001e103488800
# instanceKlass java/lang/invoke/LambdaForm$DMH+0x000001e103488400
# instanceKlass java/lang/invoke/LambdaForm$DMH+0x000001e103488000
instanceKlass java/util/zip/Deflater$DeflaterZStreamRef
instanceKlass java/util/zip/Deflater
# instanceKlass java/lang/invoke/LambdaForm$DMH+0x000001e10343c000
instanceKlass com/google/api/client/http/HttpEncodingStreamingContent
# instanceKlass java/lang/invoke/LambdaForm$DMH+0x000001e103437c00
instanceKlass com/google/api/services/driveactivity/v2/DriveActivity$Activity
instanceKlass java/text/CalendarBuilder
instanceKlass driverecovery/DriveRecoveryService$FolderReport
instanceKlass  @bci driverecovery/DriveRecoveryService processUserDrive (Ljava/lang/String;)V 124 <appendix> form vmentry <vmtarget> ; # java/lang/invoke/LambdaForm$DMH+0x000001e103437800
instanceKlass  @bci driverecovery/DriveRecoveryService processUserDrive (Ljava/lang/String;)V 124 <appendix> member <vmtarget> ; # driverecovery/DriveRecoveryService$$Lambda+0x000001e10341f1e8
instanceKlass  @cpi driverecovery/DriveRecoveryService 2676 form vmentry <vmtarget> ; # java/lang/invoke/LambdaForm$DMH+0x000001e103437400
# instanceKlass java/lang/invoke/LambdaForm$MH+0x000001e103437000
# instanceKlass java/lang/invoke/LambdaForm$DMH+0x000001e103436c00
# instanceKlass java/lang/invoke/LambdaForm$MH+0x000001e103436800
# instanceKlass java/lang/invoke/LambdaForm$MH+0x000001e103436400
# instanceKlass java/lang/invoke/LambdaForm$MH+0x000001e103436000
# instanceKlass java/lang/invoke/LambdaForm$MH+0x000001e103435c00
# instanceKlass java/lang/invoke/LambdaForm$MH+0x000001e103435800
# instanceKlass java/lang/invoke/LambdaForm$MH+0x000001e103435400
# instanceKlass java/lang/invoke/LambdaForm$MH+0x000001e103435000
# instanceKlass java/lang/invoke/LambdaForm$MH+0x000001e103434c00
# instanceKlass java/lang/invoke/LambdaForm$MH+0x000001e103434800
# instanceKlass java/lang/invoke/LambdaForm$MH+0x000001e103434400
# instanceKlass java/lang/invoke/LambdaForm$MH+0x000001e103434000
# instanceKlass java/lang/invoke/LambdaForm$MH+0x000001e103433c00
# instanceKlass java/lang/invoke/LambdaForm$MH+0x000001e103433800
# instanceKlass java/lang/invoke/LambdaForm$MH+0x000001e103433400
# instanceKlass java/lang/invoke/LambdaForm$MH+0x000001e103433000
# instanceKlass java/lang/invoke/LambdaForm$MH+0x000001e103432c00
# instanceKlass java/lang/invoke/LambdaForm$MH+0x000001e103432800
# instanceKlass java/lang/invoke/LambdaForm$MH+0x000001e103432400
# instanceKlass java/lang/invoke/LambdaForm$MH+0x000001e103432000
# instanceKlass java/lang/invoke/LambdaForm$MH+0x000001e103431c00
# instanceKlass java/lang/invoke/LambdaForm$MH+0x000001e103431800
# instanceKlass java/lang/invoke/LambdaForm$MH+0x000001e103431400
# instanceKlass java/lang/invoke/LambdaForm$MH+0x000001e103431000
# instanceKlass java/lang/invoke/LambdaForm$MH+0x000001e103430c00
# instanceKlass java/lang/invoke/LambdaForm$MH+0x000001e103430800
# instanceKlass java/lang/invoke/LambdaForm$MH+0x000001e103430400
# instanceKlass java/lang/invoke/LambdaForm$MH+0x000001e103430000
# instanceKlass java/lang/invoke/LambdaForm$MH+0x000001e10342fc00
# instanceKlass java/lang/invoke/LambdaForm$MH+0x000001e10342f800
# instanceKlass java/lang/invoke/LambdaForm$MH+0x000001e10342f400
# instanceKlass java/lang/invoke/LambdaForm$MH+0x000001e10342f000
# instanceKlass java/lang/invoke/LambdaForm$MH+0x000001e10342ec00
# instanceKlass java/lang/invoke/LambdaForm$MH+0x000001e10342e800
# instanceKlass java/lang/invoke/LambdaForm$MH+0x000001e10342e400
# instanceKlass java/lang/invoke/LambdaForm$MH+0x000001e10342e000
# instanceKlass java/lang/invoke/LambdaForm$MH+0x000001e10342dc00
# instanceKlass java/lang/invoke/LambdaForm$MH+0x000001e10342d800
# instanceKlass java/lang/invoke/LambdaForm$MH+0x000001e10342d400
# instanceKlass java/lang/invoke/LambdaForm$MH+0x000001e10342d000
# instanceKlass java/lang/invoke/LambdaForm$MH+0x000001e10342cc00
# instanceKlass java/lang/invoke/LambdaForm$MH+0x000001e10342c800
# instanceKlass java/lang/invoke/LambdaForm$MH+0x000001e10342c400
# instanceKlass java/lang/invoke/LambdaForm$MH+0x000001e10342c000
# instanceKlass java/lang/invoke/LambdaForm$MH+0x000001e10342bc00
# instanceKlass java/lang/invoke/LambdaForm$MH+0x000001e10342b800
# instanceKlass java/lang/invoke/LambdaForm$MH+0x000001e10342b400
# instanceKlass java/lang/invoke/LambdaForm$MH+0x000001e10342b000
# instanceKlass java/lang/invoke/LambdaForm$MH+0x000001e10342ac00
# instanceKlass java/lang/invoke/LambdaForm$MH+0x000001e10342a800
# instanceKlass java/lang/invoke/LambdaForm$MH+0x000001e10342a400
# instanceKlass java/lang/invoke/LambdaForm$MH+0x000001e10342a000
# instanceKlass java/lang/invoke/LambdaForm$MH+0x000001e103429c00
# instanceKlass java/lang/invoke/LambdaForm$MH+0x000001e103429800
# instanceKlass java/lang/invoke/LambdaForm$MH+0x000001e103429400
# instanceKlass java/lang/invoke/LambdaForm$MH+0x000001e103429000
# instanceKlass java/lang/invoke/LambdaForm$MH+0x000001e103428c00
# instanceKlass java/lang/invoke/LambdaForm$MH+0x000001e103428800
# instanceKlass java/lang/invoke/LambdaForm$MH+0x000001e103428400
# instanceKlass java/lang/invoke/LambdaForm$MH+0x000001e103428000
# instanceKlass java/lang/invoke/LambdaForm$MH+0x000001e103427c00
# instanceKlass java/lang/invoke/LambdaForm$MH+0x000001e103427800
# instanceKlass java/lang/invoke/LambdaForm$DMH+0x000001e103427400
instanceKlass com/google/api/client/json/CustomizeJsonParser
# instanceKlass java/lang/invoke/LambdaForm$MH+0x000001e103427000
# instanceKlass java/lang/invoke/LambdaForm$MH+0x000001e103426c00
# instanceKlass java/lang/invoke/LambdaForm$MH+0x000001e103426800
# instanceKlass java/lang/invoke/LambdaForm$MH+0x000001e103426400
# instanceKlass java/lang/invoke/LambdaForm$MH+0x000001e103426000
# instanceKlass java/lang/invoke/LambdaForm$MH+0x000001e103425c00
# instanceKlass java/lang/invoke/LambdaForm$MH+0x000001e103425800
# instanceKlass java/lang/invoke/LambdaForm$MH+0x000001e103425400
# instanceKlass java/lang/invoke/LambdaForm$MH+0x000001e103425000
# instanceKlass java/lang/invoke/LambdaForm$MH+0x000001e103424c00
# instanceKlass java/lang/invoke/LambdaForm$MH+0x000001e103424800
# instanceKlass java/lang/invoke/LambdaForm$MH+0x000001e103424400
# instanceKlass java/lang/invoke/LambdaForm$MH+0x000001e103424000
# instanceKlass java/lang/invoke/LambdaForm$MH+0x000001e103423c00
# instanceKlass java/lang/invoke/LambdaForm$MH+0x000001e103423800
# instanceKlass java/lang/invoke/LambdaForm$MH+0x000001e103423400
# instanceKlass java/lang/invoke/LambdaForm$MH+0x000001e103423000
# instanceKlass java/lang/invoke/LambdaForm$MH+0x000001e103422c00
# instanceKlass java/lang/invoke/LambdaForm$MH+0x000001e103422800
# instanceKlass java/lang/invoke/LambdaForm$MH+0x000001e103422400
# instanceKlass java/lang/invoke/LambdaForm$MH+0x000001e103422000
# instanceKlass java/lang/invoke/LambdaForm$MH+0x000001e103421c00
# instanceKlass java/lang/invoke/LambdaForm$MH+0x000001e103421800
# instanceKlass java/lang/invoke/LambdaForm$MH+0x000001e103421400
# instanceKlass java/lang/invoke/LambdaForm$MH+0x000001e103421000
# instanceKlass java/lang/invoke/LambdaForm$MH+0x000001e103420c00
# instanceKlass java/lang/invoke/LambdaForm$MH+0x000001e103420800
# instanceKlass java/lang/invoke/LambdaForm$MH+0x000001e103420400
instanceKlass java/lang/foreign/MemorySegment
instanceKlass driverecovery/DriveRecoveryService$FolderInfo
instanceKlass sun/security/ssl/PreSharedKeyExtension$SHPreSharedKeySpec
instanceKlass sun/security/ssl/SSLEngineOutputRecord$RecordMemo
instanceKlass sun/security/ssl/SSLEngineOutputRecord$HandshakeFragment
instanceKlass sun/security/ssl/PreSharedKeyExtension$CHPreSharedKeySpec
instanceKlass sun/security/ssl/PreSharedKeyExtension$PskIdentity
# instanceKlass java/lang/invoke/LambdaForm$MH+0x000001e103420000
instanceKlass com/google/api/services/drive/Drive$Files
instanceKlass java/util/concurrent/Semaphore
instanceKlass org/apache/poi/ss/usermodel/Workbook
instanceKlass sun/font/CMap$UVS
instanceKlass sun/font/DelegatingShape
instanceKlass driverecovery/DriveRecoveryService
instanceKlass java/awt/font/GraphicAttribute
instanceKlass java/awt/font/CharArrayIterator
instanceKlass java/awt/font/StyledParagraph
instanceKlass jdk/internal/icu/text/BidiBase$TextAttributeConstants
instanceKlass java/awt/font/TextMeasurer
instanceKlass java/awt/font/LineBreakMeasurer
instanceKlass java/util/DualPivotQuicksort
instanceKlass jdk/internal/icu/text/BidiLine
instanceKlass sun/font/BidiUtils
instanceKlass jdk/internal/icu/text/UTF16
instanceKlass jdk/internal/icu/text/BidiBase$Point
instanceKlass jdk/internal/icu/text/BidiBase$InsertPoints
instanceKlass jdk/internal/icu/text/BidiRun
instanceKlass  @bci driverecovery/DriveRecoveryService lambda$processUserDrive$0 (Ljava/util/concurrent/atomic/AtomicInteger;Ljava/util/List;Ldriverecovery/DriveRecoveryService$FolderInfo;Ljava/lang/String;Ljava/util/concurrent/atomic/AtomicInteger;)V 28 <adapter> ; # java/lang/invoke/LambdaForm$MH+0x000001e103415400
# instanceKlass java/lang/invoke/LambdaForm$DMH+0x000001e103415000
instanceKlass  @bci driverecovery/DriveRecoveryService lambda$processUserDrive$0 (Ljava/util/concurrent/atomic/AtomicInteger;Ljava/util/List;Ldriverecovery/DriveRecoveryService$FolderInfo;Ljava/lang/String;Ljava/util/concurrent/atomic/AtomicInteger;)V 28 <appendix> form vmentry <vmtarget> ; # java/lang/invoke/LambdaForm$MH+0x000001e103414c00
instanceKlass  @bci driverecovery/DriveRecoveryService lambda$processUserDrive$0 (Ljava/util/concurrent/atomic/AtomicInteger;Ljava/util/List;Ldriverecovery/DriveRecoveryService$FolderInfo;Ljava/lang/String;Ljava/util/concurrent/atomic/AtomicInteger;)V 28 <appendix> form names 7 function resolvedHandle form vmentry <vmtarget> ; # java/lang/invoke/LambdaForm$DMH+0x000001e103414400
instanceKlass  @bci driverecovery/DriveRecoveryService lambda$processUserDrive$0 (Ljava/util/concurrent/atomic/AtomicInteger;Ljava/util/List;Ldriverecovery/DriveRecoveryService$FolderInfo;Ljava/lang/String;Ljava/util/concurrent/atomic/AtomicInteger;)V 28 <appendix> argL3 form vmentry <vmtarget> ; # java/lang/invoke/LambdaForm$MH+0x000001e103414000
instanceKlass  @bci driverecovery/DriveRecoveryService lambda$processUserDrive$0 (Ljava/util/concurrent/atomic/AtomicInteger;Ljava/util/List;Ldriverecovery/DriveRecoveryService$FolderInfo;Ljava/lang/String;Ljava/util/concurrent/atomic/AtomicInteger;)V 28 <appendix> form names 11 function resolvedHandle form vmentry <vmtarget> ; # java/lang/invoke/LambdaForm$DMH+0x000001e103412c00
instanceKlass  @bci driverecovery/DriveRecoveryService lambda$processUserDrive$0 (Ljava/util/concurrent/atomic/AtomicInteger;Ljava/util/List;Ldriverecovery/DriveRecoveryService$FolderInfo;Ljava/lang/String;Ljava/util/concurrent/atomic/AtomicInteger;)V 28 <appendix> argL1 form vmentry <vmtarget> ; # java/lang/invoke/LambdaForm$MH+0x000001e103412800
instanceKlass java/text/DontCareFieldPosition$1
instanceKlass  @bci driverecovery/RunPanel onProgressUpdate (IIII)V 6 <adapter> ; # java/lang/invoke/LambdaForm$MH+0x000001e103411800
# instanceKlass java/lang/invoke/LambdaForm$DMH+0x000001e103411400
instanceKlass  @bci driverecovery/RunPanel onProgressUpdate (IIII)V 6 <appendix> form vmentry <vmtarget> ; # java/lang/invoke/LambdaForm$DMH+0x000001e103411000
instanceKlass  @bci driverecovery/RunPanel onProgressUpdate (IIII)V 6 <appendix> member <vmtarget> ; # driverecovery/RunPanel$$Lambda+0x000001e10340ec50
instanceKlass  @cpi driverecovery/RunPanel 1058 form vmentry <vmtarget> ; # java/lang/invoke/LambdaForm$DMH+0x000001e103410c00
instanceKlass  @bci driverecovery/RunPanel onUserStart (Ljava/lang/String;II)V 4 <adapter> ; # java/lang/invoke/LambdaForm$MH+0x000001e103410800
instanceKlass  @bci sun/util/locale/provider/JRELocaleProviderAdapter getDateFormatSymbolsProvider ()Ljava/text/spi/DateFormatSymbolsProvider; 8 <appendix> member <vmtarget> ; # sun/util/locale/provider/JRELocaleProviderAdapter$$Lambda+0x800000064
instanceKlass  @bci driverecovery/RunPanel onUserStart (Ljava/lang/String;II)V 4 <appendix> form vmentry <vmtarget> ; # java/lang/invoke/LambdaForm$DMH+0x000001e103410400
instanceKlass java/text/DateFormatSymbols
instanceKlass java/util/Calendar$Builder
instanceKlass  @bci driverecovery/RunPanel onUserStart (Ljava/lang/String;II)V 4 <appendix> member <vmtarget> ; # driverecovery/RunPanel$$Lambda+0x000001e10340ea28
instanceKlass  @cpi driverecovery/RunPanel 1043 form vmentry <vmtarget> ; # java/lang/invoke/LambdaForm$DMH+0x000001e103410000
instanceKlass  @bci sun/util/locale/provider/JRELocaleProviderAdapter getCalendarProvider ()Lsun/util/spi/CalendarProvider; 8 <appendix> member <vmtarget> ; # sun/util/locale/provider/JRELocaleProviderAdapter$$Lambda+0x800000062
instanceKlass  @bci driverecovery/MainWindow doStartRun (Ljava/util/List;)V 537 <appendix> member <vmtarget> ; # driverecovery/MainWindow$$Lambda+0x000001e10340e800
instanceKlass  @bci driverecovery/RunPanel setRunning (Z)V 2 <appendix> member <vmtarget> ; # driverecovery/RunPanel$$Lambda+0x000001e10340fdc0
instanceKlass  @bci driverecovery/RunPanel resetProgress ()V 1 <appendix> member <vmtarget> ; # driverecovery/RunPanel$$Lambda+0x000001e10340fb98
instanceKlass  @bci driverecovery/RunPanel appendLog (Ljava/lang/String;Ldriverecovery/ProgressTracker$LogLevel;)V 3 <appendix> member <vmtarget> ; # driverecovery/RunPanel$$Lambda+0x000001e10340f420
instanceKlass  @bci com/formdev/flatlaf/ui/FlatTableUI$1 focusLost (Ljava/awt/event/FocusEvent;)V 6 <appendix> member <vmtarget> ; # com/formdev/flatlaf/ui/FlatTableUI$1$$Lambda+0x000001e10340f000
instanceKlass  @bci com/formdev/flatlaf/ui/FlatTableCellBorder getLineColor ()Ljava/awt/Color; 11 <appendix> argL0 ; # com/formdev/flatlaf/ui/FlatTableCellBorder$$Lambda+0x000001e103407d70
instanceKlass  @bci com/formdev/flatlaf/ui/FlatTableCellBorder$Selected paintBorder (Ljava/awt/Component;Ljava/awt/Graphics;IIII)V 1 <appendix> argL0 ; # com/formdev/flatlaf/ui/FlatTableCellBorder$Selected$$Lambda+0x000001e103407b30
instanceKlass javax/swing/DefaultCellEditor$EditorDelegate
instanceKlass javax/swing/JTable$CellEditorRemover
instanceKlass java/awt/font/TextHitInfo
instanceKlass sun/awt/windows/WInputMethod$1
instanceKlass java/awt/PointerInfo
instanceKlass sun/awt/windows/WMouseInfoPeer
instanceKlass java/awt/peer/MouseInfoPeer
instanceKlass java/awt/MouseInfo
instanceKlass  @bci com/formdev/flatlaf/ui/StackUtilsImpl lambda$wasInvokedFromImpl$1 (ILjava/util/function/BiPredicate;Ljava/util/stream/Stream;)Ljava/lang/Boolean; 17 <appendix> member <vmtarget> ; # com/formdev/flatlaf/ui/StackUtilsImpl$$Lambda+0x000001e103407370
instanceKlass java/util/stream/SliceOps
instanceKlass java/lang/StackStreamFactory$FrameBuffer
instanceKlass java/lang/StackStreamFactory
instanceKlass  @bci com/formdev/flatlaf/ui/StackUtilsImpl wasInvokedFromImpl (Ljava/util/function/BiPredicate;I)Z 5 <appendix> member <vmtarget> ; # com/formdev/flatlaf/ui/StackUtilsImpl$$Lambda+0x000001e103407128
instanceKlass  @bci com/formdev/flatlaf/ui/StackUtils wasInvokedFrom (Ljava/lang/String;Ljava/lang/String;I)Z 2 <appendix> member <vmtarget> ; # com/formdev/flatlaf/ui/StackUtils$$Lambda+0x000001e103406ed0
instanceKlass java/util/function/BiPredicate
instanceKlass com/formdev/flatlaf/ui/StackUtils
instanceKlass javax/swing/plaf/basic/BasicToolTipUI$PropertyChangeHandler
instanceKlass  @bci com/formdev/flatlaf/ui/FlatToolTipUI createUI (Ljavax/swing/JComponent;)Ljavax/swing/plaf/ComponentUI; 2 <appendix> argL0 ; # com/formdev/flatlaf/ui/FlatToolTipUI$$Lambda+0x000001e103406888
# instanceKlass java/lang/invoke/LambdaForm$MH+0x000001e10340e400
instanceKlass javax/swing/text/DefaultHighlighter$HighlightInfo
instanceKlass javax/swing/DefaultRowSorter$Row
instanceKlass javax/swing/RowFilter$Entry
instanceKlass javax/swing/RowFilter
instanceKlass java/awt/KeyboardFocusManager$4
instanceKlass sun/security/ssl/Alert$AlertConsumer
instanceKlass javax/swing/JTable$ModelChange
instanceKlass javax/swing/SwingWorker$4
# instanceKlass java/lang/invoke/LambdaForm$MH+0x000001e10340e000
# instanceKlass java/lang/invoke/LambdaForm$MH+0x000001e10340dc00
# instanceKlass java/lang/invoke/LambdaForm$MH+0x000001e10340d800
# instanceKlass java/lang/invoke/LambdaForm$MH+0x000001e10340d400
# instanceKlass java/lang/invoke/LambdaForm$MH+0x000001e10340d000
# instanceKlass java/lang/invoke/LambdaForm$MH+0x000001e10340cc00
# instanceKlass java/lang/invoke/LambdaForm$MH+0x000001e10340c800
# instanceKlass java/lang/invoke/LambdaForm$MH+0x000001e10340c400
# instanceKlass java/lang/invoke/LambdaForm$MH+0x000001e10340c000
# instanceKlass java/lang/invoke/LambdaForm$MH+0x000001e10340bc00
# instanceKlass java/lang/invoke/LambdaForm$MH+0x000001e10340b800
# instanceKlass java/lang/invoke/LambdaForm$MH+0x000001e10340b400
# instanceKlass java/lang/invoke/LambdaForm$MH+0x000001e10340b000
# instanceKlass java/lang/invoke/LambdaForm$MH+0x000001e10340ac00
# instanceKlass java/lang/invoke/LambdaForm$MH+0x000001e10340a800
# instanceKlass java/lang/invoke/LambdaForm$MH+0x000001e10340a400
# instanceKlass java/lang/invoke/LambdaForm$MH+0x000001e10340a000
# instanceKlass java/lang/invoke/LambdaForm$MH+0x000001e103409c00
# instanceKlass java/lang/invoke/LambdaForm$MH+0x000001e103409800
# instanceKlass java/lang/invoke/LambdaForm$MH+0x000001e103409400
# instanceKlass java/lang/invoke/LambdaForm$MH+0x000001e103409000
# instanceKlass java/lang/invoke/LambdaForm$DMH+0x000001e103408c00
# instanceKlass java/lang/invoke/LambdaForm$MH+0x000001e103408800
# instanceKlass java/lang/invoke/LambdaForm$MH+0x000001e103408400
# instanceKlass java/lang/invoke/LambdaForm$MH+0x000001e103408000
# instanceKlass java/lang/invoke/LambdaForm$MH+0x000001e103405c00
# instanceKlass java/lang/invoke/LambdaForm$DMH+0x000001e103405800
instanceKlass com/google/api/client/util/DateTime$Rfc3339ParseResult
instanceKlass  @bci sun/util/cldr/CLDRLocaleProviderAdapter getCalendarDataProvider ()Ljava/util/spi/CalendarDataProvider; 8 <appendix> member <vmtarget> ; # sun/util/cldr/CLDRLocaleProviderAdapter$$Lambda+0x800000061
instanceKlass sun/util/locale/provider/CalendarDataUtility$CalendarWeekParameterGetter
instanceKlass com/google/api/client/json/JsonPolymorphicTypeMap
# instanceKlass java/lang/invoke/LambdaForm$MH+0x000001e103405400
# instanceKlass java/lang/invoke/LambdaForm$MH+0x000001e103405000
# instanceKlass java/lang/invoke/LambdaForm$MH+0x000001e103404c00
# instanceKlass java/lang/invoke/LambdaForm$MH+0x000001e103404800
# instanceKlass java/lang/invoke/LambdaForm$MH+0x000001e103404400
# instanceKlass java/lang/invoke/LambdaForm$MH+0x000001e103404000
instanceKlass com/google/api/client/googleapis/services/AbstractGoogleClientRequest$1
instanceKlass com/google/api/client/http/GZipEncoding
instanceKlass com/google/api/client/googleapis/MethodOverride
instanceKlass com/google/api/client/http/HttpExecuteInterceptor
instanceKlass com/google/common/collect/Platform
instanceKlass com/google/common/collect/ObjectArrays
instanceKlass com/google/common/collect/Maps$EntryTransformer
instanceKlass com/google/common/base/Converter
instanceKlass com/google/common/collect/SortedMapDifference
instanceKlass com/google/common/collect/MapDifference
instanceKlass com/google/common/collect/Maps
instanceKlass com/google/common/util/concurrent/ImmediateFuture
instanceKlass com/google/api/client/http/UriTemplate
instanceKlass com/google/api/client/googleapis/services/AbstractGoogleClientRequest$ApiClientVersion
instanceKlass com/google/api/client/googleapis/media/MediaHttpDownloader
instanceKlass com/google/api/client/googleapis/media/MediaHttpUploader
instanceKlass com/google/api/client/googleapis/batch/BatchCallback
instanceKlass com/google/api/client/http/HttpResponseInterceptor
instanceKlass com/google/api/client/http/HttpEncoding
instanceKlass com/google/api/services/directory/Directory$Users
instanceKlass com/google/common/base/CommonPattern
instanceKlass com/google/common/base/Platform$JdkPatternCompiler
instanceKlass com/google/common/base/PatternCompiler
instanceKlass com/google/common/base/Platform
instanceKlass com/google/common/base/Strings
instanceKlass com/google/api/client/util/Strings
instanceKlass com/google/auth/http/HttpCredentialsAdapter
instanceKlass com/google/api/client/util/SslUtils
instanceKlass sun/security/util/PBEUtil
instanceKlass  @bci sun/security/pkcs12/PKCS12KeyStore engineLoad (Ljava/io/InputStream;[C)V 844 <adapter> ; # java/lang/invoke/LambdaForm$MH+0x000001e1033da400
# instanceKlass java/lang/invoke/LambdaForm$DMH+0x000001e1033da000
instanceKlass  @bci sun/security/pkcs12/PKCS12KeyStore engineLoad (Ljava/io/InputStream;[C)V 844 <appendix> form vmentry <vmtarget> ; # java/lang/invoke/LambdaForm$DMH+0x000001e1033d9c00
instanceKlass  @bci sun/security/pkcs12/PKCS12KeyStore engineLoad (Ljava/io/InputStream;[C)V 844 <appendix> member <vmtarget> ; # sun/security/pkcs12/PKCS12KeyStore$$Lambda+0x000001e1033f12a8
instanceKlass  @cpi sun/security/pkcs12/PKCS12KeyStore 1796 form vmentry <vmtarget> ; # java/lang/invoke/LambdaForm$DMH+0x000001e1033d9800
instanceKlass sun/security/pkcs12/MacData
# instanceKlass java/lang/invoke/LambdaForm$DMH+0x000001e1033d9400
instanceKlass java/security/PKCS12Attribute
instanceKlass java/security/KeyStore$Entry$Attribute
instanceKlass sun/security/pkcs12/PKCS12KeyStore$Entry
instanceKlass javax/crypto/spec/RC2ParameterSpec
instanceKlass javax/crypto/interfaces/PBEKey
instanceKlass  @bci com/sun/crypto/provider/PBEKey <init> (Ljavax/crypto/spec/PBEKeySpec;Ljava/lang/String;Z)V 150 <appendix> member <vmtarget> ; # com/sun/crypto/provider/PBEKey$$Lambda+0x000001e1033ef8c0
instanceKlass com/sun/crypto/provider/PBEKey
instanceKlass javax/crypto/SecretKeyFactorySpi
instanceKlass javax/crypto/SecretKeyFactory
instanceKlass javax/crypto/spec/PBEKeySpec
instanceKlass com/sun/crypto/provider/PKCS12PBECipherCore
instanceKlass  @bci sun/security/pkcs12/PKCS12KeyStore engineLoad (Ljava/io/InputStream;[C)V 592 <appendix> member <vmtarget> ; # sun/security/pkcs12/PKCS12KeyStore$$Lambda+0x000001e1033edd30
instanceKlass sun/security/pkcs12/PKCS12KeyStore$RetryWithZero
instanceKlass javax/crypto/spec/PBEParameterSpec
instanceKlass sun/security/pkcs/ContentInfo
instanceKlass com/google/api/client/googleapis/GoogleUtils
instanceKlass com/google/api/client/http/javanet/NetHttpTransport$Builder
instanceKlass java/lang/ProcessEnvironment$CheckedEntry
instanceKlass java/lang/ProcessEnvironment$CheckedEntrySet$1
instanceKlass java/lang/ProcessEnvironment$EntryComparator
instanceKlass java/lang/ProcessEnvironment$NameComparator
instanceKlass com/google/api/client/googleapis/mtls/MtlsUtils$DefaultMtlsProvider$SystemEnvironmentProvider
instanceKlass com/google/api/client/googleapis/mtls/MtlsUtils$DefaultMtlsProvider$EnvironmentProvider
instanceKlass com/google/api/client/googleapis/mtls/MtlsUtils$DefaultMtlsProvider
instanceKlass com/google/api/client/googleapis/mtls/MtlsProvider
instanceKlass com/google/api/client/googleapis/mtls/MtlsUtils
instanceKlass com/google/api/client/googleapis/javanet/GoogleNetHttpTransport
instanceKlass com/google/api/client/googleapis/services/GoogleClientRequestInitializer
instanceKlass com/google/api/client/googleapis/services/AbstractGoogleClient
instanceKlass com/google/api/client/googleapis/services/AbstractGoogleClient$Builder
instanceKlass javax/swing/SwingWorker$SwingWorkerPropertyChangeSupport$1
instanceKlass javax/swing/SwingWorker$6
instanceKlass javax/swing/SwingWorker$5
instanceKlass javax/swing/SwingWorker$1
instanceKlass sun/swing/AccumulativeRunnable
instanceKlass javax/swing/SwingWorker
instanceKlass  @bci driverecovery/ConfigPanel showCalendarPopup (Ljavax/swing/JComponent;)V 331 <appendix> member <vmtarget> ; # driverecovery/ConfigPanel$$Lambda+0x000001e1033d46a8
instanceKlass sun/awt/windows/TranslucentWindowPainter
instanceKlass sun/util/locale/provider/CalendarDataUtility$CalendarFieldValueNameGetter
instanceKlass sun/util/resources/LocaleData$2
instanceKlass java/util/concurrent/atomic/AtomicMarkableReference$Pair
instanceKlass java/util/concurrent/atomic/AtomicMarkableReference
instanceKlass sun/util/resources/Bundles$2
instanceKlass sun/util/resources/LocaleData$LocaleDataResourceBundleProvider
instanceKlass java/util/spi/ResourceBundleProvider
instanceKlass sun/util/locale/provider/CalendarNameProviderImpl$LengthBasedComparator
instanceKlass  @bci sun/util/locale/provider/JRELocaleProviderAdapter getCalendarNameProvider ()Ljava/util/spi/CalendarNameProvider; 8 <appendix> member <vmtarget> ; # sun/util/locale/provider/JRELocaleProviderAdapter$$Lambda+0x000001e1033e7a10
instanceKlass  @bci sun/util/cldr/CLDRLocaleProviderAdapter getCalendarNameProvider ()Ljava/util/spi/CalendarNameProvider; 8 <appendix> member <vmtarget> ; # sun/util/cldr/CLDRLocaleProviderAdapter$$Lambda+0x000001e1033e7318
instanceKlass sun/util/locale/provider/CalendarDataUtility$CalendarFieldValueNamesMapGetter
instanceKlass  @bci driverecovery/ConfigPanel buildCalPanel (Ljava/time/LocalDate;Ldriverecovery/ConfigPanel$DateCallback;)Ljavax/swing/JPanel; 230 <appendix> member <vmtarget> ; # driverecovery/ConfigPanel$$Lambda+0x000001e1033d4480
instanceKlass  @bci driverecovery/ConfigPanel buildCalPanel (Ljava/time/LocalDate;Ldriverecovery/ConfigPanel$DateCallback;)Ljavax/swing/JPanel; 217 <appendix> member <vmtarget> ; # driverecovery/ConfigPanel$$Lambda+0x000001e1033d4258
instanceKlass  @bci driverecovery/ConfigPanel buildCalPanel (Ljava/time/LocalDate;Ldriverecovery/ConfigPanel$DateCallback;)Ljavax/swing/JPanel; 205 <appendix> form vmentry <vmtarget> ; # java/lang/invoke/LambdaForm$DMH+0x000001e1033d8400
instanceKlass  @bci driverecovery/ConfigPanel buildCalPanel (Ljava/time/LocalDate;Ldriverecovery/ConfigPanel$DateCallback;)Ljavax/swing/JPanel; 205 <appendix> member <vmtarget> ; # driverecovery/ConfigPanel$$Lambda+0x000001e1033d4030
instanceKlass  @cpi driverecovery/ConfigPanel 1474 form vmentry <vmtarget> ; # java/lang/invoke/LambdaForm$DMH+0x000001e1033d8000
instanceKlass  @bci driverecovery/ConfigPanel renderCalGrid (Ljava/time/LocalDate;Ljava/time/LocalDate;Ldriverecovery/ConfigPanel$DateCallback;)Ljavax/swing/JPanel; 378 <appendix> member <vmtarget> ; # driverecovery/ConfigPanel$$Lambda+0x000001e1033d3e08
instanceKlass  @bci driverecovery/ConfigPanel buildCalPanel (Ljava/time/LocalDate;Ldriverecovery/ConfigPanel$DateCallback;)Ljavax/swing/JPanel; 185 <appendix> member <vmtarget> ; # driverecovery/ConfigPanel$$Lambda+0x000001e1033d3920
instanceKlass java/time/YearMonth
instanceKlass  @bci driverecovery/ConfigPanel showCalendarPopup (Ljavax/swing/JComponent;)V 149 <appendix> member <vmtarget> ; # driverecovery/ConfigPanel$$Lambda+0x000001e1033d3438
instanceKlass java/time/temporal/TemporalQueries$7
instanceKlass java/time/temporal/TemporalQueries$6
instanceKlass java/time/temporal/TemporalQueries$5
instanceKlass java/time/temporal/TemporalQueries$4
instanceKlass java/time/temporal/TemporalQueries$3
instanceKlass java/time/temporal/TemporalQueries$2
instanceKlass java/time/temporal/TemporalQueries$1
instanceKlass java/time/temporal/TemporalQueries
instanceKlass  @bci java/util/regex/Pattern CIRange (II)Ljava/util/regex/Pattern$CharPredicate; 2 <appendix> member <vmtarget> ; # java/util/regex/Pattern$$Lambda+0x000001e1033e6728
instanceKlass  @bci java/util/regex/Pattern SingleI (II)Ljava/util/regex/Pattern$BmpCharPredicate; 2 <appendix> member <vmtarget> ; # java/util/regex/Pattern$$Lambda+0x000001e1033e6498
instanceKlass java/time/format/Parsed
instanceKlass java/time/format/DateTimeParseContext
instanceKlass java/text/ParsePosition
instanceKlass  @bci java/time/LocalDate parse (Ljava/lang/CharSequence;Ljava/time/format/DateTimeFormatter;)Ljava/time/LocalDate; 9 <appendix> argL0 ; # java/time/LocalDate$$Lambda+0x000001e1033e5be8
instanceKlass  @bci driverecovery/ConfigPanel lambda$4 (Ljava/lang/String;Ljava/lang/String;Ljavax/swing/JLabel;Ljavax/swing/JButton;)V 118 <appendix> member <vmtarget> ; # driverecovery/ConfigPanel$$Lambda+0x000001e1033d3210
instanceKlass com/google/common/util/concurrent/AbstractFuture$Failure
instanceKlass com/google/common/util/concurrent/AbstractFuture$Cancellation
instanceKlass com/google/common/util/concurrent/AbstractFuture$SetFuture
instanceKlass com/google/common/util/concurrent/Uninterruptibles
instanceKlass com/google/common/collect/CollectPreconditions
instanceKlass com/google/common/collect/ImmutableMap$Builder
instanceKlass com/google/auth/oauth2/OAuth2Credentials$OAuthValue
instanceKlass com/google/auth/oauth2/AccessToken
instanceKlass sun/net/www/http/KeepAliveEntry
instanceKlass sun/net/www/http/KeepAliveCache$1
instanceKlass com/google/common/io/ByteArrayDataInput
instanceKlass com/google/common/io/ByteArrayDataOutput
instanceKlass com/google/common/io/ByteStreams
instanceKlass com/google/api/client/http/GzipSupport
instanceKlass io/opencensus/trace/Status
instanceKlass io/opencensus/trace/EndSpanOptions$Builder
instanceKlass io/opencensus/trace/EndSpanOptions
instanceKlass com/google/api/client/http/HttpStatusCodes
instanceKlass com/google/api/client/util/ArrayValueMap
instanceKlass  @bci jdk/internal/reflect/MethodHandleObjectFieldAccessorImpl set (Ljava/lang/Object;Ljava/lang/Object;)V 41 <adapter> ; # java/lang/invoke/LambdaForm$MH+0x000001e1033cf400
# instanceKlass java/lang/invoke/LambdaForm$MH+0x000001e1033cf000
# instanceKlass java/lang/invoke/LambdaForm$DMH+0x000001e1033cec00
instanceKlass java/util/Collections$UnmodifiableMap$UnmodifiableEntrySet$UnmodifiableEntry
instanceKlass java/util/Collections$UnmodifiableMap$UnmodifiableEntrySet$1
instanceKlass sun/net/www/http/Hurryable
instanceKlass  @bci sun/security/util/MemoryCache put (Ljava/lang/Object;Ljava/lang/Object;Z)V 126 <adapter> ; # java/lang/invoke/LambdaForm$MH+0x000001e1033ce800
instanceKlass  @bci sun/security/util/MemoryCache put (Ljava/lang/Object;Ljava/lang/Object;Z)V 126 <appendix> form vmentry <vmtarget> ; # java/lang/invoke/LambdaForm$MH+0x000001e1033ce400
instanceKlass  @bci sun/security/util/MemoryCache put (Ljava/lang/Object;Ljava/lang/Object;Z)V 126 <appendix> form names 4 function resolvedHandle form vmentry <vmtarget> ; # java/lang/invoke/LambdaForm$DMH+0x000001e1033ce000
instanceKlass  @bci sun/security/util/MemoryCache put (Ljava/lang/Object;Ljava/lang/Object;Z)V 126 <appendix> argL4 form vmentry <vmtarget> ; # java/lang/invoke/LambdaForm$MH+0x000001e1033cdc00
instanceKlass  @bci sun/security/util/MemoryCache put (Ljava/lang/Object;Ljava/lang/Object;Z)V 126 <appendix> argL4 form names 4 function resolvedHandle form vmentry <vmtarget> ; # java/lang/invoke/LambdaForm$DMH+0x000001e1033cd800
instanceKlass  @bci sun/security/util/MemoryCache put (Ljava/lang/Object;Ljava/lang/Object;Z)V 126 <appendix> argL1 form vmentry <vmtarget> ; # java/lang/invoke/LambdaForm$MH+0x000001e1033ccc00
instanceKlass  @bci sun/security/util/MemoryCache put (Ljava/lang/Object;Ljava/lang/Object;Z)V 126 <appendix> form names 9 function resolvedHandle form vmentry <vmtarget> ; # java/lang/invoke/LambdaForm$DMH+0x000001e1033cc800
# instanceKlass java/lang/invoke/LambdaForm$MH+0x000001e1033cc400
instanceKlass  @bci sun/security/util/MemoryCache put (Ljava/lang/Object;Ljava/lang/Object;Z)V 126 <appendix> argL0 form vmentry <vmtarget> ; # java/lang/invoke/LambdaForm$MH+0x000001e1033cc000
# instanceKlass java/lang/invoke/LambdaForm$MH+0x000001e1033cbc00
# instanceKlass java/lang/invoke/LambdaForm$DMH+0x000001e1033cb800
instanceKlass java/lang/invoke/MethodHandleImpl$TableSwitchCacheKey
# instanceKlass java/lang/invoke/LambdaForm$MH+0x000001e1033cb400
# instanceKlass java/lang/invoke/LambdaForm$MH+0x000001e1033cb000
# instanceKlass java/lang/invoke/LambdaForm$MH+0x000001e1033cac00
# instanceKlass java/lang/invoke/LambdaForm$MH+0x000001e1033ca800
instanceKlass java/lang/invoke/MethodHandleImpl$Makers$2
instanceKlass java/lang/invoke/MethodHandleImpl$Makers$1
instanceKlass java/lang/invoke/MethodHandleImpl$Makers
instanceKlass  @bci sun/security/util/MemoryCache put (Ljava/lang/Object;Ljava/lang/Object;Z)V 126 <appendix> form names 11 function resolvedHandle form vmentry <vmtarget> ; # java/lang/invoke/LambdaForm$MH+0x000001e1033c9c00
instanceKlass  @bci sun/security/util/MemoryCache put (Ljava/lang/Object;Ljava/lang/Object;Z)V 126 <appendix> form names 11 function resolvedHandle form names 5 function resolvedHandle form vmentry <vmtarget> ; # java/lang/invoke/LambdaForm$DMH+0x000001e1033c9800
instanceKlass java/lang/invoke/MethodHandleImpl$LoopClauses
instanceKlass java/lang/invoke/MethodHandleImpl$CasesHolder
# instanceKlass java/lang/invoke/LambdaForm$MH+0x000001e1033c9400
# instanceKlass java/lang/invoke/LambdaForm$MH+0x000001e1033c9000
instanceKlass java/util/ReverseOrderListView
# instanceKlass java/lang/invoke/LambdaForm$MH+0x000001e1033c8c00
instanceKlass  @bci java/lang/runtime/SwitchBootstraps typeSwitch (Ljava/lang/invoke/MethodHandles$Lookup;Ljava/lang/String;Ljava/lang/invoke/MethodType;[Ljava/lang/Object;)Ljava/lang/invoke/CallSite; 90 <appendix> argL0 ; # java/lang/runtime/SwitchBootstraps$$Lambda+0x000001e1033e0f18
instanceKlass java/lang/invoke/DirectMethodHandle$1
# instanceKlass java/lang/invoke/LambdaForm$DMH+0x000001e1033c8400
instanceKlass java/lang/runtime/SwitchBootstraps$EnumMap
# instanceKlass java/lang/invoke/LambdaForm$DMH+0x000001e1033c7c00
# instanceKlass java/lang/invoke/LambdaForm$DMH+0x000001e1033c7800
instanceKlass  @cpi com/formdev/flatlaf/ui/StackUtils 48 form vmentry <vmtarget> ; # java/lang/invoke/LambdaForm$DMH+0x000001e1033c7400
instanceKlass java/lang/runtime/SwitchBootstraps$ResolvedEnumLabel
instanceKlass java/lang/constant/DynamicConstantDesc
# instanceKlass java/lang/invoke/LambdaForm$DMH+0x000001e1033c7000
# instanceKlass java/lang/invoke/LambdaForm$MH+0x000001e1033c6c00
# instanceKlass java/lang/invoke/LambdaForm$DMH+0x000001e1033c6800
# instanceKlass java/lang/invoke/LambdaForm$MH+0x000001e1033c6400
# instanceKlass java/lang/invoke/LambdaForm$MH+0x000001e1033c6000
# instanceKlass java/lang/invoke/LambdaForm$MH+0x000001e1033c5c00
# instanceKlass java/lang/invoke/LambdaForm$DMH+0x000001e1033c5800
# instanceKlass java/lang/invoke/LambdaForm$DMH+0x000001e1033c5400
instanceKlass java/lang/invoke/MethodHandleImpl$ArrayAccessor
# instanceKlass java/lang/invoke/LambdaForm$MH+0x000001e1033c5000
# instanceKlass java/lang/invoke/LambdaForm$DMH+0x000001e1033c4800
instanceKlass  @bci java/lang/invoke/BootstrapMethodInvoker invoke (Ljava/lang/Class;Ljava/lang/invoke/MethodHandle;Ljava/lang/String;Ljava/lang/Object;Ljava/lang/Object;Ljava/lang/Class;)Ljava/lang/Object; 211 <adapter> ; # java/lang/invoke/LambdaForm$MH+0x000001e1033c4400
instanceKlass java/lang/runtime/SwitchBootstraps
instanceKlass sun/security/ssl/TransportContext$NotifyHandshake$1
instanceKlass sun/net/www/protocol/http/AuthCacheValue
instanceKlass sun/security/ssl/TransportContext$NotifyHandshake
instanceKlass com/sun/crypto/provider/GaloisCounterMode$EncryptOp
instanceKlass sun/security/ssl/SSLBasicKeyDerivation$SecretSizeSpec
instanceKlass sun/security/ssl/SSLBasicKeyDerivation
instanceKlass sun/security/ssl/Finished$1
instanceKlass sun/security/ssl/Finished$T13VerifyDataGenerator
instanceKlass sun/security/ssl/Finished$T12VerifyDataGenerator
instanceKlass sun/security/ssl/Finished$T10VerifyDataGenerator
instanceKlass sun/security/ssl/Finished$S30VerifyDataGenerator
instanceKlass sun/security/ssl/Finished$VerifyDataGenerator
instanceKlass sun/security/ssl/X509Authentication$X509Credentials
instanceKlass sun/awt/shell/Win32ShellFolder2$FolderDisposer$1
instanceKlass sun/security/util/MemoryCache$QueueCacheEntry
instanceKlass sun/security/util/AnchorCertificates$1
instanceKlass sun/security/util/AnchorCertificates
instanceKlass sun/security/validator/ChunghwaTLSPolicy
instanceKlass sun/security/validator/CamerfirmaTLSPolicy
instanceKlass sun/security/validator/EntrustTLSPolicy
instanceKlass sun/security/validator/SymantecTLSPolicy
instanceKlass java/util/RegularEnumSet$EnumSetIterator
instanceKlass sun/security/validator/CADistrustPolicy$5
instanceKlass java/security/cert/PKIXCertPathValidatorResult
instanceKlass java/security/cert/CertPathValidatorResult
instanceKlass sun/security/util/math/IntegerModuloP$MultiplicativeInverser$Secp256R1Field
instanceKlass  @bci sun/security/ec/ECDSASignature engineVerify ([B)Z 37 <appendix> member <vmtarget> ; # sun/security/ec/ECDSASignature$$Lambda+0x000001e1033c0d60
instanceKlass  @bci sun/security/ec/ECDSAOperations forParameters (Ljava/security/spec/ECParameterSpec;)Ljava/util/Optional; 7 <appendix> member <vmtarget> ; # sun/security/ec/ECDSAOperations$$Lambda+0x000001e1033c0b18
instanceKlass sun/security/ec/ECDSAOperations
instanceKlass sun/security/util/SignatureUtil
instanceKlass java/security/interfaces/DSAPublicKey
instanceKlass java/security/interfaces/DSAKey
instanceKlass sun/security/util/Length
instanceKlass sun/security/provider/certpath/CertPathConstraintsParameters
instanceKlass sun/security/util/ConstraintsParameters
instanceKlass sun/security/provider/certpath/PKIXMasterCertPathValidator
instanceKlass sun/security/provider/certpath/PolicyNodeImpl
instanceKlass java/security/cert/PolicyNode
instanceKlass sun/security/util/DisabledAlgorithmConstraints$CertPathHolder
instanceKlass  @bci sun/security/x509/X509CertImpl getFingerprint (Ljava/lang/String;Lsun/security/util/Debug;)Ljava/lang/String; 7 <appendix> member <vmtarget> ; # sun/security/x509/X509CertImpl$$Lambda+0x000001e1033b6428
instanceKlass sun/security/util/UntrustedCertificates$1
instanceKlass sun/security/util/UntrustedCertificates
instanceKlass java/security/cert/X509CertSelector
instanceKlass java/security/cert/CertSelector
instanceKlass sun/security/provider/certpath/PKIX$ValidatorParams
instanceKlass sun/security/provider/certpath/PKIX
instanceKlass java/security/cert/CertPath
instanceKlass java/security/cert/CertPathValidatorSpi
instanceKlass java/security/cert/CertPathValidator
instanceKlass java/security/cert/PKIXCertPathChecker
instanceKlass java/security/cert/CertPathChecker
instanceKlass java/security/Timestamp
instanceKlass sun/security/ssl/SSLAlgorithmConstraints$SupportedSignatureAlgorithmConstraints
instanceKlass jdk/internal/icu/impl/NormalizerImpl$ReorderingBuffer
instanceKlass jdk/internal/icu/impl/NormalizerImpl$UTF16Plus
instanceKlass jdk/internal/icu/util/CodePointTrie$Data
instanceKlass jdk/internal/icu/util/CodePointMap
instanceKlass jdk/internal/icu/impl/NormalizerImpl$IsAcceptable
instanceKlass jdk/internal/icu/impl/NormalizerImpl
instanceKlass jdk/internal/icu/impl/Norm2AllModes$Norm2AllModesSingleton
instanceKlass jdk/internal/icu/impl/Norm2AllModes$NFKCSingleton
instanceKlass jdk/internal/icu/impl/Norm2AllModes
instanceKlass jdk/internal/icu/text/Normalizer2
instanceKlass jdk/internal/icu/text/NormalizerBase$ModeImpl
instanceKlass jdk/internal/icu/text/NormalizerBase$NFKDModeImpl
instanceKlass jdk/internal/icu/text/NormalizerBase$1
instanceKlass jdk/internal/icu/text/NormalizerBase$Mode
instanceKlass jdk/internal/icu/text/NormalizerBase
instanceKlass java/text/Normalizer
instanceKlass sun/security/pkcs/SignerInfo
instanceKlass sun/security/pkcs/PKCS9Attribute
instanceKlass sun/security/x509/AVAKeyword
instanceKlass java/security/cert/PKIXParameters
instanceKlass java/security/cert/CertPathParameters
instanceKlass sun/security/provider/certpath/CertPathHelper
instanceKlass java/security/cert/TrustAnchor
instanceKlass sun/security/x509/NetscapeCertTypeExtension$MapEntry
instanceKlass sun/security/validator/EndEntityChecker
instanceKlass sun/security/validator/Validator
instanceKlass javax/net/ssl/SSLEngine
instanceKlass sun/security/ssl/CertificateMessage$CertificateEntry
instanceKlass com/sun/crypto/provider/GaloisCounterMode$DecryptOp
instanceKlass com/sun/crypto/provider/GaloisCounterMode$GCMOperation
instanceKlass com/sun/crypto/provider/GHASH
instanceKlass com/sun/crypto/provider/GCM
instanceKlass com/sun/crypto/provider/GaloisCounterMode$GCMEngine
instanceKlass javax/crypto/spec/GCMParameterSpec
instanceKlass sun/security/ssl/ChangeCipherSpec$T13ChangeCipherSpecConsumer
instanceKlass sun/security/ssl/ChangeCipherSpec$T10ChangeCipherSpecProducer
instanceKlass sun/security/ssl/ChangeCipherSpec$T10ChangeCipherSpecConsumer
instanceKlass sun/security/ssl/ChangeCipherSpec
instanceKlass javax/crypto/spec/IvParameterSpec
instanceKlass sun/security/ssl/SSLTrafficKeyDerivation$T13TrafficKeyDerivation
instanceKlass sun/security/ssl/SSLTrafficKeyDerivation$1
instanceKlass sun/security/ssl/SSLTrafficKeyDerivation$T13TrafficKeyDerivationGenerator
instanceKlass sun/security/ssl/SSLTrafficKeyDerivation$T12TrafficKeyDerivationGenerator
instanceKlass sun/security/ssl/SSLTrafficKeyDerivation$T10TrafficKeyDerivationGenerator
instanceKlass sun/security/ssl/SSLTrafficKeyDerivation$S30TrafficKeyDerivationGenerator
instanceKlass sun/security/ssl/SSLKeyDerivationGenerator
instanceKlass sun/security/ssl/SSLSecretDerivation
instanceKlass javax/crypto/MacSpi
instanceKlass javax/crypto/Mac
instanceKlass sun/security/ssl/HKDF
instanceKlass  @bci javax/crypto/spec/SecretKeySpec <clinit> ()V 0 <appendix> argL0 ; # javax/crypto/spec/SecretKeySpec$$Lambda+0x000001e1033a56f8
instanceKlass jdk/internal/access/JavaxCryptoSpecAccess
instanceKlass javax/crypto/spec/SecretKeySpec
instanceKlass  @bci sun/security/ec/XDHKeyAgreement engineDoPhase (Ljava/security/Key;Z)Ljava/security/Key; 70 <appendix> argL0 ; # sun/security/ec/XDHKeyAgreement$$Lambda+0x000001e1033c06a0
instanceKlass  @bci sun/security/ec/XDHKeyAgreement initImpl (Ljava/security/Key;)V 66 <appendix> argL0 ; # sun/security/ec/XDHKeyAgreement$$Lambda+0x000001e1033c0480
instanceKlass  @bci sun/security/ec/XDHKeyAgreement initImpl (Ljava/security/Key;)V 38 <appendix> argL0 ; # sun/security/ec/XDHKeyAgreement$$Lambda+0x000001e1033c0240
instanceKlass  @bci sun/security/ec/XDHKeyAgreement initImpl (Ljava/security/Key;)V 22 <appendix> argL0 ; # sun/security/ec/XDHKeyAgreement$$Lambda+0x000001e1033c0000
instanceKlass javax/crypto/SecretKey
instanceKlass javax/crypto/KeyAgreementSpi
instanceKlass sun/security/ssl/KAKeyDerivation
instanceKlass sun/security/ssl/XDHKeyExchange$XDHEKAGenerator
instanceKlass sun/security/ssl/XDHKeyExchange
instanceKlass  @bci sun/security/ec/XDHKeyFactory generatePublicImpl (Ljava/security/spec/KeySpec;)Ljava/security/PublicKey; 65 <appendix> argL0 ; # sun/security/ec/XDHKeyFactory$$Lambda+0x000001e10333fae0
instanceKlass  @bci sun/security/ec/XDHKeyFactory generatePublicImpl (Ljava/security/spec/KeySpec;)Ljava/security/PublicKey; 51 <appendix> argL0 ; # sun/security/ec/XDHKeyFactory$$Lambda+0x000001e10333f8a0
instanceKlass java/security/spec/XECPublicKeySpec
instanceKlass sun/security/ssl/XDHKeyExchange$XDHECredentials
instanceKlass sun/security/ssl/NamedGroupCredentials
instanceKlass sun/security/ssl/KeyShareExtension$SHKeyShareSpec
instanceKlass sun/security/ssl/HandshakeHash$CloneableHash
instanceKlass sun/security/ssl/HandshakeHash$T13HandshakeHash
instanceKlass sun/security/ssl/SupportedVersionsExtension$SHSupportedVersionsSpec
instanceKlass sun/security/ssl/TransportContext$1
instanceKlass sun/security/ssl/Plaintext
instanceKlass sun/security/ssl/OutputRecord$T13PaddingHolder
instanceKlass sun/security/ssl/KeyShareExtension$CHKeyShareSpec
instanceKlass sun/security/util/math/IntegerModuloP$MultiplicativeInverser$Secp256R1
instanceKlass sun/security/ec/ECOperations$PointMultiplier$Default
instanceKlass sun/security/ec/ECOperations$PointMultiplier$Secp256R1GeneratorMultiplier$P256
instanceKlass sun/security/ec/ECOperations$PointMultiplier$Secp256R1GeneratorMultiplier
instanceKlass sun/security/ec/ECOperations$PointMultiplier
instanceKlass  @bci sun/security/ec/ECPrivateKeyImpl calculatePublicKey ()Ljava/security/PublicKey; 9 <appendix> argL0 ; # sun/security/ec/ECPrivateKeyImpl$$Lambda+0x000001e10333d950
instanceKlass sun/security/util/ArrayUtil
instanceKlass java/security/interfaces/ECPrivateKey
instanceKlass sun/security/ec/ECOperations
instanceKlass sun/security/ssl/ECDHKeyExchange$ECDHEPossession
instanceKlass sun/security/ssl/KeyShareExtension$KeyShareEntry
instanceKlass sun/security/ssl/XDHKeyExchange$1
instanceKlass java/security/interfaces/XECPrivateKey
instanceKlass java/security/interfaces/XECPublicKey
instanceKlass java/security/interfaces/XECKey
instanceKlass java/security/KeyPair
instanceKlass sun/security/util/math/IntegerModuloP$MultiplicativeInverser$Default
instanceKlass sun/security/util/math/IntegerModuloP$MultiplicativeInverser
instanceKlass sun/security/util/math/MutableIntegerModuloP
instanceKlass sun/security/ec/XECOperations
instanceKlass sun/security/ec/XECParameters
instanceKlass  @bci sun/security/ec/XDHKeyPairGenerator initialize (Ljava/security/spec/AlgorithmParameterSpec;Ljava/security/SecureRandom;)V 0 <appendix> argL0 ; # sun/security/ec/XDHKeyPairGenerator$$Lambda+0x000001e10333c6e0
instanceKlass sun/security/ssl/XDHKeyExchange$XDHEPossession
instanceKlass sun/security/ssl/ECDHKeyExchange$ECDHEXDHKAGenerator
instanceKlass sun/security/ssl/ECDHKeyExchange$ECDHEKAGenerator
instanceKlass sun/security/ssl/ECDHKeyExchange$ECDHKAGenerator
instanceKlass sun/security/ssl/ECDHKeyExchange$ECDHEPossessionGenerator
instanceKlass sun/security/ssl/ECDHKeyExchange
instanceKlass sun/security/ssl/DHKeyExchange$DHEKAGenerator
instanceKlass sun/security/ssl/DHKeyExchange$DHEPossessionGenerator
instanceKlass sun/security/ssl/DHKeyExchange
instanceKlass sun/security/ssl/RSAKeyExchange$RSAKAGenerator
instanceKlass sun/security/ssl/RSAKeyExchange$EphemeralRSAPossessionGenerator
instanceKlass sun/security/ssl/RSAKeyExchange
instanceKlass sun/security/ssl/SSLKeyExchange$T13KeyAgreement
instanceKlass sun/security/ssl/SSLKeyAgreement
instanceKlass sun/security/ssl/SSLPossessionGenerator
instanceKlass sun/security/ssl/SSLKeyExchange
instanceKlass sun/security/ssl/SSLHandshakeBinding
instanceKlass sun/security/ssl/SSLKeyAgreementGenerator
instanceKlass sun/security/ssl/PskKeyExchangeModesExtension$PskKeyExchangeModesSpec
instanceKlass sun/security/ssl/SupportedVersionsExtension$CHSupportedVersionsSpec
instanceKlass sun/security/ssl/SignatureAlgorithmsExtension$SignatureSchemesSpec
instanceKlass  @bci sun/security/util/DisabledAlgorithmConstraints permits (Ljava/lang/String;Ljava/util/Set;)Z 20 <appendix> member <vmtarget> ; # sun/security/util/DisabledAlgorithmConstraints$$Lambda+0x000001e10339b030
instanceKlass sun/security/ssl/ExtendedMasterSecretExtension$ExtendedMasterSecretSpec
instanceKlass sun/security/ssl/CertStatusExtension$CertStatusRequestV2Spec
instanceKlass sun/security/ssl/ECPointFormatsExtension$ECPointFormatsSpec
instanceKlass sun/security/ssl/SupportedGroupsExtension$SupportedGroupsSpec
instanceKlass sun/security/ssl/CertStatusExtension$CertStatusRequest
instanceKlass sun/security/ssl/CertStatusExtension$CertStatusRequestSpec
instanceKlass sun/security/ssl/ServerNameExtension$CHServerNamesSpec
instanceKlass sun/security/ssl/SSLExtension$SSLExtensionSpec
instanceKlass sun/security/ssl/SSLExtension$ClientExtensions
instanceKlass sun/security/ssl/PreSharedKeyExtension$SHPreSharedKeyStringizer
instanceKlass sun/security/ssl/PreSharedKeyExtension$SHPreSharedKeyAbsence
instanceKlass sun/security/ssl/PreSharedKeyExtension$SHPreSharedKeyConsumer
instanceKlass sun/security/ssl/PreSharedKeyExtension$SHPreSharedKeyProducer
instanceKlass sun/security/ssl/PreSharedKeyExtension$CHPreSharedKeyStringizer
instanceKlass sun/security/ssl/PreSharedKeyExtension$CHPreSharedKeyOnTradeAbsence
instanceKlass sun/security/ssl/PreSharedKeyExtension$CHPreSharedKeyUpdate
instanceKlass sun/security/ssl/PreSharedKeyExtension$CHPreSharedKeyOnLoadAbsence
instanceKlass sun/security/ssl/PreSharedKeyExtension$CHPreSharedKeyConsumer
instanceKlass sun/security/ssl/PreSharedKeyExtension$CHPreSharedKeyProducer
instanceKlass sun/security/ssl/PreSharedKeyExtension
instanceKlass sun/security/ssl/RenegoInfoExtension$RenegotiationInfoStringizer
instanceKlass sun/security/ssl/RenegoInfoExtension$SHRenegotiationInfoAbsence
instanceKlass sun/security/ssl/RenegoInfoExtension$SHRenegotiationInfoConsumer
instanceKlass sun/security/ssl/RenegoInfoExtension$SHRenegotiationInfoProducer
instanceKlass sun/security/ssl/RenegoInfoExtension$CHRenegotiationInfoAbsence
instanceKlass sun/security/ssl/RenegoInfoExtension$CHRenegotiationInfoConsumer
instanceKlass sun/security/ssl/RenegoInfoExtension$CHRenegotiationInfoProducer
instanceKlass sun/security/ssl/RenegoInfoExtension
instanceKlass sun/security/ssl/KeyShareExtension$HRRKeyShareStringizer
instanceKlass sun/security/ssl/KeyShareExtension$HRRKeyShareReproducer
instanceKlass sun/security/ssl/KeyShareExtension$HRRKeyShareConsumer
instanceKlass sun/security/ssl/KeyShareExtension$HRRKeyShareProducer
instanceKlass sun/security/ssl/KeyShareExtension$SHKeyShareStringizer
instanceKlass sun/security/ssl/KeyShareExtension$SHKeyShareAbsence
instanceKlass sun/security/ssl/KeyShareExtension$SHKeyShareConsumer
instanceKlass sun/security/ssl/KeyShareExtension$SHKeyShareProducer
instanceKlass sun/security/ssl/KeyShareExtension$CHKeyShareStringizer
instanceKlass sun/security/ssl/KeyShareExtension$CHKeyShareOnTradeAbsence
instanceKlass sun/security/ssl/KeyShareExtension$CHKeyShareConsumer
instanceKlass sun/security/ssl/KeyShareExtension$CHKeyShareProducer
instanceKlass sun/security/ssl/KeyShareExtension
instanceKlass sun/security/ssl/CertSignAlgsExtension$CertSignatureSchemesStringizer
instanceKlass sun/security/ssl/CertSignAlgsExtension$CRCertSignatureSchemesUpdate
instanceKlass sun/security/ssl/CertSignAlgsExtension$CRCertSignatureSchemesConsumer
instanceKlass sun/security/ssl/CertSignAlgsExtension$CRCertSignatureSchemesProducer
instanceKlass sun/security/ssl/CertSignAlgsExtension$CHCertSignatureSchemesUpdate
instanceKlass sun/security/ssl/CertSignAlgsExtension$CHCertSignatureSchemesConsumer
instanceKlass sun/security/ssl/CertSignAlgsExtension$CHCertSignatureSchemesProducer
instanceKlass sun/security/ssl/CertSignAlgsExtension
instanceKlass sun/security/ssl/CertificateAuthoritiesExtension$CertificateAuthoritiesStringizer
instanceKlass sun/security/ssl/CertificateAuthoritiesExtension$CRCertificateAuthoritiesConsumer
instanceKlass sun/security/ssl/CertificateAuthoritiesExtension$CRCertificateAuthoritiesProducer
instanceKlass sun/security/ssl/CertificateAuthoritiesExtension$CHCertificateAuthoritiesConsumer
instanceKlass sun/security/ssl/CertificateAuthoritiesExtension$CHCertificateAuthoritiesProducer
instanceKlass sun/security/ssl/CertificateAuthoritiesExtension
instanceKlass sun/security/ssl/PskKeyExchangeModesExtension$PskKeyExchangeModesStringizer
instanceKlass sun/security/ssl/PskKeyExchangeModesExtension$PskKeyExchangeModesOnTradeAbsence
instanceKlass sun/security/ssl/PskKeyExchangeModesExtension$PskKeyExchangeModesOnLoadAbsence
instanceKlass sun/security/ssl/PskKeyExchangeModesExtension$PskKeyExchangeModesConsumer
instanceKlass sun/security/ssl/PskKeyExchangeModesExtension$PskKeyExchangeModesProducer
instanceKlass sun/security/ssl/PskKeyExchangeModesExtension
instanceKlass sun/security/ssl/CookieExtension$CookieStringizer
instanceKlass sun/security/ssl/CookieExtension$HRRCookieReproducer
instanceKlass sun/security/ssl/CookieExtension$HRRCookieConsumer
instanceKlass sun/security/ssl/CookieExtension$HRRCookieProducer
instanceKlass sun/security/ssl/CookieExtension$CHCookieUpdate
instanceKlass sun/security/ssl/CookieExtension$CHCookieConsumer
instanceKlass sun/security/ssl/CookieExtension$CHCookieProducer
instanceKlass sun/security/ssl/CookieExtension
instanceKlass sun/security/ssl/SupportedVersionsExtension$HRRSupportedVersionsReproducer
instanceKlass sun/security/ssl/SupportedVersionsExtension$HRRSupportedVersionsConsumer
instanceKlass sun/security/ssl/SupportedVersionsExtension$HRRSupportedVersionsProducer
instanceKlass sun/security/ssl/SupportedVersionsExtension$SHSupportedVersionsStringizer
instanceKlass sun/security/ssl/SupportedVersionsExtension$SHSupportedVersionsConsumer
instanceKlass sun/security/ssl/SupportedVersionsExtension$SHSupportedVersionsProducer
instanceKlass sun/security/ssl/SupportedVersionsExtension$CHSupportedVersionsStringizer
instanceKlass sun/security/ssl/SupportedVersionsExtension$CHSupportedVersionsConsumer
instanceKlass sun/security/ssl/SupportedVersionsExtension$CHSupportedVersionsProducer
instanceKlass sun/security/ssl/SupportedVersionsExtension
instanceKlass sun/security/ssl/SignatureAlgorithmsExtension$SignatureSchemesStringizer
instanceKlass sun/security/ssl/SignatureAlgorithmsExtension$CRSignatureSchemesUpdate
instanceKlass sun/security/ssl/SignatureAlgorithmsExtension$CRSignatureSchemesAbsence
instanceKlass sun/security/ssl/SignatureAlgorithmsExtension$CRSignatureSchemesConsumer
instanceKlass sun/security/ssl/SignatureAlgorithmsExtension$CRSignatureSchemesProducer
instanceKlass sun/security/ssl/SignatureAlgorithmsExtension$CHSignatureSchemesOnTradeAbsence
instanceKlass sun/security/ssl/SignatureAlgorithmsExtension$CHSignatureSchemesUpdate
instanceKlass sun/security/ssl/SignatureAlgorithmsExtension$CHSignatureSchemesOnLoadAbsence
instanceKlass sun/security/ssl/SignatureAlgorithmsExtension$CHSignatureSchemesConsumer
instanceKlass sun/security/ssl/SignatureAlgorithmsExtension$CHSignatureSchemesProducer
instanceKlass sun/security/ssl/SignatureAlgorithmsExtension
instanceKlass sun/security/ssl/SessionTicketExtension$SessionTicketStringizer
instanceKlass sun/security/ssl/SessionTicketExtension$T12SHSessionTicketConsumer
instanceKlass sun/security/ssl/SessionTicketExtension$T12SHSessionTicketProducer
instanceKlass sun/security/ssl/SessionTicketExtension$T12CHSessionTicketConsumer
instanceKlass sun/security/ssl/SessionTicketExtension$T12CHSessionTicketProducer
instanceKlass sun/security/ssl/SessionTicketExtension
instanceKlass sun/security/ssl/ExtendedMasterSecretExtension$ExtendedMasterSecretStringizer
instanceKlass sun/security/ssl/ExtendedMasterSecretExtension$SHExtendedMasterSecretAbsence
instanceKlass sun/security/ssl/ExtendedMasterSecretExtension$SHExtendedMasterSecretConsumer
instanceKlass sun/security/ssl/ExtendedMasterSecretExtension$SHExtendedMasterSecretProducer
instanceKlass sun/security/ssl/ExtendedMasterSecretExtension$CHExtendedMasterSecretAbsence
instanceKlass sun/security/ssl/ExtendedMasterSecretExtension$CHExtendedMasterSecretConsumer
instanceKlass sun/security/ssl/ExtendedMasterSecretExtension$CHExtendedMasterSecretProducer
instanceKlass sun/security/ssl/ExtendedMasterSecretExtension
instanceKlass  @bci sun/security/ssl/AlpnExtension <clinit> ()V 100 <appendix> argL0 ; # sun/security/ssl/AlpnExtension$$Lambda+0x000001e10338c240
instanceKlass sun/security/ssl/AlpnExtension$AlpnStringizer
instanceKlass sun/security/ssl/AlpnExtension$SHAlpnAbsence
instanceKlass sun/security/ssl/AlpnExtension$SHAlpnConsumer
instanceKlass sun/security/ssl/AlpnExtension$SHAlpnProducer
instanceKlass sun/security/ssl/AlpnExtension$CHAlpnAbsence
instanceKlass sun/security/ssl/AlpnExtension$CHAlpnConsumer
instanceKlass sun/security/ssl/AlpnExtension$CHAlpnProducer
instanceKlass sun/security/ssl/AlpnExtension
instanceKlass sun/security/ssl/ECPointFormatsExtension$ECPointFormatsStringizer
instanceKlass sun/security/ssl/ECPointFormatsExtension$SHECPointFormatsConsumer
instanceKlass sun/security/ssl/ECPointFormatsExtension$CHECPointFormatsConsumer
instanceKlass sun/security/ssl/ECPointFormatsExtension$CHECPointFormatsProducer
instanceKlass sun/security/ssl/ECPointFormatsExtension
instanceKlass sun/security/ssl/SupportedGroupsExtension$EESupportedGroupsConsumer
instanceKlass sun/security/ssl/SupportedGroupsExtension$EESupportedGroupsProducer
instanceKlass sun/security/ssl/SupportedGroupsExtension$SupportedGroupsStringizer
instanceKlass sun/security/ssl/SupportedGroupsExtension$CHSupportedGroupsOnTradeAbsence
instanceKlass sun/security/ssl/SupportedGroupsExtension$CHSupportedGroupsConsumer
instanceKlass sun/security/ssl/SupportedGroupsExtension$CHSupportedGroupsProducer
instanceKlass sun/security/ssl/SupportedGroupsExtension
instanceKlass sun/security/ssl/CertStatusExtension$CertStatusRespStringizer
instanceKlass sun/security/ssl/CertStatusExtension$CertStatusRequestsStringizer
instanceKlass sun/security/ssl/CertStatusExtension$SHCertStatusReqV2Consumer
instanceKlass sun/security/ssl/CertStatusExtension$SHCertStatusReqV2Producer
instanceKlass sun/security/ssl/CertStatusExtension$CHCertStatusReqV2Consumer
instanceKlass sun/security/ssl/CertStatusExtension$CHCertStatusReqV2Producer
instanceKlass sun/security/ssl/CertStatusExtension$CertStatusRequestStringizer
instanceKlass sun/security/ssl/CertStatusExtension$CTCertStatusResponseConsumer
instanceKlass sun/security/ssl/CertStatusExtension$CTCertStatusResponseProducer
instanceKlass sun/security/ssl/CertStatusExtension$SHCertStatusReqConsumer
instanceKlass sun/security/ssl/CertStatusExtension$SHCertStatusReqProducer
instanceKlass sun/security/ssl/CertStatusExtension$CHCertStatusReqConsumer
instanceKlass sun/security/ssl/CertStatusExtension$CHCertStatusReqProducer
instanceKlass sun/security/ssl/CertStatusExtension
instanceKlass sun/security/ssl/MaxFragExtension$MaxFragLenStringizer
instanceKlass sun/security/ssl/MaxFragExtension$EEMaxFragmentLengthUpdate
instanceKlass sun/security/ssl/MaxFragExtension$EEMaxFragmentLengthConsumer
instanceKlass sun/security/ssl/MaxFragExtension$EEMaxFragmentLengthProducer
instanceKlass sun/security/ssl/MaxFragExtension$SHMaxFragmentLengthUpdate
instanceKlass sun/security/ssl/MaxFragExtension$SHMaxFragmentLengthConsumer
instanceKlass sun/security/ssl/MaxFragExtension$SHMaxFragmentLengthProducer
instanceKlass sun/security/ssl/MaxFragExtension$CHMaxFragmentLengthConsumer
instanceKlass sun/security/ssl/MaxFragExtension$CHMaxFragmentLengthProducer
instanceKlass sun/security/ssl/MaxFragExtension
instanceKlass sun/security/ssl/ServerNameExtension$EEServerNameConsumer
instanceKlass sun/security/ssl/ServerNameExtension$EEServerNameProducer
instanceKlass sun/security/ssl/ServerNameExtension$SHServerNamesStringizer
instanceKlass sun/security/ssl/ServerNameExtension$SHServerNameConsumer
instanceKlass sun/security/ssl/ServerNameExtension$SHServerNameProducer
instanceKlass sun/security/ssl/ServerNameExtension$CHServerNamesStringizer
instanceKlass sun/security/ssl/ServerNameExtension$CHServerNameConsumer
instanceKlass sun/security/ssl/SSLExtension$ExtensionConsumer
instanceKlass sun/security/ssl/ServerNameExtension$CHServerNameProducer
instanceKlass sun/security/ssl/ServerNameExtension
instanceKlass sun/security/ssl/SSLStringizer
instanceKlass sun/security/ssl/SSLExtensions
instanceKlass sun/security/ssl/SSLHandshake$HandshakeMessage
instanceKlass sun/security/ssl/RandomCookie
instanceKlass java/lang/Byte$ByteCache
instanceKlass sun/security/util/KeyUtil
instanceKlass sun/security/ssl/SSLKeyDerivation
instanceKlass sun/security/ssl/SSLCredentials
instanceKlass sun/security/ssl/NamedGroupPossession
instanceKlass sun/security/ssl/SSLPossession
instanceKlass sun/security/ssl/HandshakeContext
instanceKlass sun/security/ssl/SSLConfiguration$1
instanceKlass javax/net/ssl/SSLParameters
instanceKlass jdk/internal/icu/impl/UCharacterProperty$IsAcceptable
instanceKlass jdk/internal/icu/impl/UCharacterProperty$IntProperty
instanceKlass jdk/internal/icu/impl/UCharacterProperty
instanceKlass jdk/internal/icu/util/VersionInfo
instanceKlass jdk/internal/icu/impl/Trie
instanceKlass jdk/internal/icu/text/StringPrep$StringPrepTrieImpl
instanceKlass jdk/internal/icu/impl/Trie$DataManipulate
instanceKlass jdk/internal/icu/impl/StringPrepDataReader
instanceKlass jdk/internal/icu/text/StringPrep
instanceKlass java/net/IDN
instanceKlass javax/net/ssl/SNIServerName
instanceKlass java/security/DomainCombiner
instanceKlass sun/security/ssl/DTLSRecord
instanceKlass sun/security/ssl/SessionId
instanceKlass java/security/spec/MGF1ParameterSpec
instanceKlass sun/security/ec/ParametersMap$1
instanceKlass  @bci sun/security/ec/ed/EdDSAParameters <clinit> ()V 268 <appendix> argL0 ; # sun/security/ec/ed/EdDSAParameters$$Lambda+0x000001e10333bb10
instanceKlass sun/security/ec/ed/EdDSAParameters$SHAKE256DigesterFactory
instanceKlass sun/security/ec/point/ProjectivePoint
instanceKlass  @bci sun/security/ec/ed/EdDSAParameters <clinit> ()V 117 <appendix> argL0 ; # sun/security/ec/ed/EdDSAParameters$$Lambda+0x000001e10333b148
instanceKlass sun/security/ec/ed/EdDSAParameters$Digester
instanceKlass sun/security/ec/ed/EdDSAParameters$SHA512DigesterFactory
instanceKlass sun/security/ec/point/ExtendedHomogeneousPoint
instanceKlass sun/security/ec/point/AffinePoint
instanceKlass sun/security/util/math/intpoly/IntegerPolynomial$Limb
instanceKlass sun/security/util/math/SmallValue
instanceKlass sun/security/ec/point/MutablePoint
instanceKlass sun/security/ec/point/ImmutablePoint
instanceKlass sun/security/ec/point/Point
instanceKlass sun/security/util/math/intpoly/IntegerPolynomial$Element
instanceKlass sun/security/util/math/ImmutableIntegerModuloP
instanceKlass sun/security/util/math/IntegerModuloP
instanceKlass sun/security/util/math/intpoly/IntegerPolynomial
instanceKlass sun/security/ec/ParametersMap
instanceKlass sun/security/ec/ed/EdECOperations
instanceKlass sun/security/ec/ed/EdDSAParameters$DigesterFactory
instanceKlass sun/security/util/math/IntegerFieldModuloP
instanceKlass sun/security/ec/ed/EdDSAParameters
instanceKlass  @bci sun/security/ec/ed/EdDSASignature <init> (Ljava/security/spec/NamedParameterSpec;)V 27 <appendix> argL0 ; # sun/security/ec/ed/EdDSASignature$$Lambda+0x000001e103338f58
instanceKlass java/security/spec/EdDSAParameterSpec
instanceKlass sun/security/ec/ed/EdDSASignature$MessageAccumulator
instanceKlass javax/net/ssl/ExtendedSSLSession
instanceKlass javax/net/ssl/SSLSession
instanceKlass javax/crypto/spec/DHParameterSpec
instanceKlass sun/security/ssl/PredefinedDHParameterSpecs$1
instanceKlass sun/security/ssl/PredefinedDHParameterSpecs
instanceKlass com/sun/security/sasl/Provider$1
instanceKlass  @bci sun/security/provider/certpath/ldap/JdkLDAP <init> ()V 15 <appendix> member <vmtarget> ; # sun/security/provider/certpath/ldap/JdkLDAP$$Lambda+0x000001e103379388
instanceKlass  @bci sun/security/pkcs11/SunPKCS11 register (Lsun/security/pkcs11/SunPKCS11$Descriptor;)V 27 <appendix> argL0 ; # sun/security/pkcs11/SunPKCS11$$Lambda+0x000001e103338000
instanceKlass sun/security/pkcs11/SunPKCS11$Descriptor
instanceKlass javax/security/auth/callback/CallbackHandler
instanceKlass sun/security/mscapi/SunMSCAPI$2
instanceKlass sun/security/mscapi/SunMSCAPI$1
instanceKlass sun/security/ssl/NamedGroup$SupportedGroups
instanceKlass sun/security/ssl/SSLConfiguration$CustomizedClientSignatureSchemes
instanceKlass javax/crypto/KeyGeneratorSpi
instanceKlass javax/crypto/KeyGenerator
instanceKlass sun/security/ssl/SSLConfiguration
instanceKlass sun/security/ssl/SSLCipher$SSLWriteCipher
instanceKlass sun/security/ssl/KeyUpdate$KeyUpdateProducer
instanceKlass sun/security/ssl/KeyUpdate$KeyUpdateConsumer
instanceKlass sun/security/ssl/KeyUpdate$KeyUpdateKickstartProducer
instanceKlass sun/security/ssl/KeyUpdate
instanceKlass sun/security/ssl/CertificateStatus$CertificateStatusAbsence
instanceKlass sun/security/ssl/HandshakeAbsence
instanceKlass sun/security/ssl/CertificateStatus$CertificateStatusProducer
instanceKlass sun/security/ssl/CertificateStatus$CertificateStatusConsumer
instanceKlass sun/security/ssl/CertificateStatus
instanceKlass sun/security/ssl/Finished$T13FinishedProducer
instanceKlass sun/security/ssl/Finished$T13FinishedConsumer
instanceKlass sun/security/ssl/Finished$T12FinishedProducer
instanceKlass sun/security/ssl/Finished$T12FinishedConsumer
instanceKlass sun/security/ssl/Finished
instanceKlass sun/security/ssl/ClientKeyExchange$ClientKeyExchangeProducer
instanceKlass sun/security/ssl/ClientKeyExchange$ClientKeyExchangeConsumer
instanceKlass sun/security/ssl/ClientKeyExchange
instanceKlass sun/security/ssl/CertificateVerify$T13CertificateVerifyProducer
instanceKlass sun/security/ssl/CertificateVerify$T13CertificateVerifyConsumer
instanceKlass sun/security/ssl/CertificateVerify$T12CertificateVerifyProducer
instanceKlass sun/security/ssl/CertificateVerify$T12CertificateVerifyConsumer
instanceKlass sun/security/ssl/CertificateVerify$T10CertificateVerifyProducer
instanceKlass sun/security/ssl/CertificateVerify$T10CertificateVerifyConsumer
instanceKlass sun/security/ssl/CertificateVerify$S30CertificateVerifyProducer
instanceKlass sun/security/ssl/CertificateVerify$S30CertificateVerifyConsumer
instanceKlass sun/security/ssl/CertificateVerify
instanceKlass sun/security/ssl/ServerHelloDone$ServerHelloDoneProducer
instanceKlass sun/security/ssl/ServerHelloDone$ServerHelloDoneConsumer
instanceKlass sun/security/ssl/ServerHelloDone
instanceKlass sun/security/ssl/CertificateRequest$T13CertificateRequestProducer
instanceKlass sun/security/ssl/CertificateRequest$T13CertificateRequestConsumer
instanceKlass sun/security/ssl/CertificateRequest$T12CertificateRequestProducer
instanceKlass sun/security/ssl/CertificateRequest$T12CertificateRequestConsumer
instanceKlass sun/security/ssl/CertificateRequest$T10CertificateRequestProducer
instanceKlass sun/security/ssl/CertificateRequest$T10CertificateRequestConsumer
instanceKlass sun/security/ssl/CertificateRequest
instanceKlass sun/security/ssl/ServerKeyExchange$ServerKeyExchangeProducer
instanceKlass sun/security/ssl/ServerKeyExchange$ServerKeyExchangeConsumer
instanceKlass sun/security/ssl/ServerKeyExchange
instanceKlass sun/security/ssl/CertificateMessage$T13CertificateProducer
instanceKlass sun/security/ssl/CertificateMessage$T13CertificateConsumer
instanceKlass sun/security/ssl/CertificateMessage$T12CertificateProducer
instanceKlass sun/security/ssl/CertificateMessage$T12CertificateConsumer
instanceKlass sun/security/ssl/CertificateMessage
instanceKlass sun/security/ssl/EncryptedExtensions$EncryptedExtensionsConsumer
instanceKlass sun/security/ssl/EncryptedExtensions$EncryptedExtensionsProducer
instanceKlass sun/security/ssl/EncryptedExtensions
instanceKlass sun/security/ssl/NewSessionTicket$T12NewSessionTicketProducer
instanceKlass sun/security/ssl/NewSessionTicket$T13NewSessionTicketProducer
instanceKlass sun/security/ssl/NewSessionTicket$T12NewSessionTicketConsumer
instanceKlass sun/security/ssl/NewSessionTicket$T13NewSessionTicketConsumer
instanceKlass sun/security/ssl/NewSessionTicket
instanceKlass sun/security/ssl/HelloVerifyRequest$HelloVerifyRequestProducer
instanceKlass sun/security/ssl/HelloVerifyRequest$HelloVerifyRequestConsumer
instanceKlass sun/security/ssl/HelloVerifyRequest
instanceKlass sun/security/ssl/ServerHello$T13HelloRetryRequestConsumer
instanceKlass sun/security/ssl/ServerHello$T13ServerHelloConsumer
instanceKlass sun/security/ssl/ServerHello$T12ServerHelloConsumer
instanceKlass sun/security/ssl/ServerHello$T13HelloRetryRequestReproducer
instanceKlass sun/security/ssl/ServerHello$T13HelloRetryRequestProducer
instanceKlass sun/security/ssl/ServerHello$T13ServerHelloProducer
instanceKlass sun/security/ssl/ServerHello$T12ServerHelloProducer
instanceKlass sun/security/ssl/ServerHello$ServerHelloConsumer
instanceKlass sun/security/ssl/ServerHello
instanceKlass sun/security/ssl/ClientHello$D13ClientHelloConsumer
instanceKlass sun/security/ssl/ClientHello$D12ClientHelloConsumer
instanceKlass sun/security/ssl/ClientHello$T13ClientHelloConsumer
instanceKlass sun/security/ssl/ClientHello$T12ClientHelloConsumer
instanceKlass sun/security/ssl/HandshakeConsumer
instanceKlass sun/security/ssl/ClientHello$ClientHelloProducer
instanceKlass sun/security/ssl/ClientHello$ClientHelloConsumer
instanceKlass sun/security/ssl/ClientHello$ClientHelloKickstartProducer
instanceKlass sun/security/ssl/ClientHello
instanceKlass sun/security/ssl/HelloRequest$HelloRequestProducer
instanceKlass sun/security/ssl/HelloRequest$HelloRequestConsumer
instanceKlass sun/security/ssl/HelloRequest$HelloRequestKickstartProducer
instanceKlass sun/security/ssl/SSLProducer
instanceKlass sun/security/ssl/HelloRequest
instanceKlass sun/security/ssl/HandshakeProducer
instanceKlass sun/security/ssl/SSLConsumer
instanceKlass sun/security/ssl/Authenticator$MacImpl
instanceKlass sun/security/ssl/Authenticator$MAC
instanceKlass sun/security/ssl/Authenticator
instanceKlass sun/security/ssl/SSLCipher$SSLReadCipher
instanceKlass sun/security/ssl/InputRecord
instanceKlass sun/security/ssl/SSLRecord
instanceKlass sun/security/ssl/Record
instanceKlass sun/security/ssl/TransportContext
instanceKlass sun/security/ssl/ConnectionContext
instanceKlass sun/security/ssl/HandshakeHash$CacheOnlyHash
instanceKlass sun/security/ssl/HandshakeHash$TranscriptHash
instanceKlass sun/security/ssl/HandshakeHash
instanceKlass sun/security/ssl/SSLTransport
instanceKlass sun/net/www/http/KeepAliveKey
instanceKlass sun/net/NetworkClient$1
instanceKlass sun/net/NetworkClient
instanceKlass javax/net/ssl/HandshakeCompletedListener
instanceKlass sun/net/www/protocol/http/HttpURLConnection$7
instanceKlass io/opencensus/trace/MessageEvent$Builder
instanceKlass io/grpc/PersistentHashArrayMappedTrie$Leaf
instanceKlass io/opencensus/trace/CurrentSpanUtils$ScopeInSpan
instanceKlass com/google/api/client/util/escape/Platform
instanceKlass com/google/api/client/util/IOUtils
instanceKlass com/google/api/client/http/javanet/NetHttpRequest$DefaultOutputWriter
instanceKlass com/google/api/client/http/javanet/NetHttpRequest$OutputWriter
instanceKlass java/net/ResponseCache
instanceKlass sun/net/www/protocol/http/HttpURLConnection$3
instanceKlass java/net/CookieHandler
instanceKlass sun/net/www/protocol/http/HttpURLConnection$2
instanceKlass sun/net/util/ProxyUtil
instanceKlass  @bci sun/net/www/protocol/http/AuthCacheImpl getAuthCacheFor (Ljava/net/Authenticator;)Lsun/net/www/protocol/http/AuthCacheImpl; 4 <appendix> argL0 ; # sun/net/www/protocol/http/AuthCacheImpl$$Lambda+0x000001e1033652c8
instanceKlass java/net/Authenticator
instanceKlass sun/net/www/protocol/http/AuthCacheImpl
instanceKlass sun/net/www/protocol/http/AuthCache
instanceKlass  @bci sun/net/www/protocol/http/HttpURLConnection getNetProperty (Ljava/lang/String;)Ljava/lang/String; 1 <appendix> member <vmtarget> ; # sun/net/www/protocol/http/HttpURLConnection$$Lambda+0x000001e103364a18
instanceKlass  @bci sun/security/ssl/SSLContextImpl engineInit ([Ljavax/net/ssl/KeyManager;[Ljavax/net/ssl/TrustManager;Ljava/security/SecureRandom;)V 57 <appendix> argL0 ; # sun/security/ssl/SSLContextImpl$$Lambda+0x000001e103363720
instanceKlass javax/net/ssl/X509ExtendedKeyManager
instanceKlass javax/net/ssl/X509KeyManager
instanceKlass javax/net/ssl/KeyManager
instanceKlass javax/net/ssl/KeyManagerFactorySpi
instanceKlass  @bci javax/net/ssl/KeyManagerFactory getDefaultAlgorithm ()Ljava/lang/String; 0 <appendix> argL0 ; # javax/net/ssl/KeyManagerFactory$$Lambda+0x000001e103362380
instanceKlass javax/net/ssl/KeyManagerFactory
instanceKlass sun/security/ssl/SSLContextImpl$DefaultManagersHolder$1
instanceKlass javax/net/ssl/X509ExtendedTrustManager
instanceKlass javax/net/ssl/X509TrustManager
instanceKlass javax/net/ssl/TrustManager
instanceKlass sun/security/validator/TrustStoreUtil
instanceKlass sun/security/x509/RFC822Name
instanceKlass sun/security/x509/AccessDescription
instanceKlass sun/security/util/HostnameChecker
instanceKlass sun/security/x509/DNSName
instanceKlass sun/security/x509/URIName
instanceKlass sun/security/x509/GeneralName
instanceKlass sun/security/x509/DistributionPoint
instanceKlass java/security/cert/PolicyQualifierInfo
instanceKlass sun/security/x509/CertificatePolicyId
instanceKlass sun/security/x509/PolicyInformation
instanceKlass sun/security/x509/GeneralNames
instanceKlass java/security/interfaces/ECPublicKey
instanceKlass jdk/internal/event/EventHelper$ThreadTrackHolder
instanceKlass java/util/jar/JarFile$ThreadTrackHolder
instanceKlass jdk/internal/event/EventHelper
instanceKlass sun/security/util/MemoryCache$CacheEntry
instanceKlass sun/security/x509/KeyIdentifier
instanceKlass sun/security/x509/OIDMap$OIDInfo
instanceKlass sun/security/x509/PKIXExtensions
instanceKlass sun/security/x509/OIDMap
instanceKlass sun/security/x509/Extension
instanceKlass java/security/cert/Extension
instanceKlass sun/security/x509/CertificateExtensions
instanceKlass sun/security/util/BitArray
instanceKlass sun/security/x509/X509Key
instanceKlass sun/security/x509/CertificateX509Key
instanceKlass sun/security/x509/CertificateValidity
instanceKlass sun/security/x509/AVA
instanceKlass sun/security/x509/RDN
instanceKlass javax/security/auth/x500/X500Principal
instanceKlass  @bci sun/security/x509/X500Name <clinit> ()V 153 <appendix> argL0 ; # sun/security/x509/X500Name$$Lambda+0x000001e10335a558
instanceKlass sun/security/x509/X500Name
instanceKlass sun/security/x509/GeneralNameInterface
instanceKlass sun/security/x509/CertificateAlgorithmId
instanceKlass sun/security/x509/SerialNumber
instanceKlass sun/security/x509/CertificateSerialNumber
instanceKlass sun/security/x509/CertificateVersion
instanceKlass sun/security/x509/X509CertInfo
instanceKlass sun/security/util/Cache$EqualByteArray
instanceKlass sun/security/util/IOUtils
instanceKlass java/security/cert/CertificateFactorySpi
instanceKlass java/security/cert/CertificateFactory
instanceKlass sun/security/provider/JavaKeyStore$TrustedCertEntry
instanceKlass sun/security/action/OpenFileInputStreamAction
instanceKlass  @bci sun/security/util/KeyStoreDelegator <init> (Ljava/lang/String;Ljava/lang/Class;Ljava/lang/String;Ljava/lang/Class;)V 4 <appendix> argL0 ; # sun/security/util/KeyStoreDelegator$$Lambda+0x000001e103357b08
instanceKlass java/security/KeyStoreSpi
instanceKlass  @bci java/security/KeyStore getDefaultType ()Ljava/lang/String; 0 <appendix> argL0 ; # java/security/KeyStore$$Lambda+0x000001e103356800
instanceKlass java/security/KeyStore
instanceKlass sun/security/ssl/TrustStoreManager$TrustStoreDescriptor$1
instanceKlass sun/security/util/FilePaths
instanceKlass sun/security/ssl/TrustStoreManager$TrustStoreDescriptor
instanceKlass sun/security/ssl/TrustStoreManager$TrustAnchorManager
instanceKlass sun/security/ssl/TrustStoreManager
instanceKlass javax/net/ssl/TrustManagerFactorySpi
instanceKlass  @bci javax/net/ssl/TrustManagerFactory getDefaultAlgorithm ()Ljava/lang/String; 0 <appendix> argL0 ; # javax/net/ssl/TrustManagerFactory$$Lambda+0x000001e1033552d8
instanceKlass javax/net/ssl/TrustManagerFactory
instanceKlass sun/security/ssl/SSLContextImpl$DefaultManagersHolder
instanceKlass sun/security/util/Cache
instanceKlass sun/security/ssl/SSLSessionContextImpl
instanceKlass javax/net/ssl/SSLSessionContext
instanceKlass sun/security/ssl/EphemeralKeyManager$EphemeralKeyPair
instanceKlass sun/security/ssl/EphemeralKeyManager
instanceKlass sun/security/ssl/SSLContextImpl$CustomizedSSLProtocols
instanceKlass java/security/spec/NamedParameterSpec
instanceKlass sun/security/util/ECKeySizeParameterSpec
instanceKlass java/security/AlgorithmParametersSpi
instanceKlass java/security/AlgorithmParameters
instanceKlass sun/security/util/ECUtil
instanceKlass java/security/KeyPairGeneratorSpi
instanceKlass javax/crypto/KeyAgreement
instanceKlass java/security/interfaces/ECKey
instanceKlass sun/security/ssl/JsseJce$EcAvailability
instanceKlass sun/security/ssl/SSLAlgorithmDecomposer$1
instanceKlass sun/security/ssl/Utilities
instanceKlass sun/security/ssl/JsseJce
instanceKlass sun/security/ssl/NamedGroup$XDHScheme
instanceKlass sun/security/ssl/NamedGroup$FFDHEScheme
instanceKlass sun/security/ssl/NamedGroup$ECDHEScheme
instanceKlass sun/security/ssl/NamedGroup$NamedGroupScheme
instanceKlass sun/security/ssl/SSLCipher$1
instanceKlass sun/security/ssl/SSLCipher$T13CC20P1305WriteCipherGenerator
instanceKlass sun/security/ssl/SSLCipher$T12CC20P1305WriteCipherGenerator
instanceKlass sun/security/ssl/SSLCipher$T13CC20P1305ReadCipherGenerator
instanceKlass sun/security/ssl/SSLCipher$T12CC20P1305ReadCipherGenerator
instanceKlass sun/security/ssl/SSLCipher$T13GcmWriteCipherGenerator
instanceKlass sun/security/ssl/SSLCipher$T13GcmReadCipherGenerator
instanceKlass sun/security/ssl/SSLCipher$T12GcmWriteCipherGenerator
instanceKlass sun/security/ssl/SSLCipher$T12GcmReadCipherGenerator
instanceKlass com/sun/crypto/provider/AESConstants
instanceKlass  @bci javax/crypto/JceSecurityManager <clinit> ()V 67 <appendix> argL0 ; # javax/crypto/JceSecurityManager$$Lambda+0x000001e10334c338
instanceKlass  @bci javax/crypto/JceSecurityManager <clinit> ()V 49 <appendix> argL0 ; # javax/crypto/JceSecurityManager$$Lambda+0x000001e10334c118
instanceKlass javax/crypto/JceSecurityManager
instanceKlass sun/security/ssl/SSLCipher$T11BlockWriteCipherGenerator
instanceKlass sun/security/ssl/SSLCipher$T11BlockReadCipherGenerator
instanceKlass com/sun/crypto/provider/PKCS5Padding
instanceKlass com/sun/crypto/provider/Padding
instanceKlass com/sun/crypto/provider/FeedbackCipher
instanceKlass com/sun/crypto/provider/SymmetricCipher
instanceKlass com/sun/crypto/provider/DESConstants
instanceKlass com/sun/crypto/provider/CipherCore
instanceKlass sun/security/ssl/SSLCipher$T10BlockWriteCipherGenerator
instanceKlass sun/security/ssl/SSLCipher$T10BlockReadCipherGenerator
instanceKlass javax/crypto/CipherSpi
instanceKlass javax/crypto/ProviderVerifier
instanceKlass java/lang/Class$Holder
instanceKlass javax/crypto/JceSecurity$3
instanceKlass javax/crypto/JceSecurity$2
instanceKlass javax/crypto/CryptoPolicyParser$CryptoPermissionEntry
instanceKlass javax/crypto/CryptoPolicyParser$GrantEntry
instanceKlass javax/crypto/CryptoPolicyParser
instanceKlass java/nio/file/Files$1
instanceKlass sun/nio/fs/WindowsFileSystem$2
instanceKlass java/nio/file/PathMatcher
instanceKlass sun/nio/fs/Globs
instanceKlass sun/nio/fs/WindowsFileSystemProvider$1
instanceKlass javax/crypto/JceSecurity$1
instanceKlass javax/crypto/JceSecurity
instanceKlass sun/security/jca/ServiceId
instanceKlass javax/crypto/Cipher$Transform
instanceKlass javax/crypto/Cipher
instanceKlass sun/security/ssl/SSLCipher$StreamWriteCipherGenerator
instanceKlass sun/security/ssl/SSLCipher$StreamReadCipherGenerator
instanceKlass sun/security/ssl/SSLCipher$NullWriteCipherGenerator
instanceKlass sun/security/ssl/SSLCipher$WriteCipherGenerator
instanceKlass sun/security/ssl/SSLCipher$NullReadCipherGenerator
instanceKlass sun/security/ssl/SSLCipher$ReadCipherGenerator
instanceKlass  @bci java/util/stream/MatchOps makeRef (Ljava/util/function/Predicate;Ljava/util/stream/MatchOps$MatchKind;)Ljava/util/stream/TerminalOp; 20 <appendix> member <vmtarget> ; # java/util/stream/MatchOps$$Lambda+0x000001e1033443d0
instanceKlass java/util/stream/MatchOps$BooleanTerminalSink
instanceKlass java/util/stream/MatchOps$MatchOp
instanceKlass java/util/stream/MatchOps
instanceKlass  @bci sun/security/util/DisabledAlgorithmConstraints checkDisabledPatterns (Ljava/lang/String;)Z 17 <appendix> member <vmtarget> ; # sun/security/util/DisabledAlgorithmConstraints$$Lambda+0x000001e103343638
instanceKlass java/time/ZonedDateTime
instanceKlass java/time/chrono/ChronoZonedDateTime
instanceKlass sun/security/util/DisabledAlgorithmConstraints$Constraints$Holder
instanceKlass sun/security/util/DisabledAlgorithmConstraints$Constraint
instanceKlass sun/security/util/DisabledAlgorithmConstraints$Constraints
instanceKlass sun/security/util/AbstractAlgorithmConstraints$1
instanceKlass sun/security/util/AlgorithmDecomposer
instanceKlass sun/security/ssl/SSLAlgorithmConstraints
instanceKlass sun/security/ssl/SSLLogger
instanceKlass  @bci sun/security/ssl/SunJSSE registerAlgorithms ()V 1 <appendix> member <vmtarget> ; # sun/security/ssl/SunJSSE$$Lambda+0x000001e1032fe928
instanceKlass java/security/spec/ECFieldF2m
instanceKlass java/security/spec/ECParameterSpec
instanceKlass java/security/spec/ECPoint
instanceKlass java/security/spec/EllipticCurve
instanceKlass java/security/spec/ECFieldFp
instanceKlass java/security/spec/ECField
instanceKlass sun/security/util/CurveDB
instanceKlass sun/security/ec/SunEC$1
instanceKlass org/jcp/xml/dsig/internal/dom/XMLDSigRI$2
instanceKlass org/jcp/xml/dsig/internal/dom/XMLDSigRI$1
instanceKlass sun/security/smartcardio/SunPCSC$1
instanceKlass com/sun/security/sasl/gsskerb/JdkSASL$1
instanceKlass  @bci sun/security/jgss/SunProvider <init> ()V 15 <appendix> member <vmtarget> ; # sun/security/jgss/SunProvider$$Lambda+0x000001e1033306f0
instanceKlass sun/security/jca/ProviderConfig$ProviderLoader
instanceKlass sun/security/jca/ProviderConfig$3
instanceKlass javax/net/ssl/SSLContextSpi
instanceKlass javax/net/ssl/SSLContext
instanceKlass  @bci javax/net/ssl/SSLSocketFactory getSecurityProperty (Ljava/lang/String;)Ljava/lang/String; 1 <appendix> member <vmtarget> ; # javax/net/ssl/SSLSocketFactory$$Lambda+0x000001e1032fbe50
instanceKlass javax/net/ssl/SSLSocketFactory$DefaultFactoryHolder
instanceKlass javax/net/SocketFactory
instanceKlass javax/net/ssl/HttpsURLConnection$DefaultHostnameVerifier
instanceKlass javax/net/ssl/HostnameVerifier
instanceKlass java/net/spi/URLStreamHandlerProvider
instanceKlass java/net/URL$1
instanceKlass java/net/URL$2
instanceKlass jdk/internal/misc/ThreadTracker
instanceKlass java/net/URL$ThreadTrackHolder
instanceKlass io/opencensus/trace/AttributeValue
instanceKlass io/opencensus/trace/SpanId
instanceKlass io/opencensus/trace/TraceId
instanceKlass io/opencensus/trace/SpanContext
instanceKlass io/opencensus/trace/BaseMessageEvent
instanceKlass io/grpc/Context$Key
instanceKlass io/opencensus/trace/unsafe/ContextUtils
instanceKlass io/opencensus/trace/unsafe/ContextHandleImpl
instanceKlass java/util/concurrent/atomic/AtomicReference
instanceKlass io/grpc/Context$Storage
instanceKlass io/grpc/Context$LazyStorage
instanceKlass io/grpc/Context$ParentListener
instanceKlass io/grpc/PersistentHashArrayMappedTrie$Node
instanceKlass io/grpc/PersistentHashArrayMappedTrie
instanceKlass io/grpc/Context$CancellationListener
instanceKlass io/grpc/Context
instanceKlass io/opencensus/trace/ContextHandle
instanceKlass io/opencensus/trace/unsafe/ContextManagerImpl
instanceKlass io/opencensus/trace/ContextManager
instanceKlass io/opencensus/trace/unsafe/ContextHandleUtils
instanceKlass io/opencensus/common/Scope
instanceKlass io/opencensus/common/NonThrowingCloseable
instanceKlass io/opencensus/trace/CurrentSpanUtils
instanceKlass com/google/api/client/http/HttpBackOffIOExceptionHandler
instanceKlass  @bci com/google/auth/oauth2/ServiceAccountCredentials refreshAccessToken ()Lcom/google/auth/oauth2/AccessToken; 175 <appendix> argL0 ; # com/google/auth/oauth2/ServiceAccountCredentials$$Lambda+0x000001e10332a910
instanceKlass com/google/api/client/http/HttpResponse
instanceKlass com/google/api/client/http/HttpBackOffUnsuccessfulResponseHandler$BackOffRequired$2
instanceKlass com/google/api/client/http/HttpBackOffUnsuccessfulResponseHandler$BackOffRequired$1
instanceKlass com/google/api/client/http/HttpBackOffUnsuccessfulResponseHandler$BackOffRequired
instanceKlass com/google/api/client/http/HttpBackOffUnsuccessfulResponseHandler
instanceKlass com/google/api/client/util/ExponentialBackOff
instanceKlass com/google/api/client/util/NanoClock$1
instanceKlass com/google/api/client/util/NanoClock
instanceKlass com/google/api/client/util/ExponentialBackOff$Builder
instanceKlass io/opencensus/trace/Tracestate$Builder
instanceKlass io/opencensus/trace/Tracestate
instanceKlass io/opencensus/trace/TraceOptions$Builder
instanceKlass io/opencensus/trace/TraceOptions
instanceKlass io/opencensus/trace/propagation/TextFormat
instanceKlass io/opencensus/contrib/http/util/HttpPropagationUtil
instanceKlass io/opencensus/trace/SpanBuilder
instanceKlass io/opencensus/trace/Span
instanceKlass io/opencensus/trace/Tracer
instanceKlass io/opencensus/internal/Utils
instanceKlass io/opencensus/trace/export/SampledSpanStore$PerSpanNameSummary
instanceKlass io/opencensus/trace/export/SampledSpanStore
instanceKlass io/opencensus/trace/export/ExportComponent
instanceKlass io/opencensus/common/Clock
instanceKlass io/opencensus/trace/TraceComponent
instanceKlass io/opencensus/trace/Tracing
instanceKlass io/opencensus/trace/propagation/TextFormat$Setter
instanceKlass com/google/api/client/http/OpenCensusUtils
instanceKlass com/google/api/client/util/Sleeper$1
instanceKlass com/google/api/client/util/Sleeper
instanceKlass com/google/api/client/http/HttpHeaders$ParseHeaderState
instanceKlass com/google/api/client/http/LowLevelHttpResponse
instanceKlass com/google/api/client/http/HttpRequest
instanceKlass java/net/URLDecoder
instanceKlass com/google/api/client/util/escape/CharEscapers
instanceKlass  @bci java/util/regex/Pattern DOT ()Ljava/util/regex/Pattern$CharPredicate; 0 <appendix> argL0 ; # java/util/regex/Pattern$$Lambda+0x000001e1032f8f08
instanceKlass com/google/api/client/util/escape/Escaper
instanceKlass com/google/api/client/http/HttpRequestFactory
instanceKlass  @bci java/util/regex/Pattern ALL ()Ljava/util/regex/Pattern$CharPredicate; 0 <appendix> argL0 ; # java/util/regex/Pattern$$Lambda+0x000001e1032f8a48
instanceKlass  @bci java/util/regex/Pattern and (Ljava/util/regex/Pattern$CharPredicate;Ljava/util/regex/Pattern$CharPredicate;Z)Ljava/util/regex/Pattern$CharPredicate; 14 <appendix> member <vmtarget> ; # java/util/regex/Pattern$$Lambda+0x000001e1032f87e0
instanceKlass  @bci java/util/regex/Pattern negate (Ljava/util/regex/Pattern$CharPredicate;)Ljava/util/regex/Pattern$CharPredicate; 1 <appendix> member <vmtarget> ; # java/util/regex/Pattern$$Lambda+0x800000030
instanceKlass  @bci java/util/regex/CharPredicates ctype (I)Ljava/util/regex/Pattern$CharPredicate; 1 <appendix> member <vmtarget> ; # java/util/regex/CharPredicates$$Lambda+0x000001e1032f8550
instanceKlass  @bci java/util/regex/CharPredicates range (II)Ljava/util/regex/Pattern$CharPredicate; 2 <appendix> member <vmtarget> ; # java/util/regex/CharPredicates$$Lambda+0x000001e1032f82c0
instanceKlass  @bci java/util/regex/CharPredicates ASCII_WORD ()Ljava/util/regex/Pattern$BmpCharPredicate; 0 <appendix> argL0 ; # java/util/regex/CharPredicates$$Lambda+0x000001e1032f8030
instanceKlass com/google/api/client/http/HttpMediaType
instanceKlass com/google/api/client/http/UrlEncodedParser
instanceKlass com/google/api/client/http/AbstractHttpContent
instanceKlass sun/security/rsa/RSACore$BlindingRandomPair
instanceKlass java/math/MutableBigInteger
instanceKlass sun/security/jca/JCAUtil$CachedSecureRandomHolder
instanceKlass sun/security/jca/JCAUtil
instanceKlass sun/security/rsa/RSACore$BlindingParameters
instanceKlass  @bci sun/security/rsa/RSACore getBlindingRandomPair (Ljava/math/BigInteger;Ljava/math/BigInteger;Ljava/math/BigInteger;)Lsun/security/rsa/RSACore$BlindingRandomPair; 10 <appendix> argL0 ; # sun/security/rsa/RSACore$$Lambda+0x000001e1032f6f00
instanceKlass sun/security/util/ByteArrayTagOrder
instanceKlass sun/security/util/ByteArrayLexOrder
instanceKlass sun/security/rsa/RSAPadding
instanceKlass sun/security/rsa/RSACore
instanceKlass java/security/interfaces/RSAPublicKey
instanceKlass java/security/PublicKey
instanceKlass java/security/Signature$1
instanceKlass jdk/internal/access/JavaSecuritySignatureAccess
instanceKlass java/security/SignatureSpi
instanceKlass com/google/api/client/util/StringUtils
instanceKlass com/google/api/client/util/ArrayMap$Entry
instanceKlass com/google/api/client/json/JsonString
instanceKlass com/google/api/client/util/DataMap$Entry
# instanceKlass java/lang/invoke/LambdaForm$MH+0x000001e103320400
# instanceKlass java/lang/invoke/LambdaForm$MH+0x000001e103320000
instanceKlass com/google/api/client/util/ArrayMap$EntryIterator
instanceKlass com/google/api/client/util/DataMap$EntryIterator
instanceKlass com/google/api/client/util/GenericData$EntryIterator
instanceKlass com/google/api/client/json/webtoken/JsonWebToken
instanceKlass com/google/common/base/Joiner
instanceKlass com/google/api/client/util/Joiner
instanceKlass java/util/IdentityHashMap$EntryIterator$Entry
instanceKlass com/google/common/base/ExtraObjectsMethodsForWeb
instanceKlass com/google/api/client/util/Objects
instanceKlass com/google/common/base/Ascii
instanceKlass com/google/auth/oauth2/OAuth2Credentials$AsyncRefreshResult
instanceKlass com/google/common/util/concurrent/Futures$CallbackListener
instanceKlass com/google/common/util/concurrent/GwtFuturesCatchingSpecialization
instanceKlass com/google/auth/oauth2/OAuth2Credentials$RefreshTask$1
instanceKlass com/google/common/util/concurrent/ExecutionList$RunnableExecutorPair
instanceKlass com/google/common/util/concurrent/ListeningScheduledExecutorService
instanceKlass com/google/common/util/concurrent/ListeningExecutorService
instanceKlass com/google/common/util/concurrent/MoreExecutors
instanceKlass com/google/auth/oauth2/OAuth2Credentials$RefreshTaskListener
instanceKlass com/google/common/util/concurrent/AbstractFuture$Waiter
instanceKlass com/google/common/util/concurrent/AbstractFuture$Listener
instanceKlass com/google/common/util/concurrent/AbstractFuture$UnsafeAtomicHelper$1
instanceKlass sun/misc/Unsafe
instanceKlass com/google/common/util/concurrent/AbstractFuture$AtomicHelper
instanceKlass com/google/common/util/concurrent/internal/InternalFutureFailureAccess
instanceKlass com/google/common/util/concurrent/ExecutionList
instanceKlass com/google/auth/oauth2/OAuth2Credentials$1
instanceKlass com/google/common/collect/Hashing
instanceKlass com/google/common/base/MoreObjects
instanceKlass com/google/common/collect/PeekingIterator
instanceKlass com/google/common/collect/Iterators
instanceKlass com/google/common/base/Function
instanceKlass com/google/common/collect/Iterables
instanceKlass com/google/common/collect/ImmutableSet$SetBuilderImpl
instanceKlass com/google/api/client/util/Clock$1
instanceKlass com/google/api/client/util/Clock
instanceKlass sun/security/rsa/RSAUtil
instanceKlass sun/security/util/DerInputStream
instanceKlass sun/security/util/DerValue
instanceKlass sun/security/pkcs/PKCS8Key
instanceKlass sun/security/util/InternalPrivateKey
instanceKlass java/security/interfaces/RSAPrivateCrtKey
instanceKlass java/security/interfaces/RSAPrivateKey
instanceKlass java/security/interfaces/RSAKey
instanceKlass java/security/PrivateKey
instanceKlass javax/security/auth/Destroyable
instanceKlass java/security/spec/PSSParameterSpec
instanceKlass java/security/spec/AlgorithmParameterSpec
instanceKlass sun/security/util/ObjectIdentifier
instanceKlass sun/security/x509/AlgorithmId
instanceKlass sun/security/util/DerEncoder
instanceKlass java/security/spec/RSAPrivateKeySpec
instanceKlass java/security/spec/RSAPublicKeySpec
instanceKlass java/security/KeyFactorySpi
instanceKlass sun/security/rsa/SunRsaSignEntries
instanceKlass sun/security/jca/ProviderList$ServiceList$1
instanceKlass java/security/KeyFactory
instanceKlass java/security/Key
instanceKlass java/security/cert/X509Extension
instanceKlass com/google/api/client/util/SecurityUtils
instanceKlass  @bci java/security/spec/EncodedKeySpec <clinit> ()V 0 <appendix> argL0 ; # java/security/spec/EncodedKeySpec$$Lambda+0x000001e1032ee420
instanceKlass jdk/internal/access/JavaSecuritySpecAccess
instanceKlass java/security/spec/EncodedKeySpec
instanceKlass com/google/common/math/IntMath$1
instanceKlass com/google/common/math/MathPreconditions
instanceKlass com/google/common/math/IntMath
instanceKlass com/google/common/io/BaseEncoding$Alphabet
instanceKlass com/google/common/io/ByteSink
instanceKlass com/google/common/io/ByteSource
instanceKlass com/google/common/io/BaseEncoding
instanceKlass com/google/api/client/util/Base64
instanceKlass com/google/api/client/util/PemReader$Section
instanceKlass com/google/api/client/util/PemReader
instanceKlass com/google/api/client/util/Key
instanceKlass com/google/api/client/util/FieldInfo
instanceKlass com/google/api/client/util/ClassInfo$1
instanceKlass com/google/api/client/util/ClassInfo
instanceKlass com/google/api/client/util/Types
instanceKlass com/google/api/client/json/JsonParser$1
instanceKlass com/google/api/client/util/DateTime
instanceKlass java/math/MathContext
instanceKlass com/google/api/client/util/Data
instanceKlass com/google/api/client/json/gson/GsonParser$1
instanceKlass com/google/api/client/util/Sets
instanceKlass com/google/api/client/json/JsonObjectParser$Builder
instanceKlass com/google/api/client/json/JsonObjectParser
instanceKlass com/google/common/base/Preconditions
instanceKlass com/google/api/client/util/Preconditions
instanceKlass com/google/api/client/json/gson/GsonFactory$InstanceHolder
instanceKlass com/google/api/client/json/JsonParser
instanceKlass com/google/api/client/json/JsonGenerator
instanceKlass com/google/auth/oauth2/OAuth2Utils$DefaultHttpTransportFactory
instanceKlass com/google/api/client/http/javanet/DefaultConnectionFactory
instanceKlass com/google/api/client/http/LowLevelHttpRequest
instanceKlass com/google/api/client/http/javanet/ConnectionFactory
instanceKlass java/security/spec/KeySpec
instanceKlass com/google/auth/http/HttpTransportFactory
instanceKlass com/google/auth/oauth2/OAuth2Utils
instanceKlass com/google/auth/oauth2/DefaultCredentialsProvider
instanceKlass com/google/common/collect/AbstractMapEntry
instanceKlass com/google/common/collect/UnmodifiableIterator
instanceKlass com/google/common/collect/BiMap
instanceKlass com/google/common/collect/ImmutableMap
instanceKlass com/google/auth/Retryable
instanceKlass com/google/api/client/http/HttpIOExceptionHandler
instanceKlass com/google/api/client/http/HttpUnsuccessfulResponseHandler
instanceKlass com/google/api/client/util/BackOff
instanceKlass com/google/api/client/util/ObjectParser
instanceKlass com/google/api/client/http/HttpContent
instanceKlass com/google/api/client/util/StreamingContent
instanceKlass com/google/auth/oauth2/OAuth2Credentials$Builder
instanceKlass com/google/common/util/concurrent/FutureCallback
instanceKlass com/google/common/util/concurrent/ListenableFuture
instanceKlass com/google/auth/oauth2/JwtProvider
instanceKlass com/google/auth/oauth2/IdTokenProvider
instanceKlass com/google/auth/ServiceAccountSigner
instanceKlass  @bci driverecovery/ConfigPanel lambda$3 (Ljavax/swing/JLabel;Ljavax/swing/JButton;Ljava/awt/event/ActionEvent;)V 110 <appendix> member <vmtarget> ; # driverecovery/ConfigPanel$$Lambda+0x000001e103301558
instanceKlass sun/datatransfer/DataFlavorUtil$RMI
instanceKlass sun/datatransfer/DataFlavorUtil$DataFlavorComparator
instanceKlass sun/awt/datatransfer/ClipboardTransferable$DataFactory
instanceKlass  @bci sun/awt/datatransfer/ClipboardTransferable <init> (Lsun/awt/datatransfer/SunClipboard;)V 71 <appendix> member <vmtarget> ; # sun/awt/datatransfer/ClipboardTransferable$$Lambda+0x000001e1032ea478
instanceKlass java/util/AbstractMap$SimpleEntry
instanceKlass java/util/Collections$ReverseComparator2
instanceKlass java/util/Collections$ReverseComparator
instanceKlass sun/datatransfer/DataFlavorUtil$CharsetComparator
instanceKlass sun/datatransfer/DataFlavorUtil$StandardEncodingsHolder
instanceKlass  @bci java/awt/datatransfer/SystemFlavorMap initSystemFlavorMap ()V 13 <appendix> argL0 ; # java/awt/datatransfer/SystemFlavorMap$$Lambda+0x000001e1032e8a78
instanceKlass sun/awt/Mutex
instanceKlass sun/awt/datatransfer/ToolkitThreadBlockedHandler
instanceKlass java/awt/datatransfer/MimeType
instanceKlass java/awt/datatransfer/MimeTypeParameterList
instanceKlass sun/awt/datatransfer/DataTransferer
instanceKlass sun/awt/datatransfer/ClipboardTransferable
instanceKlass java/awt/datatransfer/Clipboard
instanceKlass javax/swing/TransferHandler$TransferAction$2
instanceKlass javax/swing/TransferHandler$TransferAction$1
instanceKlass javax/swing/JComponent$ActionStandin
instanceKlass javax/swing/JComponent$IntVector
instanceKlass javax/swing/JComponent$KeyboardState
instanceKlass sun/awt/DebugSettings
instanceKlass  @bci com/formdev/flatlaf/ui/FlatListUI$1 focusLost (Ljava/awt/event/FocusEvent;)V 6 <appendix> member <vmtarget> ; # com/formdev/flatlaf/ui/FlatListUI$1$$Lambda+0x000001e103301330
instanceKlass com/google/gson/internal/Primitives
instanceKlass com/google/gson/internal/LinkedTreeMap$Node
instanceKlass com/google/gson/internal/LinkedTreeMap$1
instanceKlass com/google/gson/internal/bind/TypeAdapters$35
instanceKlass com/google/gson/internal/JsonReaderInternalAccess
instanceKlass java/lang/reflect/WildcardType
instanceKlass com/google/gson/internal/$Gson$Types
instanceKlass com/google/gson/reflect/TypeToken
instanceKlass com/google/gson/internal/bind/ReflectiveTypeAdapterFactory$BoundField
instanceKlass com/google/gson/internal/bind/ReflectiveTypeAdapterFactory
instanceKlass com/google/gson/internal/bind/JsonAdapterAnnotationTypeAdapterFactory
instanceKlass com/google/gson/internal/bind/MapTypeAdapterFactory
instanceKlass com/google/gson/internal/bind/CollectionTypeAdapterFactory
instanceKlass com/google/gson/internal/bind/ArrayTypeAdapter$1
instanceKlass com/google/gson/internal/sql/SqlTimestampTypeAdapter$1
instanceKlass com/google/gson/internal/sql/SqlTimeTypeAdapter$1
instanceKlass com/google/gson/internal/sql/SqlDateTypeAdapter$1
instanceKlass com/google/gson/internal/bind/DefaultDateTypeAdapter$DateType
instanceKlass com/google/gson/internal/sql/SqlTypesSupport
instanceKlass com/google/gson/internal/bind/DateTypeAdapter$1
instanceKlass java/util/concurrent/atomic/AtomicLongArray
instanceKlass com/google/gson/internal/bind/NumberTypeAdapter$1
instanceKlass com/google/gson/internal/bind/ObjectTypeAdapter$1
instanceKlass com/google/gson/internal/bind/TypeAdapters$29
instanceKlass com/google/gson/internal/bind/TypeAdapters$33
instanceKlass java/util/Calendar
instanceKlass java/util/UUID
instanceKlass com/google/gson/internal/bind/TypeAdapters$34
instanceKlass java/util/concurrent/atomic/AtomicIntegerArray
instanceKlass com/google/gson/internal/bind/TypeAdapters$32
instanceKlass com/google/gson/internal/bind/TypeAdapters$31
instanceKlass com/google/gson/internal/bind/TypeAdapters
instanceKlass com/google/gson/internal/ObjectConstructor
instanceKlass com/google/gson/internal/ConstructorConstructor
instanceKlass com/google/gson/internal/Excluder
instanceKlass com/google/gson/JsonElement
instanceKlass com/google/gson/stream/JsonWriter
instanceKlass com/google/gson/TypeAdapterFactory
instanceKlass com/google/gson/TypeAdapter
instanceKlass com/google/gson/stream/JsonReader
instanceKlass com/google/gson/ToNumberStrategy
instanceKlass com/google/gson/FieldNamingStrategy
instanceKlass com/google/gson/Gson
instanceKlass java/awt/Window$1DisposeAction
instanceKlass sun/awt/SunToolkit$1
instanceKlass java/awt/KeyboardFocusManager$2
instanceKlass  @bci com/formdev/flatlaf/ui/FlatListCellBorder getLineColor ()Ljava/awt/Color; 11 <appendix> argL0 ; # com/formdev/flatlaf/ui/FlatListCellBorder$$Lambda+0x000001e1032cd448
instanceKlass  @bci com/formdev/flatlaf/ui/FlatListCellBorder$Selected paintBorder (Ljava/awt/Component;Ljava/awt/Graphics;IIII)V 1 <appendix> argL0 ; # com/formdev/flatlaf/ui/FlatListCellBorder$Selected$$Lambda+0x000001e1032ccf58
# instanceKlass java/lang/invoke/LambdaForm$MH+0x000001e1032d0400
# instanceKlass java/lang/invoke/LambdaForm$MH+0x000001e1032d0000
instanceKlass sun/swing/FilePane$DelayedSelectionUpdater
instanceKlass  @bci java/util/Vector removeAll (Ljava/util/Collection;)Z 7 <appendix> member <vmtarget> ; # java/util/Vector$$Lambda+0x000001e1032e3f30
instanceKlass java/awt/Event
instanceKlass javax/swing/plaf/basic/BasicPopupMenuUI$MouseGrabber$2
instanceKlass javax/swing/Autoscroller
instanceKlass java/awt/LightweightDispatcher$2
instanceKlass  @bci com/formdev/flatlaf/ui/FlatPopupFactory getHeavyWeightPopup (Ljava/awt/Component;Ljava/awt/Component;II)Ljavax/swing/Popup; 76 <adapter> ; # java/lang/invoke/LambdaForm$MH+0x000001e1032cbc00
# instanceKlass java/lang/invoke/LambdaForm$DMH+0x000001e1032cb800
# instanceKlass java/lang/invoke/LambdaForm$DMH+0x000001e1032cb400
instanceKlass sun/nio/fs/WindowsChannelFactory$2
instanceKlass sun/nio/fs/WindowsPath$1
instanceKlass  @bci com/formdev/flatlaf/util/NativeLibrary deleteTemporaryFiles (Ljava/nio/file/Path;)V 17 <appendix> argL0 ; # com/formdev/flatlaf/util/NativeLibrary$$Lambda+0x000001e1032cca88
instanceKlass com/formdev/flatlaf/util/NativeLibrary
instanceKlass com/formdev/flatlaf/ui/FlatNativeLibrary
instanceKlass com/formdev/flatlaf/ui/FlatNativeWindowsLibrary
instanceKlass  @bci com/formdev/flatlaf/SubMenuUsabilityHelper stateChanged (Ljavax/swing/event/ChangeEvent;)V 40 <appendix> member <vmtarget> ; # com/formdev/flatlaf/SubMenuUsabilityHelper$$Lambda+0x000001e1032cc240
instanceKlass javax/swing/plaf/basic/BasicPopupMenuUI$MouseGrabber$1
# instanceKlass java/lang/invoke/LambdaForm$DMH+0x000001e1032cb000
instanceKlass javax/swing/text/JTextComponent$InputMethodRequestsHandler
instanceKlass sun/font/StandardGlyphVector$GlyphStrike
instanceKlass  @bci com/formdev/flatlaf/ui/StackUtilsImpl wasInvokedFromImpl (Ljava/util/function/BiPredicate;I)Z 5 <appendix> form vmentry <vmtarget> ; # java/lang/invoke/LambdaForm$DMH+0x000001e1032cac00
instanceKlass  @bci sun/awt/image/MultiResolutionToolkitImage getResolutionVariantObserver (Ljava/awt/Image;Ljava/awt/image/ImageObserver;IIIIZ)Ljava/awt/image/ImageObserver; 20 <appendix> member <vmtarget> ; # sun/awt/image/MultiResolutionToolkitImage$$Lambda+0x000001e1032bc1b0
instanceKlass  @cpi com/formdev/flatlaf/ui/StackUtilsImpl 53 form vmentry <vmtarget> ; # java/lang/invoke/LambdaForm$DMH+0x000001e1032ca800
instanceKlass sun/awt/image/MultiResolutionToolkitImage$ObserverCache
instanceKlass sun/awt/ModalExclude
instanceKlass java/awt/WaitDispatchSupport$4
instanceKlass java/awt/WaitDispatchSupport$2
instanceKlass java/awt/WaitDispatchSupport$1
instanceKlass java/awt/WaitDispatchSupport$5
instanceKlass java/awt/WaitDispatchSupport
instanceKlass java/awt/SecondaryLoop
instanceKlass  @bci java/awt/Dialog show ()V 205 <appendix> argL0 ; # java/awt/Dialog$$Lambda+0x000001e1032bae58
instanceKlass  @bci java/awt/Dialog show ()V 189 <appendix> member <vmtarget> ; # java/awt/Dialog$$Lambda+0x000001e1032bac30
instanceKlass java/awt/ModalEventFilter$1
instanceKlass java/awt/peer/FileDialogPeer
instanceKlass javax/swing/plaf/basic/BasicDirectoryModel$DoChangeContents
instanceKlass java/util/AbstractList$SubList$1
instanceKlass javax/swing/plaf/basic/BasicDirectoryModel$FilesLoader$1
instanceKlass sun/awt/shell/Win32ShellFolder2$ColumnComparator$1
instanceKlass sun/awt/shell/ShellFolder$1
instanceKlass  @bci com/formdev/flatlaf/ui/FlatToolBarBorder getBorderInsets (Ljava/awt/Component;Ljava/awt/Insets;)Ljava/awt/Insets; 1 <appendix> argL0 ; # com/formdev/flatlaf/ui/FlatToolBarBorder$$Lambda+0x000001e1032cc000
instanceKlass java/awt/peer/DialogPeer
instanceKlass javax/swing/KeyboardManager$ComponentKeyStrokePair
instanceKlass sun/awt/shell/Win32ShellFolderManager2$ComInvoker$2
instanceKlass javax/swing/plaf/basic/BasicDirectoryModel$FilesLoader
instanceKlass javax/swing/plaf/basic/BasicDirectoryModel$1
instanceKlass sun/awt/shell/Win32ShellFolder2$15
instanceKlass sun/awt/shell/Win32ShellFolder2$11
instanceKlass sun/awt/shell/Win32ShellFolder2$18
instanceKlass sun/awt/shell/Win32ShellFolder2$5
instanceKlass sun/awt/shell/Win32ShellFolder2$9
instanceKlass sun/awt/shell/Win32ShellFolder2$ColumnComparator
instanceKlass sun/awt/shell/Win32ShellFolder2$16
instanceKlass sun/awt/shell/Win32ShellFolderManager2$1
instanceKlass  @bci com/formdev/flatlaf/ui/FlatListCellBorder getBorderInsets (Ljava/awt/Component;Ljava/awt/Insets;)Ljava/awt/Insets; 1 <appendix> argL0 ; # com/formdev/flatlaf/ui/FlatListCellBorder$$Lambda+0x000001e1032c7c60
instanceKlass sun/swing/FilePane$Handler
instanceKlass javax/swing/JList$ListSelectionHandler
instanceKlass javax/swing/plaf/basic/BasicFileChooserUI$Handler
instanceKlass sun/swing/FilePane$DetailsTableRowSorter$1
instanceKlass sun/swing/FilePane$DirectoriesFirstComparatorWrapper
instanceKlass javax/swing/RowSorter$SortKey
instanceKlass sun/swing/FilePane$DetailsTableRowSorter$2
instanceKlass sun/awt/shell/ShellFolderColumnInfo
instanceKlass sun/swing/FilePane$5
instanceKlass javax/swing/plaf/metal/MetalFileChooserUI$5
instanceKlass  @bci com/formdev/flatlaf/ui/FlatFileChooserUI$FlatShortcutsPanel <init> (Ljavax/swing/JFileChooser;)V 347 <appendix> member <vmtarget> ; # com/formdev/flatlaf/ui/FlatFileChooserUI$FlatShortcutsPanel$$Lambda+0x000001e1032c7a38
instanceKlass  @cpi com/formdev/flatlaf/ui/FlatFileChooserUI$FlatShortcutsPanel 248 form vmentry <vmtarget> ; # java/lang/invoke/LambdaForm$DMH+0x000001e1032ca400
instanceKlass com/formdev/flatlaf/util/ScaledImageIcon
instanceKlass java/awt/MediaEntry
instanceKlass sun/awt/shell/Win32ShellFolder2$14
instanceKlass java/awt/MediaTracker
instanceKlass javax/swing/ImageIcon$2
instanceKlass javax/swing/ImageIcon$1
instanceKlass java/awt/image/MultiResolutionImage
instanceKlass  @bci sun/awt/shell/Win32ShellFolder2 getIcon (II)Ljava/awt/Image; 8 <appendix> member <vmtarget> ; # sun/awt/shell/Win32ShellFolder2$$Lambda+0x000001e1032a9210
# instanceKlass java/lang/invoke/LambdaForm$DMH+0x000001e1032c9000
# instanceKlass java/lang/invoke/LambdaForm$MH+0x000001e1032c8c00
# instanceKlass java/lang/invoke/LambdaForm$DMH+0x000001e1032c8800
instanceKlass java/lang/invoke/ClassSpecializer$Factory$1Var
# instanceKlass java/lang/invoke/LambdaForm$DMH+0x000001e1032c8400
instanceKlass sun/invoke/util/ValueConversions$1
instanceKlass sun/awt/shell/Win32ShellFolder2$13
instanceKlass sun/awt/shell/Win32ShellFolder2$8
instanceKlass sun/awt/shell/Win32ShellFolder2$10
instanceKlass sun/awt/shell/Win32ShellFolder2$4
instanceKlass sun/awt/shell/Win32ShellFolder2$2
instanceKlass sun/awt/shell/Win32ShellFolder2$12
instanceKlass com/formdev/flatlaf/ui/JavaCompatibility2
instanceKlass  @bci com/formdev/flatlaf/ui/FlatToolBarUI applyStyle (Ljava/lang/Object;)V 17 <appendix> member <vmtarget> ; # com/formdev/flatlaf/ui/FlatToolBarUI$$Lambda+0x000001e1032c73a0
instanceKlass javax/swing/plaf/basic/BasicToolBarUI$ToolBarContListener
instanceKlass  @bci com/formdev/flatlaf/ui/FlatToolBarUI createPropertyListener ()Ljava/beans/PropertyChangeListener; 5 <appendix> member <vmtarget> ; # com/formdev/flatlaf/ui/FlatToolBarUI$$Lambda+0x000001e1032c6f38
instanceKlass javax/swing/plaf/basic/BasicToolBarUI$Handler
instanceKlass javax/swing/JToolBar$DefaultToolBarLayout
instanceKlass javax/swing/plaf/metal/MetalFileChooserUI$ButtonAreaLayout
instanceKlass javax/swing/plaf/metal/MetalFileChooserUI$2
instanceKlass  @bci com/formdev/flatlaf/ui/FlatToggleButtonUI createUI (Ljavax/swing/JComponent;)Ljavax/swing/plaf/ComponentUI; 9 <appendix> argL0 ; # com/formdev/flatlaf/ui/FlatToggleButtonUI$$Lambda+0x000001e1032c63c0
instanceKlass sun/awt/shell/Win32ShellFolder2$6
instanceKlass sun/awt/shell/Win32ShellFolder2$1
instanceKlass sun/awt/shell/Win32ShellFolder2$FolderDisposer
instanceKlass  @bci sun/awt/shell/Win32ShellFolderManager2$ComInvoker newThread (Ljava/lang/Runnable;)Ljava/lang/Thread; 11 <appendix> member <vmtarget> ; # sun/awt/shell/Win32ShellFolderManager2$ComInvoker$$Lambda+0x000001e1032a15f0
instanceKlass sun/awt/shell/Win32ShellFolderManager2$ComInvoker$1
instanceKlass sun/awt/shell/Win32ShellFolder2$7
instanceKlass sun/awt/shell/ShellFolder$4
instanceKlass sun/awt/shell/ShellFolder$3
instanceKlass  @bci sun/awt/shell/Win32ShellFolderManager2$ComInvoker <init> ()V 35 <appendix> member <vmtarget> ; # sun/awt/shell/Win32ShellFolderManager2$ComInvoker$$Lambda+0x000001e1032a0618
instanceKlass  @bci sun/awt/shell/Win32ShellFolderManager2$ComInvoker <init> ()V 28 <appendix> member <vmtarget> ; # sun/awt/shell/Win32ShellFolderManager2$ComInvoker$$Lambda+0x000001e1032a03f0
instanceKlass java/util/concurrent/Executors$DefaultThreadFactory
instanceKlass java/util/concurrent/LinkedBlockingQueue$Node
instanceKlass sun/awt/shell/ShellFolder$Invoker
instanceKlass sun/awt/shell/ShellFolderManager
instanceKlass javax/swing/ActionPropertyChangeListener
instanceKlass javax/swing/plaf/metal/MetalFileChooserUI$IndentIcon
instanceKlass javax/swing/KeyboardManager
instanceKlass  @bci com/formdev/flatlaf/ui/FlatComboBoxUI applyStyle (Ljava/lang/Object;)V 17 <appendix> member <vmtarget> ; # com/formdev/flatlaf/ui/FlatComboBoxUI$$Lambda+0x000001e1032c6188
instanceKlass com/formdev/flatlaf/ui/FlatComboBoxUI$FlatKeySelectionManager
instanceKlass javax/swing/plaf/basic/BasicComboBoxUI$DefaultKeySelectionManager
instanceKlass javax/swing/plaf/basic/BasicComboBoxUI$ComboBoxLayoutManager
instanceKlass javax/swing/plaf/basic/BasicComboBoxUI$FocusHandler
instanceKlass  @bci com/formdev/flatlaf/ui/FlatComboBoxUI createPropertyChangeListener ()Ljava/beans/PropertyChangeListener; 7 <appendix> member <vmtarget> ; # com/formdev/flatlaf/ui/FlatComboBoxUI$$Lambda+0x000001e1032c55b8
instanceKlass javax/swing/plaf/basic/BasicComboBoxUI$Handler
instanceKlass javax/swing/plaf/basic/BasicComboBoxEditor
instanceKlass javax/swing/ComboBoxEditor
instanceKlass  @bci com/formdev/flatlaf/ui/FlatComboBoxUI$FlatComboPopup createPropertyChangeListener ()Ljava/beans/PropertyChangeListener; 7 <appendix> member <vmtarget> ; # com/formdev/flatlaf/ui/FlatComboBoxUI$FlatComboPopup$$Lambda+0x000001e1032c5390
instanceKlass com/formdev/flatlaf/ui/FlatComboBoxUI$FlatComboPopup$PopupListCellRenderer
instanceKlass com/formdev/flatlaf/ui/FlatUIUtils$NonUIResourceBorder
instanceKlass javax/swing/plaf/basic/BasicComboPopup$Handler
instanceKlass  @bci com/formdev/flatlaf/ui/FlatListUI applyStyle (Ljava/lang/Object;)V 29 <appendix> member <vmtarget> ; # com/formdev/flatlaf/ui/FlatListUI$$Lambda+0x000001e1032c4cd8
instanceKlass  @bci com/formdev/flatlaf/ui/FlatListUI createListSelectionListener ()Ljavax/swing/event/ListSelectionListener; 7 <appendix> member <vmtarget> ; # com/formdev/flatlaf/ui/FlatListUI$$Lambda+0x000001e1032c4ab0
instanceKlass  @bci com/formdev/flatlaf/ui/FlatListUI createPropertyChangeListener ()Ljava/beans/PropertyChangeListener; 7 <appendix> member <vmtarget> ; # com/formdev/flatlaf/ui/FlatListUI$$Lambda+0x000001e1032c4888
instanceKlass javax/swing/plaf/basic/BasicListUI$Handler
instanceKlass javax/swing/plaf/basic/BasicListUI$FocusHandler
instanceKlass  @bci com/formdev/flatlaf/ui/FlatPopupMenuUI applyStyle (Ljava/lang/Object;)V 7 <appendix> member <vmtarget> ; # com/formdev/flatlaf/ui/FlatPopupMenuUI$$Lambda+0x000001e10321fd00
instanceKlass  @bci com/formdev/flatlaf/ui/FlatPopupMenuUI installListeners ()V 10 <appendix> member <vmtarget> ; # com/formdev/flatlaf/ui/FlatPopupMenuUI$$Lambda+0x000001e10321fad8
instanceKlass javax/swing/plaf/basic/BasicPopupMenuUI$MenuKeyboardHelper
instanceKlass javax/swing/plaf/basic/BasicPopupMenuUI$MouseGrabber
instanceKlass javax/swing/plaf/basic/BasicPopupMenuUI$BasicMenuKeyListener
instanceKlass javax/swing/plaf/basic/BasicPopupMenuUI$BasicPopupMenuListener
instanceKlass javax/swing/plaf/basic/BasicLookAndFeel$1
instanceKlass javax/swing/plaf/basic/BasicLookAndFeel$AWTEventHelper
instanceKlass javax/swing/plaf/basic/BasicComboPopup$EmptyListModelClass
instanceKlass javax/swing/ListCellRenderer
instanceKlass javax/swing/plaf/basic/ComboPopup
instanceKlass javax/swing/JComboBox$KeySelectionManager
instanceKlass javax/swing/AncestorNotifier
instanceKlass javax/swing/JComboBox$1
instanceKlass javax/swing/MutableComboBoxModel
instanceKlass javax/swing/ComboBoxModel
instanceKlass javax/swing/plaf/metal/MetalFileChooserUI$MetalFileChooserUIAccessor
instanceKlass sun/swing/FilePane$FileChooserUIAccessor
instanceKlass sun/swing/FilePane$3
instanceKlass javax/swing/plaf/metal/OceanTheme$6
instanceKlass javax/swing/plaf/metal/OceanTheme$5
instanceKlass javax/swing/plaf/metal/OceanTheme$4
instanceKlass javax/swing/plaf/metal/OceanTheme$3
instanceKlass javax/swing/plaf/metal/OceanTheme$2
instanceKlass javax/swing/plaf/metal/OceanTheme$1
instanceKlass  @bci javax/swing/plaf/metal/OceanTheme addCustomEntriesToTable (Ljavax/swing/UIDefaults;)V 1 <appendix> member <vmtarget> ; # javax/swing/plaf/metal/OceanTheme$$Lambda+0x000001e1030e0670
instanceKlass  @bci javax/swing/plaf/metal/MetalLookAndFeel initComponentDefaults (Ljavax/swing/UIDefaults;)V 12018 <appendix> argL0 ; # javax/swing/plaf/metal/MetalLookAndFeel$$Lambda+0x000001e103287330
instanceKlass  @bci javax/swing/plaf/metal/MetalLookAndFeel initComponentDefaults (Ljavax/swing/UIDefaults;)V 11955 <appendix> argL0 ; # javax/swing/plaf/metal/MetalLookAndFeel$$Lambda+0x000001e103287110
instanceKlass  @bci javax/swing/plaf/metal/MetalLookAndFeel initComponentDefaults (Ljavax/swing/UIDefaults;)V 11907 <appendix> argL0 ; # javax/swing/plaf/metal/MetalLookAndFeel$$Lambda+0x000001e103286ef0
instanceKlass  @bci javax/swing/plaf/metal/MetalLookAndFeel initComponentDefaults (Ljavax/swing/UIDefaults;)V 11758 <appendix> argL0 ; # javax/swing/plaf/metal/MetalLookAndFeel$$Lambda+0x000001e103286cd0
instanceKlass  @bci javax/swing/plaf/metal/MetalLookAndFeel initComponentDefaults (Ljavax/swing/UIDefaults;)V 11740 <appendix> argL0 ; # javax/swing/plaf/metal/MetalLookAndFeel$$Lambda+0x000001e103286ab0
instanceKlass  @bci javax/swing/plaf/metal/MetalLookAndFeel initComponentDefaults (Ljavax/swing/UIDefaults;)V 10675 <appendix> argL0 ; # javax/swing/plaf/metal/MetalLookAndFeel$$Lambda+0x000001e103286890
instanceKlass  @bci javax/swing/plaf/metal/MetalLookAndFeel initComponentDefaults (Ljavax/swing/UIDefaults;)V 10657 <appendix> argL0 ; # javax/swing/plaf/metal/MetalLookAndFeel$$Lambda+0x000001e103286670
instanceKlass  @bci javax/swing/plaf/metal/MetalLookAndFeel initComponentDefaults (Ljavax/swing/UIDefaults;)V 10639 <appendix> argL0 ; # javax/swing/plaf/metal/MetalLookAndFeel$$Lambda+0x000001e103286450
instanceKlass  @bci javax/swing/plaf/metal/MetalLookAndFeel initComponentDefaults (Ljavax/swing/UIDefaults;)V 10621 <appendix> argL0 ; # javax/swing/plaf/metal/MetalLookAndFeel$$Lambda+0x000001e103286230
instanceKlass  @bci javax/swing/plaf/metal/MetalLookAndFeel initComponentDefaults (Ljavax/swing/UIDefaults;)V 10603 <appendix> argL0 ; # javax/swing/plaf/metal/MetalLookAndFeel$$Lambda+0x000001e103286010
instanceKlass  @bci javax/swing/plaf/metal/MetalLookAndFeel initComponentDefaults (Ljavax/swing/UIDefaults;)V 10124 <appendix> argL0 ; # javax/swing/plaf/metal/MetalLookAndFeel$$Lambda+0x000001e103285df0
instanceKlass  @bci javax/swing/plaf/metal/MetalLookAndFeel initComponentDefaults (Ljavax/swing/UIDefaults;)V 10106 <appendix> argL0 ; # javax/swing/plaf/metal/MetalLookAndFeel$$Lambda+0x000001e103285bd0
instanceKlass  @bci javax/swing/plaf/metal/MetalLookAndFeel initComponentDefaults (Ljavax/swing/UIDefaults;)V 9938 <appendix> argL0 ; # javax/swing/plaf/metal/MetalLookAndFeel$$Lambda+0x000001e1032859b0
instanceKlass  @bci javax/swing/plaf/metal/MetalLookAndFeel initComponentDefaults (Ljavax/swing/UIDefaults;)V 9920 <appendix> argL0 ; # javax/swing/plaf/metal/MetalLookAndFeel$$Lambda+0x000001e103285790
instanceKlass  @bci javax/swing/plaf/metal/MetalLookAndFeel initComponentDefaults (Ljavax/swing/UIDefaults;)V 9259 <appendix> argL0 ; # javax/swing/plaf/metal/MetalLookAndFeel$$Lambda+0x000001e103285570
instanceKlass  @bci javax/swing/plaf/metal/MetalLookAndFeel initComponentDefaults (Ljavax/swing/UIDefaults;)V 9241 <appendix> argL0 ; # javax/swing/plaf/metal/MetalLookAndFeel$$Lambda+0x000001e103285350
instanceKlass  @bci javax/swing/plaf/metal/MetalLookAndFeel initComponentDefaults (Ljavax/swing/UIDefaults;)V 9074 <appendix> argL0 ; # javax/swing/plaf/metal/MetalLookAndFeel$$Lambda+0x000001e103285130
instanceKlass  @bci javax/swing/plaf/metal/MetalLookAndFeel initComponentDefaults (Ljavax/swing/UIDefaults;)V 9056 <appendix> argL0 ; # javax/swing/plaf/metal/MetalLookAndFeel$$Lambda+0x000001e103284f10
instanceKlass  @bci javax/swing/plaf/metal/MetalLookAndFeel initComponentDefaults (Ljavax/swing/UIDefaults;)V 8779 <appendix> argL0 ; # javax/swing/plaf/metal/MetalLookAndFeel$$Lambda+0x000001e103284cf0
instanceKlass  @bci javax/swing/plaf/metal/MetalLookAndFeel initComponentDefaults (Ljavax/swing/UIDefaults;)V 5003 <appendix> member <vmtarget> ; # javax/swing/plaf/metal/MetalLookAndFeel$$Lambda+0x000001e103284ad0
instanceKlass  @bci javax/swing/plaf/metal/MetalLookAndFeel initComponentDefaults (Ljavax/swing/UIDefaults;)V 4983 <appendix> member <vmtarget> ; # javax/swing/plaf/metal/MetalLookAndFeel$$Lambda+0x000001e1032848b0
instanceKlass  @bci javax/swing/plaf/metal/MetalLookAndFeel initComponentDefaults (Ljavax/swing/UIDefaults;)V 4963 <appendix> member <vmtarget> ; # javax/swing/plaf/metal/MetalLookAndFeel$$Lambda+0x000001e103284690
instanceKlass  @bci javax/swing/plaf/metal/MetalLookAndFeel initComponentDefaults (Ljavax/swing/UIDefaults;)V 4943 <appendix> member <vmtarget> ; # javax/swing/plaf/metal/MetalLookAndFeel$$Lambda+0x000001e103284470
instanceKlass  @bci javax/swing/plaf/metal/MetalLookAndFeel initComponentDefaults (Ljavax/swing/UIDefaults;)V 4923 <appendix> argL0 ; # javax/swing/plaf/metal/MetalLookAndFeel$$Lambda+0x000001e103284250
instanceKlass  @bci javax/swing/plaf/metal/MetalLookAndFeel initComponentDefaults (Ljavax/swing/UIDefaults;)V 4887 <appendix> argL0 ; # javax/swing/plaf/metal/MetalLookAndFeel$$Lambda+0x000001e103284030
instanceKlass  @bci javax/swing/plaf/metal/MetalLookAndFeel initComponentDefaults (Ljavax/swing/UIDefaults;)V 4869 <appendix> argL0 ; # javax/swing/plaf/metal/MetalLookAndFeel$$Lambda+0x000001e103283e10
instanceKlass  @bci javax/swing/plaf/metal/MetalLookAndFeel initComponentDefaults (Ljavax/swing/UIDefaults;)V 4851 <appendix> argL0 ; # javax/swing/plaf/metal/MetalLookAndFeel$$Lambda+0x000001e103283bf0
instanceKlass  @bci javax/swing/plaf/metal/MetalLookAndFeel initComponentDefaults (Ljavax/swing/UIDefaults;)V 4833 <appendix> argL0 ; # javax/swing/plaf/metal/MetalLookAndFeel$$Lambda+0x000001e1032839d0
instanceKlass  @bci javax/swing/plaf/metal/MetalLookAndFeel initComponentDefaults (Ljavax/swing/UIDefaults;)V 4204 <appendix> argL0 ; # javax/swing/plaf/metal/MetalLookAndFeel$$Lambda+0x000001e1032837b0
instanceKlass  @bci javax/swing/plaf/metal/MetalLookAndFeel initComponentDefaults (Ljavax/swing/UIDefaults;)V 4186 <appendix> argL0 ; # javax/swing/plaf/metal/MetalLookAndFeel$$Lambda+0x000001e103283590
instanceKlass  @bci javax/swing/plaf/metal/MetalLookAndFeel initComponentDefaults (Ljavax/swing/UIDefaults;)V 3874 <appendix> argL0 ; # javax/swing/plaf/metal/MetalLookAndFeel$$Lambda+0x000001e103283370
instanceKlass  @bci javax/swing/plaf/metal/MetalLookAndFeel initComponentDefaults (Ljavax/swing/UIDefaults;)V 3858 <appendix> argL0 ; # javax/swing/plaf/metal/MetalLookAndFeel$$Lambda+0x000001e103283150
instanceKlass  @bci javax/swing/plaf/metal/MetalLookAndFeel initComponentDefaults (Ljavax/swing/UIDefaults;)V 3842 <appendix> argL0 ; # javax/swing/plaf/metal/MetalLookAndFeel$$Lambda+0x000001e103282f30
instanceKlass  @bci javax/swing/plaf/metal/MetalLookAndFeel initComponentDefaults (Ljavax/swing/UIDefaults;)V 3826 <appendix> argL0 ; # javax/swing/plaf/metal/MetalLookAndFeel$$Lambda+0x000001e103282d10
instanceKlass  @bci javax/swing/plaf/metal/MetalLookAndFeel initComponentDefaults (Ljavax/swing/UIDefaults;)V 3810 <appendix> argL0 ; # javax/swing/plaf/metal/MetalLookAndFeel$$Lambda+0x000001e103282af0
instanceKlass  @bci javax/swing/plaf/metal/MetalLookAndFeel initComponentDefaults (Ljavax/swing/UIDefaults;)V 3794 <appendix> argL0 ; # javax/swing/plaf/metal/MetalLookAndFeel$$Lambda+0x000001e1032828d0
instanceKlass  @bci javax/swing/plaf/metal/MetalLookAndFeel initComponentDefaults (Ljavax/swing/UIDefaults;)V 3778 <appendix> argL0 ; # javax/swing/plaf/metal/MetalLookAndFeel$$Lambda+0x000001e1032826b0
instanceKlass  @bci javax/swing/plaf/metal/MetalLookAndFeel initComponentDefaults (Ljavax/swing/UIDefaults;)V 3762 <appendix> argL0 ; # javax/swing/plaf/metal/MetalLookAndFeel$$Lambda+0x000001e103282490
instanceKlass  @bci javax/swing/plaf/metal/MetalLookAndFeel initComponentDefaults (Ljavax/swing/UIDefaults;)V 3746 <appendix> argL0 ; # javax/swing/plaf/metal/MetalLookAndFeel$$Lambda+0x000001e103282270
instanceKlass  @bci javax/swing/plaf/metal/MetalLookAndFeel initComponentDefaults (Ljavax/swing/UIDefaults;)V 3730 <appendix> argL0 ; # javax/swing/plaf/metal/MetalLookAndFeel$$Lambda+0x000001e103282050
instanceKlass  @bci javax/swing/plaf/metal/MetalLookAndFeel initComponentDefaults (Ljavax/swing/UIDefaults;)V 3509 <appendix> argL0 ; # javax/swing/plaf/metal/MetalLookAndFeel$$Lambda+0x000001e103281e30
instanceKlass  @bci javax/swing/plaf/metal/MetalLookAndFeel initComponentDefaults (Ljavax/swing/UIDefaults;)V 3399 <appendix> argL0 ; # javax/swing/plaf/metal/MetalLookAndFeel$$Lambda+0x000001e103281c10
instanceKlass javax/swing/plaf/metal/MetalLookAndFeel$FontActiveValue
instanceKlass  @bci javax/swing/plaf/metal/MetalLookAndFeel initComponentDefaults (Ljavax/swing/UIDefaults;)V 2174 <appendix> member <vmtarget> ; # javax/swing/plaf/metal/MetalLookAndFeel$$Lambda+0x000001e103281560
instanceKlass  @bci javax/swing/plaf/metal/MetalLookAndFeel initComponentDefaults (Ljavax/swing/UIDefaults;)V 2165 <appendix> member <vmtarget> ; # javax/swing/plaf/metal/MetalLookAndFeel$$Lambda+0x000001e103281338
instanceKlass  @bci javax/swing/plaf/metal/MetalLookAndFeel initComponentDefaults (Ljavax/swing/UIDefaults;)V 2156 <appendix> member <vmtarget> ; # javax/swing/plaf/metal/MetalLookAndFeel$$Lambda+0x000001e103281110
instanceKlass  @bci javax/swing/plaf/metal/MetalLookAndFeel initComponentDefaults (Ljavax/swing/UIDefaults;)V 2147 <appendix> member <vmtarget> ; # javax/swing/plaf/metal/MetalLookAndFeel$$Lambda+0x000001e103280ee8
instanceKlass  @bci javax/swing/plaf/metal/MetalLookAndFeel initComponentDefaults (Ljavax/swing/UIDefaults;)V 2138 <appendix> argL0 ; # javax/swing/plaf/metal/MetalLookAndFeel$$Lambda+0x000001e103280cc8
instanceKlass  @bci javax/swing/plaf/metal/MetalLookAndFeel initComponentDefaults (Ljavax/swing/UIDefaults;)V 2126 <appendix> argL0 ; # javax/swing/plaf/metal/MetalLookAndFeel$$Lambda+0x000001e103280aa8
instanceKlass  @bci javax/swing/plaf/metal/MetalLookAndFeel initComponentDefaults (Ljavax/swing/UIDefaults;)V 2119 <appendix> argL0 ; # javax/swing/plaf/metal/MetalLookAndFeel$$Lambda+0x000001e103280888
instanceKlass  @bci javax/swing/plaf/metal/MetalLookAndFeel initComponentDefaults (Ljavax/swing/UIDefaults;)V 2112 <appendix> argL0 ; # javax/swing/plaf/metal/MetalLookAndFeel$$Lambda+0x000001e103280668
instanceKlass  @bci javax/swing/plaf/metal/MetalLookAndFeel initComponentDefaults (Ljavax/swing/UIDefaults;)V 2105 <appendix> argL0 ; # javax/swing/plaf/metal/MetalLookAndFeel$$Lambda+0x000001e103280448
instanceKlass  @bci javax/swing/plaf/metal/MetalLookAndFeel initComponentDefaults (Ljavax/swing/UIDefaults;)V 2098 <appendix> member <vmtarget> ; # javax/swing/plaf/metal/MetalLookAndFeel$$Lambda+0x000001e103280220
instanceKlass  @bci javax/swing/plaf/metal/MetalLookAndFeel initComponentDefaults (Ljavax/swing/UIDefaults;)V 2089 <appendix> argL0 ; # javax/swing/plaf/metal/MetalLookAndFeel$$Lambda+0x000001e103280000
instanceKlass  @bci javax/swing/plaf/metal/MetalLookAndFeel initComponentDefaults (Ljavax/swing/UIDefaults;)V 2082 <appendix> argL0 ; # javax/swing/plaf/metal/MetalLookAndFeel$$Lambda+0x000001e10321bc40
instanceKlass  @bci javax/swing/plaf/metal/MetalLookAndFeel initComponentDefaults (Ljavax/swing/UIDefaults;)V 2075 <appendix> argL0 ; # javax/swing/plaf/metal/MetalLookAndFeel$$Lambda+0x000001e10321ba20
instanceKlass  @bci javax/swing/plaf/metal/MetalLookAndFeel initComponentDefaults (Ljavax/swing/UIDefaults;)V 126 <appendix> argL0 ; # javax/swing/plaf/metal/MetalLookAndFeel$$Lambda+0x000001e10321b800
instanceKlass  @bci javax/swing/plaf/metal/MetalLookAndFeel initComponentDefaults (Ljavax/swing/UIDefaults;)V 119 <appendix> argL0 ; # javax/swing/plaf/metal/MetalLookAndFeel$$Lambda+0x000001e10323fce8
instanceKlass  @bci javax/swing/plaf/metal/MetalLookAndFeel initComponentDefaults (Ljavax/swing/UIDefaults;)V 112 <appendix> argL0 ; # javax/swing/plaf/metal/MetalLookAndFeel$$Lambda+0x000001e10323fac8
instanceKlass javax/swing/plaf/metal/DefaultMetalTheme$FontDelegate
instanceKlass javax/swing/plaf/metal/MetalTheme
instanceKlass javax/swing/AbstractListModel
instanceKlass javax/swing/ListModel
instanceKlass javax/swing/filechooser/FileView
instanceKlass  @bci javax/swing/filechooser/FileSystemView <init> ()V 41 <appendix> member <vmtarget> ; # javax/swing/filechooser/FileSystemView$$Lambda+0x000001e10323aeb0
instanceKlass  @bci javax/swing/filechooser/FileSystemView <init> ()V 26 <appendix> member <vmtarget> ; # javax/swing/filechooser/FileSystemView$$Lambda+0x000001e10323ac88
instanceKlass javax/swing/filechooser/FileSystemView
instanceKlass javax/swing/JFileChooser$FCHierarchyListener
instanceKlass javax/swing/JFileChooser$WeakPCL
instanceKlass java/awt/Toolkit$SelectiveAWTEventListener
instanceKlass java/awt/LightweightDispatcher$1
instanceKlass java/awt/Container$MouseEventTargetFilter
instanceKlass java/awt/Container$EventTargetFilter
instanceKlass java/awt/Cursor$CursorDisposer
instanceKlass java/awt/event/MouseEvent$1
instanceKlass sun/awt/AWTAccessor$MouseEventAccessor
# instanceKlass java/lang/invoke/LambdaForm$MH+0x000001e10321b400
# instanceKlass java/lang/invoke/LambdaForm$MH+0x000001e10321b000
# instanceKlass java/lang/invoke/LambdaForm$MH+0x000001e10321ac00
# instanceKlass java/lang/invoke/LambdaForm$MH+0x000001e10321a000
# instanceKlass java/lang/invoke/LambdaForm$MH+0x000001e103219c00
# instanceKlass java/lang/invoke/LambdaForm$MH+0x000001e103219800
instanceKlass javax/management/openmbean/CompositeDataSupport
# instanceKlass java/lang/invoke/LambdaForm$MH+0x000001e103218400
# instanceKlass java/lang/invoke/LambdaForm$DMH+0x000001e103217800
instanceKlass java/text/AttributedString$AttributedStringIterator
instanceKlass java/text/AttributedCharacterIterator
instanceKlass java/text/AttributedString
instanceKlass sun/awt/im/CompositionAreaHandler
instanceKlass  @bci com/formdev/flatlaf/ui/FlatTabbedPaneUI$FlatSelectedTabRepainter repaintSelectedTabs (Ljava/awt/Component;)V 2 <appendix> member <vmtarget> ; # com/formdev/flatlaf/ui/FlatTabbedPaneUI$FlatSelectedTabRepainter$$Lambda+0x000001e1032136b0
instanceKlass java/awt/KeyboardFocusManager$3
instanceKlass java/awt/KeyboardFocusManager$LightweightFocusRequest
instanceKlass java/awt/DefaultKeyboardFocusManager$TypeAheadMarker
instanceKlass java/awt/KeyboardFocusManager$HeavyweightFocusRequest
instanceKlass sun/awt/KeyboardFocusManagerPeerImpl$KfmAccessor
instanceKlass java/awt/MultipleGradientPaintContext
instanceKlass java/awt/MultipleGradientPaint
instanceKlass java/lang/FdLibm$Acos
instanceKlass  @bci javax/swing/border/LineBorder paintBorder (Ljava/awt/Component;Ljava/awt/Graphics;IIII)V 10 <appendix> member <vmtarget> ; # javax/swing/border/LineBorder$$Lambda+0x000001e103232638
instanceKlass  @cpi javax/swing/border/LineBorder 159 form vmentry <vmtarget> ; # java/lang/invoke/LambdaForm$DMH+0x000001e103216c00
instanceKlass com/sun/java/swing/SwingUtilities3$UnscaledBorderPainter
instanceKlass java/awt/geom/Path2D$Iterator
instanceKlass java/awt/geom/RectIterator
instanceKlass java/awt/geom/EllipseIterator
instanceKlass java/lang/FdLibm
instanceKlass java/lang/FdLibm$Cbrt
instanceKlass sun/java2d/marlin/ArrayCacheConst
instanceKlass java/awt/geom/RoundRectIterator
instanceKlass java/awt/ColorPaintContext
instanceKlass sun/java2d/pipe/AlphaPaintPipe$TileContext
instanceKlass java/awt/GradientPaintContext
instanceKlass java/awt/PaintContext
instanceKlass java/awt/GradientPaint
instanceKlass sun/java2d/marlin/Helpers
instanceKlass java/awt/geom/LineIterator
instanceKlass sun/java2d/marlin/DPQSSorterContext
instanceKlass sun/java2d/marlin/MarlinUtils
instanceKlass sun/java2d/marlin/MergeSort
instanceKlass sun/java2d/marlin/Dasher$LengthIterator
instanceKlass sun/java2d/marlin/Dasher
instanceKlass sun/java2d/marlin/Stroker
instanceKlass sun/java2d/marlin/MarlinTileGenerator
instanceKlass sun/java2d/pipe/AATileGenerator
instanceKlass sun/java2d/marlin/Renderer
instanceKlass sun/java2d/marlin/ArrayCacheIntClean$Reference
instanceKlass  @bci sun/java2d/marlin/OffHeapArray <init> (Ljava/lang/Object;J)V 52 <appendix> member <vmtarget> ; # sun/java2d/marlin/OffHeapArray$$Lambda+0x000001e10322bdd8
instanceKlass sun/java2d/marlin/OffHeapArray
instanceKlass sun/java2d/marlin/MarlinCache
instanceKlass sun/java2d/marlin/ArrayCacheInt$Reference
instanceKlass sun/java2d/marlin/Helpers$IndexStack
instanceKlass sun/java2d/marlin/TransformingPathConsumer2D$PathClipFilter
instanceKlass sun/java2d/marlin/TransformingPathConsumer2D$StartFlagPathConsumer2D
instanceKlass sun/java2d/marlin/ArrayCacheByte$Reference
instanceKlass sun/java2d/marlin/ArrayCacheDouble$Reference
instanceKlass sun/java2d/marlin/Helpers$PolyStack
instanceKlass sun/java2d/marlin/TransformingPathConsumer2D$ClosedPathDetector
instanceKlass sun/java2d/marlin/TransformingPathConsumer2D$PathTracer
instanceKlass sun/java2d/marlin/TransformingPathConsumer2D$DeltaTransformFilter
instanceKlass sun/java2d/marlin/TransformingPathConsumer2D$DeltaScaleFilter
instanceKlass sun/java2d/marlin/TransformingPathConsumer2D$Path2DWrapper
instanceKlass sun/java2d/marlin/TransformingPathConsumer2D
instanceKlass sun/java2d/marlin/TransformingPathConsumer2D$CurveClipSplitter
instanceKlass sun/java2d/marlin/TransformingPathConsumer2D$CurveBasicMonotonizer
instanceKlass sun/java2d/marlin/DMarlinRenderingEngine$NormalizingPathIterator
instanceKlass java/awt/geom/PathIterator
instanceKlass sun/java2d/marlin/RendererContext$PathConsumer2DAdapter
instanceKlass sun/java2d/marlin/ArrayCacheByte
instanceKlass sun/java2d/marlin/ArrayCacheDouble
instanceKlass sun/java2d/marlin/ArrayCacheInt
instanceKlass sun/java2d/marlin/ArrayCacheIntClean
instanceKlass sun/java2d/marlin/PathSimplifier
instanceKlass sun/java2d/marlin/CollinearSimplifier
instanceKlass sun/java2d/marlin/DPathConsumer2D
instanceKlass sun/java2d/marlin/Curve
instanceKlass sun/java2d/ReentrantContext
instanceKlass sun/java2d/pipe/ShapeSpanIterator
instanceKlass sun/awt/geom/PathConsumer2D
instanceKlass sun/java2d/pipe/SpanIterator
instanceKlass java/awt/geom/Line2D
instanceKlass sun/java2d/loops/FontInfo
instanceKlass java/awt/PrintGraphics
instanceKlass java/awt/print/PrinterGraphics
instanceKlass  @bci com/formdev/flatlaf/util/JavaCompatibility drawStringUnderlineCharAt (Ljavax/swing/JComponent;Ljava/awt/Graphics;Ljava/lang/String;III)V 200 <adapter> ; # java/lang/invoke/LambdaForm$MH+0x000001e103216800
# instanceKlass java/lang/invoke/LambdaForm$DMH+0x000001e103216400
# instanceKlass java/lang/invoke/LambdaForm$DMH+0x000001e103216000
instanceKlass com/formdev/flatlaf/util/JavaCompatibility
instanceKlass com/formdev/flatlaf/util/HiDPIUtils
instanceKlass sun/awt/image/BufImgSurfaceData$ICMColorData
instanceKlass java/awt/image/BufferedImage$1
instanceKlass java/awt/image/WritableRenderedImage
instanceKlass java/awt/image/RenderedImage
instanceKlass sun/awt/image/NativeLibLoader$1
instanceKlass sun/awt/image/NativeLibLoader
instanceKlass java/awt/image/SampleModel
instanceKlass java/awt/image/DataBuffer$1
instanceKlass sun/awt/image/SunWritableRaster$DataStealer
instanceKlass java/awt/image/DataBuffer
instanceKlass java/awt/image/Raster
instanceKlass sun/java2d/opengl/OGLGraphicsConfig
instanceKlass sun/awt/SunGraphicsCallback
instanceKlass sun/java2d/pipe/hw/AccelSurface
instanceKlass javax/swing/RepaintManager$4
instanceKlass javax/swing/RepaintManager$2$1
instanceKlass javax/swing/RepaintManager$3
instanceKlass java/awt/EventQueue$5
instanceKlass java/awt/SplashScreen
instanceKlass  @bci driverecovery/MainWindow <init> ()V 168 <appendix> argL0 ; # driverecovery/MainWindow$$Lambda+0x000001e103212be0
instanceKlass javax/swing/JTable$5
instanceKlass javax/swing/JTable$2
instanceKlass javax/swing/JTable$Resizable3
instanceKlass javax/swing/JTable$Resizable2
instanceKlass  @bci com/formdev/flatlaf/ui/FlatTableCellBorder getBorderInsets (Ljava/awt/Component;Ljava/awt/Insets;)Ljava/awt/Insets; 1 <appendix> argL0 ; # com/formdev/flatlaf/ui/FlatTableCellBorder$$Lambda+0x000001e1032129a0
instanceKlass java/util/Vector$1
instanceKlass sun/awt/GlobalCursorManager$NativeUpdater
instanceKlass sun/awt/GlobalCursorManager
instanceKlass java/awt/font/TextLine$TextLineMetrics
instanceKlass java/awt/font/GlyphVector
instanceKlass javax/swing/Timer$1
instanceKlass  @bci sun/font/SunLayoutEngine getFacePtr (Lsun/font/Font2D;)J 10 <appendix> argL0 ; # sun/font/SunLayoutEngine$$Lambda+0x000001e10327b120
instanceKlass sun/font/SunLayoutEngine$FaceRef
instanceKlass sun/font/GlyphLayout$LayoutEngineKey
instanceKlass sun/font/GlyphLayout$EngineRecord
instanceKlass sun/font/ScriptRunData
instanceKlass sun/font/FontSubstitution
instanceKlass sun/font/GlyphLayout$SDCache$SDKey
instanceKlass sun/font/GlyphLayout$SDCache
instanceKlass sun/font/FontRunIterator
instanceKlass sun/font/ScriptRun
instanceKlass sun/font/TextRecord
instanceKlass sun/font/GlyphLayout$GVData
instanceKlass sun/font/SunLayoutEngine
instanceKlass sun/font/GlyphLayout$LayoutEngineFactory
instanceKlass sun/font/GlyphLayout$LayoutEngine
instanceKlass sun/font/GlyphLayout
instanceKlass sun/font/AttributeValues$1
instanceKlass sun/font/TextLabel
instanceKlass sun/font/Decoration$Label
instanceKlass sun/font/TextSource
instanceKlass sun/font/TextLineComponent
instanceKlass sun/font/TextLabelFactory
instanceKlass sun/font/Decoration
instanceKlass jdk/internal/icu/impl/Trie2$UTrie2Header
instanceKlass jdk/internal/icu/impl/Trie2$1
instanceKlass jdk/internal/icu/impl/Trie2$ValueMapper
instanceKlass jdk/internal/icu/impl/Trie2
instanceKlass jdk/internal/icu/impl/UBiDiProps$IsAcceptable
instanceKlass jdk/internal/icu/impl/ICUBinary$Authenticate
instanceKlass jdk/internal/icu/impl/ICUBinary$1
instanceKlass jdk/internal/icu/impl/ICUBinary
instanceKlass jdk/internal/icu/impl/UBiDiProps
instanceKlass jdk/internal/icu/lang/UCharacter
instanceKlass jdk/internal/icu/text/BidiBase$ImpTabPair
instanceKlass jdk/internal/icu/text/BidiBase
instanceKlass java/text/Bidi
instanceKlass java/awt/font/TextLine$Function
instanceKlass java/awt/font/TextLine
instanceKlass java/awt/font/LineMetrics
instanceKlass sun/font/CoreMetrics
instanceKlass java/awt/font/TextLayout$CaretPolicy
instanceKlass java/awt/font/TextLayout
instanceKlass java/awt/GridBagLayoutInfo
instanceKlass java/awt/SequencedEvent$2
instanceKlass java/awt/SequencedEvent$1
instanceKlass sun/awt/AWTAccessor$SequencedEventAccessor
instanceKlass  @bci sun/awt/windows/WWindowPeer displayChanged ()V 5 <appendix> member <vmtarget> ; # sun/awt/windows/WWindowPeer$$Lambda+0x000001e103272528
instanceKlass sun/awt/im/InputMethodAdapter
instanceKlass java/awt/im/spi/InputMethod
instanceKlass java/awt/im/spi/InputMethodContext
instanceKlass java/awt/im/InputMethodRequests
instanceKlass java/awt/im/InputContext
instanceKlass javax/swing/TimerQueue$DelayedTimer
instanceKlass javax/swing/plaf/basic/BasicProgressBarUI$Animator
instanceKlass sun/awt/NullComponentPeer
instanceKlass sun/awt/LightweightPeerHolder
instanceKlass java/awt/peer/LightweightPeer
instanceKlass sun/awt/im/ExecutableInputMethodManager$3
instanceKlass sun/awt/im/InputMethodLocator
instanceKlass sun/awt/windows/WInputMethodDescriptor
instanceKlass java/awt/im/spi/InputMethodDescriptor
instanceKlass sun/awt/im/InputMethodManager
instanceKlass  @bci sun/awt/windows/WToolkit getFontPeer (Ljava/lang/String;I)Ljava/awt/peer/FontPeer; 94 <appendix> form vmentry <vmtarget> ; # java/lang/invoke/LambdaForm$MH+0x000001e103215c00
instanceKlass  @bci sun/awt/windows/WToolkit getFontPeer (Ljava/lang/String;I)Ljava/awt/peer/FontPeer; 94 <appendix> argL3 form vmentry <vmtarget> ; # java/lang/invoke/LambdaForm$MH+0x000001e103215400
# instanceKlass java/lang/invoke/LambdaForm$MH+0x000001e103215000
instanceKlass  @bci sun/awt/windows/WToolkit getFontPeer (Ljava/lang/String;I)Ljava/awt/peer/FontPeer; 94 <appendix> argL1 form vmentry <vmtarget> ; # java/lang/invoke/LambdaForm$MH+0x000001e103214000
# instanceKlass java/lang/invoke/LambdaForm$MH+0x000001e103201800
instanceKlass sun/awt/FontConfiguration$2
instanceKlass sun/awt/NativeLibLoader$1
instanceKlass sun/awt/NativeLibLoader
instanceKlass sun/awt/PlatformFont
instanceKlass java/awt/peer/FontPeer
instanceKlass  @bci java/awt/SystemColor <clinit> ()V 643 <appendix> argL0 ; # java/awt/SystemColor$$Lambda+0x000001e10326ae38
instanceKlass  @cpi java/awt/SystemColor 241 form vmentry <vmtarget> ; # java/lang/invoke/LambdaForm$DMH+0x000001e103201000
instanceKlass sun/awt/AWTAccessor$SystemColorAccessor
instanceKlass sun/java2d/StateTracker$2
instanceKlass sun/java2d/StateTracker$1
instanceKlass sun/java2d/StateTracker
instanceKlass sun/java2d/SurfaceDataProxy
instanceKlass sun/awt/image/SurfaceManager$FlushableCacheData
instanceKlass sun/java2d/DefaultDisposerRecord
instanceKlass sun/java2d/loops/GraphicsPrimitiveMgr$PrimitiveSpec
instanceKlass sun/java2d/loops/RenderLoops
instanceKlass sun/java2d/windows/GDIRenderer
instanceKlass sun/java2d/loops/GraphicsPrimitiveMgr$2
instanceKlass sun/java2d/loops/GraphicsPrimitiveMgr$1
instanceKlass sun/java2d/loops/GeneralRenderer
instanceKlass sun/java2d/loops/CustomComponent
instanceKlass sun/java2d/pipe/ValidatePipe
instanceKlass java/awt/BasicStroke
instanceKlass java/awt/AlphaComposite
instanceKlass sun/awt/ConstrainableGraphics
instanceKlass sun/java2d/loops/GraphicsPrimitiveMgr
instanceKlass sun/java2d/loops/CompositeType
instanceKlass sun/java2d/loops/GraphicsPrimitiveMgr$GeneralPrimitives
instanceKlass sun/java2d/loops/GraphicsPrimitive
instanceKlass sun/java2d/loops/XORComposite
instanceKlass java/awt/Composite
instanceKlass sun/java2d/pipe/hw/AccelGraphicsConfig
instanceKlass sun/java2d/pipe/hw/BufferedContextProvider
instanceKlass  @bci sun/java2d/d3d/D3DScreenUpdateManager lambda$new$1 ()Ljava/lang/Void; 1 <appendix> member <vmtarget> ; # sun/java2d/d3d/D3DScreenUpdateManager$$Lambda+0x000001e1032627b8
instanceKlass  @bci sun/java2d/d3d/D3DScreenUpdateManager <init> ()V 21 <appendix> member <vmtarget> ; # sun/java2d/d3d/D3DScreenUpdateManager$$Lambda+0x000001e103262590
instanceKlass sun/java2d/ScreenUpdateManager
instanceKlass javax/swing/RepaintManager$2
instanceKlass sun/awt/windows/WComponentPeer$2
instanceKlass sun/awt/im/InputMethodWindow
instanceKlass sun/awt/ExtendedKeyCodes
instanceKlass sun/awt/RepaintArea
instanceKlass sun/awt/windows/WWindowPeer$GuiDisposedListener
instanceKlass sun/awt/windows/WWindowPeer$ActiveWindowListener
instanceKlass java/awt/peer/CanvasPeer
instanceKlass java/awt/peer/PanelPeer
instanceKlass java/awt/peer/FramePeer
instanceKlass java/awt/peer/WindowPeer
instanceKlass java/awt/peer/ContainerPeer
instanceKlass java/awt/event/WindowAdapter
instanceKlass sun/swing/SwingUtilities2$KeyPair
instanceKlass  @bci com/formdev/flatlaf/ui/FlatSplitPaneUI applyStyle (Ljava/lang/Object;)V 7 <appendix> member <vmtarget> ; # com/formdev/flatlaf/ui/FlatSplitPaneUI$$Lambda+0x000001e103211418
instanceKlass javax/swing/plaf/basic/BasicSplitPaneUI$Handler
instanceKlass  @bci com/formdev/flatlaf/ui/FlatSplitPaneUI createPropertyChangeListener ()Ljava/beans/PropertyChangeListener; 5 <appendix> member <vmtarget> ; # com/formdev/flatlaf/ui/FlatSplitPaneUI$$Lambda+0x000001e10320fc38
instanceKlass javax/swing/plaf/basic/BasicSplitPaneUI$BasicHorizontalLayoutManager
instanceKlass javax/swing/plaf/basic/BasicSplitPaneDivider$DividerLayout
instanceKlass  @bci driverecovery/MainWindow <init> ()V 131 <appendix> member <vmtarget> ; # driverecovery/MainWindow$$Lambda+0x000001e10320d7e0
instanceKlass  @bci driverecovery/MainWindow <init> ()V 118 <appendix> member <vmtarget> ; # driverecovery/MainWindow$$Lambda+0x000001e10320d5b8
instanceKlass  @bci driverecovery/UserListPanel refreshCount ()V 12 <appendix> member <vmtarget> ; # driverecovery/UserListPanel$$Lambda+0x000001e10320d390
instanceKlass  @cpi driverecovery/UserListPanel 1182 form vmentry <vmtarget> ; # java/lang/invoke/LambdaForm$DMH+0x000001e103200c00
instanceKlass  @bci driverecovery/MainWindow <init> ()V 95 <appendix> member <vmtarget> ; # driverecovery/MainWindow$$Lambda+0x000001e10320d168
instanceKlass driverecovery/ProgressTracker
instanceKlass  @bci driverecovery/RunPanel buildActionBar ()Ljavax/swing/JPanel; 117 <appendix> member <vmtarget> ; # driverecovery/RunPanel$$Lambda+0x000001e10320cc98
instanceKlass  @bci driverecovery/RunPanel buildActionBar ()Ljavax/swing/JPanel; 104 <appendix> member <vmtarget> ; # driverecovery/RunPanel$$Lambda+0x000001e10320ca70
instanceKlass  @bci com/formdev/flatlaf/ui/FlatTextPaneUI applyStyle (Ljava/lang/Object;)V 23 <appendix> member <vmtarget> ; # com/formdev/flatlaf/ui/FlatTextPaneUI$$Lambda+0x000001e10320c578
instanceKlass  @bci com/formdev/flatlaf/ui/FlatTextPaneUI installListeners ()V 14 <appendix> member <vmtarget> ; # com/formdev/flatlaf/ui/FlatTextPaneUI$$Lambda+0x000001e10320c320
instanceKlass  @bci com/formdev/flatlaf/ui/FlatTextPaneUI propertyChange (Ljava/beans/PropertyChangeEvent;)V 38 <appendix> member <vmtarget> ; # com/formdev/flatlaf/ui/FlatTextPaneUI$$Lambda+0x000001e103203d28
instanceKlass javax/swing/text/DefaultStyledDocument$AbstractChangeHandler
instanceKlass  @bci driverecovery/RunPanel buildLog ()Ljavax/swing/JPanel; 277 <appendix> member <vmtarget> ; # driverecovery/RunPanel$$Lambda+0x000001e1032036d8
instanceKlass  @bci driverecovery/RunPanel buildLog ()Ljavax/swing/JPanel; 264 <appendix> member <vmtarget> ; # driverecovery/RunPanel$$Lambda+0x000001e1032034b0
instanceKlass java/awt/GridBagConstraints
instanceKlass java/awt/GridBagLayout
instanceKlass  @bci driverecovery/RunPanel buildModeBar ()Ljavax/swing/JPanel; 687 <appendix> member <vmtarget> ; # driverecovery/RunPanel$$Lambda+0x000001e103203288
instanceKlass  @bci driverecovery/RunPanel buildModeBar ()Ljavax/swing/JPanel; 674 <appendix> member <vmtarget> ; # driverecovery/RunPanel$$Lambda+0x000001e103203060
instanceKlass  @bci driverecovery/RunPanel buildModeBar ()Ljavax/swing/JPanel; 661 <appendix> member <vmtarget> ; # driverecovery/RunPanel$$Lambda+0x000001e103207ca8
instanceKlass  @bci driverecovery/RunPanel buildModeBar ()Ljavax/swing/JPanel; 648 <appendix> member <vmtarget> ; # driverecovery/RunPanel$$Lambda+0x000001e103207a80
instanceKlass  @bci driverecovery/UserListPanel refreshCount ()V 12 <appendix> form vmentry <vmtarget> ; # java/lang/invoke/LambdaForm$DMH+0x000001e103200800
instanceKlass  @bci driverecovery/RunPanel buildModeBar ()Ljavax/swing/JPanel; 471 <appendix> member <vmtarget> ; # driverecovery/RunPanel$$Lambda+0x000001e103207858
instanceKlass  @cpi driverecovery/RunPanel 983 form vmentry <vmtarget> ; # java/lang/invoke/LambdaForm$DMH+0x000001e103200400
instanceKlass java/text/BreakIterator$BreakIteratorCache
instanceKlass sun/text/SupplementaryCharacterData
instanceKlass sun/text/CompactByteArray
instanceKlass  @bci sun/util/resources/BreakIteratorResourceBundle getResourceAsStream (Ljava/lang/String;)Ljava/io/InputStream; 2 <appendix> member <vmtarget> ; # sun/util/resources/BreakIteratorResourceBundle$$Lambda+0x000001e1032568d8
instanceKlass  @bci sun/util/locale/provider/JRELocaleProviderAdapter getBreakIteratorProvider ()Ljava/text/spi/BreakIteratorProvider; 8 <appendix> member <vmtarget> ; # sun/util/locale/provider/JRELocaleProviderAdapter$$Lambda+0x000001e103255d48
instanceKlass java/text/BreakIterator
instanceKlass  @bci javax/swing/text/html/MuxingAttributeSet getAttribute (Ljava/lang/Object;)Ljava/lang/Object; 77 <appendix> argL0 ; # javax/swing/text/html/MuxingAttributeSet$$Lambda+0x000001e1032553c8
instanceKlass  @bci javax/swing/text/html/MuxingAttributeSet getAttribute (Ljava/lang/Object;)Ljava/lang/Object; 67 <appendix> argL0 ; # javax/swing/text/html/MuxingAttributeSet$$Lambda+0x000001e103255178
instanceKlass  @bci javax/swing/text/html/MuxingAttributeSet getAttribute (Ljava/lang/Object;)Ljava/lang/Object; 57 <appendix> member <vmtarget> ; # javax/swing/text/html/MuxingAttributeSet$$Lambda+0x000001e103254f30
instanceKlass javax/swing/text/GlyphView$GlyphPainter
instanceKlass javax/swing/SizeRequirements
instanceKlass javax/swing/text/TabableView
instanceKlass javax/swing/text/FlowView$FlowStrategy
instanceKlass javax/swing/text/html/CSSBorder$StrokePainter
instanceKlass javax/swing/text/html/CSSBorder$SolidPainter
instanceKlass javax/swing/text/html/CSSBorder$NullPainter
instanceKlass javax/swing/text/html/CSSBorder$BorderPainter
instanceKlass javax/swing/text/html/StyleSheet$BoxPainter
instanceKlass javax/swing/text/html/StyleSheet$SearchBuffer
instanceKlass javax/swing/text/html/MuxingAttributeSet
instanceKlass javax/swing/text/DefaultStyledDocument$ElementBuffer$ElemChanges
instanceKlass java/util/Vector$Itr
instanceKlass javax/swing/text/DefaultStyledDocument$ElementSpec
instanceKlass javax/swing/text/html/parser/ContentModelState
instanceKlass javax/swing/text/html/parser/TagStack
instanceKlass javax/swing/text/html/parser/TagElement
instanceKlass javax/swing/text/html/parser/Parser
instanceKlass javax/swing/text/html/HTMLDocument$HTMLReader$TagAction
instanceKlass javax/swing/text/html/HTMLEditorKit$ParserCallback
instanceKlass javax/swing/text/html/parser/AttributeList
instanceKlass javax/swing/text/html/parser/ContentModel
instanceKlass javax/swing/text/html/parser/ParserDelegator$1
instanceKlass javax/swing/text/html/parser/Entity
instanceKlass javax/swing/text/html/parser/Element
instanceKlass javax/swing/text/html/parser/DTD
instanceKlass javax/swing/text/html/parser/DTDConstants
instanceKlass javax/swing/text/html/HTMLEditorKit$Parser
instanceKlass javax/swing/text/DefaultStyledDocument$ElementBuffer
instanceKlass javax/swing/text/StyledDocument
instanceKlass  @bci com/formdev/flatlaf/ui/FlatRadioButtonUI createUI (Ljavax/swing/JComponent;)Ljavax/swing/plaf/ComponentUI; 16 <appendix> argL0 ; # com/formdev/flatlaf/ui/FlatRadioButtonUI$$Lambda+0x000001e1031afd20
instanceKlass java/awt/GridLayout
instanceKlass javax/swing/ButtonGroup
instanceKlass  @bci driverecovery/UserListPanel buildManualTab ()Ljavax/swing/JPanel; 205 <appendix> member <vmtarget> ; # driverecovery/UserListPanel$$Lambda+0x000001e1031ae558
instanceKlass  @bci com/formdev/flatlaf/ui/FlatTextAreaUI applyStyle (Ljava/lang/Object;)V 23 <appendix> member <vmtarget> ; # com/formdev/flatlaf/ui/FlatTextAreaUI$$Lambda+0x000001e1031ae320
instanceKlass  @bci com/formdev/flatlaf/ui/FlatTextAreaUI installListeners ()V 14 <appendix> member <vmtarget> ; # com/formdev/flatlaf/ui/FlatTextAreaUI$$Lambda+0x000001e1031ae0c8
instanceKlass  @bci com/formdev/flatlaf/ui/FlatTextAreaUI propertyChange (Ljava/beans/PropertyChangeEvent;)V 38 <appendix> member <vmtarget> ; # com/formdev/flatlaf/ui/FlatTextAreaUI$$Lambda+0x000001e1031ada78
# instanceKlass java/lang/invoke/LambdaForm$MH+0x000001e103200000
instanceKlass  @bci driverecovery/UserListPanel buildCsvTab ()Ljavax/swing/JPanel; 301 <appendix> member <vmtarget> ; # driverecovery/UserListPanel$$Lambda+0x000001e1031ad448
instanceKlass  @bci driverecovery/UserListPanel buildCsvTab ()Ljavax/swing/JPanel; 199 <appendix> member <vmtarget> ; # driverecovery/UserListPanel$$Lambda+0x000001e1031ad220
instanceKlass  @bci driverecovery/UserListPanel buildCsvTab ()Ljavax/swing/JPanel; 188 <appendix> member <vmtarget> ; # driverecovery/UserListPanel$$Lambda+0x000001e1031acff8
instanceKlass  @bci driverecovery/UserListPanel buildCsvTab ()Ljavax/swing/JPanel; 177 <appendix> member <vmtarget> ; # driverecovery/UserListPanel$$Lambda+0x000001e1031acdd0
instanceKlass  @bci driverecovery/UserListPanel buildCsvTab ()Ljavax/swing/JPanel; 166 <appendix> member <vmtarget> ; # driverecovery/UserListPanel$$Lambda+0x000001e1031acba8
instanceKlass  @bci driverecovery/UserListPanel buildCsvTab ()Ljavax/swing/JPanel; 155 <appendix> member <vmtarget> ; # driverecovery/UserListPanel$$Lambda+0x000001e1031ac980
instanceKlass javax/accessibility/AccessibleRelationSet
instanceKlass javax/accessibility/AccessibleContext$1
instanceKlass sun/awt/AWTAccessor$AccessibleContextAccessor
instanceKlass javax/accessibility/AccessibleContext
instanceKlass javax/accessibility/AccessibleValue
instanceKlass javax/accessibility/AccessibleComponent
instanceKlass driverecovery/UserListPanel$9
instanceKlass  @bci driverecovery/UserListPanel buildSdkTab ()Ljavax/swing/JPanel; 520 <appendix> member <vmtarget> ; # driverecovery/UserListPanel$$Lambda+0x000001e1031ac508
instanceKlass javax/swing/JTable$SortManager
instanceKlass javax/swing/DefaultRowSorter$ModelWrapper
instanceKlass javax/swing/table/TableRowSorter$ComparableComparator
instanceKlass  @bci com/formdev/flatlaf/ui/FlatTableUI applyStyle (Ljava/lang/Object;)V 29 <appendix> member <vmtarget> ; # com/formdev/flatlaf/ui/FlatTableUI$$Lambda+0x000001e1031ac2d0
instanceKlass javax/swing/TransferHandler$DropLocation
instanceKlass  @bci com/formdev/flatlaf/ui/FlatTableUI installListeners ()V 6 <appendix> member <vmtarget> ; # com/formdev/flatlaf/ui/FlatTableUI$$Lambda+0x000001e1031abdf0
instanceKlass javax/swing/plaf/basic/BasicTableUI$Handler
instanceKlass javax/swing/plaf/basic/BasicTableUI$FocusHandler
instanceKlass com/formdev/flatlaf/ui/FlatTableUI$FlatTablePropertyWatcher
instanceKlass com/formdev/flatlaf/ui/FlatViewportUI$ViewportPainter
instanceKlass javax/swing/AbstractCellEditor
instanceKlass javax/swing/tree/TreeCellEditor
instanceKlass javax/swing/table/TableCellEditor
instanceKlass javax/swing/CellEditor
instanceKlass  @bci com/formdev/flatlaf/ui/FlatTableHeaderUI applyStyle (Ljava/lang/Object;)V 7 <appendix> member <vmtarget> ; # com/formdev/flatlaf/ui/FlatTableHeaderUI$$Lambda+0x000001e1031a9938
instanceKlass  @bci com/formdev/flatlaf/ui/FlatStylingSupport createPropertyChangeListener (Ljavax/swing/JComponent;Ljava/lang/Runnable;Ljava/beans/PropertyChangeListener;)Ljava/beans/PropertyChangeListener; 3 <appendix> member <vmtarget> ; # com/formdev/flatlaf/ui/FlatStylingSupport$$Lambda+0x000001e1031a9240
instanceKlass  @bci com/formdev/flatlaf/ui/FlatTableHeaderUI installListeners ()V 10 <appendix> member <vmtarget> ; # com/formdev/flatlaf/ui/FlatTableHeaderUI$$Lambda+0x000001e1031a9018
instanceKlass  @cpi javax/crypto/spec/SecretKeySpec 165 form vmentry <vmtarget> ; # java/lang/invoke/LambdaForm$DMH+0x000001e1031a4400
instanceKlass javax/swing/plaf/basic/BasicTableHeaderUI$MouseInputHandler
instanceKlass javax/swing/plaf/basic/BasicTableHeaderUI$1
instanceKlass sun/swing/table/DefaultTableCellHeaderRenderer$EmptyIcon
instanceKlass  @bci javax/swing/JTable createDefaultEditors ()V 53 <appendix> argL0 ; # javax/swing/JTable$$Lambda+0x000001e1031b4c68
instanceKlass  @bci javax/swing/JTable createDefaultEditors ()V 37 <appendix> argL0 ; # javax/swing/JTable$$Lambda+0x000001e1031b4a48
instanceKlass  @bci javax/swing/JTable createDefaultEditors ()V 22 <appendix> argL0 ; # javax/swing/JTable$$Lambda+0x000001e1031b4828
instanceKlass  @bci javax/swing/JTable createDefaultRenderers ()V 134 <appendix> argL0 ; # javax/swing/JTable$$Lambda+0x000001e1031b4608
instanceKlass  @bci javax/swing/JTable createDefaultRenderers ()V 118 <appendix> argL0 ; # javax/swing/JTable$$Lambda+0x000001e1031b43e8
instanceKlass javax/swing/ImageIcon
instanceKlass  @bci javax/swing/JTable createDefaultRenderers ()V 102 <appendix> argL0 ; # javax/swing/JTable$$Lambda+0x000001e1031b3f18
instanceKlass  @bci javax/swing/JTable createDefaultRenderers ()V 86 <appendix> argL0 ; # javax/swing/JTable$$Lambda+0x000001e1031b3cf8
instanceKlass  @bci javax/swing/JTable createDefaultRenderers ()V 70 <appendix> argL0 ; # javax/swing/JTable$$Lambda+0x000001e1031b3ad8
instanceKlass  @bci javax/swing/JTable createDefaultRenderers ()V 54 <appendix> argL0 ; # javax/swing/JTable$$Lambda+0x000001e1031b38b8
instanceKlass  @bci javax/swing/JTable createDefaultRenderers ()V 38 <appendix> argL0 ; # javax/swing/JTable$$Lambda+0x000001e1031b3698
instanceKlass  @bci javax/swing/JTable createDefaultRenderers ()V 23 <appendix> argL0 ; # javax/swing/JTable$$Lambda+0x000001e1031b3478
instanceKlass javax/swing/table/TableColumn
instanceKlass javax/swing/DefaultListSelectionModel
instanceKlass javax/swing/ListSelectionModel
instanceKlass javax/swing/table/DefaultTableColumnModel
instanceKlass javax/swing/table/TableColumnModel
instanceKlass javax/swing/table/TableCellRenderer
instanceKlass  @bci driverecovery/UserListPanel buildSdkTab ()Ljavax/swing/JPanel; 412 <appendix> member <vmtarget> ; # driverecovery/UserListPanel$$Lambda+0x000001e1031a5238
instanceKlass javax/swing/plaf/basic/BasicGraphicsUtils
instanceKlass  @bci com/formdev/flatlaf/ui/FlatProgressBarUI applyStyle (Ljava/lang/Object;)V 7 <appendix> member <vmtarget> ; # com/formdev/flatlaf/ui/FlatProgressBarUI$$Lambda+0x000001e1031a5000
instanceKlass  @bci com/formdev/flatlaf/ui/FlatProgressBarUI installListeners ()V 6 <appendix> member <vmtarget> ; # com/formdev/flatlaf/ui/FlatProgressBarUI$$Lambda+0x000001e1031a7be0
instanceKlass javax/swing/plaf/basic/BasicProgressBarUI$Handler
instanceKlass javax/swing/JProgressBar$ModelListener
instanceKlass  @bci driverecovery/UserListPanel buildSdkTab ()Ljavax/swing/JPanel; 149 <appendix> member <vmtarget> ; # driverecovery/UserListPanel$$Lambda+0x000001e1031a73b0
instanceKlass  @bci driverecovery/UserListPanel buildSdkTab ()Ljavax/swing/JPanel; 138 <appendix> member <vmtarget> ; # driverecovery/UserListPanel$$Lambda+0x000001e1031a7188
instanceKlass  @bci com/formdev/flatlaf/ui/FlatSeparatorUI applyStyle (Ljavax/swing/JSeparator;Ljava/lang/Object;)V 8 <appendix> member <vmtarget> ; # com/formdev/flatlaf/ui/FlatSeparatorUI$$Lambda+0x000001e1031a6c90
instanceKlass  @bci com/formdev/flatlaf/ui/FlatSeparatorUI createUI (Ljavax/swing/JComponent;)Ljavax/swing/plaf/ComponentUI; 9 <appendix> argL0 ; # com/formdev/flatlaf/ui/FlatSeparatorUI$$Lambda+0x000001e1031a6a70
instanceKlass  @bci driverecovery/UserListPanel buildSdkTab ()Ljavax/swing/JPanel; 95 <appendix> member <vmtarget> ; # driverecovery/UserListPanel$$Lambda+0x000001e1031a6538
instanceKlass  @bci com/formdev/flatlaf/ui/FlatTabbedPaneUI$Handler propertyChange (Ljava/beans/PropertyChangeEvent;)V 142 <appendix> member <vmtarget> ; # com/formdev/flatlaf/ui/FlatTabbedPaneUI$Handler$$Lambda+0x000001e1031a6000
instanceKlass  @bci com/formdev/flatlaf/ui/FlatTabbedPaneUI applyStyle (Ljava/lang/Object;)V 7 <appendix> member <vmtarget> ; # com/formdev/flatlaf/ui/FlatTabbedPaneUI$$Lambda+0x000001e1031a3db8
instanceKlass com/formdev/flatlaf/ui/FlatTabbedPaneUI$FlatSelectedTabRepainter
instanceKlass java/awt/Polygon
instanceKlass com/formdev/flatlaf/ui/FlatUIAction
instanceKlass javax/swing/plaf/basic/BasicTabbedPaneUI$Handler
instanceKlass  @bci com/formdev/flatlaf/ui/FlatTabbedPaneUI$Handler <init> (Lcom/formdev/flatlaf/ui/FlatTabbedPaneUI;)V 11 <appendix> member <vmtarget> ; # com/formdev/flatlaf/ui/FlatTabbedPaneUI$Handler$$Lambda+0x000001e10319fb80
instanceKlass com/formdev/flatlaf/ui/FlatTabbedPaneUI$Handler
instanceKlass javax/swing/plaf/basic/BasicTabbedPaneUI$TabbedPaneLayout
instanceKlass javax/swing/event/PopupMenuListener
instanceKlass com/formdev/flatlaf/ui/FlatTitlePane$TitleBarCaptionHitTest
instanceKlass javax/swing/JTabbedPane$ModelListener
instanceKlass javax/swing/DefaultSingleSelectionModel
instanceKlass javax/swing/SingleSelectionModel
instanceKlass javax/swing/table/AbstractTableModel
instanceKlass javax/swing/RowSorter
instanceKlass javax/swing/table/TableModel
instanceKlass javax/swing/event/RowSorterListener
instanceKlass javax/swing/event/CellEditorListener
instanceKlass javax/swing/event/ListSelectionListener
instanceKlass javax/swing/event/TableColumnModelListener
instanceKlass javax/swing/event/TableModelListener
instanceKlass  @bci com/formdev/flatlaf/ui/FlatScrollPaneUI applyStyle (Ljava/lang/Object;)V 7 <appendix> member <vmtarget> ; # com/formdev/flatlaf/ui/FlatScrollPaneUI$$Lambda+0x000001e103197c00
instanceKlass com/formdev/flatlaf/ui/FlatScrollPaneUI$Handler
instanceKlass  @bci com/formdev/flatlaf/ui/FlatScrollPaneUI createMouseWheelListener ()Ljava/awt/event/MouseWheelListener; 7 <appendix> member <vmtarget> ; # com/formdev/flatlaf/ui/FlatScrollPaneUI$$Lambda+0x000001e103197488
instanceKlass  @bci com/formdev/flatlaf/ui/FlatScrollPaneUI createPropertyChangeListener ()Ljava/beans/PropertyChangeListener; 7 <appendix> member <vmtarget> ; # com/formdev/flatlaf/ui/FlatScrollPaneUI$$Lambda+0x000001e103197260
instanceKlass javax/swing/plaf/basic/BasicScrollPaneUI$Handler
instanceKlass java/awt/event/ComponentAdapter
instanceKlass  @bci com/formdev/flatlaf/ui/FlatScrollBarUI applyStyle (Ljava/lang/Object;)V 7 <appendix> member <vmtarget> ; # com/formdev/flatlaf/ui/FlatScrollBarUI$$Lambda+0x000001e1031969c8
instanceKlass javax/swing/plaf/basic/BasicScrollBarUI$ScrollListener
instanceKlass  @bci com/formdev/flatlaf/ui/FlatScrollBarUI createPropertyChangeListener ()Ljava/beans/PropertyChangeListener; 7 <appendix> member <vmtarget> ; # com/formdev/flatlaf/ui/FlatScrollBarUI$$Lambda+0x000001e1031967a0
instanceKlass javax/swing/plaf/basic/BasicScrollBarUI$Handler
instanceKlass javax/swing/plaf/basic/BasicScrollBarUI$ModelListener
instanceKlass com/formdev/flatlaf/ui/FlatStylingSupport$StyleableLookupProvider
instanceKlass javax/swing/JScrollBar$ModelListener
instanceKlass java/awt/Adjustable
instanceKlass  @bci com/formdev/flatlaf/ui/FlatViewportUI createUI (Ljavax/swing/JComponent;)Ljavax/swing/plaf/ComponentUI; 2 <appendix> argL0 ; # com/formdev/flatlaf/ui/FlatViewportUI$$Lambda+0x000001e103194848
instanceKlass javax/swing/ViewportLayout
instanceKlass javax/swing/ScrollPaneLayout
instanceKlass  @bci com/formdev/flatlaf/ui/FlatRadioButtonUI applyStyle (Ljavax/swing/AbstractButton;Ljava/lang/Object;)V 8 <appendix> member <vmtarget> ; # com/formdev/flatlaf/ui/FlatRadioButtonUI$$Lambda+0x000001e103194398
instanceKlass javax/swing/plaf/basic/BasicButtonUI$KeyHandler
instanceKlass  @bci com/formdev/flatlaf/ui/FlatCheckBoxUI createUI (Ljavax/swing/JComponent;)Ljavax/swing/plaf/ComponentUI; 16 <appendix> argL0 ; # com/formdev/flatlaf/ui/FlatCheckBoxUI$$Lambda+0x000001e103193c30
instanceKlass  @bci driverecovery/ConfigPanel buildFilterSection ()Ljavax/swing/JPanel; 360 <appendix> member <vmtarget> ; # driverecovery/ConfigPanel$$Lambda+0x000001e103192fd8
instanceKlass java/time/format/DateTimeFormatterBuilder$2
instanceKlass java/time/LocalDate$1
instanceKlass java/time/format/DateTimePrintContext
instanceKlass  @bci java/time/format/DateTimeFormatter <clinit> ()V 1075 <appendix> argL0 ; # java/time/format/DateTimeFormatter$$Lambda+0x80000000d
instanceKlass  @bci java/time/format/DateTimeFormatter <clinit> ()V 1067 <appendix> argL0 ; # java/time/format/DateTimeFormatter$$Lambda+0x80000000c
instanceKlass java/time/Period
instanceKlass java/time/chrono/ChronoPeriod
instanceKlass java/time/format/DateTimeFormatterBuilder$TextPrinterParser
instanceKlass java/time/format/DateTimeTextProvider$1
instanceKlass java/time/format/DateTimeTextProvider
instanceKlass java/time/format/DateTimeTextProvider$LocaleStore
instanceKlass java/time/format/DateTimeFormatterBuilder$InstantPrinterParser
instanceKlass java/time/format/DateTimeFormatterBuilder$StringLiteralPrinterParser
instanceKlass java/time/format/DateTimeFormatterBuilder$ZoneIdPrinterParser
instanceKlass java/time/format/DateTimeFormatterBuilder$OffsetIdPrinterParser
instanceKlass java/time/format/DecimalStyle
instanceKlass java/time/format/DateTimeFormatterBuilder$CompositePrinterParser
instanceKlass java/time/chrono/AbstractChronology
instanceKlass java/time/chrono/Chronology
instanceKlass java/time/format/DateTimeFormatterBuilder$CharLiteralPrinterParser
instanceKlass java/time/format/DateTimeFormatterBuilder$NumberPrinterParser
instanceKlass java/time/format/DateTimeFormatterBuilder$DateTimePrinterParser
instanceKlass java/time/temporal/JulianFields
instanceKlass java/time/temporal/IsoFields
instanceKlass  @bci java/time/format/DateTimeFormatterBuilder <clinit> ()V 0 <appendix> argL0 ; # java/time/format/DateTimeFormatterBuilder$$Lambda+0x80000000e
instanceKlass java/time/temporal/TemporalQuery
instanceKlass java/time/format/DateTimeFormatterBuilder
instanceKlass java/time/format/DateTimeFormatter
instanceKlass java/time/Instant
instanceKlass java/time/Clock
instanceKlass java/time/InstantSource
instanceKlass  @bci com/formdev/flatlaf/ui/FlatSpinnerUI applyStyle (Ljava/lang/Object;)V 7 <appendix> member <vmtarget> ; # com/formdev/flatlaf/ui/FlatSpinnerUI$$Lambda+0x000001e103192ae0
instanceKlass javax/swing/plaf/basic/BasicSpinnerUI$Handler
instanceKlass com/formdev/flatlaf/ui/FlatSpinnerUI$Handler
instanceKlass javax/swing/text/GapContent$UndoPosRef
instanceKlass javax/swing/JSpinner$ModelListener
instanceKlass java/text/FieldPosition$Delegate
instanceKlass java/text/Format$FieldDelegate
instanceKlass javax/swing/text/NavigationFilter$FilterBypass
instanceKlass javax/swing/text/NavigationFilter
instanceKlass javax/swing/text/DocumentFilter
instanceKlass javax/swing/JFormattedTextField$AbstractFormatterFactory
instanceKlass  @bci sun/util/locale/provider/LocaleProviderAdapter toLocaleArray (Ljava/util/Set;)[Ljava/util/Locale; 16 <appendix> argL0 ; # sun/util/locale/provider/LocaleProviderAdapter$$Lambda+0x800000068
instanceKlass  @bci sun/util/locale/provider/LocaleProviderAdapter toLocaleArray (Ljava/util/Set;)[Ljava/util/Locale; 6 <appendix> argL0 ; # sun/util/locale/provider/LocaleProviderAdapter$$Lambda+0x800000067
instanceKlass  @bci sun/util/locale/provider/JRELocaleProviderAdapter getCurrencyNameProvider ()Ljava/util/spi/CurrencyNameProvider; 8 <appendix> member <vmtarget> ; # sun/util/locale/provider/JRELocaleProviderAdapter$$Lambda+0x000001e1031e8d38
instanceKlass java/util/Currency$CurrencyNameGetter
instanceKlass java/util/Currency$OtherCurrencyEntry
instanceKlass java/util/Currency$SpecialCaseEntry
instanceKlass java/util/Currency$1
instanceKlass java/util/Currency
instanceKlass javax/swing/JFormattedTextField$AbstractFormatter
instanceKlass javax/swing/JFormattedTextField$DocumentHandler
instanceKlass java/util/Locale$Builder
instanceKlass sun/util/locale/provider/CalendarDataUtility
instanceKlass  @bci sun/util/locale/provider/JRELocaleProviderAdapter getDecimalFormatSymbolsProvider ()Ljava/text/spi/DecimalFormatSymbolsProvider; 8 <appendix> member <vmtarget> ; # sun/util/locale/provider/JRELocaleProviderAdapter$$Lambda+0x800000065
instanceKlass java/text/DecimalFormatSymbols
instanceKlass java/text/DigitList
instanceKlass java/text/FieldPosition
instanceKlass java/text/Format
instanceKlass sun/util/locale/provider/AvailableLanguageTags
instanceKlass  @bci sun/util/locale/provider/JRELocaleProviderAdapter getNumberFormatProvider ()Ljava/text/spi/NumberFormatProvider; 8 <appendix> member <vmtarget> ; # sun/util/locale/provider/JRELocaleProviderAdapter$$Lambda+0x800000066
instanceKlass javax/swing/AbstractSpinnerModel
instanceKlass javax/swing/JSpinner$DisabledAction
instanceKlass  @bci driverecovery/ConfigPanel buildOutputSection ()Ljavax/swing/JPanel; 87 <appendix> member <vmtarget> ; # driverecovery/ConfigPanel$$Lambda+0x000001e10318ee48
instanceKlass javax/swing/event/UndoableEditListener
instanceKlass sun/swing/text/UndoableEditLockSupport
instanceKlass javax/swing/text/DefaultCaret$1
instanceKlass  @bci javax/swing/TimerQueue startIfNeeded ()V 33 <appendix> member <vmtarget> ; # javax/swing/TimerQueue$$Lambda+0x000001e1031e1d88
instanceKlass javax/swing/TimerQueue
instanceKlass javax/swing/text/AbstractDocument$UndoRedoDocumentEvent
instanceKlass javax/swing/event/DocumentEvent$ElementChange
instanceKlass sun/font/StrikeCache$DisposableStrike
instanceKlass sun/font/FontStrikeDisposer
instanceKlass sun/java2d/Disposer$PollDisposable
instanceKlass sun/font/CMap
instanceKlass sun/font/FontScaler
instanceKlass sun/font/FontStrikeDesc
instanceKlass sun/font/FontDesignMetrics$MetricsKey
instanceKlass java/awt/FontMetrics
instanceKlass javax/swing/text/SegmentCache
instanceKlass javax/swing/text/Utilities
instanceKlass javax/swing/text/Segment
instanceKlass java/text/CharacterIterator
instanceKlass javax/swing/event/DocumentEvent$EventType
instanceKlass javax/swing/event/DocumentEvent
instanceKlass javax/swing/undo/AbstractUndoableEdit
instanceKlass javax/swing/undo/UndoableEdit
instanceKlass  @bci driverecovery/ConfigPanel buildJsonSection ()Ljavax/swing/JPanel; 836 <appendix> member <vmtarget> ; # driverecovery/ConfigPanel$$Lambda+0x000001e10318ec20
instanceKlass  @cpi sun/awt/datatransfer/ClipboardTransferable 193 form vmentry <vmtarget> ; # java/lang/invoke/LambdaForm$DMH+0x000001e10318c400
instanceKlass  @bci driverecovery/ConfigPanel buildJsonSection ()Ljavax/swing/JPanel; 645 <appendix> member <vmtarget> ; # driverecovery/ConfigPanel$$Lambda+0x000001e10318e738
instanceKlass javax/swing/MenuElement
instanceKlass java/awt/event/KeyAdapter
instanceKlass javax/swing/event/MenuKeyListener
instanceKlass java/awt/event/MouseMotionAdapter
instanceKlass javax/swing/ToolTipManager$stillInsideTimerAction
instanceKlass javax/swing/ToolTipManager$outsideTimerAction
instanceKlass javax/swing/ToolTipManager$insideTimerAction
instanceKlass java/awt/event/FocusAdapter
instanceKlass javax/swing/JTextField$ScrollRepainter
instanceKlass javax/swing/DefaultBoundedRangeModel
instanceKlass javax/swing/BoundedRangeModel
instanceKlass  @bci com/formdev/flatlaf/ui/FlatTextFieldUI applyStyle (Ljava/lang/Object;)V 28 <appendix> member <vmtarget> ; # com/formdev/flatlaf/ui/FlatTextFieldUI$$Lambda+0x000001e10318e000
instanceKlass  @cpi com/formdev/flatlaf/ui/FlatToolBarUI 363 form vmentry <vmtarget> ; # java/lang/invoke/LambdaForm$DMH+0x000001e10318c000
instanceKlass com/formdev/flatlaf/FlatClientProperties
instanceKlass javax/swing/plaf/synth/SynthUI
instanceKlass javax/swing/plaf/synth/SynthConstants
instanceKlass javax/swing/text/JTextComponent$DefaultKeymap
instanceKlass javax/swing/text/Keymap
instanceKlass com/formdev/flatlaf/ui/FlatUIUtils$RepaintFocusListener
instanceKlass javax/swing/text/PlainView$1
instanceKlass javax/swing/text/PlainView$FPMethodItem
instanceKlass javax/swing/text/TabExpander
instanceKlass javax/swing/text/GapContent$StickyPosition
instanceKlass javax/swing/text/Position
instanceKlass javax/swing/text/AbstractDocument$1
instanceKlass javax/swing/text/AbstractDocument$AbstractElement
instanceKlass javax/swing/tree/TreeNode
instanceKlass javax/swing/text/Element
instanceKlass javax/swing/text/GapVector
instanceKlass javax/swing/text/AbstractDocument$Content
instanceKlass javax/swing/text/AbstractDocument
instanceKlass javax/swing/TransferHandler$TransferSupport
instanceKlass javax/swing/TransferHandler$DropHandler
instanceKlass javax/swing/ClientPropertyKey$1
instanceKlass sun/awt/AWTAccessor$ClientPropertyKeyAccessor
instanceKlass javax/swing/text/DefaultHighlighter$SafeDamager
instanceKlass javax/swing/text/Highlighter$Highlight
instanceKlass javax/swing/text/LayeredHighlighter
instanceKlass javax/swing/text/Highlighter
instanceKlass javax/swing/Timer$DoPostEvent
instanceKlass javax/swing/Timer
instanceKlass javax/swing/text/Document
instanceKlass javax/swing/text/DefaultCaret$Handler
instanceKlass java/awt/datatransfer/ClipboardOwner
instanceKlass javax/swing/event/MouseInputListener
instanceKlass javax/swing/plaf/basic/DragRecognitionSupport$BeforeDrag
instanceKlass javax/swing/plaf/basic/BasicTextUI$UpdateHandler
instanceKlass javax/swing/text/View
instanceKlass sun/swing/UIAction
instanceKlass javax/swing/TransferHandler
instanceKlass javax/swing/event/ListDataListener
instanceKlass javax/swing/event/DocumentListener
instanceKlass javax/swing/text/Caret
instanceKlass com/sun/beans/util/Cache$CacheEntry
instanceKlass com/sun/beans/util/Cache
instanceKlass javax/swing/text/JTextComponent$1
instanceKlass sun/swing/SwingAccessor$JTextComponentAccessor
instanceKlass java/awt/datatransfer/SystemFlavorMap$SoftCache
instanceKlass  @bci java/awt/datatransfer/SystemFlavorMap getDefaultFlavorMap ()Ljava/awt/datatransfer/FlavorMap; 3 <appendix> argL0 ; # java/awt/datatransfer/SystemFlavorMap$$Lambda+0x000001e1031c4568
instanceKlass java/awt/datatransfer/DataFlavor
instanceKlass sun/awt/datatransfer/DesktopDatatransferServiceImpl
instanceKlass sun/datatransfer/DataFlavorUtil$DefaultDesktopDatatransferService
instanceKlass sun/datatransfer/DesktopDatatransferService
instanceKlass sun/datatransfer/DataFlavorUtil
instanceKlass java/awt/datatransfer/SystemFlavorMap
instanceKlass java/awt/datatransfer/FlavorTable
instanceKlass java/awt/datatransfer/FlavorMap
instanceKlass java/awt/dnd/DropTargetContext$1
instanceKlass sun/awt/AWTAccessor$DropTargetContextAccessor
instanceKlass java/awt/dnd/DropTargetContext
instanceKlass java/awt/dnd/DropTargetAdapter
instanceKlass java/awt/dnd/DropTarget
instanceKlass  @bci driverecovery/ConfigPanel buildJsonSection ()Ljavax/swing/JPanel; 107 <appendix> member <vmtarget> ; # driverecovery/ConfigPanel$$Lambda+0x000001e10318a770
instanceKlass  @bci com/formdev/flatlaf/ui/FlatButtonUI applyStyle (Ljavax/swing/AbstractButton;Ljava/lang/Object;)V 8 <appendix> member <vmtarget> ; # com/formdev/flatlaf/ui/FlatButtonUI$$Lambda+0x000001e103189ed8
instanceKlass java/beans/VetoableChangeListener
instanceKlass javax/swing/event/AncestorListener
instanceKlass com/formdev/flatlaf/ui/MigLayoutVisualPadding
instanceKlass com/formdev/flatlaf/util/UIScale$1
instanceKlass com/formdev/flatlaf/icons/FlatAbstractIcon
instanceKlass com/formdev/flatlaf/ui/FlatStylingSupport$StyleableBorder
instanceKlass  @bci com/formdev/flatlaf/ui/FlatButtonUI createUI (Ljavax/swing/JComponent;)Ljavax/swing/plaf/ComponentUI; 16 <appendix> argL0 ; # com/formdev/flatlaf/ui/FlatButtonUI$$Lambda+0x000001e103188988
instanceKlass javax/swing/plaf/basic/BasicButtonListener
instanceKlass javax/swing/AbstractButton$Handler
instanceKlass javax/swing/DefaultButtonModel
instanceKlass javax/swing/ButtonModel
instanceKlass java/awt/AWTEventMulticaster
instanceKlass java/awt/event/HierarchyBoundsListener
instanceKlass java/awt/event/HierarchyListener
instanceKlass java/awt/event/InputMethodListener
instanceKlass java/awt/event/TextListener
instanceKlass java/awt/event/AdjustmentListener
instanceKlass java/awt/event/ItemListener
instanceKlass java/awt/event/WindowFocusListener
instanceKlass java/awt/event/KeyListener
instanceKlass java/awt/event/FocusListener
instanceKlass java/awt/event/ContainerListener
instanceKlass javax/swing/BoxLayout
instanceKlass driverecovery/Config
instanceKlass  @bci com/formdev/flatlaf/ui/FlatLabelUI applyStyle (Ljavax/swing/JLabel;Ljava/lang/Object;)V 8 <appendix> member <vmtarget> ; # com/formdev/flatlaf/ui/FlatLabelUI$$Lambda+0x000001e103187a20
instanceKlass javax/swing/plaf/basic/BasicHTML
instanceKlass  @bci com/formdev/flatlaf/ui/FlatLabelUI createUI (Ljavax/swing/JComponent;)Ljavax/swing/plaf/ComponentUI; 9 <appendix> argL0 ; # com/formdev/flatlaf/ui/FlatLabelUI$$Lambda+0x000001e103187800
instanceKlass javax/swing/BorderFactory
instanceKlass driverecovery/AppConfig
instanceKlass driverecovery/ConfigPanel$DateCallback
instanceKlass com/formdev/flatlaf/ui/FlatNativeWindowBorder
instanceKlass javax/swing/ActionMap
instanceKlass  @bci jdk/internal/reflect/MethodHandleIntegerFieldAccessorImpl getInt (Ljava/lang/Object;)I 11 <adapter> ; # java/lang/invoke/LambdaForm$MH+0x000001e103187400
instanceKlass java/awt/event/KeyEvent$1
instanceKlass sun/awt/AWTAccessor$KeyEventAccessor
instanceKlass java/awt/VKCollection
instanceKlass java/awt/event/WindowStateListener
instanceKlass com/formdev/flatlaf/ui/FlatWindowResizer
instanceKlass java/awt/event/ComponentListener
instanceKlass javax/swing/LayoutComparator
instanceKlass javax/swing/RepaintManager$PaintManager
instanceKlass javax/swing/JRootPane$RootLayout
instanceKlass  @bci com/formdev/flatlaf/ui/FlatPanelUI applyStyle (Ljavax/swing/JPanel;Ljava/lang/Object;)V 8 <appendix> member <vmtarget> ; # com/formdev/flatlaf/ui/FlatPanelUI$$Lambda+0x000001e1031517e8
instanceKlass com/sun/java/swing/SwingUtilities3
instanceKlass javax/swing/RepaintManager$ProcessingRunnable
instanceKlass  @bci com/formdev/flatlaf/FlatLaf$ActiveFont createValue (Ljavax/swing/UIDefaults;)Ljava/lang/Object; 94 <appendix> argL0 ; # com/formdev/flatlaf/FlatLaf$ActiveFont$$Lambda+0x000001e1031515a8
instanceKlass java/util/function/IntUnaryOperator
instanceKlass  @bci com/formdev/flatlaf/ui/FlatUIUtils createSharedUI (Ljava/lang/Object;Ljava/util/function/Supplier;)Ljavax/swing/plaf/ComponentUI; 35 <appendix> member <vmtarget> ; # com/formdev/flatlaf/ui/FlatUIUtils$$Lambda+0x000001e103151360
instanceKlass  @bci com/formdev/flatlaf/ui/FlatUIUtils createSharedUI (Ljava/lang/Object;Ljava/util/function/Supplier;)Ljavax/swing/plaf/ComponentUI; 22 <appendix> argL0 ; # com/formdev/flatlaf/ui/FlatUIUtils$$Lambda+0x000001e10314fbe0
instanceKlass  @bci com/formdev/flatlaf/ui/FlatPanelUI createUI (Ljavax/swing/JComponent;)Ljavax/swing/plaf/ComponentUI; 9 <appendix> argL0 ; # com/formdev/flatlaf/ui/FlatPanelUI$$Lambda+0x000001e10314f9c0
instanceKlass com/formdev/flatlaf/ui/FlatStylingSupport
# instanceKlass java/lang/invoke/LambdaForm$MH+0x000001e103187000
# instanceKlass java/lang/invoke/LambdaForm$DMH+0x000001e103186400
# instanceKlass java/lang/invoke/LambdaForm$DMH+0x000001e103186000
# instanceKlass java/lang/invoke/LambdaForm$MH+0x000001e103185c00
# instanceKlass java/lang/invoke/LambdaForm$DMH+0x000001e103184c00
instanceKlass java/awt/Stroke
instanceKlass com/formdev/flatlaf/ui/FlatUIUtils
instanceKlass javax/management/remote/rmi/RMIConnectionImpl$PrivilegedOperation
# instanceKlass java/lang/invoke/LambdaForm$MH+0x000001e103184800
# instanceKlass java/lang/invoke/LambdaForm$MH+0x000001e103183c00
# instanceKlass java/lang/invoke/LambdaForm$MH+0x000001e103182800
# instanceKlass java/lang/invoke/LambdaForm$DMH+0x000001e103182400
instanceKlass sun/invoke/util/ValueConversions$WrapperCache
# instanceKlass java/lang/invoke/LambdaForm$DMH+0x000001e103181c00
instanceKlass sun/reflect/misc/Trampoline
instanceKlass sun/reflect/misc/MethodUtil$1
instanceKlass java/awt/Graphics
instanceKlass java/util/stream/IntStream
instanceKlass com/formdev/flatlaf/ui/FlatStylingSupport$StyleableUI
# instanceKlass java/lang/invoke/LambdaForm$DMH+0x000001e103180400
instanceKlass java/awt/FlowLayout
instanceKlass java/awt/Window$WindowDisposerRecord
instanceKlass java/awt/BorderLayout
instanceKlass java/awt/LayoutManager2
instanceKlass java/awt/GraphicsConfiguration
instanceKlass sun/awt/image/SurfaceManager$ProxiedGraphicsConfig
instanceKlass  @bci com/sun/jmx/remote/internal/ServerCommunicatorAdmin logtime (Ljava/lang/String;J)V 7 <adapter> ; # java/lang/invoke/LambdaForm$MH+0x000001e103180000
instanceKlass  @bci com/sun/jmx/remote/internal/ServerCommunicatorAdmin logtime (Ljava/lang/String;J)V 7 <appendix> form vmentry <vmtarget> ; # java/lang/invoke/LambdaForm$MH+0x000001e10315fc00
instanceKlass sun/rmi/transport/DGCAckHandler$1
instanceKlass  @bci com/sun/jmx/remote/internal/ServerCommunicatorAdmin logtime (Ljava/lang/String;J)V 7 <appendix> form names 6 function resolvedHandle form vmentry <vmtarget> ; # java/lang/invoke/LambdaForm$DMH+0x000001e10315f400
instanceKlass sun/java2d/pipe/hw/ContextCapabilities
instanceKlass  @bci sun/rmi/transport/DGCAckHandler <clinit> ()V 16 <appendix> argL0 ; # sun/rmi/transport/DGCAckHandler$$Lambda+0x000001e10316d360
instanceKlass sun/java2d/d3d/D3DGraphicsDevice$1
instanceKlass sun/java2d/d3d/D3DGraphicsDevice$1Result
instanceKlass  @bci com/sun/jmx/remote/internal/ServerCommunicatorAdmin logtime (Ljava/lang/String;J)V 7 <appendix> argL3 form vmentry <vmtarget> ; # java/lang/invoke/LambdaForm$MH+0x000001e10315f000
instanceKlass sun/rmi/transport/DGCAckHandler
instanceKlass sun/java2d/d3d/D3DRenderQueue$1
instanceKlass sun/java2d/pipe/RenderBuffer
# instanceKlass java/lang/invoke/LambdaForm$MH+0x000001e10315ec00
instanceKlass sun/java2d/pipe/RenderQueue
instanceKlass java/awt/GraphicsDevice
instanceKlass javax/management/remote/NotificationResult
instanceKlass java/awt/Component$3
instanceKlass java/awt/ComponentOrientation
instanceKlass  @bci com/sun/jmx/remote/internal/ServerCommunicatorAdmin logtime (Ljava/lang/String;J)V 7 <appendix> form names 10 function resolvedHandle form vmentry <vmtarget> ; # java/lang/invoke/LambdaForm$DMH+0x000001e10315d800
instanceKlass  @bci com/sun/jmx/remote/internal/ServerCommunicatorAdmin logtime (Ljava/lang/String;J)V 7 <appendix> argL1 form vmentry <vmtarget> ; # java/lang/invoke/LambdaForm$MH+0x000001e10315d400
instanceKlass javax/security/auth/Subject
# instanceKlass java/lang/invoke/LambdaForm$MH+0x000001e10315cc00
instanceKlass java/rmi/MarshalledObject
instanceKlass  @bci com/sun/jmx/remote/internal/ServerCommunicatorAdmin <init> (J)V 93 <appendix> form vmentry <vmtarget> ; # java/lang/invoke/LambdaForm$MH+0x000001e10315c400
instanceKlass  @bci com/sun/jmx/remote/internal/ServerCommunicatorAdmin <init> (J)V 93 <appendix> argL3 form vmentry <vmtarget> ; # java/lang/invoke/LambdaForm$MH+0x000001e10315c000
instanceKlass  @bci com/sun/jmx/remote/internal/ServerCommunicatorAdmin <init> (J)V 93 <appendix> argL1 form vmentry <vmtarget> ; # java/lang/invoke/LambdaForm$MH+0x000001e10315b400
instanceKlass com/sun/jmx/remote/internal/ServerCommunicatorAdmin$Timeout
instanceKlass com/sun/jmx/remote/internal/ServerCommunicatorAdmin
instanceKlass javax/management/remote/rmi/RMIConnectionImpl$3
instanceKlass javax/management/remote/rmi/RMIConnectionImpl$2
instanceKlass javax/management/remote/rmi/RMIConnectionImpl$1
instanceKlass com/sun/jmx/remote/security/SubjectDelegator
instanceKlass javax/management/remote/rmi/RMIConnectionImpl
instanceKlass java/rmi/server/Unreferenced
# instanceKlass java/lang/invoke/LambdaForm$MH+0x000001e10315ac00
# instanceKlass java/lang/invoke/LambdaForm$DMH+0x000001e10315a800
instanceKlass  @bci sun/rmi/transport/Transport setContextClassLoader (Ljava/lang/ClassLoader;)V 1 <appendix> member <vmtarget> ; # sun/rmi/transport/Transport$$Lambda+0x000001e1031659a8
instanceKlass java/io/ObjectStreamClass$5
instanceKlass java/io/ObjectStreamClass$4
instanceKlass java/io/ObjectStreamClass$3
instanceKlass java/io/ObjectStreamClass$MemberSignature
instanceKlass java/io/ObjectStreamClass$1
instanceKlass sun/rmi/server/MarshalOutputStream$1
instanceKlass sun/rmi/transport/SequenceEntry
instanceKlass java/util/concurrent/Executors$RunnableAdapter
instanceKlass java/util/concurrent/Executors
instanceKlass java/util/concurrent/FutureTask$WaitNode
instanceKlass java/util/concurrent/FutureTask
instanceKlass sun/rmi/transport/DGCImpl$1
instanceKlass sun/rmi/transport/DGCImpl$LeaseInfo
instanceKlass java/rmi/dgc/VMID
instanceKlass java/rmi/dgc/Lease
instanceKlass java/io/ObjectInputStream$GetField
instanceKlass java/io/ObjectStreamClass$ExceptionInfo
instanceKlass java/io/ObjectInputStream$Logging
instanceKlass java/io/ObjectInputStream$FilterValues
instanceKlass  @bci sun/rmi/server/LoaderHandler <clinit> ()V 36 <appendix> argL0 ; # sun/rmi/server/LoaderHandler$$Lambda+0x000001e103161758
instanceKlass  @bci sun/rmi/server/LoaderHandler <clinit> ()V 0 <appendix> argL0 ; # sun/rmi/server/LoaderHandler$$Lambda+0x000001e103161538
instanceKlass sun/rmi/server/LoaderHandler
instanceKlass java/rmi/server/RMIClassLoader$1
instanceKlass java/rmi/server/RMIClassLoaderSpi
instanceKlass java/rmi/server/RMIClassLoader
instanceKlass  @bci sun/rmi/server/UnicastServerRef unmarshalCustomCallData (Ljava/io/ObjectInput;)V 21 <appendix> member <vmtarget> ; # sun/rmi/server/UnicastServerRef$$Lambda+0x000001e103160880
instanceKlass sun/rmi/transport/Transport$1
instanceKlass java/io/ObjectInputStream$ValidationList
instanceKlass java/io/ObjectInputStream$HandleTable$HandleList
instanceKlass java/io/ObjectInputStream$HandleTable
instanceKlass java/rmi/registry/Registry
instanceKlass  @bci sun/rmi/server/MarshalInputStream <clinit> ()V 0 <appendix> argL0 ; # sun/rmi/server/MarshalInputStream$$Lambda+0x000001e10313ef08
instanceKlass  @bci java/io/ObjectInputStream <clinit> ()V 100 <appendix> argL0 ; # java/io/ObjectInputStream$$Lambda+0x000001e10313ece8
instanceKlass jdk/internal/access/JavaObjectInputStreamReadString
instanceKlass  @bci java/io/ObjectInputStream <clinit> ()V 92 <appendix> argL0 ; # java/io/ObjectInputStream$$Lambda+0x000001e10313e8c8
instanceKlass  @cpi java/io/ObjectInputStream 1214 form vmentry <vmtarget> ; # java/lang/invoke/LambdaForm$DMH+0x000001e103159400
instanceKlass jdk/internal/access/JavaObjectInputStreamAccess
instanceKlass sun/rmi/transport/StreamRemoteCall
instanceKlass java/rmi/server/RemoteCall
instanceKlass sun/rmi/transport/tcp/TCPConnection
instanceKlass sun/rmi/transport/Connection
instanceKlass  @bci sun/rmi/transport/tcp/TCPChannel <clinit> ()V 34 <appendix> argL0 ; # sun/rmi/transport/tcp/TCPChannel$$Lambda+0x000001e10313d1f8
instanceKlass  @bci sun/rmi/transport/tcp/TCPChannel <clinit> ()V 17 <appendix> argL0 ; # sun/rmi/transport/tcp/TCPChannel$$Lambda+0x000001e10313cfd8
instanceKlass  @bci sun/rmi/transport/tcp/TCPChannel <clinit> ()V 0 <appendix> argL0 ; # sun/rmi/transport/tcp/TCPChannel$$Lambda+0x000001e10313cdb8
instanceKlass sun/rmi/transport/tcp/TCPChannel
instanceKlass sun/rmi/transport/Channel
instanceKlass sun/nio/ch/ExtendedSocketOption$1
instanceKlass sun/nio/ch/ExtendedSocketOption
instanceKlass sun/nio/ch/OptionKey
instanceKlass sun/nio/ch/SocketOptionRegistry$LazyInitialization
instanceKlass sun/nio/ch/SocketOptionRegistry$RegistryKey
instanceKlass sun/nio/ch/SocketOptionRegistry
instanceKlass java/net/StandardSocketOptions$StdSocketOption
instanceKlass java/net/StandardSocketOptions
instanceKlass  @bci sun/rmi/transport/tcp/TCPTransport$ConnectionHandler run ()V 29 <appendix> member <vmtarget> ; # sun/rmi/transport/tcp/TCPTransport$ConnectionHandler$$Lambda+0x000001e10313b178
instanceKlass  @bci driverecovery/DriveRecoveryService moveFileToFolder (Ljava/lang/String;Ljava/util/List;Ljava/lang/String;Lcom/google/api/services/drive/Drive;)Ldriverecovery/DriveRecoveryService$MoveResult; 286 <appendix> form vmentry <vmtarget> ; # java/lang/invoke/LambdaForm$MH+0x000001e103159000
# instanceKlass java/lang/invoke/LambdaForm$MH+0x000001e103158c00
instanceKlass  @bci driverecovery/DriveRecoveryService moveFileToFolder (Ljava/lang/String;Ljava/util/List;Ljava/lang/String;Lcom/google/api/services/drive/Drive;)Ldriverecovery/DriveRecoveryService$MoveResult; 286 <appendix> argL3 form vmentry <vmtarget> ; # java/lang/invoke/LambdaForm$MH+0x000001e103158800
instanceKlass  @bci driverecovery/DriveRecoveryService moveFileToFolder (Ljava/lang/String;Ljava/util/List;Ljava/lang/String;Lcom/google/api/services/drive/Drive;)Ldriverecovery/DriveRecoveryService$MoveResult; 513 <appendix> argL3 argL2 form vmentry <vmtarget> ; # java/lang/invoke/LambdaForm$MH+0x000001e103158400
# instanceKlass java/lang/invoke/LambdaForm$MH+0x000001e103157c00
# instanceKlass java/lang/invoke/LambdaForm$MH+0x000001e103157800
instanceKlass  @bci driverecovery/DriveRecoveryService moveFileToFolder (Ljava/lang/String;Ljava/util/List;Ljava/lang/String;Lcom/google/api/services/drive/Drive;)Ldriverecovery/DriveRecoveryService$MoveResult; 286 <appendix> argL1 form vmentry <vmtarget> ; # java/lang/invoke/LambdaForm$MH+0x000001e103157400
# instanceKlass java/lang/invoke/LambdaForm$MH+0x000001e103157000
# instanceKlass java/lang/invoke/LambdaForm$MH+0x000001e103156c00
# instanceKlass java/lang/invoke/LambdaForm$MH+0x000001e103156800
instanceKlass sun/rmi/transport/tcp/TCPTransport$ConnectionHandler
instanceKlass sun/management/counter/Units
instanceKlass jdk/internal/agent/ConnectorAddressLink
# instanceKlass java/lang/invoke/LambdaForm$MH+0x000001e103156400
# instanceKlass java/lang/invoke/LambdaForm$MH+0x000001e103156000
# instanceKlass java/lang/invoke/LambdaForm$MH+0x000001e103155c00
instanceKlass java/io/SerialCallbackContext
instanceKlass java/io/ObjectStreamClass$ClassDataSlot
instanceKlass java/io/ObjectStreamClass$FieldReflector
instanceKlass java/io/ObjectStreamClass$FieldReflectorKey
instanceKlass java/io/ObjectInput
instanceKlass jdk/internal/reflect/ClassDefiner$1
instanceKlass jdk/internal/reflect/ClassDefiner
instanceKlass jdk/internal/reflect/MethodAccessorGenerator$1
instanceKlass jdk/internal/reflect/Label$PatchInfo
instanceKlass jdk/internal/reflect/Label
instanceKlass jdk/internal/reflect/UTF8
instanceKlass jdk/internal/reflect/ClassFileAssembler
instanceKlass jdk/internal/reflect/ByteVectorImpl
instanceKlass jdk/internal/reflect/ByteVector
instanceKlass jdk/internal/reflect/ByteVectorFactory
instanceKlass jdk/internal/reflect/AccessorGenerator
instanceKlass jdk/internal/reflect/ClassFileConstants
instanceKlass  @bci jdk/internal/reflect/MethodHandleLongFieldAccessorImpl getLong (Ljava/lang/Object;)J 11 <adapter> ; # java/lang/invoke/LambdaForm$MH+0x000001e103154c00
# instanceKlass java/lang/invoke/LambdaForm$DMH+0x000001e103154800
instanceKlass java/io/ObjectStreamClass$2
instanceKlass java/io/ClassCache
instanceKlass java/io/ObjectStreamClass$Caches
instanceKlass java/io/ObjectStreamClass
instanceKlass java/io/ObjectOutputStream$ReplaceTable
instanceKlass java/io/ObjectOutputStream$HandleTable
instanceKlass java/io/ObjectStreamConstants
instanceKlass java/io/ObjectOutput
instanceKlass sun/rmi/server/UnicastServerRef$HashToMethod_Maps$1
instanceKlass sun/rmi/server/WeakClassHashMap$ValueCell
instanceKlass sun/rmi/transport/tcp/TCPTransport$AcceptLoop
instanceKlass sun/rmi/runtime/NewThreadAction$2
instanceKlass sun/rmi/runtime/NewThreadAction$1
instanceKlass sun/rmi/runtime/NewThreadAction
instanceKlass java/util/LinkedList$ListItr
instanceKlass java/net/ServerSocket
instanceKlass sun/rmi/transport/ObjectEndpoint
instanceKlass sun/rmi/transport/DGCImpl$2$1
instanceKlass  @bci java/net/SocketPermissionCollection add (Ljava/security/Permission;)V 69 <appendix> member <vmtarget> ; # java/net/SocketPermissionCollection$$Lambda+0x000001e103131920
instanceKlass sun/rmi/transport/DGCImpl_Skel
instanceKlass java/rmi/server/Skeleton
instanceKlass java/rmi/server/Operation
instanceKlass  @bci sun/rmi/transport/DGCImpl$2 run ()Ljava/lang/Void; 50 <appendix> argL0 ; # sun/rmi/transport/DGCImpl$2$$Lambda+0x000001e103130a50
instanceKlass java/io/ObjectInputFilter$FilterInfo
instanceKlass sun/rmi/transport/DGCImpl$2
instanceKlass  @bci sun/rmi/transport/DGCImpl <clinit> ()V 89 <appendix> argL0 ; # sun/rmi/transport/DGCImpl$$Lambda+0x000001e103130400
instanceKlass java/util/concurrent/RunnableScheduledFuture
instanceKlass java/util/concurrent/ScheduledFuture
instanceKlass java/util/concurrent/Delayed
instanceKlass java/util/concurrent/RunnableFuture
instanceKlass java/util/concurrent/Future
instanceKlass sun/rmi/runtime/RuntimeUtil$1
instanceKlass java/util/concurrent/ScheduledExecutorService
instanceKlass  @bci sun/rmi/runtime/RuntimeUtil <clinit> ()V 10 <appendix> argL0 ; # sun/rmi/runtime/RuntimeUtil$$Lambda+0x000001e10312e100
instanceKlass sun/rmi/runtime/RuntimeUtil
instanceKlass sun/rmi/runtime/RuntimeUtil$GetInstanceAction
instanceKlass  @bci sun/rmi/transport/DGCImpl <clinit> ()V 43 <appendix> argL0 ; # sun/rmi/transport/DGCImpl$$Lambda+0x000001e10312daa0
instanceKlass  @bci sun/rmi/transport/DGCImpl <clinit> ()V 26 <appendix> argL0 ; # sun/rmi/transport/DGCImpl$$Lambda+0x000001e10312d880
instanceKlass  @bci sun/rmi/transport/DGCImpl <clinit> ()V 6 <appendix> argL0 ; # sun/rmi/transport/DGCImpl$$Lambda+0x000001e10312d660
instanceKlass sun/rmi/transport/DGCImpl
instanceKlass java/rmi/dgc/DGC
instanceKlass  @bci sun/rmi/transport/ObjectTable <clinit> ()V 0 <appendix> argL0 ; # sun/rmi/transport/ObjectTable$$Lambda+0x000001e10312d010
instanceKlass sun/rmi/transport/ObjectTable
instanceKlass sun/rmi/transport/Target
instanceKlass javax/management/remote/rmi/RMIConnection
instanceKlass java/rmi/server/RemoteObject
instanceKlass  @bci sun/rmi/transport/tcp/TCPTransport <clinit> ()V 142 <appendix> argL0 ; # sun/rmi/transport/tcp/TCPTransport$$Lambda+0x000001e10312b768
instanceKlass java/rmi/server/RMISocketFactory
instanceKlass java/rmi/server/RMIClientSocketFactory
instanceKlass sun/rmi/transport/tcp/TCPTransport$1
instanceKlass java/util/concurrent/LinkedTransferQueue$DualNode
instanceKlass java/util/concurrent/TransferQueue
instanceKlass java/util/concurrent/BlockingQueue
instanceKlass java/util/concurrent/ThreadPoolExecutor$AbortPolicy
instanceKlass java/util/concurrent/RejectedExecutionHandler
instanceKlass  @bci sun/rmi/transport/tcp/TCPTransport <clinit> ()V 59 <appendix> argL0 ; # sun/rmi/transport/tcp/TCPTransport$$Lambda+0x000001e103128ba8
instanceKlass  @bci sun/rmi/transport/tcp/TCPTransport <clinit> ()V 42 <appendix> argL0 ; # sun/rmi/transport/tcp/TCPTransport$$Lambda+0x000001e103128988
instanceKlass  @bci sun/rmi/transport/tcp/TCPTransport <clinit> ()V 22 <appendix> argL0 ; # sun/rmi/transport/tcp/TCPTransport$$Lambda+0x000001e103128768
instanceKlass  @bci sun/rmi/transport/Transport getLogLevel ()Ljava/lang/String; 0 <appendix> argL0 ; # sun/rmi/transport/Transport$$Lambda+0x000001e103128548
instanceKlass sun/rmi/transport/Transport
instanceKlass  @bci sun/rmi/transport/tcp/TCPEndpoint getBoolean (Ljava/lang/String;)Z 1 <appendix> member <vmtarget> ; # sun/rmi/transport/tcp/TCPEndpoint$$Lambda+0x000001e103127e90
instanceKlass java/net/InetAddress$CachedLocalHost
instanceKlass  @bci sun/rmi/transport/tcp/TCPEndpoint getHostnameProperty ()Ljava/lang/String; 0 <appendix> argL0 ; # sun/rmi/transport/tcp/TCPEndpoint$$Lambda+0x000001e103127a58
instanceKlass sun/rmi/transport/tcp/TCPEndpoint
instanceKlass sun/rmi/transport/Endpoint
instanceKlass  @bci java/rmi/server/ObjID useRandomIDs ()Z 0 <appendix> argL0 ; # java/rmi/server/ObjID$$Lambda+0x000001e103127390
instanceKlass sun/security/provider/AbstractDrbg$NonceProvider
instanceKlass  @bci sun/security/provider/AbstractDrbg$SeederHolder <clinit> ()V 42 <appendix> member <vmtarget> ; # sun/security/provider/AbstractDrbg$SeederHolder$$Lambda+0x000001e103126a50
instanceKlass  @cpi sun/security/provider/AbstractDrbg$SeederHolder 91 form vmentry <vmtarget> ; # java/lang/invoke/LambdaForm$DMH+0x000001e103154400
instanceKlass java/net/NetworkInterface$1
instanceKlass java/net/DefaultInterface
instanceKlass java/net/InterfaceAddress
instanceKlass java/net/NetworkInterface
instanceKlass sun/security/provider/ByteArrayAccess$BE
instanceKlass sun/security/provider/ByteArrayAccess
instanceKlass sun/security/provider/SeedGenerator$1
instanceKlass sun/security/util/MessageDigestSpi2
instanceKlass sun/security/jca/GetInstance$Instance
instanceKlass sun/security/jca/GetInstance
instanceKlass sun/security/util/CryptoAlgorithmConstraints$CryptoHolder
instanceKlass sun/security/util/AbstractAlgorithmConstraints
instanceKlass java/security/AlgorithmConstraints
instanceKlass java/security/MessageDigestSpi
instanceKlass sun/security/provider/SeedGenerator
instanceKlass sun/security/provider/AbstractDrbg$SeederHolder
instanceKlass java/security/DrbgParameters$NextBytes
instanceKlass  @bci sun/security/provider/AbstractDrbg <clinit> ()V 12 <appendix> argL0 ; # sun/security/provider/AbstractDrbg$$Lambda+0x000001e1031235b8
instanceKlass  @cpi sun/security/provider/AbstractDrbg 383 form vmentry <vmtarget> ; # java/lang/invoke/LambdaForm$DMH+0x000001e1030cbc00
instanceKlass sun/security/provider/EntropySource
instanceKlass sun/security/provider/AbstractDrbg
instanceKlass java/security/DrbgParameters$Instantiation
instanceKlass java/security/DrbgParameters
instanceKlass sun/security/provider/MoreDrbgParameters
instanceKlass  @bci sun/security/provider/DRBG <init> (Ljava/security/SecureRandomParameters;)V 26 <appendix> argL0 ; # sun/security/provider/DRBG$$Lambda+0x000001e103122058
instanceKlass java/security/SecureRandomSpi
instanceKlass sun/font/SunFontManager$9
instanceKlass sun/font/SunFontManager$3
instanceKlass sun/security/util/SecurityProviderConstants
instanceKlass java/security/Provider$UString
instanceKlass java/security/Provider$Service
instanceKlass sun/security/provider/NativePRNG$NonBlocking
instanceKlass sun/security/provider/NativePRNG$Blocking
instanceKlass sun/security/provider/NativePRNG
instanceKlass sun/security/provider/SunEntries$1
instanceKlass sun/security/provider/SunEntries
instanceKlass java/util/AbstractList$Itr
instanceKlass sun/security/jca/ProviderList$2
instanceKlass javax/security/auth/login/Configuration$Parameters
instanceKlass java/security/Policy$Parameters
instanceKlass java/security/cert/CertStoreParameters
instanceKlass java/security/SecureRandomParameters
instanceKlass java/security/Provider$EngineDescription
instanceKlass java/security/Provider$ServiceKey
instanceKlass sun/security/jca/ProviderConfig
instanceKlass sun/security/jca/ProviderList
instanceKlass sun/security/jca/Providers
instanceKlass java/rmi/server/UID
instanceKlass java/rmi/server/ObjID
instanceKlass sun/rmi/transport/LiveRef
instanceKlass sun/rmi/server/WeakClassHashMap
instanceKlass  @bci sun/rmi/server/UnicastServerRef <clinit> ()V 49 <appendix> argL0 ; # sun/rmi/server/UnicastServerRef$$Lambda+0x000001e10311a5f0
instanceKlass  @bci sun/rmi/server/UnicastServerRef <clinit> ()V 32 <appendix> argL0 ; # sun/rmi/server/UnicastServerRef$$Lambda+0x000001e10311a3d0
instanceKlass  @bci sun/rmi/server/UnicastServerRef <clinit> ()V 0 <appendix> argL0 ; # sun/rmi/server/UnicastServerRef$$Lambda+0x000001e10311a1b0
instanceKlass  @bci sun/rmi/server/UnicastRef <clinit> ()V 21 <appendix> argL0 ; # sun/rmi/server/UnicastRef$$Lambda+0x000001e103119f90
instanceKlass  @bci sun/rmi/server/Util <clinit> ()V 32 <appendix> argL0 ; # sun/rmi/server/Util$$Lambda+0x000001e103119d70
instanceKlass java/util/logging/StreamHandler$1
instanceKlass java/util/logging/Handler$1
instanceKlass java/util/logging/ErrorManager
instanceKlass jdk/internal/logger/SimpleConsoleLogger$Formatting
instanceKlass  @bci java/util/logging/SimpleFormatter <init> ()V 5 <appendix> argL0 ; # java/util/logging/SimpleFormatter$$Lambda+0x000001e1031192a8
instanceKlass java/util/logging/Formatter
instanceKlass sun/rmi/runtime/Log$LoggerLog$1
instanceKlass java/util/logging/Logger$SystemLoggerHelper$1
instanceKlass java/util/logging/Logger$SystemLoggerHelper
instanceKlass sun/rmi/runtime/Log$LoggerLogFactory
instanceKlass sun/rmi/runtime/Log$LogFactory
instanceKlass  @bci sun/rmi/runtime/Log <clinit> ()V 22 <appendix> argL0 ; # sun/rmi/runtime/Log$$Lambda+0x000001e103117e40
instanceKlass sun/rmi/runtime/Log
instanceKlass  @bci sun/rmi/server/Util <clinit> ()V 0 <appendix> argL0 ; # sun/rmi/server/Util$$Lambda+0x000001e1031171e8
instanceKlass sun/rmi/server/Util
instanceKlass sun/rmi/server/UnicastRef
instanceKlass sun/rmi/server/Dispatcher
instanceKlass java/rmi/server/ServerRef
instanceKlass java/rmi/server/RemoteRef
instanceKlass  @bci java/io/ObjectInputFilter$Config$Global <init> (Ljava/lang/String;Z)V 444 <appendix> member <vmtarget> ; # java/io/ObjectInputFilter$Config$Global$$Lambda+0x000001e103115df0
instanceKlass  @bci java/io/ObjectInputFilter$Config$Global <init> (Ljava/lang/String;Z)V 534 <appendix> member <vmtarget> ; # java/io/ObjectInputFilter$Config$Global$$Lambda+0x000001e103115ba8
instanceKlass java/io/ObjectInputFilter$Config$Global
instanceKlass  @bci java/io/ObjectInputFilter$Config <clinit> ()V 368 <appendix> argL0 ; # java/io/ObjectInputFilter$Config$$Lambda+0x000001e103115518
instanceKlass jdk/internal/access/JavaObjectInputFilterAccess
instanceKlass java/io/ObjectInputFilter$Config$BuiltinFilterFactory
instanceKlass  @bci java/io/ObjectInputFilter$Config <clinit> ()V 80 <appendix> argL0 ; # java/io/ObjectInputFilter$Config$$Lambda+0x000001e103114eb0
instanceKlass  @bci driverecovery/DriveRecoveryService handleFoundFile (Ljava/lang/String;Lcom/google/api/services/drive/model/File;Ljava/lang/String;Ljava/lang/String;Ljava/lang/String;Ljava/util/Set;Ldriverecovery/DriveRecoveryService$MoveResult;Ljava/lang/String;)Ldriverecovery/DriveRecoveryService$MoveResult; 292 <bsm> form vmentry <vmtarget> ; # java/lang/invoke/LambdaForm$DMH+0x000001e1030cb400
instanceKlass  @bci java/io/ObjectInputFilter$Config <clinit> ()V 56 <appendix> argL0 ; # java/io/ObjectInputFilter$Config$$Lambda+0x000001e103114c90
instanceKlass java/io/ObjectInputFilter
instanceKlass java/io/ObjectInputFilter$Config
instanceKlass javax/management/remote/rmi/RMIServerImpl
instanceKlass javax/management/remote/rmi/RMIServer
instanceKlass java/rmi/Remote
instanceKlass com/sun/jmx/remote/protocol/rmi/ServerProvider
instanceKlass javax/management/remote/JMXConnectorFactory$ProviderFinder
instanceKlass java/util/ServiceLoader$ProviderSpliterator
instanceKlass javax/management/remote/JMXConnectorProvider
instanceKlass  @bci javax/management/remote/JMXConnectorServerFactory getConnectorServerAsService (Ljava/lang/ClassLoader;Ljavax/management/remote/JMXServiceURL;Ljava/util/Map;Ljavax/management/MBeanServer;Ljava/util/function/Predicate;)Ljavax/management/remote/JMXConnectorServer; 3 <appendix> member <vmtarget> ; # javax/management/remote/JMXConnectorServerFactory$$Lambda+0x000001e103112fb0
instanceKlass sun/font/SunFontManager$8
instanceKlass javax/management/remote/JMXAddressable
instanceKlass javax/management/remote/JMXConnectorServerMBean
instanceKlass javax/management/remote/JMXConnectorFactory$ConnectorFactory
instanceKlass  @bci javax/management/remote/JMXConnectorServerFactory newJMXConnectorServer (Ljavax/management/remote/JMXServiceURL;Ljava/util/Map;Ljavax/management/MBeanServer;)Ljavax/management/remote/JMXConnectorServer; 75 <appendix> argL0 ; # javax/management/remote/JMXConnectorServerFactory$$Lambda+0x000001e103112190
instanceKlass javax/management/remote/JMXConnectorFactory$1
instanceKlass javax/management/remote/JMXConnectorFactory
instanceKlass javax/management/remote/JMXConnectorServerProvider
instanceKlass com/sun/jmx/remote/util/EnvHelp
instanceKlass javax/management/remote/JMXConnectorServerFactory
instanceKlass sun/management/jmxremote/LocalRMIServerSocketFactory
instanceKlass java/rmi/server/RMIServerSocketFactory
instanceKlass java/util/BitSet
instanceKlass javax/management/remote/JMXServiceURL
instanceKlass  @bci java/util/stream/Collectors joining (Ljava/lang/CharSequence;Ljava/lang/CharSequence;Ljava/lang/CharSequence;)Ljava/util/stream/Collector; 22 <appendix> argL0 ; # java/util/stream/Collectors$$Lambda+0x800000042
instanceKlass  @bci java/util/stream/Collectors joining (Ljava/lang/CharSequence;Ljava/lang/CharSequence;Ljava/lang/CharSequence;)Ljava/util/stream/Collector; 17 <appendix> argL0 ; # java/util/stream/Collectors$$Lambda+0x800000040
instanceKlass  @bci java/util/stream/Collectors joining (Ljava/lang/CharSequence;Ljava/lang/CharSequence;Ljava/lang/CharSequence;)Ljava/util/stream/Collector; 12 <appendix> argL0 ; # java/util/stream/Collectors$$Lambda+0x80000003d
instanceKlass  @bci java/util/stream/Collectors joining (Ljava/lang/CharSequence;Ljava/lang/CharSequence;Ljava/lang/CharSequence;)Ljava/util/stream/Collector; 7 <appendix> member <vmtarget> ; # java/util/stream/Collectors$$Lambda+0x800000045
instanceKlass  @bci java/lang/Class methodToString (Ljava/lang/String;[Ljava/lang/Class;)Ljava/lang/String; 42 <appendix> argL0 ; # java/lang/Class$$Lambda+0x000001e103110bd0
instanceKlass jdk/management/jfr/FlightRecorderMXBeanImpl$MXBeanListener
instanceKlass jdk/jfr/FlightRecorderListener
instanceKlass javax/management/NotificationFilter
instanceKlass javax/management/NotificationListener
instanceKlass jdk/jfr/FlightRecorder
instanceKlass java/io/RandomAccessFile$1
instanceKlass jdk/jfr/Recording
instanceKlass javax/management/StandardMBean$MBeanInfoSafeAction
instanceKlass jdk/jfr/internal/management/StreamManager
instanceKlass jdk/management/jfr/EventTypeInfo
instanceKlass jdk/management/jfr/ConfigurationInfo
instanceKlass jdk/management/jfr/RecordingInfo
instanceKlass sun/reflect/generics/tree/VoidDescriptor
instanceKlass sun/reflect/generics/tree/LongSignature
instanceKlass jdk/management/jfr/SettingDescriptorInfo$1
instanceKlass jdk/management/jfr/SettingDescriptorInfo
instanceKlass  @bci java/lang/management/DefaultPlatformMBeanProvider$10 nameToMBeanMap ()Ljava/util/Map; 36 <appendix> member <vmtarget> ; # java/lang/management/DefaultPlatformMBeanProvider$10$$Lambda+0x000001e10310db80
instanceKlass sun/management/ManagementFactoryHelper$1
instanceKlass  @bci java/util/stream/Collectors toList ()Ljava/util/stream/Collector; 14 <appendix> argL0 ; # java/util/stream/Collectors$$Lambda+0x000001e10310d6b8
instanceKlass  @bci java/util/stream/Collectors toList ()Ljava/util/stream/Collector; 9 <appendix> argL0 ; # java/util/stream/Collectors$$Lambda+0x000001e10310d488
instanceKlass  @bci java/util/stream/Collectors toList ()Ljava/util/stream/Collector; 4 <appendix> argL0 ; # java/util/stream/Collectors$$Lambda+0x000001e10310d268
instanceKlass sun/font/SunFontManager$11
instanceKlass  @bci sun/management/ManagementFactoryHelper getBufferPoolMXBeans ()Ljava/util/List; 25 <appendix> argL0 ; # sun/management/ManagementFactoryHelper$$Lambda+0x000001e10310cdf8
instanceKlass java/lang/management/BufferPoolMXBean
instanceKlass sun/nio/ch/FileChannelImpl$3
instanceKlass sun/nio/ch/FileChannelImpl$2
instanceKlass jdk/internal/misc/VM$BufferPoolsHolder
instanceKlass com/sun/management/VMOption
instanceKlass com/sun/management/internal/HotSpotDiagnostic
instanceKlass com/sun/management/HotSpotDiagnosticMXBean
instanceKlass javax/swing/SpinnerModel
instanceKlass java/awt/dnd/DropTargetListener
instanceKlass com/sun/management/GcInfo
instanceKlass javax/management/openmbean/CompositeDataView
instanceKlass java/awt/datatransfer/Transferable
instanceKlass javax/swing/filechooser/FileFilter
instanceKlass  @bci jdk/jfr/internal/dcmd/DCmdCheck printHelp ()[Ljava/lang/String; 6 <appendix> argL0 ; # jdk/jfr/internal/dcmd/DCmdCheck$$Lambda+0x000001e1031028a0
instanceKlass  @bci jdk/jfr/internal/dcmd/DCmdDump printHelp ()[Ljava/lang/String; 27 <appendix> argL0 ; # jdk/jfr/internal/dcmd/DCmdDump$$Lambda+0x000001e103102680
instanceKlass java/awt/ItemSelectable
instanceKlass  @bci jdk/jfr/internal/dcmd/DCmdStart printHelp ()[Ljava/lang/String; 26 <appendix> argL0 ; # jdk/jfr/internal/dcmd/DCmdStart$$Lambda+0x000001e1030dfb30
instanceKlass javax/swing/ScrollPaneConstants
instanceKlass javax/swing/Scrollable
instanceKlass javax/swing/text/html/CSS$ShorthandMarginParser
instanceKlass javax/swing/text/StyleContext$KeyEnumeration
instanceKlass  @bci java/util/regex/CharPredicates ASCII_SPACE ()Ljava/util/regex/Pattern$BmpCharPredicate; 0 <appendix> argL0 ; # java/util/regex/CharPredicates$$Lambda+0x800000025
instanceKlass javax/swing/text/html/CSS$LengthUnit
instanceKlass javax/swing/text/html/CSSParser
instanceKlass javax/swing/text/html/StyleSheet$CssParser
instanceKlass javax/swing/text/html/CSSParser$CSSParserCallback
instanceKlass  @bci jdk/jfr/internal/jfc/model/JFCModel add (Ljdk/jfr/internal/jfc/model/ControlElement;)V 10 <appendix> argL0 ; # jdk/jfr/internal/jfc/model/JFCModel$$Lambda+0x000001e1030dcdd0
instanceKlass javax/swing/text/html/HTMLEditorKit$1
instanceKlass javax/swing/text/html/StyleSheet$SelectorMapping
instanceKlass  @bci jdk/jfr/internal/jfc/model/JFCModel <init> (Ljdk/jfr/internal/jfc/model/XmlConfiguration;)V 25 <appendix> argL0 ; # jdk/jfr/internal/jfc/model/JFCModel$$Lambda+0x000001e1030dc728
instanceKlass javax/swing/text/html/CSS$CssValue
instanceKlass javax/swing/text/html/CSS$Value
instanceKlass javax/swing/text/html/CSS$Attribute
instanceKlass javax/swing/text/html/CSS
instanceKlass javax/swing/text/Position$Bias
instanceKlass java/awt/event/MouseAdapter
instanceKlass java/awt/event/MouseWheelListener
instanceKlass java/awt/event/MouseListener
instanceKlass java/awt/event/MouseMotionListener
instanceKlass javax/swing/text/StyledEditorKit$AttributeTracker
instanceKlass jdk/jfr/internal/jfc/model/ControlElement
instanceKlass javax/swing/text/html/HTML$Attribute
instanceKlass javax/swing/text/html/HTML
instanceKlass javax/swing/text/html/HTML$Tag
instanceKlass javax/swing/text/LayeredHighlighter$LayerPainter
instanceKlass javax/swing/text/Highlighter$HighlightPainter
instanceKlass javax/swing/event/CaretListener
instanceKlass javax/swing/text/html/HTMLEditorKit$HTMLFactory
instanceKlass java/awt/Cursor$1
instanceKlass sun/awt/AWTAccessor$CursorAccessor
instanceKlass java/awt/Cursor
instanceKlass javax/swing/text/StyledEditorKit$StyledViewFactory
instanceKlass javax/swing/text/ViewFactory
instanceKlass javax/swing/ArrayTable
instanceKlass javax/swing/AbstractAction
instanceKlass javax/swing/Action
instanceKlass java/awt/event/ActionListener
instanceKlass javax/swing/text/EditorKit
instanceKlass  @bci com/formdev/flatlaf/FlatLaf getDefaults ()Ljavax/swing/UIDefaults; 475 <appendix> argL0 ; # com/formdev/flatlaf/FlatLaf$$Lambda+0x000001e1030c7cb0
instanceKlass com/formdev/flatlaf/FlatSystemProperties
instanceKlass java/lang/invoke/MethodHandle$1
instanceKlass com/formdev/flatlaf/util/UIScale
instanceKlass javax/swing/text/StyleContext$SmallAttributeSet
instanceKlass javax/swing/text/StyleContext$NamedStyle
instanceKlass javax/swing/text/Style
instanceKlass javax/swing/text/SimpleAttributeSet$EmptyAttributeSet
instanceKlass javax/swing/text/SimpleAttributeSet
instanceKlass javax/swing/text/MutableAttributeSet
instanceKlass javax/swing/text/AttributeSet
instanceKlass javax/swing/text/StyleContext$FontKey
instanceKlass javax/swing/text/AttributeSet$ParagraphAttribute
instanceKlass javax/swing/text/AttributeSet$ColorAttribute
instanceKlass javax/swing/text/AttributeSet$FontAttribute
instanceKlass javax/swing/text/AttributeSet$CharacterAttribute
instanceKlass javax/swing/text/StyleConstants
instanceKlass javax/swing/text/StyleContext
instanceKlass javax/swing/text/AbstractDocument$AttributeContext
instanceKlass com/formdev/flatlaf/util/FontUtils
instanceKlass sun/font/TrueTypeFont$DirectoryEntry
instanceKlass jdk/jfr/internal/jfc/model/SettingsLog
instanceKlass java/nio/channels/spi/AbstractInterruptibleChannel$1
instanceKlass sun/nio/ch/Interruptible
instanceKlass sun/font/TrueTypeFont$1
instanceKlass sun/font/TrueTypeFont$TTDisposerRecord
instanceKlass jdk/jfr/internal/jfc/model/Utilities
instanceKlass sun/font/SunFontManager$4
instanceKlass jdk/jfr/internal/jfc/model/XmlElement
instanceKlass sun/font/SunFontManager$FamilyDescription
instanceKlass jdk/internal/util/xml/impl/Input
instanceKlass jdk/internal/org/xml/sax/InputSource
instanceKlass sun/awt/Win32FontManager$2
instanceKlass jdk/internal/org/xml/sax/helpers/DefaultHandler
instanceKlass jdk/internal/org/xml/sax/ErrorHandler
instanceKlass jdk/internal/org/xml/sax/ContentHandler
instanceKlass jdk/internal/org/xml/sax/DTDHandler
instanceKlass jdk/internal/org/xml/sax/EntityResolver
instanceKlass sun/font/FontFamily
instanceKlass jdk/internal/util/xml/impl/Pair
instanceKlass jdk/internal/util/xml/impl/Attrs
instanceKlass jdk/internal/org/xml/sax/Attributes
instanceKlass sun/font/CompositeFontDescriptor
instanceKlass jdk/internal/util/xml/impl/Parser
instanceKlass jdk/internal/org/xml/sax/Locator
instanceKlass jdk/internal/org/xml/sax/XMLReader
instanceKlass jdk/internal/util/xml/SAXParser
instanceKlass jdk/jfr/internal/jfc/model/Parser
instanceKlass sun/nio/ch/IOStatus
instanceKlass sun/font/SunFontManager$FontRegistrationInfo
instanceKlass java/nio/channels/NetworkChannel
instanceKlass sun/nio/ch/SelChImpl
instanceKlass sun/nio/ch/Streams
instanceKlass java/nio/channels/Channels
instanceKlass sun/nio/ch/FileChannelImpl$Closer
instanceKlass sun/nio/ch/NativeThreadSet
instanceKlass java/lang/Short$ShortCache
instanceKlass java/nio/channels/spi/AbstractInterruptibleChannel
instanceKlass java/nio/channels/InterruptibleChannel
instanceKlass java/nio/channels/ScatteringByteChannel
instanceKlass java/nio/channels/GatheringByteChannel
instanceKlass java/nio/channels/SeekableByteChannel
instanceKlass java/nio/channels/ByteChannel
instanceKlass java/nio/channels/WritableByteChannel
instanceKlass java/nio/channels/ReadableByteChannel
instanceKlass java/nio/channels/Channel
instanceKlass sun/nio/fs/WindowsChannelFactory$Flags
instanceKlass sun/nio/fs/WindowsChannelFactory$1
instanceKlass sun/nio/fs/WindowsChannelFactory
instanceKlass sun/nio/fs/WindowsSecurityDescriptor
instanceKlass java/nio/file/attribute/FileAttribute
instanceKlass  @bci jdk/jfr/internal/SecuritySupport newFileInputStream (Ljdk/jfr/internal/SecuritySupport$SafePath;)Ljava/io/InputStream; 1 <appendix> member <vmtarget> ; # jdk/jfr/internal/SecuritySupport$$Lambda+0x000001e1030ead28
instanceKlass  @bci jdk/jfr/internal/SecuritySupport getFileSize (Ljdk/jfr/internal/SecuritySupport$SafePath;)J 1 <appendix> member <vmtarget> ; # jdk/jfr/internal/SecuritySupport$$Lambda+0x000001e1030eab00
instanceKlass sun/awt/FontDescriptor
instanceKlass jdk/jfr/internal/jfc/JFC$KnownConfiguration
instanceKlass sun/awt/FontConfiguration
instanceKlass jdk/jfr/internal/jfc/model/JFCModel
instanceKlass  @bci jdk/jfr/internal/dcmd/DCmdStart jfcOptions ()Ljava/lang/String; 45 <appendix> argL0 ; # jdk/jfr/internal/dcmd/DCmdStart$$Lambda+0x000001e1030e8af8
instanceKlass sun/font/SunFontManager$2
instanceKlass jdk/jfr/internal/jfc/JFC
instanceKlass sun/awt/Win32FontManager$1
instanceKlass  @bci jdk/jfr/internal/SecuritySupport isDirectory (Ljdk/jfr/internal/SecuritySupport$SafePath;)Z 1 <appendix> member <vmtarget> ; # jdk/jfr/internal/SecuritySupport$$Lambda+0x000001e1030e7740
instanceKlass sun/font/GlyphList
instanceKlass sun/font/StrikeCache$1
instanceKlass sun/nio/fs/BasicFileAttributesHolder
instanceKlass sun/font/StrikeCache
instanceKlass sun/font/FontStrike
instanceKlass sun/nio/fs/WindowsDirectoryStream$WindowsDirectoryIterator
instanceKlass sun/font/CharToGlyphMapper
instanceKlass java/awt/geom/Path2D
instanceKlass sun/nio/fs/WindowsDirectoryStream
instanceKlass java/nio/file/Files$AcceptAllFilter
instanceKlass java/nio/file/DirectoryStream$Filter
instanceKlass jdk/jfr/internal/SecuritySupport$1
instanceKlass java/awt/geom/RectangularShape
instanceKlass java/awt/Shape
instanceKlass  @bci jdk/jfr/internal/SecuritySupport getPredefinedJFCFiles ()Ljava/util/List; 8 <appendix> argL0 ; # jdk/jfr/internal/SecuritySupport$$Lambda+0x000001e1030e3cc8
instanceKlass sun/font/StrikeMetrics
instanceKlass java/awt/geom/Point2D
instanceKlass java/nio/file/DirectoryStream
instanceKlass jdk/jfr/internal/consumer/FileAccess
instanceKlass jdk/jfr/internal/SecuritySupport$4
instanceKlass sun/font/Font2D
instanceKlass  @bci jdk/jfr/internal/SecuritySupport getPathInProperty (Ljava/lang/String;Ljava/lang/String;)Ljdk/jfr/internal/SecuritySupport$SafePath; 2 <appendix> member <vmtarget> ; # jdk/jfr/internal/SecuritySupport$$Lambda+0x000001e1030e1378
instanceKlass  @cpi jdk/jfr/internal/SecuritySupport 773 form vmentry <vmtarget> ; # java/lang/invoke/LambdaForm$DMH+0x000001e1030ca400
instanceKlass jdk/jfr/internal/SecuritySupport$SafePath
instanceKlass jdk/jfr/internal/SecuritySupport$CallableWithoutCheckException
instanceKlass jdk/internal/event/Event
instanceKlass jdk/jfr/internal/SecuritySupport
instanceKlass  @bci jdk/jfr/internal/dcmd/DCmdStop printHelp ()[Ljava/lang/String; 19 <appendix> argL0 ; # jdk/jfr/internal/dcmd/DCmdStop$$Lambda+0x000001e1030e0248
instanceKlass java/util/Formattable
instanceKlass java/util/Formatter$Flags
instanceKlass java/util/Formatter$FormatSpecifier
instanceKlass java/util/Formatter$Conversion
instanceKlass java/util/Formatter$FixedString
instanceKlass java/util/Formatter$FormatString
instanceKlass  @bci java/util/regex/Pattern union (Ljava/util/regex/Pattern$CharPredicate;Ljava/util/regex/Pattern$CharPredicate;Z)Ljava/util/regex/Pattern$CharPredicate; 6 <appendix> member <vmtarget> ; # java/util/regex/Pattern$$Lambda+0x800000031
instanceKlass  @bci java/util/regex/Pattern Range (II)Ljava/util/regex/Pattern$CharPredicate; 23 <appendix> member <vmtarget> ; # java/util/regex/Pattern$$Lambda+0x800000029
instanceKlass  @bci java/util/regex/CharPredicates ASCII_DIGIT ()Ljava/util/regex/Pattern$BmpCharPredicate; 0 <appendix> argL0 ; # java/util/regex/CharPredicates$$Lambda+0x800000024
instanceKlass java/util/regex/CharPredicates
instanceKlass java/util/Formatter
instanceKlass sun/font/FontManagerNativeLibrary$1
instanceKlass sun/font/FontManagerNativeLibrary
instanceKlass sun/font/SunFontManager$1
instanceKlass  @bci jdk/jfr/internal/dcmd/DCmdView printHelp ()[Ljava/lang/String; 111 <appendix> argL0 ; # jdk/jfr/internal/dcmd/DCmdView$$Lambda+0x000001e1030bf518
instanceKlass sun/font/SunFontManager$T1Filter
instanceKlass sun/font/SunFontManager$TTFilter
instanceKlass java/io/FilenameFilter
instanceKlass sun/font/Font2DHandle
instanceKlass sun/font/SunFontManager
instanceKlass sun/font/FontManagerForSGE
instanceKlass sun/font/FontManager
instanceKlass sun/java2d/FontSupport
instanceKlass sun/font/PlatformFontInfo
instanceKlass sun/font/FontManagerFactory
instanceKlass jdk/jfr/internal/util/Columnizer$Column
instanceKlass  @bci driverecovery/DriveRecoveryService checkFolder (Ldriverecovery/DriveRecoveryService$FolderInfo;Ljava/lang/String;)Ldriverecovery/DriveRecoveryService$FolderReport; 324 <adapter> ; # java/lang/invoke/LambdaForm$MH+0x000001e1030ca000
# instanceKlass java/lang/invoke/LambdaForm$DMH+0x000001e1030c9c00
instanceKlass  @bci com/formdev/flatlaf/UIDefaultsLoader parseGrayFilter (Ljava/lang/String;)Ljava/lang/Object; 56 <appendix> form vmentry <vmtarget> ; # java/lang/invoke/LambdaForm$DMH+0x000001e1030c9800
instanceKlass  @bci com/formdev/flatlaf/UIDefaultsLoader parseGrayFilter (Ljava/lang/String;)Ljava/lang/Object; 56 <appendix> member <vmtarget> ; # com/formdev/flatlaf/UIDefaultsLoader$$Lambda+0x000001e1030c7480
instanceKlass  @cpi com/formdev/flatlaf/UIDefaultsLoader 1263 form vmentry <vmtarget> ; # java/lang/invoke/LambdaForm$DMH+0x000001e1030c9400
instanceKlass jdk/jfr/internal/util/Tokenizer
instanceKlass jdk/jfr/internal/query/ViewFile
instanceKlass jdk/jfr/internal/util/Columnizer
instanceKlass jdk/jfr/internal/query/ViewPrinter
instanceKlass java/util/stream/AbstractSpinedBuffer
instanceKlass  @bci java/util/stream/ReferencePipeline toArray ()[Ljava/lang/Object; 1 <appendix> argL0 ; # java/util/stream/ReferencePipeline$$Lambda+0x000001e1030bc180
instanceKlass java/util/ImmutableCollections$Access$1
instanceKlass jdk/internal/access/JavaUtilCollectionAccess
instanceKlass java/util/ImmutableCollections$Access
instanceKlass java/lang/StringLatin1$LinesSpliterator
instanceKlass com/sun/management/internal/DiagnosticCommandImpl$Wrapper
instanceKlass jdk/jfr/internal/util/Output$LinePrinter
instanceKlass jdk/jfr/internal/util/Output
instanceKlass jdk/jfr/internal/dcmd/AbstractDCmd
instanceKlass com/sun/management/internal/DiagnosticCommandArgumentInfo
instanceKlass com/sun/management/internal/DiagnosticCommandInfo
instanceKlass com/sun/management/internal/DiagnosticCommandImpl$OperationInfoComparator
instanceKlass sun/management/ClassLoadingImpl
instanceKlass java/lang/management/ClassLoadingMXBean
instanceKlass  @bci com/formdev/flatlaf/UIDefaultsLoader parseColorHSLIncreaseDecrease (IZLjava/util/List;Ljava/util/function/Function;)Ljava/lang/Object; 147 <appendix> member <vmtarget> ; # com/formdev/flatlaf/UIDefaultsLoader$$Lambda+0x000001e1030c7258
instanceKlass javax/management/MBeanInfo$ArrayGettersSafeAction
instanceKlass  @bci com/formdev/flatlaf/UIDefaultsLoader parseScaledDimension (Ljava/lang/String;)Ljavax/swing/UIDefaults$ActiveValue; 6 <appendix> member <vmtarget> ; # com/formdev/flatlaf/UIDefaultsLoader$$Lambda+0x000001e1030c7030
instanceKlass javax/management/openmbean/OpenMBeanOperationInfo
instanceKlass jdk/internal/math/FloatingDecimal$ASCIIToBinaryBuffer
instanceKlass jdk/internal/math/FloatingDecimal$PreparedASCIIToBinaryBuffer
instanceKlass jdk/internal/math/FloatingDecimal$ASCIIToBinaryConverter
instanceKlass jdk/internal/math/FloatingDecimal$BinaryToASCIIBuffer
instanceKlass jdk/internal/math/FloatingDecimal$ExceptionalBinaryToASCIIBuffer
instanceKlass jdk/internal/math/FloatingDecimal$BinaryToASCIIConverter
instanceKlass jdk/internal/math/FloatingDecimal
instanceKlass  @bci com/formdev/flatlaf/UIDefaultsLoader parseScaledInteger (Ljava/lang/String;)Ljavax/swing/UIDefaults$ActiveValue; 9 <appendix> member <vmtarget> ; # com/formdev/flatlaf/UIDefaultsLoader$$Lambda+0x000001e1030c6e10
instanceKlass java/util/logging/LogManager$4
instanceKlass jdk/internal/logger/BootstrapLogger$BootstrapExecutors
instanceKlass jdk/internal/logger/LoggerFinderLoader
instanceKlass  @bci com/formdev/flatlaf/UIDefaultsLoader parseColorFade (Ljava/util/List;Ljava/util/function/Function;)Ljava/lang/Object; 92 <appendix> member <vmtarget> ; # com/formdev/flatlaf/UIDefaultsLoader$$Lambda+0x000001e1030c6be8
instanceKlass  @bci java/lang/System$LoggerFinder accessProvider ()Ljava/lang/System$LoggerFinder; 8 <appendix> argL0 ; # java/lang/System$LoggerFinder$$Lambda+0x000001e1030b6788
instanceKlass  @bci com/formdev/flatlaf/UIDefaultsLoader parseBorder (Ljava/lang/String;Ljava/util/function/Function;Ljava/util/List;)Ljava/lang/Object; 155 <adapter> ; # java/lang/invoke/LambdaForm$MH+0x000001e1030c9000
instanceKlass java/util/stream/Streams
instanceKlass java/util/stream/Stream$Builder
instanceKlass java/util/stream/Streams$AbstractStreamBuilderImpl
instanceKlass  @bci java/util/logging/Level$KnownLevel findByName (Ljava/lang/String;Ljava/util/function/Function;)Ljava/util/Optional; 29 <appendix> argL0 ; # java/util/logging/Level$KnownLevel$$Lambda+0x800000022
# instanceKlass java/lang/invoke/LambdaForm$DMH+0x000001e1030c8c00
instanceKlass  @bci java/util/logging/Level findLevel (Ljava/lang/String;)Ljava/util/logging/Level; 13 <appendix> argL0 ; # java/util/logging/Level$$Lambda+0x800000010
instanceKlass  @bci com/formdev/flatlaf/UIDefaultsLoader parseBorder (Ljava/lang/String;Ljava/util/function/Function;Ljava/util/List;)Ljava/lang/Object; 155 <appendix> form vmentry <vmtarget> ; # java/lang/invoke/LambdaForm$DMH+0x000001e1030c8800
instanceKlass java/util/Collections$3
instanceKlass  @bci com/formdev/flatlaf/UIDefaultsLoader parseBorder (Ljava/lang/String;Ljava/util/function/Function;Ljava/util/List;)Ljava/lang/Object; 155 <appendix> member <vmtarget> ; # com/formdev/flatlaf/UIDefaultsLoader$$Lambda+0x000001e1030c69c0
instanceKlass java/util/logging/LogManager$LoggerContext$1
instanceKlass java/util/logging/LogManager$VisitedLoggers
instanceKlass java/util/logging/Logger$ConfigurationData
instanceKlass java/util/logging/Logger$LoggerBundle
instanceKlass java/util/logging/Handler
instanceKlass java/util/logging/LogManager$2
instanceKlass java/util/logging/Logging
instanceKlass  @cpi com/formdev/flatlaf/UIDefaultsLoader 1119 form vmentry <vmtarget> ; # java/lang/invoke/LambdaForm$DMH+0x000001e1030c8400
instanceKlass java/util/logging/LogManager$LoggingProviderAccess
instanceKlass java/util/logging/LogManager$LogNode
instanceKlass java/util/logging/LogManager$LoggerContext
instanceKlass java/util/logging/LogManager$1
instanceKlass  @bci java/util/logging/Level$KnownLevel add (Ljava/util/logging/Level;)V 49 <appendix> argL0 ; # java/util/logging/Level$KnownLevel$$Lambda+0x800000021
instanceKlass  @bci java/util/logging/Level$KnownLevel add (Ljava/util/logging/Level;)V 19 <appendix> argL0 ; # java/util/logging/Level$KnownLevel$$Lambda+0x800000020
instanceKlass java/util/logging/Level
instanceKlass java/util/logging/LoggingMXBean
instanceKlass com/formdev/flatlaf/util/ColorFunctions$HSLChange
instanceKlass java/util/logging/Logger
instanceKlass sun/management/ManagementFactoryHelper$PlatformLoggingImpl
instanceKlass java/lang/management/PlatformLoggingMXBean
instanceKlass com/formdev/flatlaf/util/ColorFunctions$Fade
instanceKlass  @bci com/formdev/flatlaf/UIDefaultsLoader parseValue (Ljava/lang/String;Ljava/lang/String;Ljava/lang/Class;[Lcom/formdev/flatlaf/UIDefaultsLoader$ValueType;Ljava/util/function/Function;Ljava/util/List;)Ljava/lang/Object; 661 <appendix> member <vmtarget> ; # com/formdev/flatlaf/UIDefaultsLoader$$Lambda+0x000001e1030c6070
instanceKlass sun/management/CompilationImpl
instanceKlass java/lang/management/CompilationMXBean
instanceKlass sun/management/VMManagementImpl$1
instanceKlass java/io/StreamTokenizer
instanceKlass java/lang/management/MemoryUsage
instanceKlass com/formdev/flatlaf/util/HSLColor
instanceKlass com/formdev/flatlaf/util/ColorFunctions$HSLIncreaseDecrease
instanceKlass sun/management/Sensor
instanceKlass sun/management/MemoryPoolImpl
instanceKlass java/lang/management/MemoryPoolMXBean
instanceKlass  @bci com/formdev/flatlaf/UIDefaultsLoader parseInstance (Ljava/lang/String;Ljava/util/function/Function;Ljava/util/List;)Ljava/lang/Object; 3 <appendix> member <vmtarget> ; # com/formdev/flatlaf/UIDefaultsLoader$$Lambda+0x000001e1030c5758
instanceKlass com/formdev/flatlaf/util/ColorFunctions
instanceKlass com/formdev/flatlaf/util/ColorFunctions$Mix
instanceKlass sun/management/Util
instanceKlass  @bci java/util/stream/Collectors uniqKeysMapMerger ()Ljava/util/function/BinaryOperator; 0 <appendix> argL0 ; # java/util/stream/Collectors$$Lambda+0x000001e1030b2f60
instanceKlass com/formdev/flatlaf/UIDefaultsLoader$1
instanceKlass  @bci java/util/stream/Collectors uniqKeysMapAccumulator (Ljava/util/function/Function;Ljava/util/function/Function;)Ljava/util/function/BiConsumer; 2 <appendix> member <vmtarget> ; # java/util/stream/Collectors$$Lambda+0x000001e1030b2ac8
instanceKlass  @bci java/util/stream/Collectors toMap (Ljava/util/function/Function;Ljava/util/function/Function;)Ljava/util/stream/Collector; 4 <appendix> argL0 ; # java/util/stream/Collectors$$Lambda+0x000001e1030b28a8
instanceKlass  @bci java/util/function/Function identity ()Ljava/util/function/Function; 0 <appendix> argL0 ; # java/util/function/Function$$Lambda+0x000001e1030b2668
instanceKlass  @bci com/formdev/flatlaf/UIDefaultsLoader loadDefaultsFromProperties (Ljava/util/List;Ljava/util/List;Ljava/util/Properties;ZLjavax/swing/UIDefaults;)V 1466 <appendix> member <vmtarget> ; # com/formdev/flatlaf/UIDefaultsLoader$$Lambda+0x000001e1030c4ed0
instanceKlass  @bci java/lang/management/DefaultPlatformMBeanProvider$5 nameToMBeanMap ()Ljava/util/Map; 21 <appendix> argL0 ; # java/lang/management/DefaultPlatformMBeanProvider$5$$Lambda+0x000001e1030b2428
instanceKlass  @bci com/formdev/flatlaf/UIDefaultsLoader loadDefaultsFromProperties (Ljava/util/List;Ljava/util/List;Ljava/util/Properties;ZLjavax/swing/UIDefaults;)V 1457 <appendix> member <vmtarget> ; # com/formdev/flatlaf/UIDefaultsLoader$$Lambda+0x000001e1030c4c88
instanceKlass  @bci java/lang/management/DefaultPlatformMBeanProvider$5 nameToMBeanMap ()Ljava/util/Map; 11 <appendix> member <vmtarget> ; # java/lang/management/DefaultPlatformMBeanProvider$5$$Lambda+0x000001e1030b21d0
instanceKlass  @bci sun/security/util/MemoryCache put (Ljava/lang/Object;Ljava/lang/Object;Z)V 126 <appendix> argL0 form names 4 function resolvedHandle form vmentry <vmtarget> ; # java/lang/invoke/LambdaForm$DMH+0x000001e1030c8000
instanceKlass java/util/ArrayList$ArrayListSpliterator
instanceKlass com/sun/management/GarbageCollectorMXBean
instanceKlass java/lang/management/GarbageCollectorMXBean
instanceKlass java/lang/management/MemoryManagerMXBean
instanceKlass java/lang/management/MemoryMXBean
instanceKlass javax/management/DescriptorKey
instanceKlass java/lang/annotation/Target
# instanceKlass java/lang/invoke/LambdaForm$MH+0x000001e1030c3c00
instanceKlass jdk/internal/foreign/MemorySessionImpl
instanceKlass java/lang/foreign/MemorySegment$Scope
instanceKlass java/lang/reflect/Proxy$ProxyBuilder$1
instanceKlass jdk/internal/org/objectweb/asm/Edge
instanceKlass  @bci java/lang/reflect/ProxyGenerator addProxyMethod (Ljava/lang/reflect/Method;Ljava/lang/Class;)V 23 <appendix> argL0 ; # java/lang/reflect/ProxyGenerator$$Lambda+0x000001e1030af148
instanceKlass  @bci java/lang/reflect/ProxyGenerator addProxyMethod (Ljava/lang/reflect/ProxyGenerator$ProxyMethod;)V 10 <appendix> argL0 ; # java/lang/reflect/ProxyGenerator$$Lambda+0x000001e1030aef08
instanceKlass java/util/StringJoiner
instanceKlass java/lang/reflect/ProxyGenerator$ProxyMethod
instanceKlass  @bci java/lang/reflect/Proxy getLoader (Ljava/lang/Module;)Ljava/lang/ClassLoader; 6 <appendix> member <vmtarget> ; # java/lang/reflect/Proxy$$Lambda+0x000001e1030ae7b0
instanceKlass  @bci java/lang/WeakPairMap computeIfAbsent (Ljava/lang/Object;Ljava/lang/Object;Ljava/util/function/BiFunction;)Ljava/lang/Object; 18 <appendix> member <vmtarget> ; # java/lang/WeakPairMap$$Lambda+0x000001e1030ae358
instanceKlass  @bci java/lang/Module implAddExportsOrOpens (Ljava/lang/String;Ljava/lang/Module;ZZ)V 145 <appendix> argL0 ; # java/lang/Module$$Lambda+0x000001e1030ae128
instanceKlass com/formdev/flatlaf/util/SoftCache
instanceKlass  @bci java/lang/module/ModuleDescriptor$Builder packages (Ljava/util/Set;)Ljava/lang/module/ModuleDescriptor$Builder; 17 <appendix> argL0 ; # java/lang/module/ModuleDescriptor$Builder$$Lambda+0x800000002
instanceKlass java/lang/module/ModuleDescriptor$Builder
instanceKlass  @bci java/lang/reflect/Proxy$ProxyBuilder getDynamicModule (Ljava/lang/ClassLoader;)Ljava/lang/Module; 4 <appendix> argL0 ; # java/lang/reflect/Proxy$ProxyBuilder$$Lambda+0x000001e1030ad570
instanceKlass com/formdev/flatlaf/util/ColorFunctions$ColorFunction
instanceKlass java/lang/reflect/Proxy$ProxyBuilder
instanceKlass  @bci java/lang/reflect/Proxy getProxyConstructor (Ljava/lang/Class;Ljava/lang/ClassLoader;[Ljava/lang/Class;)Ljava/lang/reflect/Constructor; 35 <appendix> argL0 ; # java/lang/reflect/Proxy$$Lambda+0x000001e1030ad130
instanceKlass java/lang/ClassValue$Version
instanceKlass java/lang/ClassValue$Identity
instanceKlass java/lang/ClassValue
instanceKlass java/lang/reflect/Proxy
instanceKlass sun/reflect/annotation/AnnotationInvocationHandler
instanceKlass java/lang/reflect/InvocationHandler
instanceKlass com/formdev/flatlaf/UIDefaultsLoader
instanceKlass sun/reflect/annotation/AnnotationParser$1
instanceKlass java/lang/annotation/Documented
instanceKlass java/lang/annotation/Inherited
instanceKlass java/lang/annotation/Retention
instanceKlass sun/reflect/annotation/ExceptionProxy
instanceKlass sun/reflect/annotation/AnnotationType$1
instanceKlass sun/reflect/annotation/AnnotationType
instanceKlass java/lang/Deprecated
instanceKlass  @bci com/formdev/flatlaf/FlatLaf getDefaults ()Ljavax/swing/UIDefaults; 325 <appendix> argL0 ; # com/formdev/flatlaf/FlatLaf$$Lambda+0x000001e1030c4000
instanceKlass sun/management/BaseOperatingSystemImpl
instanceKlass com/sun/management/OperatingSystemMXBean
instanceKlass java/lang/management/OperatingSystemMXBean
instanceKlass com/formdev/flatlaf/FlatDefaultsAddon
instanceKlass com/sun/jmx/mbeanserver/PerInterface$MethodAndSig
instanceKlass javax/swing/InputMap
instanceKlass com/formdev/flatlaf/FlatInputMaps$LazyInputMapEx
instanceKlass  @bci com/formdev/flatlaf/FlatInputMaps initBasicInputMaps (Ljavax/swing/UIDefaults;)V 311 <appendix> argL0 ; # com/formdev/flatlaf/FlatInputMaps$$Lambda+0x000001e103013858
instanceKlass  @cpi com/formdev/flatlaf/FlatInputMaps 375 form vmentry <vmtarget> ; # java/lang/invoke/LambdaForm$DMH+0x000001e1030c3800
instanceKlass java/util/function/BooleanSupplier
instanceKlass com/formdev/flatlaf/FlatInputMaps$LazyModifyInputMap
instanceKlass com/formdev/flatlaf/FlatInputMaps
instanceKlass java/lang/management/LockInfo
instanceKlass java/util/Hashtable$Enumerator
instanceKlass java/lang/management/ThreadInfo
instanceKlass com/formdev/flatlaf/FlatLaf$ActiveFont
instanceKlass sun/management/ThreadImpl
instanceKlass com/sun/management/ThreadMXBean
instanceKlass java/lang/management/ThreadMXBean
instanceKlass com/sun/jmx/mbeanserver/WeakIdentityHashMap
instanceKlass com/sun/jmx/mbeanserver/MXBeanLookup
instanceKlass com/sun/jmx/mbeanserver/PerInterface$InitMaps
instanceKlass com/sun/jmx/mbeanserver/PerInterface
instanceKlass sun/util/ResourceBundleEnumeration
instanceKlass javax/management/openmbean/OpenMBeanAttributeInfo
instanceKlass javax/management/openmbean/OpenMBeanParameterInfo
instanceKlass com/sun/jmx/mbeanserver/MBeanIntrospector$MBeanInfoMaker
instanceKlass com/sun/jmx/mbeanserver/MBeanAnalyzer$MBeanVisitor
instanceKlass  @bci driverecovery/DriveRecoveryService getFoldersInParent (Ljava/lang/String;Ljava/lang/String;)Ljava/util/List; 12 <appendix> form vmentry <vmtarget> ; # java/lang/invoke/LambdaForm$MH+0x000001e1030c3400
# instanceKlass java/lang/invoke/LambdaForm$MH+0x000001e1030c3000
instanceKlass  @bci driverecovery/DriveRecoveryService getFoldersInParent (Ljava/lang/String;Ljava/lang/String;)Ljava/util/List; 12 <appendix> argL3 form vmentry <vmtarget> ; # java/lang/invoke/LambdaForm$MH+0x000001e1030c2c00
instanceKlass sun/net/www/MessageHeader
# instanceKlass java/lang/invoke/LambdaForm$MH+0x000001e1030c2800
# instanceKlass java/lang/invoke/LambdaForm$MH+0x000001e1030c2400
instanceKlass sun/net/www/protocol/jar/JarFileFactory
instanceKlass sun/net/www/protocol/jar/URLJarFile$URLJarFileCloseController
instanceKlass java/net/URLConnection
# instanceKlass java/lang/invoke/LambdaForm$MH+0x000001e1030c2000
instanceKlass java/lang/reflect/GenericArrayType
instanceKlass sun/reflect/generics/reflectiveObjects/LazyReflectiveObjectGenerator
instanceKlass sun/reflect/generics/tree/TypeVariableSignature
instanceKlass sun/reflect/generics/tree/ClassSignature
instanceKlass java/util/ResourceBundle$Control$2
instanceKlass sun/reflect/generics/reflectiveObjects/ParameterizedTypeImpl
instanceKlass java/lang/reflect/ParameterizedType
instanceKlass sun/reflect/generics/visitor/Reifier
instanceKlass sun/reflect/generics/visitor/TypeTreeVisitor
instanceKlass sun/reflect/generics/tree/MethodTypeSignature
instanceKlass sun/reflect/generics/tree/Signature
instanceKlass sun/reflect/generics/tree/ClassTypeSignature
instanceKlass sun/reflect/generics/tree/SimpleClassTypeSignature
instanceKlass sun/reflect/generics/tree/FieldTypeSignature
instanceKlass sun/reflect/generics/tree/TypeArgument
instanceKlass sun/reflect/generics/tree/BaseType
instanceKlass sun/reflect/generics/tree/TypeSignature
instanceKlass sun/reflect/generics/tree/ReturnType
instanceKlass sun/reflect/generics/tree/FormalTypeParameter
instanceKlass sun/reflect/generics/tree/TypeTree
instanceKlass sun/reflect/generics/tree/Tree
instanceKlass sun/reflect/generics/parser/SignatureParser
instanceKlass javax/swing/UIDefaults$1
instanceKlass java/lang/reflect/TypeVariable
instanceKlass sun/reflect/generics/repository/AbstractRepository
instanceKlass sun/reflect/generics/factory/CoreReflectionFactory
instanceKlass sun/reflect/generics/factory/GenericsFactory
instanceKlass sun/reflect/generics/scope/AbstractScope
instanceKlass sun/reflect/generics/scope/Scope
instanceKlass  @bci javax/swing/plaf/basic/BasicLookAndFeel initComponentDefaults (Ljavax/swing/UIDefaults;)V 10900 <appendix> argL0 ; # javax/swing/plaf/basic/BasicLookAndFeel$$Lambda+0x000001e10309aa90
instanceKlass com/sun/jmx/mbeanserver/MBeanAnalyzer$AttrMethods
instanceKlass  @bci javax/swing/plaf/basic/BasicLookAndFeel initComponentDefaults (Ljavax/swing/UIDefaults;)V 10882 <appendix> argL0 ; # javax/swing/plaf/basic/BasicLookAndFeel$$Lambda+0x000001e10309a468
instanceKlass  @bci javax/swing/plaf/basic/BasicLookAndFeel initComponentDefaults (Ljavax/swing/UIDefaults;)V 2622 <appendix> argL0 ; # javax/swing/plaf/basic/BasicLookAndFeel$$Lambda+0x000001e10309a248
instanceKlass  @bci javax/swing/plaf/basic/BasicLookAndFeel initComponentDefaults (Ljavax/swing/UIDefaults;)V 2604 <appendix> argL0 ; # javax/swing/plaf/basic/BasicLookAndFeel$$Lambda+0x000001e10309a028
instanceKlass  @bci javax/swing/plaf/basic/BasicLookAndFeel initComponentDefaults (Ljavax/swing/UIDefaults;)V 2586 <appendix> argL0 ; # javax/swing/plaf/basic/BasicLookAndFeel$$Lambda+0x000001e103099e08
instanceKlass  @bci javax/swing/plaf/basic/BasicLookAndFeel initComponentDefaults (Ljavax/swing/UIDefaults;)V 2568 <appendix> argL0 ; # javax/swing/plaf/basic/BasicLookAndFeel$$Lambda+0x000001e103099970
# instanceKlass java/lang/invoke/LambdaForm$MH+0x000001e1030c1c00
instanceKlass javax/swing/UIDefaults$LazyInputMap
instanceKlass  @bci javax/swing/plaf/basic/BasicLookAndFeel initComponentDefaults (Ljavax/swing/UIDefaults;)V 789 <appendix> argL0 ; # javax/swing/plaf/basic/BasicLookAndFeel$$Lambda+0x000001e103099520
instanceKlass  @bci javax/swing/plaf/basic/BasicLookAndFeel initComponentDefaults (Ljavax/swing/UIDefaults;)V 730 <appendix> argL0 ; # javax/swing/plaf/basic/BasicLookAndFeel$$Lambda+0x000001e103098f58
instanceKlass  @bci javax/swing/plaf/basic/BasicLookAndFeel initComponentDefaults (Ljavax/swing/UIDefaults;)V 723 <appendix> argL0 ; # javax/swing/plaf/basic/BasicLookAndFeel$$Lambda+0x000001e1030988b8
instanceKlass com/sun/jmx/mbeanserver/MXBeanMapping
instanceKlass  @bci javax/swing/plaf/basic/BasicLookAndFeel initComponentDefaults (Ljavax/swing/UIDefaults;)V 671 <appendix> argL0 ; # javax/swing/plaf/basic/BasicLookAndFeel$$Lambda+0x000001e103098470
instanceKlass  @bci javax/swing/plaf/basic/BasicLookAndFeel initComponentDefaults (Ljavax/swing/UIDefaults;)V 664 <appendix> member <vmtarget> ; # javax/swing/plaf/basic/BasicLookAndFeel$$Lambda+0x000001e103097c60
instanceKlass  @bci javax/swing/plaf/basic/BasicLookAndFeel initComponentDefaults (Ljavax/swing/UIDefaults;)V 655 <appendix> member <vmtarget> ; # javax/swing/plaf/basic/BasicLookAndFeel$$Lambda+0x000001e103097a40
instanceKlass javax/management/openmbean/TabularData
instanceKlass  @bci javax/swing/plaf/basic/BasicLookAndFeel initComponentDefaults (Ljavax/swing/UIDefaults;)V 642 <appendix> member <vmtarget> ; # javax/swing/plaf/basic/BasicLookAndFeel$$Lambda+0x000001e103097620
instanceKlass javax/management/openmbean/CompositeData
instanceKlass javax/management/openmbean/OpenType
instanceKlass  @cpi com/formdev/flatlaf/UIDefaultsLoader 1255 form vmentry <vmtarget> ; # java/lang/invoke/LambdaForm$DMH+0x000001e1030c1800
instanceKlass com/sun/jmx/mbeanserver/MXBeanMappingFactory
instanceKlass com/sun/jmx/mbeanserver/ConvertingMethod
instanceKlass com/sun/jmx/mbeanserver/MBeanAnalyzer$MethodOrder
instanceKlass  @bci javax/swing/plaf/basic/BasicLookAndFeel initComponentDefaults (Ljavax/swing/UIDefaults;)V 611 <appendix> argL0 ; # javax/swing/plaf/basic/BasicLookAndFeel$$Lambda+0x000001e103095c90
instanceKlass java/util/LinkedHashMap$LinkedHashIterator
instanceKlass  @bci javax/swing/plaf/basic/BasicLookAndFeel initComponentDefaults (Ljavax/swing/UIDefaults;)V 604 <appendix> argL0 ; # javax/swing/plaf/basic/BasicLookAndFeel$$Lambda+0x000001e1030953f8
instanceKlass  @bci javax/swing/plaf/basic/BasicLookAndFeel initComponentDefaults (Ljavax/swing/UIDefaults;)V 597 <appendix> argL0 ; # javax/swing/plaf/basic/BasicLookAndFeel$$Lambda+0x000001e1030951d8
instanceKlass java/lang/PublicMethods
instanceKlass com/sun/jmx/mbeanserver/MBeanAnalyzer
instanceKlass  @bci javax/swing/plaf/basic/BasicLookAndFeel initComponentDefaults (Ljavax/swing/UIDefaults;)V 590 <appendix> argL0 ; # javax/swing/plaf/basic/BasicLookAndFeel$$Lambda+0x000001e103094b90
instanceKlass  @bci javax/swing/plaf/basic/BasicLookAndFeel initComponentDefaults (Ljavax/swing/UIDefaults;)V 583 <appendix> argL0 ; # javax/swing/plaf/basic/BasicLookAndFeel$$Lambda+0x000001e1030941f0
instanceKlass com/sun/jmx/mbeanserver/MBeanIntrospector
instanceKlass  @bci javax/swing/plaf/basic/BasicLookAndFeel initComponentDefaults (Ljavax/swing/UIDefaults;)V 576 <appendix> argL0 ; # javax/swing/plaf/basic/BasicLookAndFeel$$Lambda+0x000001e1030939e8
instanceKlass  @bci javax/swing/plaf/basic/BasicLookAndFeel initComponentDefaults (Ljavax/swing/UIDefaults;)V 569 <appendix> argL0 ; # javax/swing/plaf/basic/BasicLookAndFeel$$Lambda+0x000001e1030937c8
instanceKlass sun/reflect/misc/ReflectUtil
instanceKlass  @bci javax/swing/plaf/basic/BasicLookAndFeel initComponentDefaults (Ljavax/swing/UIDefaults;)V 562 <appendix> argL0 ; # javax/swing/plaf/basic/BasicLookAndFeel$$Lambda+0x000001e1030933a0
instanceKlass java/lang/Class$AnnotationData
instanceKlass javax/management/MXBean
instanceKlass javax/swing/plaf/basic/BasicLookAndFeel$2
instanceKlass  @bci javax/swing/plaf/basic/BasicLookAndFeel initComponentDefaults (Ljavax/swing/UIDefaults;)V 545 <appendix> argL0 ; # javax/swing/plaf/basic/BasicLookAndFeel$$Lambda+0x000001e103092b48
instanceKlass com/sun/jmx/mbeanserver/MBeanSupport
instanceKlass  @bci sun/swing/SwingUtilities2 makeIcon (Ljava/lang/Class;Ljava/lang/Class;Ljava/lang/String;Z)Ljava/lang/Object; 4 <adapter> ; # java/lang/invoke/LambdaForm$MH+0x000001e1030c1400
instanceKlass com/sun/jmx/mbeanserver/DescriptorCache
instanceKlass javax/management/JMX
# instanceKlass java/lang/invoke/LambdaForm$DMH+0x000001e1030c1000
instanceKlass javax/management/StandardMBean
instanceKlass  @bci sun/swing/SwingUtilities2 makeIcon (Ljava/lang/Class;Ljava/lang/Class;Ljava/lang/String;Z)Ljava/lang/Object; 4 <appendix> form vmentry <vmtarget> ; # java/lang/invoke/LambdaForm$DMH+0x000001e1030c0c00
instanceKlass  @bci java/lang/management/ManagementFactory addMXBean (Ljavax/management/MBeanServer;Ljava/lang/String;Ljava/lang/Object;)V 8 <appendix> member <vmtarget> ; # java/lang/management/ManagementFactory$$Lambda+0x000001e103091bd0
instanceKlass  @bci sun/swing/SwingUtilities2 makeIcon (Ljava/lang/Class;Ljava/lang/Class;Ljava/lang/String;Z)Ljava/lang/Object; 4 <appendix> member <vmtarget> ; # sun/swing/SwingUtilities2$$Lambda+0x000001e103091708
instanceKlass java/util/Collections$2
instanceKlass java/util/AbstractMap$SimpleImmutableEntry
instanceKlass sun/management/RuntimeImpl
instanceKlass java/lang/management/RuntimeMXBean
instanceKlass  @cpi sun/swing/SwingUtilities2 1496 form vmentry <vmtarget> ; # java/lang/invoke/LambdaForm$DMH+0x000001e1030c0800
instanceKlass java/util/stream/ForEachOps$ForEachOp
instanceKlass java/util/stream/ForEachOps
instanceKlass  @bci java/lang/management/ManagementFactory getPlatformMBeanServer ()Ljavax/management/MBeanServer; 63 <appendix> argL0 ; # java/lang/management/ManagementFactory$$Lambda+0x000001e103090f80
instanceKlass  @bci javax/swing/plaf/basic/BasicLookAndFeel initComponentDefaults (Ljavax/swing/UIDefaults;)V 398 <appendix> argL0 ; # javax/swing/plaf/basic/BasicLookAndFeel$$Lambda+0x000001e103090d60
instanceKlass  @bci java/lang/management/ManagementFactory getPlatformMBeanServer ()Ljavax/management/MBeanServer; 53 <appendix> argL0 ; # java/lang/management/ManagementFactory$$Lambda+0x000001e103090b20
instanceKlass  @bci javax/swing/plaf/basic/BasicLookAndFeel initComponentDefaults (Ljavax/swing/UIDefaults;)V 391 <appendix> argL0 ; # javax/swing/plaf/basic/BasicLookAndFeel$$Lambda+0x000001e103090900
instanceKlass  @bci java/lang/management/ManagementFactory getPlatformMBeanServer ()Ljavax/management/MBeanServer; 43 <appendix> argL0 ; # java/lang/management/ManagementFactory$$Lambda+0x000001e1030906b0
instanceKlass  @bci javax/swing/plaf/basic/BasicLookAndFeel initComponentDefaults (Ljavax/swing/UIDefaults;)V 384 <appendix> argL0 ; # javax/swing/plaf/basic/BasicLookAndFeel$$Lambda+0x000001e103090490
instanceKlass  @cpi java/lang/management/ManagementFactory 556 form vmentry <vmtarget> ; # java/lang/invoke/LambdaForm$DMH+0x000001e1030c0400
instanceKlass  @bci javax/swing/plaf/basic/BasicLookAndFeel initComponentDefaults (Ljavax/swing/UIDefaults;)V 377 <appendix> form vmentry <vmtarget> ; # java/lang/invoke/LambdaForm$DMH+0x000001e1030c0000
instanceKlass java/util/HashMap$HashMapSpliterator
instanceKlass java/util/Collections$1
instanceKlass  @bci javax/swing/plaf/basic/BasicLookAndFeel initComponentDefaults (Ljavax/swing/UIDefaults;)V 377 <appendix> member <vmtarget> ; # javax/swing/plaf/basic/BasicLookAndFeel$$Lambda+0x000001e10308fc60
instanceKlass jdk/management/jfr/internal/FlightRecorderMXBeanProvider$SingleMBeanComponent
instanceKlass jdk/management/jfr/FlightRecorderMXBean
instanceKlass java/lang/management/PlatformManagedObject
instanceKlass java/lang/management/DefaultPlatformMBeanProvider$11
instanceKlass javax/swing/border/AbstractBorder
instanceKlass java/lang/management/DefaultPlatformMBeanProvider$10
instanceKlass java/lang/management/DefaultPlatformMBeanProvider$9
instanceKlass java/util/logging/LogManager
instanceKlass  @bci javax/swing/plaf/basic/BasicLookAndFeel initComponentDefaults (Ljavax/swing/UIDefaults;)V 349 <appendix> member <vmtarget> ; # javax/swing/plaf/basic/BasicLookAndFeel$$Lambda+0x000001e10308e4d0
instanceKlass sun/management/ManagementFactoryHelper$LoggingMXBeanAccess$1
instanceKlass sun/management/ManagementFactoryHelper$LoggingMXBeanAccess
instanceKlass java/lang/management/DefaultPlatformMBeanProvider$8
instanceKlass java/lang/management/DefaultPlatformMBeanProvider$7
instanceKlass java/lang/management/DefaultPlatformMBeanProvider$6
instanceKlass  @bci javax/swing/plaf/basic/BasicLookAndFeel initComponentDefaults (Ljavax/swing/UIDefaults;)V 340 <appendix> argL0 ; # javax/swing/plaf/basic/BasicLookAndFeel$$Lambda+0x000001e10308d6b8
instanceKlass java/lang/management/DefaultPlatformMBeanProvider$5
instanceKlass java/lang/management/DefaultPlatformMBeanProvider$4
instanceKlass  @bci javax/swing/plaf/basic/BasicLookAndFeel initComponentDefaults (Ljavax/swing/UIDefaults;)V 333 <appendix> argL0 ; # javax/swing/plaf/basic/BasicLookAndFeel$$Lambda+0x000001e10308cf78
instanceKlass java/lang/management/DefaultPlatformMBeanProvider$3
instanceKlass java/lang/management/DefaultPlatformMBeanProvider$2
instanceKlass java/lang/management/DefaultPlatformMBeanProvider$1
instanceKlass  @bci javax/swing/plaf/basic/BasicLookAndFeel initComponentDefaults (Ljavax/swing/UIDefaults;)V 326 <appendix> argL0 ; # javax/swing/plaf/basic/BasicLookAndFeel$$Lambda+0x000001e10308c390
instanceKlass java/util/concurrent/Callable
instanceKlass  @bci javax/swing/plaf/basic/BasicLookAndFeel initComponentDefaults (Ljavax/swing/UIDefaults;)V 319 <appendix> argL0 ; # javax/swing/plaf/basic/BasicLookAndFeel$$Lambda+0x000001e10308bd60
instanceKlass com/sun/management/internal/PlatformMBeanProviderImpl$5
instanceKlass  @bci javax/swing/plaf/basic/BasicLookAndFeel initComponentDefaults (Ljavax/swing/UIDefaults;)V 312 <appendix> argL0 ; # javax/swing/plaf/basic/BasicLookAndFeel$$Lambda+0x000001e10308b8b0
instanceKlass sun/management/VMManagementImpl
instanceKlass sun/management/VMManagement
instanceKlass  @bci javax/swing/plaf/basic/BasicLookAndFeel initComponentDefaults (Ljavax/swing/UIDefaults;)V 47 <appendix> argL0 ; # javax/swing/plaf/basic/BasicLookAndFeel$$Lambda+0x000001e10308acf8
instanceKlass  @bci javax/swing/plaf/basic/BasicLookAndFeel initComponentDefaults (Ljavax/swing/UIDefaults;)V 40 <appendix> argL0 ; # javax/swing/plaf/basic/BasicLookAndFeel$$Lambda+0x000001e10308aad8
instanceKlass sun/management/ManagementFactoryHelper
instanceKlass  @bci javax/swing/plaf/basic/BasicLookAndFeel initComponentDefaults (Ljavax/swing/UIDefaults;)V 33 <appendix> argL0 ; # javax/swing/plaf/basic/BasicLookAndFeel$$Lambda+0x000001e10308a6b0
instanceKlass sun/management/NotificationEmitterSupport
instanceKlass  @bci javax/swing/plaf/basic/BasicLookAndFeel initComponentDefaults (Ljavax/swing/UIDefaults;)V 26 <appendix> argL0 ; # javax/swing/plaf/basic/BasicLookAndFeel$$Lambda+0x000001e103089f08
instanceKlass com/sun/management/DiagnosticCommandMBean
instanceKlass com/sun/management/internal/PlatformMBeanProviderImpl$4
instanceKlass  @bci javax/swing/plaf/basic/BasicLookAndFeel initComponentDefaults (Ljavax/swing/UIDefaults;)V 19 <appendix> argL0 ; # javax/swing/plaf/basic/BasicLookAndFeel$$Lambda+0x000001e103089858
instanceKlass com/sun/management/internal/PlatformMBeanProviderImpl$3
instanceKlass javax/swing/UIDefaults$LazyValue
instanceKlass com/sun/management/internal/PlatformMBeanProviderImpl$2
instanceKlass com/sun/management/internal/PlatformMBeanProviderImpl$1
instanceKlass sun/management/spi/PlatformMBeanProvider$PlatformComponent
instanceKlass  @bci com/formdev/flatlaf/FlatLaf initialize ()V 167 <appendix> argL0 ; # com/formdev/flatlaf/FlatLaf$$Lambda+0x000001e103012d68
instanceKlass sun/invoke/util/VerifyAccess$1
instanceKlass java/util/EventListenerProxy
instanceKlass  @bci com/formdev/flatlaf/FlatLaf initialize ()V 106 <appendix> member <vmtarget> ; # com/formdev/flatlaf/FlatLaf$$Lambda+0x000001e103012b40
instanceKlass  @bci com/sun/management/internal/PlatformMBeanProviderImpl <clinit> ()V 8 <appendix> argL0 ; # com/sun/management/internal/PlatformMBeanProviderImpl$$Lambda+0x000001e103088138
instanceKlass com/formdev/flatlaf/SubMenuUsabilityHelper
instanceKlass sun/management/spi/PlatformMBeanProvider
instanceKlass java/io/FilePermission$1
instanceKlass jdk/internal/access/JavaIOFilePermissionAccess
instanceKlass java/lang/management/ManagementFactory$PlatformMBeanFinder$1
instanceKlass java/lang/management/ManagementFactory$PlatformMBeanFinder
instanceKlass com/sun/jmx/mbeanserver/JmxMBeanServer$3
instanceKlass javax/management/ObjectInstance
instanceKlass javax/swing/MenuSelectionManager
instanceKlass com/sun/jmx/mbeanserver/NamedObject
instanceKlass com/sun/jmx/interceptor/DefaultMBeanServerInterceptor$ResourceContext$1
instanceKlass com/sun/jmx/interceptor/DefaultMBeanServerInterceptor$ResourceContext
instanceKlass com/sun/jmx/mbeanserver/Repository$RegistrationContext
instanceKlass com/sun/jmx/mbeanserver/DynamicMBean2
instanceKlass com/sun/jmx/defaults/JmxProperties
instanceKlass com/formdev/flatlaf/MnemonicHandler
instanceKlass com/sun/jmx/mbeanserver/Introspector
instanceKlass javax/swing/event/ChangeListener
instanceKlass com/sun/jmx/mbeanserver/JmxMBeanServer$2
instanceKlass com/sun/jmx/interceptor/DefaultMBeanServerInterceptor
instanceKlass com/sun/jmx/interceptor/MBeanServerInterceptor
instanceKlass com/sun/jmx/mbeanserver/Repository
instanceKlass com/sun/jmx/mbeanserver/JmxMBeanServer$1
instanceKlass com/sun/jmx/mbeanserver/SecureClassLoaderRepository
instanceKlass com/sun/jmx/mbeanserver/MBeanInstantiator
instanceKlass com/sun/jmx/mbeanserver/ClassLoaderRepositorySupport$LoaderEntry
instanceKlass com/sun/jmx/mbeanserver/ClassLoaderRepositorySupport
instanceKlass com/sun/jmx/mbeanserver/ModifiableClassLoaderRepository
instanceKlass javax/management/loading/ClassLoaderRepository
instanceKlass javax/management/ImmutableDescriptor
instanceKlass javax/management/Descriptor
instanceKlass com/sun/jmx/remote/util/ClassLogger
instanceKlass javax/management/NotificationBroadcasterSupport$1
instanceKlass javax/management/NotificationBroadcasterSupport
instanceKlass javax/swing/Popup
instanceKlass javax/swing/PopupFactory$1
instanceKlass sun/swing/SwingAccessor$PopupFactoryAccessor
instanceKlass javax/management/ObjectName$Property
instanceKlass com/formdev/flatlaf/util/StringUtils
instanceKlass javax/management/ObjectName
instanceKlass javax/management/QueryExp
instanceKlass com/sun/jmx/mbeanserver/Util
instanceKlass javax/management/MBeanInfo
instanceKlass javax/management/MBeanFeatureInfo
instanceKlass javax/management/DescriptorRead
instanceKlass javax/management/MBeanServerDelegate
instanceKlass javax/management/NotificationEmitter
instanceKlass javax/management/NotificationBroadcaster
instanceKlass javax/management/MBeanServerDelegateMBean
instanceKlass javax/management/MBeanRegistration
instanceKlass javax/management/DynamicMBean
instanceKlass java/util/StringTokenizer
instanceKlass com/sun/jmx/mbeanserver/JmxMBeanServer
instanceKlass com/sun/jmx/mbeanserver/SunJmxMBeanServer
instanceKlass javax/management/MBeanServer
instanceKlass com/formdev/flatlaf/util/SystemInfo
instanceKlass javax/management/MBeanServerConnection
instanceKlass javax/management/MBeanServerBuilder
instanceKlass com/sun/jmx/mbeanserver/GetPropertyAction
instanceKlass javax/management/MBeanServerFactory
instanceKlass javax/swing/JComponent$2
instanceKlass javax/swing/JComponent$1
instanceKlass sun/swing/SwingAccessor$JComponentAccessor
instanceKlass java/util/LinkedList$Node
instanceKlass javax/swing/UIManager$2
instanceKlass sun/awt/KeyboardFocusManagerPeerImpl
instanceKlass java/awt/peer/KeyboardFocusManagerPeer
instanceKlass  @bci java/lang/management/ManagementFactory loadNativeLib ()V 0 <appendix> argL0 ; # java/lang/management/ManagementFactory$$Lambda+0x000001e10303d208
instanceKlass javax/swing/KeyStroke$1
instanceKlass sun/swing/SwingAccessor$KeyStrokeAccessor
instanceKlass java/lang/management/ManagementFactory
instanceKlass java/awt/AWTKeyStroke
instanceKlass java/awt/FocusTraversalPolicy
instanceKlass java/util/concurrent/atomic/Striped64$1
instanceKlass java/awt/DefaultKeyboardFocusManager$2
instanceKlass java/awt/DefaultKeyboardFocusManager$1
instanceKlass sun/awt/AWTAccessor$DefaultKeyboardFocusManagerAccessor
instanceKlass jdk/internal/util/random/RandomSupport
instanceKlass java/util/Random
instanceKlass java/util/random/RandomGenerator
instanceKlass java/net/InetAddress$CachedLookup
instanceKlass sun/net/InetAddressCachePolicy$1
instanceKlass java/awt/KeyboardFocusManager$1
instanceKlass sun/awt/AWTAccessor$KeyboardFocusManagerAccessor
instanceKlass sun/net/InetAddressCachePolicy
instanceKlass java/util/stream/Node$Builder
instanceKlass java/util/stream/Nodes$ArrayNode
instanceKlass java/util/stream/Node$OfDouble
instanceKlass java/util/stream/Node$OfLong
instanceKlass java/util/stream/Node$OfInt
instanceKlass java/util/stream/Node$OfPrimitive
instanceKlass java/util/stream/Nodes$EmptyNode
instanceKlass java/util/stream/Node
instanceKlass java/util/stream/Nodes
instanceKlass java/awt/KeyboardFocusManager
instanceKlass java/awt/KeyEventPostProcessor
instanceKlass  @bci java/net/InetAddress getAddressesFromNameService (Ljava/lang/String;)[Ljava/net/InetAddress; 94 <appendix> argL0 ; # java/net/InetAddress$$Lambda+0x000001e103038a38
instanceKlass java/awt/KeyEventDispatcher
instanceKlass sun/awt/PaintEventDispatcher
instanceKlass java/util/function/IntFunction
instanceKlass sun/awt/SunDisplayChanger
instanceKlass sun/java2d/SurfaceManagerFactory
instanceKlass sun/java2d/windows/WindowsFlags$1
instanceKlass sun/java2d/windows/WindowsFlags
instanceKlass java/awt/GraphicsEnvironment$LocalGE
instanceKlass javax/swing/RepaintManager$1
instanceKlass sun/swing/SwingAccessor$RepaintManagerAccessor
instanceKlass javax/swing/RepaintManager$DisplayChangedHandler
instanceKlass javax/swing/RepaintManager
instanceKlass javax/swing/UIManager$1
instanceKlass sun/swing/DefaultLookup
instanceKlass sun/swing/SwingAccessor
instanceKlass  @bci javax/swing/UIDefaults <clinit> ()V 10 <appendix> argL0 ; # javax/swing/UIDefaults$$Lambda+0x000001e103035ff0
instanceKlass  @cpi com/formdev/flatlaf/ui/FlatTabbedPaneUI$FlatSelectedTabRepainter 99 form vmentry <vmtarget> ; # java/lang/invoke/LambdaForm$DMH+0x000001e10301d800
instanceKlass sun/swing/SwingAccessor$UIDefaultsAccessor
instanceKlass javax/swing/UIManager$LAFState
instanceKlass sun/swing/SwingUtilities2$LSBCacheEntry
instanceKlass sun/swing/StringUIClientPropertyKey
instanceKlass javax/swing/UIClientPropertyKey
instanceKlass  @bci java/net/InetAddress loadResolver ()Ljava/net/spi/InetAddressResolver; 8 <appendix> argL0 ; # java/net/InetAddress$$Lambda+0x000001e1030344a0
instanceKlass java/awt/font/FontRenderContext
instanceKlass sun/swing/SwingUtilities2
instanceKlass java/net/spi/InetAddressResolverProvider
instanceKlass java/net/InetAddress$NameServiceAddresses
instanceKlass java/net/InetAddress$Addresses
instanceKlass java/util/concurrent/ConcurrentSkipListMap$Iter
instanceKlass java/awt/Toolkit$DesktopPropertyChangeSupport$1
instanceKlass sun/management/jmxremote/ConnectorBootstrap$PermanentExporter
instanceKlass com/sun/jmx/remote/internal/rmi/RMIExporter
instanceKlass jdk/internal/logger/DefaultLoggerFinder$1
instanceKlass sun/management/jmxremote/ConnectorBootstrap
instanceKlass jdk/internal/agent/Agent
instanceKlass java/util/ComparableTimSort
instanceKlass sun/awt/SunHints$Value
instanceKlass java/util/TimSort
instanceKlass java/util/Arrays$LegacyMergeSort
instanceKlass java/awt/RenderingHints$Key
instanceKlass  @bci java/util/Map$Entry comparingByKey ()Ljava/util/Comparator; 0 <appendix> argL0 ; # java/util/Map$Entry$$Lambda+0x000001e103030b98
instanceKlass sun/awt/SunHints
instanceKlass java/awt/RenderingHints
instanceKlass  @bci java/lang/invoke/BootstrapMethodInvoker invoke (Ljava/lang/Class;Ljava/lang/invoke/MethodHandle;Ljava/lang/String;Ljava/lang/Object;Ljava/lang/Object;Ljava/lang/Class;)Ljava/lang/Object; 462 <adapter> ; # java/lang/invoke/LambdaForm$MH+0x000001e10301d400
instanceKlass sun/awt/windows/WDesktopProperties$WinPlaySound
instanceKlass java/awt/Color
instanceKlass java/awt/Paint
instanceKlass  @bci driverecovery/DriveRecoveryService handleFoundFolder (Ljava/lang/String;Lcom/google/api/services/drive/model/File;Ljava/lang/String;Ljava/lang/String;Ljava/lang/String;Ldriverecovery/DriveRecoveryService$MoveResult;Ljava/lang/String;)Ldriverecovery/DriveRecoveryService$MoveResult; 405 <appendix> form vmentry <vmtarget> ; # java/lang/invoke/LambdaForm$MH+0x000001e10301d000
instanceKlass java/util/concurrent/locks/ReentrantReadWriteLock$WriteLock
instanceKlass java/util/concurrent/locks/ReentrantReadWriteLock$ReadLock
instanceKlass java/util/concurrent/locks/ReentrantReadWriteLock
instanceKlass java/util/concurrent/locks/ReadWriteLock
instanceKlass sun/util/cldr/CLDRBaseLocaleDataMetaInfo$TZCanonicalIDMapHolder
instanceKlass java/time/LocalTime
instanceKlass sun/awt/windows/ThemeReader
instanceKlass java/time/temporal/ValueRange
instanceKlass sun/awt/windows/WDesktopProperties
instanceKlass java/time/Duration
instanceKlass java/time/temporal/TemporalAmount
instanceKlass java/time/temporal/TemporalUnit
instanceKlass java/time/temporal/TemporalField
instanceKlass java/time/LocalDate
instanceKlass java/time/chrono/ChronoLocalDate
instanceKlass java/time/zone/ZoneOffsetTransition
instanceKlass javax/swing/UIManager$LookAndFeelInfo
instanceKlass java/time/LocalDateTime
instanceKlass java/time/chrono/ChronoLocalDateTime
instanceKlass java/time/temporal/TemporalAdjuster
instanceKlass javax/swing/UIManager
instanceKlass java/time/temporal/Temporal
instanceKlass java/time/temporal/TemporalAccessor
instanceKlass java/time/zone/ZoneOffsetTransitionRule
instanceKlass java/time/zone/ZoneRules
instanceKlass java/time/zone/Ser
instanceKlass java/io/Externalizable
instanceKlass java/awt/image/ImageFilter
instanceKlass java/awt/image/ImageConsumer
instanceKlass javax/swing/Icon
instanceKlass java/util/Arrays$ArrayItr
instanceKlass java/awt/image/ImageProducer
instanceKlass javax/swing/UIDefaults$ActiveValue
instanceKlass javax/swing/plaf/UIResource
instanceKlass javax/swing/PopupFactory
instanceKlass javax/swing/LookAndFeel
instanceKlass java/time/zone/ZoneRulesProvider$1
instanceKlass java/time/zone/ZoneRulesProvider
instanceKlass java/time/ZoneId
instanceKlass sun/util/resources/Bundles$CacheKeyReference
instanceKlass  @bci sun/util/cldr/CLDRLocaleProviderAdapter applyAliases (Ljava/util/Locale;)Ljava/util/Locale; 4 <appendix> argL0 ; # sun/util/cldr/CLDRLocaleProviderAdapter$$Lambda+0x80000005e
instanceKlass sun/util/resources/Bundles$CacheKey
instanceKlass sun/util/resources/Bundles
instanceKlass sun/util/resources/LocaleData$LocaleDataStrategy
instanceKlass sun/util/resources/Bundles$Strategy
instanceKlass sun/util/resources/LocaleData$1
instanceKlass sun/util/resources/LocaleData
instanceKlass java/awt/TrayIcon
instanceKlass java/awt/MenuComponent
instanceKlass java/awt/EventQueue$4
instanceKlass java/util/regex/Pattern$BitClass
instanceKlass java/util/regex/ASCII
instanceKlass sun/util/locale/provider/LocaleResources
instanceKlass sun/awt/dnd/SunDragSourceContextPeer
instanceKlass java/awt/dnd/peer/DragSourceContextPeer
instanceKlass sun/util/resources/provider/NonBaseLocaleDataMetaInfo
instanceKlass java/awt/ModalEventFilter
instanceKlass java/awt/EventDispatchThread$HierarchyEventFilter
instanceKlass java/awt/EventFilter
instanceKlass java/awt/EventDispatchThread$1
instanceKlass java/awt/Conditional
instanceKlass java/util/IdentityHashMap$IdentityHashMapIterator
instanceKlass  @bci sun/util/locale/provider/JRELocaleProviderAdapter createSupportedLocaleString (Ljava/lang/String;)Ljava/lang/String; 6 <appendix> member <vmtarget> ; # sun/util/locale/provider/JRELocaleProviderAdapter$$Lambda+0x000001e103024c80
instanceKlass sun/awt/EventQueueItem
instanceKlass sun/util/locale/provider/BaseLocaleDataMetaInfo
instanceKlass  @bci sun/util/locale/provider/JRELocaleProviderAdapter getTimeZoneNameProvider ()Ljava/util/spi/TimeZoneNameProvider; 8 <appendix> member <vmtarget> ; # sun/util/locale/provider/JRELocaleProviderAdapter$$Lambda+0x000001e103023fb0
instanceKlass java/awt/EventQueue$6
instanceKlass java/awt/event/InvocationEvent$1
instanceKlass sun/awt/AWTAccessor$InvocationEventAccessor
instanceKlass java/awt/ActiveEvent
instanceKlass sun/awt/PostEventQueue
instanceKlass sun/awt/MostRecentKeyValue
instanceKlass java/awt/Queue
instanceKlass sun/awt/AppContext$1
instanceKlass sun/awt/AppContext$2
instanceKlass sun/awt/AppContext$3
instanceKlass sun/awt/AppContext$6
instanceKlass jdk/internal/access/JavaAWTAccess
instanceKlass sun/awt/AppContext$GetAppContextLock
instanceKlass sun/awt/AppContext
instanceKlass  @bci sun/awt/windows/WToolkit <init> ()V 142 <appendix> argL0 ; # sun/awt/windows/WToolkit$$Lambda+0x000001e103021738
instanceKlass java/lang/Shutdown$Lock
instanceKlass java/lang/Shutdown
instanceKlass java/lang/ApplicationShutdownHooks$1
instanceKlass java/lang/ApplicationShutdownHooks
instanceKlass  @bci sun/awt/windows/WToolkit lambda$registerShutdownHook$2 ()Ljava/lang/Void; 8 <appendix> member <vmtarget> ; # sun/awt/windows/WToolkit$$Lambda+0x000001e103021318
instanceKlass  @bci sun/awt/windows/WToolkit registerShutdownHook ()V 1 <appendix> member <vmtarget> ; # sun/awt/windows/WToolkit$$Lambda+0x000001e1030210f0
instanceKlass java/util/regex/IntHashSet
instanceKlass java/util/regex/Matcher
instanceKlass java/util/regex/MatchResult
instanceKlass java/util/regex/Pattern$TreeInfo
instanceKlass  @bci java/util/regex/Pattern Single (I)Ljava/util/regex/Pattern$BmpCharPredicate; 1 <appendix> member <vmtarget> ; # java/util/regex/Pattern$$Lambda+0x800000028
instanceKlass java/util/regex/Pattern$BmpCharPredicate
instanceKlass java/util/regex/Pattern$CharPredicate
instanceKlass java/util/regex/Pattern$Node
instanceKlass java/util/regex/Pattern
instanceKlass  @bci sun/util/cldr/CLDRLocaleProviderAdapter getTimeZoneNameProvider ()Ljava/util/spi/TimeZoneNameProvider; 8 <appendix> member <vmtarget> ; # sun/util/cldr/CLDRLocaleProviderAdapter$$Lambda+0x000001e103020268
instanceKlass sun/util/resources/cldr/provider/CLDRLocaleDataMetaInfo
instanceKlass jdk/internal/module/ModulePatcher$PatchedModuleReader
instanceKlass  @bci sun/util/cldr/CLDRLocaleProviderAdapter <init> ()V 4 <appendix> argL0 ; # sun/util/cldr/CLDRLocaleProviderAdapter$$Lambda+0x800000060
instanceKlass sun/util/locale/BaseLocale$Key
instanceKlass sun/util/locale/InternalLocaleBuilder$CaseInsensitiveChar
instanceKlass sun/util/locale/InternalLocaleBuilder
instanceKlass sun/util/locale/StringTokenIterator
instanceKlass sun/util/locale/ParseStatus
instanceKlass sun/util/locale/LanguageTag
instanceKlass sun/util/cldr/CLDRBaseLocaleDataMetaInfo
instanceKlass sun/util/locale/provider/LocaleDataMetaInfo
instanceKlass sun/util/locale/provider/ResourceBundleBasedAdapter
instanceKlass sun/util/locale/provider/LocaleProviderAdapter
instanceKlass sun/util/locale/provider/TimeZoneNameUtility$TimeZoneNameGetter
instanceKlass sun/util/locale/provider/LocaleServiceProviderPool$LocalizedObjectGetter
instanceKlass sun/util/locale/provider/LocaleServiceProviderPool
instanceKlass java/util/spi/LocaleServiceProvider
instanceKlass sun/util/locale/provider/TimeZoneNameUtility
instanceKlass sun/util/calendar/CalendarUtils
instanceKlass sun/util/calendar/CalendarDate
instanceKlass sun/util/calendar/ZoneInfoFile$ZoneOffsetTransitionRule
instanceKlass  @bci sun/awt/windows/WToolkit run ()V 0 <appendix> argL0 ; # sun/awt/windows/WToolkit$$Lambda+0x000001e10307ecf8
instanceKlass  @bci sun/awt/windows/WToolkit <init> ()V 93 <appendix> member <vmtarget> ; # sun/awt/windows/WToolkit$$Lambda+0x000001e10307ead0
instanceKlass  @bci sun/awt/windows/WToolkit <init> ()V 68 <appendix> argL0 ; # sun/awt/windows/WToolkit$$Lambda+0x000001e10307e8b0
instanceKlass java/util/concurrent/ForkJoinPool$2
instanceKlass jdk/internal/access/JavaUtilConcurrentFJPAccess
instanceKlass jdk/internal/vm/ThreadContainers
instanceKlass java/util/concurrent/ForkJoinPool$DefaultForkJoinWorkerThreadFactory
instanceKlass jdk/internal/vm/StackableScope
instanceKlass java/util/concurrent/ForkJoinPool$WorkQueue
instanceKlass java/util/concurrent/ForkJoinPool$ForkJoinWorkerThreadFactory
instanceKlass  @bci sun/awt/AWTAutoShutdown activateBlockerThread ()V 1 <appendix> member <vmtarget> ; # sun/awt/AWTAutoShutdown$$Lambda+0x000001e10307e298
instanceKlass java/util/concurrent/AbstractExecutorService
instanceKlass java/util/concurrent/ExecutorService
instanceKlass java/util/concurrent/Executor
instanceKlass jdk/internal/util/ByteArray
instanceKlass sun/util/calendar/ZoneInfoFile$1
instanceKlass sun/awt/AWTAutoShutdown
instanceKlass sun/util/calendar/ZoneInfoFile
instanceKlass java/util/concurrent/ConcurrentLinkedDeque$Node
instanceKlass java/util/TimeZone
instanceKlass sun/util/calendar/CalendarSystem$GregorianHolder
instanceKlass sun/util/calendar/CalendarSystem
instanceKlass java/util/Date
instanceKlass sun/nio/cs/Surrogate
instanceKlass sun/awt/util/ThreadGroupUtils
instanceKlass sun/nio/cs/Surrogate$Parser
instanceKlass  @bci sun/java2d/Disposer <clinit> ()V 104 <appendix> argL0 ; # sun/java2d/Disposer$$Lambda+0x000001e10307cc90
instanceKlass java/util/Collections$SynchronizedCollection
instanceKlass java/util/Properties$EntrySet
instanceKlass jdk/internal/vm/VMSupport
instanceKlass sun/java2d/Disposer$1
instanceKlass sun/java2d/Disposer
instanceKlass sun/awt/windows/WToolkit$ToolkitDisposer
instanceKlass sun/java2d/DisposerRecord
instanceKlass  @bci driverecovery/DriveRecoveryService getFilesFromActivity (Ljava/lang/String;Ljava/lang/String;)Ljava/util/List; 255 <appendix> form vmentry <vmtarget> ; # java/lang/invoke/LambdaForm$MH+0x000001e10301c400
instanceKlass  @bci driverecovery/DriveRecoveryService getFilesFromActivity (Ljava/lang/String;Ljava/lang/String;)Ljava/util/List; 255 <appendix> argL3 form vmentry <vmtarget> ; # java/lang/invoke/LambdaForm$MH+0x000001e10301c000
# instanceKlass java/lang/invoke/LambdaForm$MH+0x000001e10301b400
instanceKlass sun/awt/util/PerformanceLogger$TimeData
instanceKlass sun/awt/util/PerformanceLogger
instanceKlass sun/awt/SunToolkit$ModalityListenerList
instanceKlass sun/awt/ModalityListener
instanceKlass java/beans/PropertyChangeListener
instanceKlass java/beans/ChangeListenerMap
instanceKlass java/beans/PropertyChangeSupport
instanceKlass sun/util/logging/PlatformLogger$ConfigurableBridge$LoggerConfiguration
instanceKlass jdk/internal/logger/BootstrapLogger$RedirectedLoggers
instanceKlass javax/swing/event/EventListenerList
instanceKlass sun/awt/windows/WDesktopPeer
instanceKlass java/awt/peer/DesktopPeer
instanceKlass sun/awt/DisplayChangedListener
instanceKlass sun/awt/image/SurfaceManager
instanceKlass sun/awt/image/SurfaceManager$ImageAccessor
instanceKlass java/awt/ImageCapabilities
instanceKlass java/awt/Image
instanceKlass sun/java2d/DestSurfaceProvider
instanceKlass sun/java2d/loops/RenderCache$Entry
instanceKlass sun/java2d/loops/RenderCache
instanceKlass sun/java2d/pipe/DrawImage
instanceKlass sun/java2d/pipe/GeneralCompositePipe
instanceKlass sun/java2d/pipe/SpanShapeRenderer
instanceKlass sun/java2d/pipe/AlphaPaintPipe
instanceKlass sun/java2d/pipe/AAShapePipe
instanceKlass sun/java2d/pipe/RegionIterator
instanceKlass sun/java2d/pipe/Region
instanceKlass sun/java2d/pipe/SpanClipRenderer
instanceKlass sun/java2d/pipe/PixelToShapeConverter
instanceKlass sun/java2d/pipe/AlphaColorPipe
instanceKlass sun/java2d/pipe/CompositePipe
instanceKlass  @bci sun/awt/OSInfo$WindowsVersion toString ()Ljava/lang/String; 8 <appendix> form vmentry <vmtarget> ; # java/lang/invoke/LambdaForm$MH+0x000001e10301b000
instanceKlass  @bci sun/awt/OSInfo$WindowsVersion toString ()Ljava/lang/String; 8 <appendix> argL3 form vmentry <vmtarget> ; # java/lang/invoke/LambdaForm$MH+0x000001e10301ac00
instanceKlass  @bci driverecovery/DriveRecoveryService checkFolder (Ldriverecovery/DriveRecoveryService$FolderInfo;Ljava/lang/String;)Ldriverecovery/DriveRecoveryService$FolderReport; 2766 <appendix> argL3 argL2 form vmentry <vmtarget> ; # java/lang/invoke/LambdaForm$MH+0x000001e10301a800
instanceKlass  @bci driverecovery/DriveRecoveryService checkFolder (Ldriverecovery/DriveRecoveryService$FolderInfo;Ljava/lang/String;)Ldriverecovery/DriveRecoveryService$FolderReport; 324 <appendix> argL1 argL0 form vmentry <vmtarget> ; # java/lang/invoke/LambdaForm$MH+0x000001e103019800
instanceKlass  @bci driverecovery/DriveRecoveryService checkFolder (Ldriverecovery/DriveRecoveryService$FolderInfo;Ljava/lang/String;)Ldriverecovery/DriveRecoveryService$FolderReport; 324 <appendix> argL1 argL0 argL0 form vmentry <vmtarget> ; # java/lang/invoke/LambdaForm$MH+0x000001e103019000
# instanceKlass java/lang/invoke/LambdaForm$MH+0x000001e103018c00
instanceKlass sun/awt/OSInfo$1
instanceKlass sun/awt/OSInfo$WindowsVersion
instanceKlass sun/awt/OSInfo
instanceKlass sun/font/FontUtilities$1
instanceKlass sun/font/FontUtilities
instanceKlass sun/java2d/pipe/GlyphListPipe
instanceKlass sun/java2d/pipe/OutlineTextRenderer
instanceKlass java/util/concurrent/ConcurrentLinkedQueue$Node
instanceKlass sun/java2d/ReentrantContextProvider
instanceKlass sun/java2d/marlin/FloatMath
instanceKlass sun/java2d/marlin/MarlinProperties
instanceKlass sun/java2d/marlin/MarlinConst
instanceKlass sun/java2d/pipe/RenderingEngine
instanceKlass sun/java2d/pipe/LoopPipe
instanceKlass sun/java2d/pipe/LoopBasedPipe
instanceKlass sun/java2d/pipe/ParallelogramPipe
instanceKlass sun/java2d/pipe/NullPipe
instanceKlass sun/java2d/pipe/DrawImagePipe
instanceKlass sun/java2d/pipe/TextPipe
instanceKlass sun/java2d/pipe/ShapeDrawPipe
instanceKlass sun/java2d/pipe/PixelFillPipe
instanceKlass sun/java2d/pipe/PixelDrawPipe
instanceKlass sun/java2d/StateTrackableDelegate$2
instanceKlass sun/java2d/StateTrackableDelegate
instanceKlass sun/java2d/cmm/ProfileDeferralInfo
instanceKlass java/awt/color/ICC_Profile$BuiltInProfile
instanceKlass  @bci java/awt/color/ICC_Profile <clinit> ()V 0 <appendix> argL0 ; # java/awt/color/ICC_Profile$$Lambda+0x000001e10306e188
instanceKlass sun/java2d/cmm/Profile
instanceKlass sun/awt/AWTAccessor$ICC_ProfileAccessor
instanceKlass java/awt/color/ICC_Profile
instanceKlass java/awt/color/ColorSpace$BuiltInSpace
instanceKlass java/awt/color/ColorSpace
instanceKlass java/awt/image/ColorModel$1RGBdefault
instanceKlass java/awt/image/ColorModel$1
instanceKlass java/awt/image/ColorModel
instanceKlass sun/awt/image/PixelConverter
instanceKlass sun/java2d/loops/SurfaceType
instanceKlass sun/java2d/SurfaceData
instanceKlass sun/java2d/Surface
instanceKlass sun/java2d/StateTrackable
instanceKlass sun/java2d/DisposerTarget
instanceKlass java/awt/Transparency
instanceKlass sun/awt/windows/WToolkit$1
instanceKlass java/util/Collections$SynchronizedMap
instanceKlass sun/awt/WeakIdentityHashMap
instanceKlass sun/awt/KeyboardFocusManagerPeerProvider
instanceKlass sun/awt/InputMethodSupport
instanceKlass sun/awt/ComponentFactory
instanceKlass java/awt/EventQueue$3
instanceKlass java/awt/EventQueue$2
instanceKlass sun/awt/AWTAccessor$EventQueueAccessor
instanceKlass java/awt/EventQueue$1
instanceKlass java/awt/EventQueue
instanceKlass javax/swing/SwingUtilities
instanceKlass  @bci driverecovery/MainWindow launch ()V 30 <appendix> argL0 ; # driverecovery/MainWindow$$Lambda+0x000001e10300f810
instanceKlass java/awt/Frame$1
instanceKlass sun/awt/AWTAccessor$FrameAccessor
instanceKlass java/awt/Window$1
instanceKlass sun/awt/AWTAccessor$WindowAccessor
instanceKlass java/util/concurrent/atomic/AtomicBoolean
instanceKlass java/awt/Container$1
instanceKlass sun/awt/AWTAccessor$ContainerAccessor
instanceKlass java/awt/geom/Dimension2D
instanceKlass java/awt/LightweightDispatcher
instanceKlass java/awt/event/AWTEventListener
instanceKlass java/awt/Component$DummyRequestFocusController
instanceKlass sun/awt/RequestFocusController
instanceKlass java/awt/Component$1
instanceKlass sun/awt/AWTAccessor$ComponentAccessor
instanceKlass java/awt/font/JavaAWTFontAccessImpl
instanceKlass jdk/internal/access/JavaAWTFontAccess
instanceKlass java/text/AttributedCharacterIterator$Attribute
instanceKlass sun/font/AttributeValues
instanceKlass java/awt/geom/AffineTransform
instanceKlass sun/font/FontAccess
instanceKlass java/awt/Font
instanceKlass sun/awt/windows/WObjectPeer
instanceKlass java/awt/dnd/peer/DropTargetPeer
instanceKlass java/awt/peer/ComponentPeer
instanceKlass java/awt/event/InputEvent$1
instanceKlass sun/awt/AWTAccessor$InputEventAccessor
instanceKlass java/awt/event/NativeLibLoader$1
instanceKlass java/awt/event/NativeLibLoader
instanceKlass java/awt/AWTEvent$1
instanceKlass sun/awt/AWTAccessor$AWTEventAccessor
instanceKlass java/util/EventObject
instanceKlass sun/awt/PlatformGraphicsInfo
instanceKlass  @bci java/awt/GraphicsEnvironment getHeadlessProperty ()Z 6 <appendix> argL0 ; # java/awt/GraphicsEnvironment$$Lambda+0x000001e10305eda8
instanceKlass java/awt/GraphicsEnvironment
instanceKlass java/awt/Insets
instanceKlass  @bci driverecovery/DriveRecoveryService handleFoundFile (Ljava/lang/String;Lcom/google/api/services/drive/model/File;Ljava/lang/String;Ljava/lang/String;Ljava/lang/String;Ljava/util/Set;Ldriverecovery/DriveRecoveryService$MoveResult;Ljava/lang/String;)Ldriverecovery/DriveRecoveryService$MoveResult; 888 <appendix> form vmentry <vmtarget> ; # java/lang/invoke/LambdaForm$MH+0x000001e103018400
# instanceKlass java/lang/invoke/LambdaForm$MH+0x000001e103018000
instanceKlass  @bci driverecovery/DriveRecoveryService handleFoundFile (Ljava/lang/String;Lcom/google/api/services/drive/model/File;Ljava/lang/String;Ljava/lang/String;Ljava/lang/String;Ljava/util/Set;Ldriverecovery/DriveRecoveryService$MoveResult;Ljava/lang/String;)Ldriverecovery/DriveRecoveryService$MoveResult; 888 <appendix> argL3 form vmentry <vmtarget> ; # java/lang/invoke/LambdaForm$MH+0x000001e103017c00
# instanceKlass java/lang/invoke/LambdaForm$MH+0x000001e103017800
# instanceKlass java/lang/invoke/LambdaForm$MH+0x000001e103017400
# instanceKlass java/lang/invoke/LambdaForm$MH+0x000001e103017000
# instanceKlass java/lang/invoke/LambdaForm$MH+0x000001e103016c00
instanceKlass  @bci driverecovery/DriveRecoveryService handleFoundFile (Ljava/lang/String;Lcom/google/api/services/drive/model/File;Ljava/lang/String;Ljava/lang/String;Ljava/lang/String;Ljava/util/Set;Ldriverecovery/DriveRecoveryService$MoveResult;Ljava/lang/String;)Ldriverecovery/DriveRecoveryService$MoveResult; 888 <appendix> argL1 form vmentry <vmtarget> ; # java/lang/invoke/LambdaForm$MH+0x000001e103016800
# instanceKlass java/lang/invoke/LambdaForm$MH+0x000001e103016400
# instanceKlass java/lang/invoke/LambdaForm$MH+0x000001e103016000
# instanceKlass java/lang/invoke/LambdaForm$MH+0x000001e103015c00
instanceKlass  @bci driverecovery/DriveRecoveryService handleFoundFile (Ljava/lang/String;Lcom/google/api/services/drive/model/File;Ljava/lang/String;Ljava/lang/String;Ljava/lang/String;Ljava/util/Set;Ldriverecovery/DriveRecoveryService$MoveResult;Ljava/lang/String;)Ldriverecovery/DriveRecoveryService$MoveResult; 872 <appendix> form vmentry <vmtarget> ; # java/lang/invoke/LambdaForm$MH+0x000001e103015800
instanceKlass java/lang/invoke/LambdaFormEditor$1
# instanceKlass java/lang/invoke/LambdaForm$MH+0x000001e103015400
instanceKlass  @bci driverecovery/DriveRecoveryService handleFoundFile (Ljava/lang/String;Lcom/google/api/services/drive/model/File;Ljava/lang/String;Ljava/lang/String;Ljava/lang/String;Ljava/util/Set;Ldriverecovery/DriveRecoveryService$MoveResult;Ljava/lang/String;)Ldriverecovery/DriveRecoveryService$MoveResult; 872 <appendix> argL3 form vmentry <vmtarget> ; # java/lang/invoke/LambdaForm$MH+0x000001e103015000
instanceKlass java/lang/invoke/MethodHandles$1
# instanceKlass java/lang/invoke/LambdaForm$MH+0x000001e103014c00
# instanceKlass java/lang/invoke/LambdaForm$MH+0x000001e103014400
instanceKlass  @bci driverecovery/DriveRecoveryService getFoldersInParent (Ljava/lang/String;Ljava/lang/String;)Ljava/util/List; 12 <appendix> argL2 form vmentry <vmtarget> ; # java/lang/invoke/LambdaForm$MH+0x000001e103014000
# instanceKlass java/lang/invoke/LambdaForm$MH+0x000001e103007c00
instanceKlass  @bci driverecovery/DriveRecoveryService handleFoundFile (Ljava/lang/String;Lcom/google/api/services/drive/model/File;Ljava/lang/String;Ljava/lang/String;Ljava/lang/String;Ljava/util/Set;Ldriverecovery/DriveRecoveryService$MoveResult;Ljava/lang/String;)Ldriverecovery/DriveRecoveryService$MoveResult; 872 <appendix> argL1 form vmentry <vmtarget> ; # java/lang/invoke/LambdaForm$MH+0x000001e103007800
# instanceKlass java/lang/invoke/LambdaForm$MH+0x000001e103007400
instanceKlass  @bci driverecovery/DriveRecoveryService getFoldersInParent (Ljava/lang/String;Ljava/lang/String;)Ljava/util/List; 12 <appendix> argL1 form vmentry <vmtarget> ; # java/lang/invoke/LambdaForm$MH+0x000001e103007000
# instanceKlass java/lang/invoke/LambdaForm$MH+0x000001e103006c00
# instanceKlass java/lang/invoke/LambdaForm$MH+0x000001e103006800
instanceKlass java/lang/Long$LongCache
# instanceKlass java/lang/invoke/LambdaForm$MH+0x000001e103006400
instanceKlass java/awt/Toolkit$1
instanceKlass java/awt/Toolkit$2
instanceKlass  @bci jdk/internal/module/SystemModuleFinders$SystemModuleReader open (Ljava/lang/String;)Ljava/util/Optional; 6 <appendix> member <vmtarget> ; # jdk/internal/module/SystemModuleFinders$SystemModuleReader$$Lambda+0x000001e10305ddc0
instanceKlass jdk/internal/module/Checks
instanceKlass  @bci java/util/ResourceBundle$ResourceBundleProviderHelper loadPropertyResourceBundle (Ljava/lang/Module;Ljava/lang/Module;Ljava/lang/String;Ljava/util/Locale;)Ljava/util/ResourceBundle; 14 <appendix> member <vmtarget> ; # java/util/ResourceBundle$ResourceBundleProviderHelper$$Lambda+0x000001e10305db98
instanceKlass  @bci java/util/ResourceBundle$ResourceBundleProviderHelper newResourceBundle (Ljava/lang/Class;)Ljava/util/ResourceBundle; 22 <appendix> member <vmtarget> ; # java/util/ResourceBundle$ResourceBundleProviderHelper$$Lambda+0x80000000f
instanceKlass java/security/Security$1
instanceKlass jdk/internal/access/JavaSecurityPropertiesAccess
instanceKlass java/util/concurrent/ConcurrentHashMap$MapEntry
instanceKlass  @bci java/security/Security <clinit> ()V 9 <appendix> argL0 ; # java/security/Security$$Lambda+0x80000000b
instanceKlass java/security/Security
instanceKlass sun/security/util/SecurityProperties
instanceKlass sun/security/util/FilePermCompat
instanceKlass sun/security/util/SecurityConstants
instanceKlass  @bci java/util/ResourceBundle$ResourceBundleProviderHelper loadResourceBundle (Ljava/lang/Module;Ljava/lang/Module;Ljava/lang/String;Ljava/util/Locale;)Ljava/util/ResourceBundle; 13 <appendix> member <vmtarget> ; # java/util/ResourceBundle$ResourceBundleProviderHelper$$Lambda+0x000001e10305c570
instanceKlass java/util/ResourceBundle$ResourceBundleProviderHelper
instanceKlass java/util/ResourceBundle$3
instanceKlass java/util/ResourceBundle$CacheKeyReference
instanceKlass java/util/ResourceBundle$CacheKey
instanceKlass  @bci java/util/ResourceBundle getLoader (Ljava/lang/Module;)Ljava/lang/ClassLoader; 6 <appendix> member <vmtarget> ; # java/util/ResourceBundle$$Lambda+0x000001e10305ba90
instanceKlass sun/util/locale/LocaleObjectCache
instanceKlass java/util/ResourceBundle$Control
instanceKlass java/util/ResourceBundle$1
instanceKlass jdk/internal/access/JavaUtilResourceBundleAccess
instanceKlass java/util/ResourceBundle
instanceKlass java/awt/Toolkit$4
instanceKlass sun/awt/AWTAccessor
instanceKlass java/awt/Toolkit$3
instanceKlass sun/awt/AWTAccessor$ToolkitAccessor
instanceKlass java/awt/Toolkit
instanceKlass java/awt/Component$AWTTreeLock
instanceKlass jdk/internal/logger/LazyLoggers$LazyLoggerAccessor
instanceKlass jdk/internal/logger/LazyLoggers$LoggerAccessor
instanceKlass jdk/internal/logger/AbstractLoggerWrapper
instanceKlass java/util/ServiceLoader$ProviderImpl
instanceKlass java/util/ServiceLoader$Provider
instanceKlass java/util/ServiceLoader$1
instanceKlass sun/util/logging/internal/LoggingProviderImpl$LogManagerAccess
instanceKlass java/util/concurrent/CopyOnWriteArrayList$COWIterator
instanceKlass jdk/internal/loader/URLClassPath$1
instanceKlass java/lang/CompoundEnumeration
instanceKlass jdk/internal/loader/BuiltinClassLoader$1
instanceKlass java/util/Collections$EmptyEnumeration
instanceKlass java/util/Collections$EmptyIterator
instanceKlass jdk/internal/jimage/ImageLocation
instanceKlass jdk/internal/jimage/decompressor/Decompressor
instanceKlass jdk/internal/jimage/ImageStringsReader
instanceKlass jdk/internal/jimage/ImageStrings
instanceKlass jdk/internal/jimage/ImageHeader
instanceKlass jdk/internal/jimage/NativeImageBuffer$1
instanceKlass jdk/internal/jimage/NativeImageBuffer
instanceKlass jdk/internal/jimage/BasicImageReader$1
instanceKlass jdk/internal/jimage/BasicImageReader
instanceKlass jdk/internal/jimage/ImageReader
instanceKlass jdk/internal/jimage/ImageReaderFactory$1
instanceKlass java/nio/file/FileSystems$DefaultFileSystemHolder$1
instanceKlass java/nio/file/FileSystems$DefaultFileSystemHolder
instanceKlass java/nio/file/FileSystems
instanceKlass java/nio/file/Paths
instanceKlass jdk/internal/jimage/ImageReaderFactory
instanceKlass jdk/internal/module/SystemModuleFinders$SystemImage
instanceKlass jdk/internal/module/SystemModuleFinders$SystemModuleReader
instanceKlass java/lang/module/ModuleReader
instanceKlass jdk/internal/loader/BuiltinClassLoader$5
instanceKlass jdk/internal/loader/BuiltinClassLoader$2
instanceKlass jdk/internal/module/Resources
instanceKlass java/util/ServiceLoader$3
instanceKlass java/util/ServiceLoader$2
instanceKlass java/util/ServiceLoader$LazyClassPathLookupIterator
instanceKlass java/util/Spliterators$1Adapter
instanceKlass java/util/Spliterators$ArraySpliterator
instanceKlass java/util/ServiceLoader$ModuleServicesLookupIterator
instanceKlass java/util/ServiceLoader
instanceKlass java/lang/System$LoggerFinder
instanceKlass jdk/internal/logger/BootstrapLogger$DetectBackend$1
instanceKlass jdk/internal/logger/BootstrapLogger$DetectBackend
instanceKlass jdk/internal/logger/BootstrapLogger
instanceKlass sun/util/logging/PlatformLogger$ConfigurableBridge
instanceKlass sun/util/logging/PlatformLogger$Bridge
instanceKlass java/lang/System$Logger
instanceKlass jdk/internal/logger/LazyLoggers$LazyLoggerFactories
instanceKlass jdk/internal/logger/LazyLoggers$1
instanceKlass jdk/internal/logger/LazyLoggers
instanceKlass sun/util/logging/PlatformLogger
instanceKlass javax/swing/plaf/ComponentUI
instanceKlass driverecovery/ProgressTracker$ProgressListener
instanceKlass sun/nio/ch/Util$BufferCache
instanceKlass sun/nio/ch/Util
instanceKlass javax/swing/border/Border
instanceKlass java/awt/LayoutManager
instanceKlass java/lang/invoke/VarHandle$AccessDescriptor
instanceKlass javax/swing/SwingConstants
instanceKlass java/awt/event/WindowListener
instanceKlass java/util/EventListener
instanceKlass sun/nio/ch/NativeThread
instanceKlass sun/net/NetHooks
instanceKlass sun/net/spi/DefaultProxySelector$3
instanceKlass sun/net/spi/DefaultProxySelector$NonProxyInfo
instanceKlass java/net/URI$Parser
instanceKlass java/util/Properties$LineReader
instanceKlass sun/net/NetProperties$1
instanceKlass sun/net/NetProperties
instanceKlass sun/net/spi/DefaultProxySelector$1
instanceKlass java/net/Proxy
instanceKlass java/net/ProxySelector
instanceKlass java/net/SocksSocketImpl$3
instanceKlass  @bci sun/nio/ch/NioSocketImpl closerFor (Ljava/io/FileDescriptor;Z)Ljava/lang/Runnable; 5 <appendix> member <vmtarget> ; # sun/nio/ch/NioSocketImpl$$Lambda+0x000001e10304eee8
instanceKlass  @cpi com/sun/crypto/provider/PBEKey 185 form vmentry <vmtarget> ; # java/lang/invoke/LambdaForm$DMH+0x000001e103006000
instanceKlass java/awt/Component
instanceKlass java/awt/image/ImageObserver
instanceKlass java/awt/MenuContainer
instanceKlass javax/swing/TransferHandler$HasGetTransferHandler
instanceKlass javax/swing/RootPaneContainer
instanceKlass javax/accessibility/Accessible
instanceKlass javax/swing/WindowConstants
instanceKlass jdk/net/ExtendedSocketOptions$2
instanceKlass jdk/net/ExtendedSocketOptions$PlatformSocketOptions
instanceKlass jdk/net/ExtendedSocketOptions$ExtSocketOption
instanceKlass com/google/api/client/http/HttpTransport
instanceKlass java/net/SocketOption
instanceKlass jdk/net/ExtendedSocketOptions
instanceKlass sun/net/ext/ExtendedSocketOptions
instanceKlass java/net/Inet6Address$Inet6AddressHolder
instanceKlass sun/nio/ch/Net$1
instanceKlass java/net/ProtocolFamily
instanceKlass sun/nio/ch/Net
instanceKlass com/google/api/client/json/JsonFactory
instanceKlass java/net/SocksConsts
instanceKlass com/google/api/client/http/HttpRequestInitializer
instanceKlass sun/nio/ch/IOUtil
instanceKlass sun/nio/ch/NativeDispatcher
instanceKlass com/google/auth/oauth2/QuotaProjectIdProvider
instanceKlass sun/net/PlatformSocketImpl
instanceKlass java/net/SocketImpl
instanceKlass java/net/SocketOptions
instanceKlass com/google/auth/Credentials
instanceKlass java/net/InetSocketAddress$InetSocketAddressHolder
instanceKlass java/net/InetAddress$PlatformResolver
instanceKlass java/net/spi/InetAddressResolver
instanceKlass java/net/spi/InetAddressResolver$LookupPolicy
instanceKlass java/net/Inet4AddressImpl
instanceKlass java/net/Inet6AddressImpl
instanceKlass java/net/InetAddressImpl
instanceKlass java/util/concurrent/ConcurrentSkipListMap$Node
instanceKlass java/util/concurrent/ConcurrentSkipListMap$Index
instanceKlass java/util/concurrent/ConcurrentNavigableMap
instanceKlass java/net/InetAddress$InetAddressHolder
instanceKlass java/net/InetAddress$1
instanceKlass jdk/internal/access/JavaNetInetAddressAccess
instanceKlass jdk/internal/misc/PreviewFeatures
instanceKlass jdk/internal/misc/MainMethodFinder
instanceKlass driverecovery/Main
instanceKlass java/io/FileInputStream$1
instanceKlass java/net/InetAddress
instanceKlass java/net/SocketAddress
instanceKlass java/lang/invoke/VarForm
instanceKlass java/lang/invoke/VarHandleGuards
instanceKlass sun/nio/cs/SingleByte
instanceKlass sun/nio/cs/MS1252$Holder
instanceKlass sun/nio/cs/ArrayDecoder
instanceKlass java/lang/invoke/VarHandles
instanceKlass sun/launcher/LauncherHelper
instanceKlass java/net/Socket
instanceKlass java/io/Reader
instanceKlass com/intellij/rt/execution/application/AppMainV2
instanceKlass  @bci jdk/internal/reflect/DirectMethodHandleAccessor invokeImpl (Ljava/lang/Object;[Ljava/lang/Object;)Ljava/lang/Object; 72 <adapter> ; # java/lang/invoke/LambdaForm$MH+0x000001e103002800
instanceKlass  @bci driverecovery/DriveRecoveryService handleFoundFile (Ljava/lang/String;Lcom/google/api/services/drive/model/File;Ljava/lang/String;Ljava/lang/String;Ljava/lang/String;Ljava/util/Set;Ldriverecovery/DriveRecoveryService$MoveResult;Ljava/lang/String;)Ldriverecovery/DriveRecoveryService$MoveResult; 762 <appendix> form vmentry <vmtarget> ; # java/lang/invoke/LambdaForm$MH+0x000001e103001800
instanceKlass  @cpi driverecovery/DriveRecoveryService 2973 form vmentry <vmtarget> ; # java/lang/invoke/LambdaForm$DMH+0x000001e103001000
instanceKlass com/intellij/rt/execution/application/AppMainV2$Agent
instanceKlass java/security/SecureClassLoader$DebugHolder
instanceKlass java/security/Permission
instanceKlass java/security/Guard
instanceKlass java/security/PermissionCollection
instanceKlass java/security/SecureClassLoader$1
instanceKlass java/util/zip/Checksum$1
instanceKlass java/util/zip/CRC32
instanceKlass java/util/zip/Checksum
instanceKlass sun/nio/ByteBuffered
instanceKlass java/lang/Package$VersionInfo
instanceKlass java/lang/NamedPackage
instanceKlass jdk/internal/loader/Resource
instanceKlass java/util/jar/Attributes$Name
instanceKlass java/util/jar/Attributes
instanceKlass java/util/TreeMap$PrivateEntryIterator
instanceKlass java/util/TreeMap$Entry
instanceKlass java/util/NavigableMap
instanceKlass java/util/SortedMap
instanceKlass java/util/NavigableSet
instanceKlass java/util/SortedSet
instanceKlass sun/security/action/GetIntegerAction
instanceKlass sun/security/util/Debug
instanceKlass sun/security/util/SignatureFileVerifier
instanceKlass java/util/zip/ZipFile$InflaterCleanupAction
instanceKlass java/util/zip/Inflater$InflaterZStreamRef
instanceKlass java/util/zip/Inflater
instanceKlass java/util/zip/ZipEntry
instanceKlass java/util/zip/ZipFile$2
instanceKlass java/nio/Bits$1
instanceKlass jdk/internal/misc/VM$BufferPool
instanceKlass java/nio/Bits
instanceKlass sun/nio/ch/DirectBuffer
instanceKlass jdk/internal/perf/PerfCounter$CoreCounters
instanceKlass jdk/internal/perf/Perf
instanceKlass jdk/internal/perf/Perf$GetPerfAction
instanceKlass jdk/internal/perf/PerfCounter
instanceKlass sun/util/locale/LocaleUtils
instanceKlass sun/util/locale/BaseLocale
instanceKlass java/util/Locale
instanceKlass java/nio/file/attribute/FileTime
instanceKlass java/util/zip/ZipUtils
instanceKlass java/util/zip/ZipFile$Source$End
instanceKlass java/io/RandomAccessFile$2
instanceKlass jdk/internal/access/JavaIORandomAccessFileAccess
instanceKlass java/io/RandomAccessFile
instanceKlass java/io/DataInput
instanceKlass java/io/DataOutput
instanceKlass sun/nio/fs/WindowsNativeDispatcher$CompletionStatus
instanceKlass sun/nio/fs/WindowsNativeDispatcher$AclInformation
instanceKlass sun/nio/fs/WindowsNativeDispatcher$Account
instanceKlass sun/nio/fs/WindowsNativeDispatcher$DiskFreeSpace
instanceKlass sun/nio/fs/WindowsNativeDispatcher$VolumeInformation
instanceKlass sun/nio/fs/WindowsNativeDispatcher$FirstStream
instanceKlass sun/nio/fs/WindowsNativeDispatcher$FirstFile
instanceKlass java/util/Enumeration
instanceKlass java/util/concurrent/ConcurrentHashMap$Traverser
instanceKlass sun/nio/fs/WindowsNativeDispatcher
instanceKlass sun/nio/fs/NativeBuffer$Deallocator
instanceKlass sun/nio/fs/NativeBuffer
instanceKlass java/lang/ThreadLocal$ThreadLocalMap
instanceKlass java/lang/ThreadLocal
instanceKlass sun/nio/fs/NativeBuffers
instanceKlass sun/nio/fs/WindowsFileAttributes
instanceKlass java/nio/file/attribute/DosFileAttributes
instanceKlass sun/nio/fs/AbstractBasicFileAttributeView
instanceKlass sun/nio/fs/DynamicFileAttributeView
instanceKlass sun/nio/fs/WindowsFileAttributeViews
instanceKlass sun/nio/fs/Util
instanceKlass java/nio/file/attribute/BasicFileAttributeView
instanceKlass java/nio/file/attribute/FileAttributeView
instanceKlass java/nio/file/attribute/AttributeView
instanceKlass java/nio/file/Files
instanceKlass java/nio/file/CopyOption
instanceKlass java/nio/file/attribute/BasicFileAttributes
instanceKlass sun/nio/fs/WindowsPath
instanceKlass java/util/zip/ZipFile$Source$Key
instanceKlass java/util/concurrent/ForkJoinPool$ManagedBlocker
instanceKlass sun/nio/fs/WindowsPathParser$Result
instanceKlass java/util/concurrent/locks/AbstractQueuedSynchronizer$Node
instanceKlass sun/nio/fs/WindowsPathParser
instanceKlass java/nio/file/FileSystem
instanceKlass java/nio/file/OpenOption
instanceKlass java/nio/file/spi/FileSystemProvider
instanceKlass sun/nio/fs/DefaultFileSystemProvider
instanceKlass java/util/zip/ZipFile$Source
instanceKlass java/lang/ref/Cleaner$Cleanable
instanceKlass jdk/internal/ref/CleanerImpl
instanceKlass java/lang/ref/Cleaner$1
instanceKlass java/lang/ref/Cleaner
instanceKlass jdk/internal/ref/CleanerFactory$1
instanceKlass java/util/concurrent/ThreadFactory
instanceKlass jdk/internal/ref/CleanerFactory
instanceKlass java/util/zip/ZipCoder
instanceKlass java/util/zip/ZipFile$CleanableResource
instanceKlass java/lang/Runtime$Version
instanceKlass java/util/jar/JavaUtilJarAccessImpl
instanceKlass jdk/internal/access/JavaUtilJarAccess
instanceKlass jdk/internal/loader/FileURLMapper
instanceKlass jdk/internal/loader/URLClassPath$JarLoader$1
instanceKlass java/util/zip/ZipFile$1
instanceKlass jdk/internal/access/JavaUtilZipFileAccess
instanceKlass java/util/zip/ZipFile
instanceKlass java/util/zip/ZipConstants
instanceKlass java/nio/charset/CoderResult
instanceKlass java/lang/StringCoding
instanceKlass java/nio/charset/CharsetDecoder
instanceKlass java/lang/Readable
instanceKlass jdk/internal/loader/URLClassPath$Loader
instanceKlass jdk/internal/loader/URLClassPath$3
instanceKlass java/security/PrivilegedExceptionAction
instanceKlass sun/net/util/URLUtil
instanceKlass sun/instrument/TransformerManager$TransformerInfo
instanceKlass sun/instrument/TransformerManager
instanceKlass jdk/internal/loader/NativeLibraries$3
instanceKlass jdk/internal/loader/NativeLibrary
instanceKlass java/util/ArrayDeque$DeqIterator
instanceKlass jdk/internal/loader/NativeLibraries$NativeLibraryContext$1
instanceKlass jdk/internal/loader/NativeLibraries$NativeLibraryContext
instanceKlass jdk/internal/loader/NativeLibraries$2
instanceKlass jdk/internal/loader/NativeLibraries$1
instanceKlass jdk/internal/loader/NativeLibraries$LibraryPaths
instanceKlass  @bci sun/instrument/InstrumentationImpl <clinit> ()V 16 <appendix> argL0 ; # sun/instrument/InstrumentationImpl$$Lambda+0x000001e103041968
instanceKlass sun/instrument/InstrumentationImpl
instanceKlass java/lang/instrument/Instrumentation
instanceKlass java/lang/invoke/StringConcatFactory
instanceKlass jdk/internal/module/ModuleBootstrap$SafeModuleFinder
instanceKlass java/lang/ModuleLayer$Controller
instanceKlass java/util/concurrent/CopyOnWriteArrayList
instanceKlass jdk/internal/module/ServicesCatalog$ServiceProvider
instanceKlass jdk/internal/loader/AbstractClassLoaderValue$Memoizer
instanceKlass jdk/internal/module/ModuleLoaderMap$Modules
instanceKlass jdk/internal/module/ModuleLoaderMap$Mapper
instanceKlass jdk/internal/module/ModuleLoaderMap
instanceKlass java/lang/module/ResolvedModule
instanceKlass java/util/Collections$UnmodifiableCollection$1
instanceKlass java/util/SequencedMap
instanceKlass java/util/SequencedSet
instanceKlass java/lang/ModuleLayer
instanceKlass java/util/ImmutableCollections$ListItr
instanceKlass java/util/ListIterator
instanceKlass java/lang/module/ModuleFinder$1
instanceKlass java/nio/file/Path
instanceKlass java/nio/file/Watchable
instanceKlass java/lang/module/Resolver
instanceKlass java/lang/module/Configuration
instanceKlass  @bci java/util/stream/FindOps$FindSink$OfRef <clinit> ()V 43 <appendix> argL0 ; # java/util/stream/FindOps$FindSink$OfRef$$Lambda+0x800000047
instanceKlass  @bci java/util/stream/FindOps$FindSink$OfRef <clinit> ()V 38 <appendix> argL0 ; # java/util/stream/FindOps$FindSink$OfRef$$Lambda+0x800000049
instanceKlass  @bci java/util/stream/FindOps$FindSink$OfRef <clinit> ()V 16 <appendix> argL0 ; # java/util/stream/FindOps$FindSink$OfRef$$Lambda+0x800000048
instanceKlass  @bci java/util/stream/FindOps$FindSink$OfRef <clinit> ()V 11 <appendix> argL0 ; # java/util/stream/FindOps$FindSink$OfRef$$Lambda+0x80000004a
instanceKlass java/util/stream/FindOps$FindOp
instanceKlass java/util/stream/FindOps$FindSink
instanceKlass java/util/stream/FindOps
instanceKlass  @bci jdk/internal/module/DefaultRoots exportsAPI (Ljava/lang/module/ModuleDescriptor;)Z 9 <appendix> argL0 ; # jdk/internal/module/DefaultRoots$$Lambda+0x800000050
instanceKlass java/util/stream/Sink$ChainedReference
instanceKlass java/util/stream/ReduceOps$AccumulatingSink
instanceKlass java/util/stream/TerminalSink
instanceKlass java/util/stream/Sink
instanceKlass java/util/function/Consumer
instanceKlass java/util/stream/ReduceOps$Box
instanceKlass java/util/stream/ReduceOps$ReduceOp
instanceKlass java/util/stream/TerminalOp
instanceKlass java/util/stream/ReduceOps
instanceKlass  @bci java/util/stream/Collectors castingIdentity ()Ljava/util/function/Function; 0 <appendix> argL0 ; # java/util/stream/Collectors$$Lambda+0x800000041
instanceKlass  @bci java/util/stream/Collectors toSet ()Ljava/util/stream/Collector; 14 <appendix> argL0 ; # java/util/stream/Collectors$$Lambda+0x80000003f
instanceKlass java/util/function/BinaryOperator
instanceKlass  @bci java/util/stream/Collectors toSet ()Ljava/util/stream/Collector; 9 <appendix> argL0 ; # java/util/stream/Collectors$$Lambda+0x800000038
instanceKlass java/util/function/BiConsumer
instanceKlass  @bci java/util/stream/Collectors toSet ()Ljava/util/stream/Collector; 4 <appendix> argL0 ; # java/util/stream/Collectors$$Lambda+0x800000044
instanceKlass java/util/stream/Collector
instanceKlass java/util/Collections$UnmodifiableCollection
instanceKlass java/util/stream/Collectors
instanceKlass  @bci jdk/internal/module/DefaultRoots compute (Ljava/lang/module/ModuleFinder;Ljava/lang/module/ModuleFinder;)Ljava/util/Set; 42 <appendix> argL0 ; # jdk/internal/module/DefaultRoots$$Lambda+0x80000004d
instanceKlass  @bci jdk/internal/module/DefaultRoots compute (Ljava/lang/module/ModuleFinder;Ljava/lang/module/ModuleFinder;)Ljava/util/Set; 32 <appendix> member <vmtarget> ; # jdk/internal/module/DefaultRoots$$Lambda+0x800000051
instanceKlass  @bci jdk/internal/module/DefaultRoots compute (Ljava/lang/module/ModuleFinder;Ljava/lang/module/ModuleFinder;)Ljava/util/Set; 21 <appendix> argL0 ; # jdk/internal/module/DefaultRoots$$Lambda+0x80000004e
instanceKlass  @bci driverecovery/DriveRecoveryService checkFolder (Ldriverecovery/DriveRecoveryService$FolderInfo;Ljava/lang/String;)Ldriverecovery/DriveRecoveryService$FolderReport; 114 <appendix> form vmentry <vmtarget> ; # java/lang/invoke/LambdaForm$MH+0x000001e103000800
instanceKlass  @bci jdk/internal/module/DefaultRoots compute (Ljava/lang/module/ModuleFinder;Ljava/lang/module/ModuleFinder;)Ljava/util/Set; 11 <appendix> argL0 ; # jdk/internal/module/DefaultRoots$$Lambda+0x80000004f
instanceKlass java/lang/invoke/LambdaProxyClassArchive
instanceKlass java/lang/invoke/InfoFromMemberName
instanceKlass java/lang/invoke/MethodHandleInfo
instanceKlass jdk/internal/org/objectweb/asm/ConstantDynamic
instanceKlass jdk/internal/org/objectweb/asm/Handle
instanceKlass sun/security/action/GetBooleanAction
instanceKlass java/lang/invoke/AbstractValidatingLambdaMetafactory
instanceKlass java/lang/invoke/BootstrapMethodInvoker
instanceKlass java/util/function/Predicate
instanceKlass java/lang/WeakPairMap$Pair$Lookup
instanceKlass java/lang/WeakPairMap$Pair
instanceKlass java/lang/WeakPairMap
instanceKlass java/lang/Module$ReflectionData
instanceKlass java/lang/invoke/LambdaMetafactory
instanceKlass java/lang/invoke/MethodHandles$Lookup$ClassDefiner
instanceKlass java/lang/invoke/MethodHandles$Lookup$ClassFile
instanceKlass jdk/internal/org/objectweb/asm/Handler
instanceKlass jdk/internal/org/objectweb/asm/Attribute
instanceKlass jdk/internal/org/objectweb/asm/FieldVisitor
instanceKlass java/util/ArrayList$Itr
instanceKlass sun/invoke/empty/Empty
instanceKlass sun/invoke/util/VerifyType
instanceKlass java/lang/invoke/InvokerBytecodeGenerator$ClassData
instanceKlass jdk/internal/org/objectweb/asm/AnnotationVisitor
instanceKlass jdk/internal/org/objectweb/asm/Frame
instanceKlass jdk/internal/org/objectweb/asm/Label
instanceKlass jdk/internal/org/objectweb/asm/Type
instanceKlass jdk/internal/org/objectweb/asm/MethodVisitor
instanceKlass sun/invoke/util/BytecodeDescriptor
instanceKlass jdk/internal/org/objectweb/asm/ByteVector
instanceKlass jdk/internal/org/objectweb/asm/Symbol
instanceKlass jdk/internal/org/objectweb/asm/SymbolTable
instanceKlass jdk/internal/org/objectweb/asm/ClassVisitor
instanceKlass java/lang/invoke/LambdaFormBuffer
instanceKlass java/lang/invoke/LambdaFormEditor$TransformKey
instanceKlass java/lang/invoke/LambdaFormEditor
instanceKlass java/lang/invoke/Invokers$Holder
instanceKlass java/lang/invoke/DelegatingMethodHandle$Holder
instanceKlass java/lang/invoke/DirectMethodHandle$2
instanceKlass java/lang/invoke/ClassSpecializer$Factory
instanceKlass java/lang/invoke/ClassSpecializer$SpeciesData
instanceKlass java/lang/invoke/ClassSpecializer$1
instanceKlass java/lang/invoke/ClassSpecializer
instanceKlass java/lang/invoke/InvokerBytecodeGenerator$1
instanceKlass java/lang/invoke/InvokerBytecodeGenerator
instanceKlass java/lang/invoke/LambdaForm$Holder
instanceKlass java/lang/invoke/LambdaForm$Name
instanceKlass java/lang/reflect/Array
instanceKlass java/lang/invoke/Invokers
instanceKlass sun/invoke/util/ValueConversions
instanceKlass java/lang/invoke/DirectMethodHandle$Holder
instanceKlass java/lang/Void
instanceKlass sun/invoke/util/Wrapper$Format
instanceKlass java/lang/invoke/MethodHandleImpl$1
instanceKlass jdk/internal/access/JavaLangInvokeAccess
instanceKlass java/lang/invoke/LambdaForm$NamedFunction
instanceKlass java/lang/invoke/MethodHandleImpl
instanceKlass jdk/internal/reflect/MethodHandleAccessorFactory$LazyStaticHolder
instanceKlass java/lang/invoke/MethodTypeForm
instanceKlass jdk/internal/util/StrongReferenceKey
instanceKlass jdk/internal/util/ReferenceKey
instanceKlass jdk/internal/util/ReferencedKeyMap
instanceKlass java/lang/invoke/MethodType$1
instanceKlass sun/reflect/annotation/AnnotationParser
instanceKlass java/lang/Class$3
instanceKlass java/lang/PublicMethods$Key
instanceKlass java/lang/PublicMethods$MethodList
instanceKlass java/util/EnumMap$1
instanceKlass java/util/stream/StreamOpFlag$MaskBuilder
instanceKlass java/util/stream/Stream
instanceKlass java/util/stream/BaseStream
instanceKlass java/util/stream/PipelineHelper
instanceKlass java/util/stream/StreamSupport
instanceKlass java/util/Spliterators$IteratorSpliterator
instanceKlass java/util/Spliterator$OfDouble
instanceKlass java/util/Spliterator$OfLong
instanceKlass java/util/Spliterator$OfInt
instanceKlass java/util/Spliterator$OfPrimitive
instanceKlass java/util/Spliterator
instanceKlass java/util/Spliterators$EmptySpliterator
instanceKlass java/util/Spliterators
instanceKlass jdk/internal/module/DefaultRoots
instanceKlass jdk/internal/loader/BuiltinClassLoader$LoadedModule
instanceKlass jdk/internal/loader/AbstractClassLoaderValue
instanceKlass jdk/internal/module/ServicesCatalog
instanceKlass java/util/Deque
instanceKlass java/util/Queue
instanceKlass sun/net/util/IPAddressUtil$MASKS
instanceKlass sun/net/util/IPAddressUtil
instanceKlass java/net/URLStreamHandler
instanceKlass java/lang/StringUTF16
instanceKlass sun/net/www/ParseUtil
instanceKlass java/net/URL$3
instanceKlass jdk/internal/access/JavaNetURLAccess
instanceKlass java/net/URL$DefaultFactory
instanceKlass java/net/URLStreamHandlerFactory
instanceKlass jdk/internal/loader/URLClassPath
instanceKlass java/security/Principal
instanceKlass java/security/ProtectionDomain$Key
instanceKlass java/security/ProtectionDomain$JavaSecurityAccessImpl
instanceKlass jdk/internal/access/JavaSecurityAccess
instanceKlass java/lang/ClassLoader$ParallelLoaders
instanceKlass java/security/cert/Certificate
instanceKlass jdk/internal/loader/ArchivedClassLoaders
instanceKlass java/util/concurrent/ConcurrentHashMap$CollectionView
instanceKlass jdk/internal/loader/ClassLoaderHelper
instanceKlass jdk/internal/loader/NativeLibraries
instanceKlass java/lang/Module$EnableNativeAccess
instanceKlass jdk/internal/loader/BootLoader
instanceKlass java/util/Optional
instanceKlass jdk/internal/module/SystemModuleFinders$SystemModuleFinder
instanceKlass java/lang/module/ModuleFinder
instanceKlass jdk/internal/module/SystemModuleFinders$3
instanceKlass jdk/internal/module/ModuleHashes$HashSupplier
instanceKlass jdk/internal/module/SystemModuleFinders$2
instanceKlass java/util/function/Supplier
instanceKlass java/lang/module/ModuleReference
instanceKlass jdk/internal/module/ModuleResolution
instanceKlass java/util/Collections$UnmodifiableMap
instanceKlass jdk/internal/module/ModuleHashes$Builder
instanceKlass jdk/internal/module/ModuleHashes
instanceKlass jdk/internal/module/ModuleTarget
instanceKlass java/util/ImmutableCollections$Set12$1
instanceKlass java/lang/reflect/AccessFlag$18
instanceKlass java/lang/reflect/AccessFlag$17
instanceKlass java/lang/reflect/AccessFlag$16
instanceKlass java/lang/reflect/AccessFlag$15
instanceKlass java/lang/reflect/AccessFlag$14
instanceKlass java/lang/reflect/AccessFlag$13
instanceKlass java/lang/reflect/AccessFlag$12
instanceKlass java/lang/reflect/AccessFlag$11
instanceKlass java/lang/reflect/AccessFlag$10
instanceKlass java/lang/reflect/AccessFlag$9
instanceKlass java/lang/reflect/AccessFlag$8
instanceKlass java/lang/reflect/AccessFlag$7
instanceKlass java/lang/reflect/AccessFlag$6
instanceKlass java/lang/reflect/AccessFlag$5
instanceKlass java/lang/reflect/AccessFlag$4
instanceKlass java/lang/reflect/AccessFlag$3
instanceKlass java/lang/reflect/AccessFlag$2
instanceKlass java/lang/reflect/AccessFlag$1
instanceKlass java/lang/module/ModuleDescriptor$Version
instanceKlass java/lang/module/ModuleDescriptor$Provides
instanceKlass java/lang/module/ModuleDescriptor$Opens
instanceKlass java/util/ImmutableCollections$SetN$SetNIterator
instanceKlass java/lang/module/ModuleDescriptor$Exports
instanceKlass java/lang/module/ModuleDescriptor$Requires
instanceKlass jdk/internal/module/Builder
instanceKlass jdk/internal/module/SystemModules$all
instanceKlass jdk/internal/module/SystemModules
instanceKlass jdk/internal/module/SystemModulesMap
instanceKlass java/net/URI$1
instanceKlass jdk/internal/access/JavaNetUriAccess
instanceKlass java/net/URI
instanceKlass jdk/internal/module/SystemModuleFinders
instanceKlass jdk/internal/module/ArchivedModuleGraph
instanceKlass jdk/internal/module/ArchivedBootLayer
instanceKlass jdk/internal/module/ModuleBootstrap$Counters
instanceKlass jdk/internal/module/ModulePatcher
instanceKlass java/io/FileSystem
instanceKlass java/io/DefaultFileSystem
instanceKlass java/io/File
instanceKlass java/lang/module/ModuleDescriptor$1
instanceKlass jdk/internal/access/JavaLangModuleAccess
instanceKlass sun/invoke/util/VerifyAccess
instanceKlass java/util/KeyValueHolder
instanceKlass java/util/ImmutableCollections$MapN$MapNIterator
instanceKlass java/lang/StrictMath
instanceKlass java/lang/invoke/MethodHandles$Lookup
instanceKlass java/lang/invoke/MemberName$Factory
instanceKlass java/lang/invoke/MethodHandles
instanceKlass java/lang/module/ModuleDescriptor
instanceKlass jdk/internal/module/ModuleBootstrap
instanceKlass java/lang/Character$CharacterCache
instanceKlass java/util/HexFormat
instanceKlass jdk/internal/util/ClassFileDumper
instanceKlass sun/security/action/GetPropertyAction
instanceKlass java/lang/invoke/MethodHandleStatics
instanceKlass java/util/concurrent/locks/AbstractQueuedSynchronizer$ConditionObject
instanceKlass java/util/concurrent/locks/Condition
instanceKlass jdk/internal/misc/Blocker
instanceKlass java/util/Collections
instanceKlass java/lang/Thread$ThreadIdentifiers
instanceKlass sun/io/Win32ErrorMode
instanceKlass jdk/internal/misc/OSEnvironment
instanceKlass java/lang/Integer$IntegerCache
instanceKlass jdk/internal/misc/Signal$NativeHandler
instanceKlass java/util/Hashtable$Entry
instanceKlass jdk/internal/misc/Signal
instanceKlass java/lang/Terminator$1
instanceKlass jdk/internal/misc/Signal$Handler
instanceKlass java/lang/Terminator
instanceKlass java/nio/ByteOrder
instanceKlass java/nio/Buffer$2
instanceKlass jdk/internal/access/JavaNioAccess
instanceKlass java/nio/Buffer$1
instanceKlass jdk/internal/misc/ScopedMemoryAccess
instanceKlass java/nio/charset/CodingErrorAction
instanceKlass java/nio/charset/CharsetEncoder
instanceKlass java/io/Writer
instanceKlass java/io/PrintStream$1
instanceKlass jdk/internal/access/JavaIOPrintStreamAccess
instanceKlass jdk/internal/misc/InternalLock
instanceKlass java/io/OutputStream
instanceKlass java/io/Flushable
instanceKlass java/io/FileDescriptor$1
instanceKlass jdk/internal/access/JavaIOFileDescriptorAccess
instanceKlass java/io/FileDescriptor
instanceKlass jdk/internal/util/StaticProperty
instanceKlass jdk/internal/reflect/MethodHandleAccessorFactory
instanceKlass java/lang/reflect/Modifier
instanceKlass java/lang/Class$1
instanceKlass java/lang/Class$Atomic
instanceKlass java/lang/Class$ReflectionData
instanceKlass java/nio/charset/StandardCharsets
instanceKlass sun/nio/cs/HistoricallyNamedCharset
instanceKlass java/nio/charset/spi/CharsetProvider
instanceKlass java/nio/charset/Charset
instanceKlass java/util/HashMap$HashIterator
instanceKlass java/util/concurrent/locks/LockSupport
instanceKlass java/util/concurrent/ConcurrentHashMap$Node
instanceKlass java/util/concurrent/ConcurrentHashMap$CounterCell
instanceKlass java/util/concurrent/locks/ReentrantLock
instanceKlass java/util/concurrent/locks/Lock
instanceKlass java/lang/CharacterData
instanceKlass java/util/Arrays
instanceKlass jdk/internal/util/Preconditions$3
instanceKlass jdk/internal/util/Preconditions$2
instanceKlass jdk/internal/util/Preconditions$4
instanceKlass java/util/function/BiFunction
instanceKlass jdk/internal/util/Preconditions$1
instanceKlass java/util/function/Function
instanceKlass jdk/internal/util/Preconditions
instanceKlass java/lang/Runtime
instanceKlass java/lang/VersionProps
instanceKlass java/lang/StringConcatHelper
instanceKlass java/util/HashMap$Node
instanceKlass java/util/Map$Entry
instanceKlass jdk/internal/util/ArraysSupport
instanceKlass jdk/internal/util/SystemProps$Raw
instanceKlass jdk/internal/util/SystemProps
instanceKlass java/lang/System$2
instanceKlass jdk/internal/access/JavaLangAccess
instanceKlass java/lang/ref/NativeReferenceQueue$Lock
instanceKlass java/lang/ref/ReferenceQueue
instanceKlass java/lang/ref/Reference$1
instanceKlass jdk/internal/access/JavaLangRefAccess
instanceKlass jdk/internal/reflect/ReflectionFactory
instanceKlass java/lang/Math
instanceKlass java/lang/StringLatin1
instanceKlass jdk/internal/reflect/Reflection
instanceKlass jdk/internal/reflect/ReflectionFactory$GetReflectionFactoryAction
instanceKlass java/security/PrivilegedAction
instanceKlass jdk/internal/access/SharedSecrets
instanceKlass java/lang/reflect/ReflectAccess
instanceKlass jdk/internal/access/JavaLangReflectAccess
instanceKlass java/util/ImmutableCollections
instanceKlass java/util/Objects
instanceKlass java/util/Set
instanceKlass jdk/internal/misc/CDS
instanceKlass java/lang/Module$ArchivedData
instanceKlass jdk/internal/misc/VM
instanceKlass java/lang/String$CaseInsensitiveComparator
instanceKlass java/util/Comparator
instanceKlass java/io/ObjectStreamField
instanceKlass jdk/internal/vm/FillerObject
instanceKlass jdk/internal/vm/vector/VectorSupport$VectorPayload
instanceKlass jdk/internal/vm/vector/VectorSupport
instanceKlass java/lang/reflect/RecordComponent
instanceKlass java/util/Iterator
instanceKlass java/lang/Number
instanceKlass java/lang/Character
instanceKlass java/lang/Boolean
instanceKlass java/util/concurrent/locks/AbstractOwnableSynchronizer
instanceKlass java/lang/LiveStackFrame
instanceKlass java/lang/StackFrameInfo
instanceKlass java/lang/StackWalker$StackFrame
instanceKlass java/lang/StackStreamFactory$AbstractStackWalker
instanceKlass java/lang/StackWalker
instanceKlass java/nio/Buffer
instanceKlass java/lang/StackTraceElement
instanceKlass java/util/RandomAccess
instanceKlass java/util/List
instanceKlass java/util/SequencedCollection
instanceKlass java/util/AbstractCollection
instanceKlass java/util/Collection
instanceKlass java/lang/Iterable
instanceKlass java/util/concurrent/ConcurrentMap
instanceKlass java/util/AbstractMap
instanceKlass java/security/CodeSource
instanceKlass jdk/internal/loader/ClassLoaders
instanceKlass java/util/jar/Manifest
instanceKlass java/lang/Enum
instanceKlass java/net/URL
instanceKlass java/io/InputStream
instanceKlass java/io/Closeable
instanceKlass java/lang/AutoCloseable
instanceKlass jdk/internal/module/Modules
instanceKlass jdk/internal/misc/Unsafe
instanceKlass jdk/internal/misc/UnsafeConstants
instanceKlass java/lang/AbstractStringBuilder
instanceKlass java/lang/Appendable
instanceKlass java/lang/AssertionStatusDirectives
instanceKlass jdk/internal/foreign/abi/ABIDescriptor
instanceKlass jdk/internal/foreign/abi/NativeEntryPoint
instanceKlass java/lang/invoke/CallSite
instanceKlass java/lang/invoke/MethodType
instanceKlass java/lang/invoke/TypeDescriptor$OfMethod
instanceKlass java/lang/invoke/LambdaForm
instanceKlass java/lang/invoke/MethodHandleNatives
instanceKlass java/lang/invoke/ResolvedMethodName
instanceKlass java/lang/invoke/MemberName
instanceKlass java/lang/invoke/VarHandle
instanceKlass java/lang/invoke/MethodHandle
instanceKlass jdk/internal/reflect/CallerSensitive
instanceKlass java/lang/annotation/Annotation
instanceKlass jdk/internal/reflect/FieldAccessor
instanceKlass jdk/internal/reflect/ConstantPool
instanceKlass jdk/internal/reflect/ConstructorAccessor
instanceKlass jdk/internal/reflect/MethodAccessor
instanceKlass jdk/internal/reflect/MagicAccessorImpl
instanceKlass jdk/internal/vm/StackChunk
instanceKlass jdk/internal/vm/Continuation
instanceKlass jdk/internal/vm/ContinuationScope
instanceKlass java/lang/reflect/Parameter
instanceKlass java/lang/reflect/Member
instanceKlass java/lang/reflect/AccessibleObject
instanceKlass java/lang/Module
instanceKlass java/util/Map
instanceKlass java/util/Dictionary
instanceKlass java/lang/ThreadGroup
instanceKlass java/lang/Thread$UncaughtExceptionHandler
instanceKlass java/lang/Thread$Constants
instanceKlass java/lang/Thread$FieldHolder
instanceKlass java/lang/Thread
instanceKlass java/lang/Runnable
instanceKlass java/lang/ref/Reference
instanceKlass java/lang/Record
instanceKlass java/security/AccessController
instanceKlass java/security/AccessControlContext
instanceKlass java/security/ProtectionDomain
instanceKlass java/lang/SecurityManager
instanceKlass java/lang/Throwable
instanceKlass java/lang/System
instanceKlass java/lang/ClassLoader
instanceKlass java/lang/Cloneable
instanceKlass java/lang/Class
instanceKlass java/lang/invoke/TypeDescriptor$OfField
instanceKlass java/lang/invoke/TypeDescriptor
instanceKlass java/lang/reflect/Type
instanceKlass java/lang/reflect/GenericDeclaration
instanceKlass java/lang/reflect/AnnotatedElement
instanceKlass java/lang/String
instanceKlass java/lang/constant/ConstantDesc
instanceKlass java/lang/constant/Constable
instanceKlass java/lang/CharSequence
instanceKlass java/lang/Comparable
instanceKlass java/io/Serializable
ciInstanceKlass java/lang/Object 1 1 124 7 1 10 12 1 1 10 7 12 1 1 1 10 7 12 1 1 1 10 12 1 1 8 1 10 12 1 1 10 7 12 1 1 1 10 12 1 10 12 1 1 10 7 12 1 1 1 10 12 1 10 12 1 7 1 10 7 12 1 1 1 10 12 1 1 10 12 1 100 1 8 1 10 12 1 3 8 1 7 1 5 0 1 1 1 1 1 1 1 1 1 1 1 1 1 1 1 1 7 1 1 1 1 1 1 1 1 1 1 7 1 1 1 1 1 1 1 1 1 1 3 1 1
ciInstanceKlass java/io/Serializable 1 0 7 100 1 100 1 1 1
ciInstanceKlass java/lang/System 1 1 834 10 7 12 1 1 1 9 7 12 1 1 1 10 12 1 10 12 1 1 10 12 1 1 10 12 1 9 12 1 1 10 7 12 1 1 1 11 100 12 1 1 1 10 100 12 1 1 1 10 12 1 1 10 12 1 1 100 1 8 1 10 12 1 10 7 12 1 1 1 10 7 12 1 1 1 18 12 1 1 10 7 12 1 1 1 7 1 10 12 1 1 10 7 12 1 1 1 10 12 1 10 7 12 1 1 1 9 100 12 1 1 1 10 7 12 1 1 1 11 7 12 1 1 1 10 12 1 1 10 7 12 1 1 1 7 1 10 10 12 1 1 8 1 10 12 1 8 1 10 12 1 9 12 1 1 8 1 10 7 12 1 1 1 10 12 1 1 100 1 8 1 10 9 12 1 1 8 1 10 12 1 1 10 100 12 1 1 1 8 1 10 12 1 7 1 10 12 1 8 1 10 12 1 10 12 1 1 100 1 10 12 10 12 1 9 12 1 1 9 12 1 1 10 7 12 1 1 1 10 7 12 1 1 1 10 12 1 1 10 12 1 10 12 1 10 7 12 1 1 1 10 12 1 100 1 100 1 8 1 10 12 1 10 12 1 1 7 1 10 12 1 100 1 8 1 10 10 12 1 100 1 8 1 10 8 1 10 7 12 1 1 8 1 10 12 100 1 8 1 10 10 12 1 1 10 7 12 1 1 1 100 1 18 12 1 100 1 9 100 12 1 1 1 10 12 1 100 1 10 12 1 1 10 12 1 1 10 7 12 1 1 1 10 12 1 1 10 12 1 10 12 1 10 12 1 1 10 12 1 7 1 10 12 1 9 7 12 1 1 1 10 7 12 1 1 1 10 12 1 10 12 1 10 7 12 1 1 1 7 1 8 1 10 9 12 1 9 12 1 10 12 1 10 7 12 1 1 10 12 1 10 12 1 1 8 1 10 12 1 1 8 1 11 12 1 10 12 11 12 1 1 11 7 12 1 1 1 11 7 12 1 1 11 12 1 1 7 1 11 12 1 10 12 1 8 1 10 12 1 1 8 1 8 1 8 1 8 1 11 12 1 10 12 1 10 12 1 10 12 1 8 1 10 12 1 1 8 1 9 12 1 8 1 10 7 12 1 1 8 1 7 1 9 7 12 1 1 1 10 12 1 7 1 9 12 10 9 12 7 1 10 12 9 12 1 1 8 1 10 12 1 1 8 1 10 7 12 1 1 10 12 1 10 12 1 1 11 7 12 1 1 10 12 10 7 12 1 1 1 9 12 1 1 7 1 8 1 10 12 1 1 10 7 12 1 1 1 7 1 10 12 1 1 10 12 1 8 1 8 1 10 8 1 8 1 8 1 8 1 10 10 7 12 1 1 10 12 1 10 12 1 1 10 12 1 1 10 12 1 10 100 12 1 1 1 10 7 1 8 1 10 10 10 12 1 1 10 12 1 1 8 1 10 12 1 8 1 8 1 10 12 1 10 7 12 1 1 1 10 12 1 1 7 1 10 10 12 1 10 12 1 9 12 1 1 3 1 3 1 1 1 1 1 1 1 1 1 1 1 1 100 1 1 100 1 1 1 1 1 1 1 1 1 1 1 100 1 7 1 1 1 1 1 1 1 1 1 1 1 1 1 1 1 1 1 1 1 1 1 1 1 1 1 1 1 1 1 1 1 1 1 1 1 1 1 1 1 1 1 1 1 1 1 1 1 1 1 1 1 1 1 1 1 1 1 1 100 1 1 1 1 1 1 1 1 1 1 1 1 1 1 1 1 1 1 1 1 1 1 1 1 1 1 1 1 1 1 1 1 1 100 1 1 16 15 10 12 1 1 16 15 10 12 16 1 15 10 100 12 1 1 1 1 1 1 1 1 1 100 1 100 1 1
staticfield java/lang/System in Ljava/io/InputStream; java/io/BufferedInputStream
staticfield java/lang/System out Ljava/io/PrintStream; java/io/PrintStream
staticfield java/lang/System err Ljava/io/PrintStream; java/io/PrintStream
ciInstanceKlass java/lang/SecurityManager 0 0 576 10 7 12 1 1 1 9 7 12 1 1 1 10 7 12 1 1 1 100 1 8 1 10 12 1 10 12 1 1 10 7 12 1 1 1 10 7 1 10 100 1 10 9 100 12 1 1 1 10 7 12 1 1 1 10 12 1 1 10 7 12 1 1 100 1 8 1 10 9 12 1 1 9 12 1 8 1 9 12 1 7 1 10 8 1 10 12 1 1 10 12 1 10 12 1 1 100 1 10 10 12 1 1 100 1 8 1 10 12 1 8 1 8 1 8 1 8 1 8 1 8 1 10 12 1 8 1 8 1 8 1 8 1 8 1 10 7 12 1 1 1 10 12 1 1 8 1 100 1 8 1 10 8 1 8 1 8 1 8 1 8 1 10 100 12 1 1 8 1 100 1 8 1 8 1 10 8 1 10 12 1 100 1 8 1 10 10 12 1 1 10 12 1 10 12 1 10 12 1 10 100 12 1 1 1 10 12 1 10 100 12 1 1 11 100 12 1 1 1 18 12 1 1 11 100 12 1 1 1 18 12 1 1 11 12 1 1 18 18 11 12 1 18 12 1 11 12 1 1 9 12 1 1 9 12 1 9 12 1 9 12 1 100 1 10 100 12 1 1 10 12 1 10 12 1 18 12 1 18 10 100 12 1 1 1 18 12 1 10 12 1 18 18 8 1 10 12 1 9 12 1 1 11 7 12 1 1 1 8 1 100 1 10 12 1 10 12 1 1 10 12 1 1 9 12 1 1 10 12 1 10 12 1 1 8 1 100 1 10 9 12 1 8 1 10 12 1 8 1 100 1 10 10 100 12 1 1 10 100 1 9 7 12 1 1 1 11 12 1 1 10 12 1 11 12 1 10 12 1 7 1 10 10 12 1 1 10 12 1 1 1 1 1 1 1 1 1 1 1 7 1 1 1 1 1 1 1 1 1 1 1 1 1 1 1 1 1 1 1 1 1 1 1 1 1 1 1 1 1 1 1 1 1 1 1 1 1 1 1 1 1 1 1 1 1 1 1 1 1 1 1 1 1 1 1 1 3 1 1 1 1 1 1 1 1 1 1 100 1 1 1 1 1 1 1 1 1 1 1 1 1 1 1 1 1 1 1 1 1 1 1 1 1 1 1 1 1 1 1 1 1 1 1 1 1 1 16 15 10 7 12 1 1 1 16 1 16 15 10 12 16 1 15 10 12 16 15 11 7 1 16 1 16 1 15 10 12 16 15 10 12 16 15 10 12 1 16 1 15 11 12 1 15 10 12 16 15 10 16 1 15 10 100 12 1 1 1 1 1 1 100 1 100 1 1
ciInstanceKlass java/security/AccessController 1 1 295 10 7 12 1 1 1 10 7 12 1 1 1 10 7 12 1 1 1 10 12 1 1 10 12 1 1 10 7 12 1 1 1 10 12 1 1 10 12 1 10 12 1 1 10 12 1 100 1 8 1 10 12 1 10 12 1 10 12 1 1 10 12 1 7 1 7 1 10 12 1 1 10 12 1 10 12 1 10 12 1 1 10 7 12 1 1 1 10 12 1 1 9 100 12 1 1 1 10 7 12 1 1 1 10 12 1 10 12 1 9 100 12 1 1 1 10 12 1 10 12 1 1 9 12 1 1 10 100 1 10 11 7 12 1 1 1 10 7 12 1 1 11 7 1 7 1 10 12 1 10 12 1 10 12 1 8 1 10 12 1 1 8 1 10 100 12 1 1 1 8 1 7 1 10 10 12 1 1 10 12 1 10 7 12 1 1 1 10 12 1 8 1 10 7 12 1 1 8 1 8 1 10 12 1 8 1 10 12 1 10 12 1 1 10 12 1 1 1 1 1 1 1 1 1 1 1 1 1 1 1 1 1 1 1 1 1 1 1 1 1 1 1 1 100 1 1 1 1 1 1 1 1 1 1 1 1 1 1 1 1 1 1 1 1 1 1 1 1 1 1 1 1 1 1 1 1 1 1 100 1 100 1 1 1 1 1 1 1 1 1 3 1 1 1
staticfield java/security/AccessController $assertionsDisabled Z 1
ciInstanceKlass java/security/ProtectionDomain 1 1 348 10 7 12 1 1 1 9 7 12 1 1 1 7 1 10 9 12 1 1 9 12 1 1 9 12 1 1 10 7 12 1 1 7 1 9 12 1 9 12 1 1 7 1 9 12 1 1 9 12 1 10 100 12 1 1 10 100 12 1 1 1 10 12 1 1 10 12 1 9 12 1 9 100 12 1 1 10 12 1 1 10 100 1 10 12 1 1 8 1 7 1 8 1 10 12 1 10 11 10 7 12 1 1 1 10 12 1 1 8 1 11 8 1 10 12 1 8 1 8 1 10 12 1 1 10 12 1 10 12 1 1 10 12 1 8 1 10 12 1 8 1 8 1 10 7 12 1 1 1 9 100 12 1 1 1 10 12 1 1 9 100 12 1 1 1 10 7 12 1 1 1 100 1 18 12 1 1 10 7 12 1 1 1 10 7 1 10 12 1 10 12 1 1 11 100 12 1 1 11 12 1 100 1 11 7 12 1 1 1 10 12 1 10 11 12 1 1 11 12 1 1 10 12 1 10 7 12 1 1 10 100 12 1 1 11 12 1 10 12 10 12 1 8 1 8 1 10 7 12 1 1 1 7 1 10 10 7 12 1 1 1 1 1 1 1 1 1 1 7 1 1 7 1 1 1 1 1 1 1 1 1 1 1 1 1 1 1 1 1 1 1 1 1 1 1 1 1 1 1 1 1 1 1 1 1 1 1 1 1 1 1 1 1 1 1 1 7 1 1 1 1 1 1 100 1 1 16 15 10 12 16 15 10 100 12 1 1 1 1 1 1 1 100 1 100 1 1
staticfield java/security/ProtectionDomain filePermCompatInPD Z 0
ciInstanceKlass java/security/CodeSource 1 1 398 10 7 12 1 1 1 9 7 12 1 1 1 9 12 1 1 9 12 1 1 9 12 1 1 10 7 12 1 1 1 9 12 1 1 10 100 12 1 1 10 100 10 7 12 1 1 1 10 100 12 1 1 1 10 12 1 1 7 1 10 10 100 12 1 1 1 10 100 12 1 1 1 10 12 1 1 100 1 10 12 1 1 10 12 1 1 10 12 1 1 10 12 1 10 10 10 12 1 1 10 7 12 1 1 1 10 12 1 10 12 1 10 12 1 8 1 10 12 1 10 12 1 10 12 1 1 10 12 1 8 1 10 12 1 1 10 7 1 10 10 12 1 1 8 1 10 12 1 10 12 1 10 12 1 8 1 8 1 9 12 1 1 100 1 8 1 10 12 1 10 12 1 1 8 1 10 12 1 8 1 8 1 8 1 10 100 12 1 1 10 12 1 1 10 12 1 10 12 1 1 10 12 1 1 10 12 1 1 100 1 100 1 10 12 1 10 12 10 12 1 1 10 100 12 1 1 10 12 1 7 1 10 12 10 100 12 1 1 1 10 8 1 10 12 1 10 12 1 10 12 1 1 100 1 10 12 1 1 100 1 7 1 8 1 8 1 10 10 12 1 1 10 100 12 1 1 1 7 1 10 12 10 12 1 1 11 7 12 1 1 10 10 12 1 11 10 12 1 8 1 100 1 10 12 1 10 12 1 1 10 12 1 11 12 1 1 7 1 1 1 1 5 0 1 1 1 1 1 1 1 1 1 1 1 1 1 1 1 1 1 1 1 1 1 1 1 1 1 1 1 1 1 1 1 1 1 1 1 1 1 1 1 1 1 1 1 1 1 1 1 1 1 1 1 1 1 1 1 1 1 1 1 1 1 1 1 1 1 1 100 1 1 1 1 1 1 1
ciInstanceKlass java/lang/Boolean 1 1 152 10 7 12 1 1 1 9 7 12 1 1 1 10 12 1 1 10 12 1 8 1 10 7 12 1 1 9 12 1 1 9 12 1 10 12 1 1 10 12 1 1 10 12 1 1 10 7 12 1 1 1 100 1 100 1 10 12 1 1 9 100 12 1 1 9 12 10 100 12 1 1 1 10 12 1 1 8 1 10 7 12 1 1 1 9 12 1 1 7 1 7 1 7 1 1 1 1 1 1 5 0 1 1 1 1 1 1 1 1 1 1 3 1 1 1 1 1 1 1 1 1 1 1 1 1 1 1 1 1 1 7 1 1 1 1 1 1 1 1 1 1 100 1 1 1 1 1 1 1 1 1
staticfield java/lang/Boolean TRUE Ljava/lang/Boolean; java/lang/Boolean
staticfield java/lang/Boolean FALSE Ljava/lang/Boolean; java/lang/Boolean
staticfield java/lang/Boolean TYPE Ljava/lang/Class; java/lang/Class
ciInstanceKlass java/lang/Comparable 1 0 12 100 1 100 1 1 1 1 1 1 1 1
ciInstanceKlass java/lang/constant/Constable 1 0 11 100 1 100 1 1 1 1 1 1 1
ciInstanceKlass java/util/Map 1 1 263 11 7 12 1 1 1 11 12 1 1 10 7 12 1 1 11 12 1 1 11 7 12 1 1 1 11 100 12 1 1 1 11 12 1 1 7 1 11 12 1 11 12 1 100 1 100 1 10 12 1 1 11 100 12 1 1 1 11 100 12 1 1 1 11 12 1 11 12 1 10 12 1 1 11 12 1 11 7 12 1 9 7 12 1 1 1 7 1 10 12 7 1 7 1 10 12 1 7 1 10 7 1 11 12 1 11 12 1 1 11 12 1 1 7 1 11 12 1 1 1 1 1 1 1 1 1 1 1 1 1 1 1 1 1 1 1 1 1 1 1 1 1 1 1 1 1 1 1 1 1 1 1 1 1 1 1 1 1 1 1 1 1 1 1 1 1 1 1 1 1 1 1 1 1 1 1 1 1 1 1 1 1 1 1 1 1 1 1 1 1 1 1 1 1 1 1 1 1 1 1 1 1 1 1 1 1 1 1 1 1 1 1 1 1 1 1 1 1 1 1 1 1 1 1 1 1 1 1 1 1 1 1 1 1 1 1 1 1 1 1 1 1 1 100 1 1 1 1 1 1 1 1 1 1 1 1 1 1 1 1 1 1
ciInstanceKlass java/lang/Class 1 1 1687 10 7 12 1 1 1 9 7 12 1 1 1 9 12 1 1 10 12 1 1 8 1 10 12 1 8 1 8 1 10 12 1 1 10 7 12 1 1 1 10 12 1 7 1 10 10 12 1 10 12 1 1 10 12 1 1 10 12 1 1 10 7 12 1 1 10 12 1 10 12 1 10 12 1 8 1 10 12 1 8 1 10 12 1 8 1 8 1 10 12 1 1 10 7 12 1 1 1 18 12 1 1 11 7 12 1 1 1 8 1 8 1 8 1 10 7 12 1 1 1 11 12 1 1 8 1 10 12 1 10 11 100 12 1 1 1 11 7 12 1 1 1 11 8 1 18 8 1 10 12 1 10 7 12 1 1 10 12 1 1 10 7 12 1 1 1 10 12 1 1 10 12 1 1 10 7 12 1 1 1 10 12 9 100 12 1 1 1 10 7 12 1 1 1 10 12 1 10 7 12 1 1 1 10 12 1 1 18 12 1 1 10 7 12 1 1 1 10 7 12 1 10 12 1 1 10 7 1 7 1 10 12 1 1 9 12 1 1 100 1 8 1 10 12 1 10 12 1 1 10 12 1 1 10 7 12 1 1 1 7 1 10 12 1 7 1 100 1 10 10 12 1 1 10 12 1 1 100 1 10 7 12 1 1 1 10 12 1 1 10 12 1 1 9 12 1 1 10 12 1 10 12 1 1 9 12 1 1 9 12 1 1 10 12 1 1 10 7 1 10 12 1 10 12 1 10 12 1 1 10 9 12 1 10 12 1 8 1 10 12 1 1 10 12 1 1 10 12 1 10 12 1 1 10 12 1 1 10 12 1 1 9 7 12 1 1 1 10 7 12 1 1 10 12 10 12 1 10 12 1 10 12 1 10 12 1 9 100 12 1 1 1 9 12 1 10 12 1 10 100 12 1 1 1 10 12 1 1 10 100 12 1 1 10 12 1 10 12 1 1 10 100 12 1 1 1 10 12 1 10 12 1 1 10 12 1 10 12 1 10 12 1 1 10 7 1 10 10 10 12 1 1 10 12 1 1 10 12 10 10 12 1 1 7 1 8 1 10 10 12 1 1 10 12 1 100 1 11 12 1 10 100 12 1 1 10 12 1 10 12 1 10 100 12 1 1 10 10 12 1 1 8 1 10 12 1 10 12 1 1 8 1 10 12 1 9 12 1 10 12 1 10 12 1 10 12 1 10 12 7 1 9 12 1 10 12 1 9 12 1 10 12 1 10 12 1 10 12 1 10 10 12 1 10 12 1 10 7 12 1 1 10 12 1 10 12 1 10 12 1 1 10 12 1 10 12 1 10 12 1 100 1 10 12 1 10 12 1 1 10 12 1 1 10 12 1 1 10 12 1 1 10 12 1 1 10 12 1 1 7 1 10 10 12 1 1 10 12 1 1 10 12 1 1 10 10 12 1 10 12 1 1 10 12 1 1 10 12 1 1 10 12 1 1 7 1 10 10 12 11 7 12 1 1 10 12 1 10 12 1 10 7 12 1 1 1 10 12 1 1 10 10 12 1 1 7 1 10 10 12 1 1 10 7 12 1 1 1 100 1 100 1 10 12 1 1 10 12 1 10 10 12 1 1 10 12 1 10 12 1 10 12 1 10 100 12 1 1 1 11 100 12 1 1 10 12 1 10 12 1 9 12 1 10 12 1 1 10 12 1 9 7 12 1 1 1 9 12 1 10 100 12 1 1 1 10 12 1 10 12 1 10 100 12 1 1 1 10 12 1 10 12 10 12 1 1 100 1 10 8 1 10 12 1 11 11 12 1 1 11 7 12 1 1 11 12 1 8 1 10 12 1 10 12 1 1 9 12 1 9 12 1 1 10 7 12 1 1 9 12 1 10 12 1 1 10 10 12 1 10 7 12 1 1 1 10 7 12 1 1 10 7 12 1 1 9 12 1 1 10 12 1 9 12 1 10 12 1 10 12 1 1 9 12 1 1 9 12 1 10 12 1 10 12 1 1 9 12 1 100 1 10 10 12 1 1 7 1 10 12 1 1 100 11 7 1 9 12 1 1 9 12 1 7 1 10 12 1 9 12 1 1 9 12 1 10 12 1 10 12 1 1 9 12 1 7 1 10 10 12 1 1 10 10 12 1 10 12 10 10 12 1 9 12 1 10 12 1 1 10 7 12 1 1 1 10 12 1 1 10 12 1 8 10 7 8 1 18 8 1 8 1 10 12 1 9 12 1 9 12 1 1 10 12 1 7 1 7 1 10 12 1 9 12 1 1 7 1 10 10 12 1 10 7 1 9 12 1 8 1 10 12 1 7 1 10 12 1 10 12 1 1 100 1 7 1 9 12 1 100 1 8 1 10 10 7 12 1 1 1 10 12 11 7 12 1 1 1 10 12 1 10 12 1 1 10 8 1 8 1 10 12 1 1 9 7 12 1 1 11 12 7 1 11 7 12 1 1 9 12 1 10 100 12 1 1 1 10 7 12 1 1 10 12 1 1 9 12 1 9 10 12 1 1 10 12 1 1 10 12 1 1 10 12 1 1 10 12 1 1 11 12 1 100 1 11 12 1 10 100 12 1 1 1 10 12 1 11 12 1 10 100 12 1 1 1 10 12 1 10 100 12 1 1 1 11 12 1 11 12 1 1 10 12 1 10 12 1 1 9 12 1 1 9 100 12 1 1 10 12 1 10 100 12 1 1 1 10 12 1 1 10 12 1 10 12 1 10 12 1 10 7 12 1 1 1 10 12 1 8 1 10 12 1 10 12 1 10 12 1 100 1 10 12 10 100 12 1 1 1 11 100 12 1 1 1 10 12 1 1 10 12 1 18 12 1 1 11 12 1 1 18 11 12 1 18 12 1 11 12 1 10 12 1 1 10 12 1 10 12 1 10 12 1 10 12 1 10 12 10 12 1 8 1 10 12 1 7 1 9 12 1 1 7 1 7 1 7 1 7 1 1 1 3 1 3 1 3 1 1 1 1 1 1 1 5 0 1 1 1 1 1 1 1 1 1 1 1 1 1 1 1 1 1 1 1 1 1 1 1 1 100 1 1 1 1 1 1 1 100 1 1 1 1 1 7 1 1 1 1 1 1 1 1 1 1 1 1 1 1 1 1 1 1 1 1 1 1 1 1 1 1 1 1 1 1 1 1 1 1 1 1 1 1 1 1 1 1 100 1 1 1 1 1 1 1 1 1 1 1 1 1 1 1 1 1 1 1 1 1 1 1 1 1 1 1 1 1 1 1 100 1 1 1 1 1 1 1 1 1 1 1 1 1 1 1 1 1 1 1 1 3 1 1 1 1 1 1 1 1 1 1 1 1 1 1 1 1 1 1 1 1 1 1 1 1 1 1 1 1 1 1 1 1 1 1 1 7 1 7 1 1 1 1 1 1 1 7 1 1 1 1 1 1 1 1 1 1 1 1 1 1 1 1 1 1 1 1 1 1 1 1 1 1 1 1 1 1 1 1 1 1 1 1 1 1 1 1 1 1 1 1 1 1 1 1 1 1 1 1 1 1 1 1 1 1 1 1 1 1 1 1 1 1 1 1 1 1 1 1 1 1 1 1 1 1 1 1 1 1 1 1 1 1 1 1 1 1 1 1 1 1 1 1 1 1 1 1 1 1 1 1 1 1 1 1 1 1 1 1 1 1 1 1 1 1 1 1 1 1 1 1 16 15 10 12 16 15 11 12 16 1 16 15 16 15 10 12 16 16 15 10 12 16 15 16 1 15 10 12 16 15 10 7 12 1 1 1 1 1 1 1 1 1 1 1 1 1 7 1 1 100 1 100 1 1 100 1 100 1 1 100 1 100 1 1
staticfield java/lang/Class EMPTY_CLASS_ARRAY [Ljava/lang/Class; 0 [Ljava/lang/Class;
staticfield java/lang/Class serialPersistentFields [Ljava/io/ObjectStreamField; 0 [Ljava/io/ObjectStreamField;
ciInstanceKlass java/lang/reflect/AnnotatedElement 1 1 164 11 7 12 1 1 1 11 12 1 1 7 1 10 100 12 1 1 1 10 12 1 1 10 12 1 1 10 12 1 10 100 12 1 1 1 11 12 1 1 11 7 12 1 1 10 7 12 1 1 1 10 12 1 10 100 12 1 1 1 18 12 1 1 11 100 12 1 1 18 12 1 18 12 1 1 10 100 12 1 1 1 11 100 12 1 1 1 7 1 10 100 12 1 1 1 1 1 1 1 1 1 1 1 1 1 1 1 1 1 1 1 1 1 1 1 1 1 100 1 1 1 1 1 1 1 1 1 1 1 16 15 16 1 16 1 15 11 12 16 16 1 15 10 100 12 1 1 1 16 1 15 10 100 12 1 1 1 1 100 1 100 1 1
ciInstanceKlass java/lang/invoke/TypeDescriptor 1 0 17 100 1 100 1 1 1 1 1 1 100 1 100 1 1 1 1
ciInstanceKlass java/lang/reflect/GenericDeclaration 1 0 30 7 1 7 1 7 1 1 1 1 1 1 1 1 100 1 8 1 1 12 10 1 1 1 8 1 1 1 8 1
ciInstanceKlass java/lang/reflect/Type 1 1 17 11 100 12 1 1 1 100 1 1 1 1 1 1 1 1 1
ciInstanceKlass java/lang/invoke/TypeDescriptor$OfField 1 0 21 100 1 100 1 100 1 1 1 1 1 1 1 1 1 1 1 1 1 1 1
ciInstanceKlass java/lang/StringBuilder 1 1 422 10 7 12 1 1 1 10 12 1 10 12 1 10 12 1 1 10 7 12 1 1 1 10 7 12 1 1 1 10 12 1 10 12 1 10 12 1 10 12 1 10 12 1 10 12 1 10 12 1 10 12 1 10 12 1 10 12 1 10 12 1 10 12 1 10 12 1 10 12 1 1 10 12 1 10 12 1 1 10 12 1 1 10 12 1 10 12 1 10 12 1 10 12 1 10 12 1 10 12 1 10 12 1 10 12 10 12 1 10 12 1 10 12 1 10 12 1 1 10 12 1 10 12 1 10 12 10 12 1 1 10 12 1 10 12 1 10 12 1 10 100 12 1 1 1 9 12 1 1 10 12 1 10 12 1 1 10 12 1 1 9 12 1 1 10 100 12 1 1 1 10 100 1 10 12 1 1 10 100 12 1 1 10 12 1 10 12 1 1 100 1 100 1 8 1 10 10 12 1 1 10 12 1 10 12 1 10 12 1 1 10 12 1 10 12 1 10 12 1 10 12 1 10 12 1 10 12 10 12 1 10 12 1 10 12 1 10 12 1 10 12 1 10 12 1 10 12 1 10 12 1 10 12 1 1 10 12 1 1 10 12 1 10 12 1 10 12 1 10 12 10 12 10 12 1 10 12 1 10 12 1 10 12 10 12 1 10 12 1 10 12 1 10 12 1 10 12 1 10 12 1 10 12 1 10 12 1 10 12 1 1 10 12 1 10 12 1 1 10 12 1 10 12 1 1 10 12 1 10 12 1 1 10 12 1 10 12 1 10 12 1 10 10 12 1 10 12 1 7 1 7 1 7 1 7 1 1 1 1 5 0 1 1 1 1 1 1 1 1 1 1 1 1 1 1 1 1 1 1 1 1 1 1 1 1 1 1 1 1 1 1 1 1 1 1 1 1 1 1 1 1 1 1 1 1 100 1 1 1 7 1 1 1 1 1 1 1 1 1 1 1
instanceKlass java/lang/StringBuilder
instanceKlass java/lang/StringBuffer
ciInstanceKlass java/lang/AbstractStringBuilder 1 1 609 7 1 10 7 12 1 1 1 9 7 12 1 1 1 9 12 1 9 12 1 1 9 12 1 1 10 7 12 1 1 1 10 12 1 1 7 1 3 3 10 12 1 10 12 1 1 11 7 1 100 1 7 1 10 8 1 10 12 1 10 12 1 10 12 1 1 10 12 1 10 12 1 9 12 1 10 12 1 9 12 1 1 10 12 1 1 10 7 12 1 1 1 10 10 12 1 10 12 1 10 12 1 1 10 12 1 1 10 7 12 1 1 1 10 7 12 1 1 1 7 1 8 1 10 10 12 1 1 100 1 10 12 10 12 1 1 10 10 7 12 1 1 1 10 12 1 1 10 12 1 1 10 12 1 1 10 12 1 1 10 10 7 12 1 1 1 10 12 1 100 1 10 10 7 12 1 1 1 9 12 1 1 9 12 1 10 12 1 1 10 10 12 1 1 10 12 10 12 1 10 12 1 1 10 12 1 1 10 12 1 1 10 12 1 10 12 1 1 10 12 1 1 10 12 1 10 12 1 1 8 1 10 12 1 1 10 12 1 10 12 1 10 12 1 10 12 1 10 12 1 10 12 1 10 7 12 1 1 10 12 1 10 12 1 10 100 12 1 1 1 100 1 100 1 10 12 1 10 100 12 1 1 10 12 1 10 12 1 1 10 12 1 10 12 1 1 10 12 1 10 12 1 1 10 12 1 1 10 10 7 12 1 1 1 10 12 1 10 12 1 10 12 1 1 10 12 1 10 12 1 10 12 1 10 12 1 10 12 1 10 12 1 10 12 1 10 12 1 1 10 12 1 10 12 1 10 12 10 12 1 1 18 12 1 1 100 1 10 100 12 1 1 1 18 10 12 1 1 10 12 1 1 10 12 1 10 12 1 1 11 12 1 1 10 12 1 10 12 10 10 10 12 1 10 5 0 10 10 12 1 1 100 1 8 1 10 10 12 1 1 10 100 12 1 1 1 10 12 1 10 12 1 1 100 1 10 12 100 1 10 100 1 10 7 1 1 1 1 1 1 1 1 1 1 1 100 1 1 1 1 1 1 1 1 1 1 1 1 1 1 1 1 1 1 1 1 1 1 1 1 1 1 1 1 1 1 1 1 1 1 1 1 1 1 1 1 1 1 1 1 1 1 1 1 1 1 1 1 1 1 1 1 1 1 1 1 1 1 1 1 1 1 1 1 1 1 1 1 1 1 1 1 1 1 1 1 1 1 1 1 1 1 1 1 1 1 1 1 1 1 1 1 1 1 1 100 1 1 1 1 1 1 1 1 1 1 1 1 1 1 1 1 1 100 1 1 1 1 1 1 7 1 1 16 1 15 10 12 16 15 10 12 15 10 100 12 1 1 1 1 1 1 1 100 1 100 1 1
staticfield java/lang/AbstractStringBuilder EMPTYVALUE [B 0
ciInstanceKlass java/lang/Appendable 1 0 14 100 1 100 1 1 1 1 100 1 1 1 1 1
ciInstanceKlass java/lang/CharSequence 1 1 131 11 7 12 1 1 1 18 12 1 1 100 1 10 100 12 1 1 1 18 10 100 12 1 1 1 11 12 1 1 11 7 1 11 12 1 1 10 100 12 1 1 1 11 12 1 1 100 1 10 12 1 1 10 100 12 1 1 1 100 1 10 10 12 1 1 7 1 1 1 1 1 1 1 1 1 1 1 1 1 1 1 1 1 1 1 1 1 1 1 1 1 1 1 1 1 1 1 1 1 16 1 15 11 12 16 15 11 12 15 10 100 12 1 1 1 1 1 100 1 100 1 1 100 1 1 100 1 100 1 1
ciInstanceKlass java/lang/AutoCloseable 1 0 12 100 1 100 1 1 1 1 7 1 1 1
ciInstanceKlass java/io/Closeable 1 0 14 100 1 100 1 100 1 1 1 1 7 1 1 1
instanceKlass driverecovery/TaskRunner$StoppedException
instanceKlass javax/security/auth/DestroyFailedException
instanceKlass sun/security/pkcs11/wrapper/PKCS11Exception
instanceKlass sun/security/ec/ECOperations$IntermediateValueException
instanceKlass io/opencensus/trace/propagation/SpanContextParseException
instanceKlass java/util/concurrent/TimeoutException
instanceKlass com/google/common/collect/RegularImmutableMap$BucketOverflowException
instanceKlass java/security/GeneralSecurityException
instanceKlass java/util/concurrent/ExecutionException
instanceKlass java/text/ParseException
instanceKlass java/net/URISyntaxException
instanceKlass sun/nio/fs/WindowsException
instanceKlass javax/swing/text/BadLocationException
instanceKlass java/lang/CloneNotSupportedException
instanceKlass java/security/PrivilegedActionException
instanceKlass javax/management/JMException
instanceKlass java/awt/FontFormatException
instanceKlass java/lang/InterruptedException
instanceKlass javax/swing/UnsupportedLookAndFeelException
instanceKlass java/io/IOException
instanceKlass java/lang/ReflectiveOperationException
instanceKlass java/lang/RuntimeException
ciInstanceKlass java/lang/Exception 1 1 40 10 7 12 1 1 1 10 12 1 10 12 1 10 12 1 10 12 1 100 1 1 1 1 5 0 1 1 1 1 1 1 1 1 1 1 1 1 1 1
instanceKlass com/google/common/util/concurrent/AbstractFuture$Failure$1
instanceKlass java/lang/Exception
instanceKlass java/lang/Error
ciInstanceKlass java/lang/Throwable 1 1 404 10 7 12 1 1 1 9 7 12 1 1 1 9 12 1 1 9 12 1 9 12 1 1 9 12 1 10 12 1 1 9 12 1 1 10 12 1 1 10 12 1 100 1 7 1 10 8 1 10 12 1 1 8 1 10 100 12 1 1 10 10 12 1 100 1 8 1 10 10 12 1 1 10 7 12 1 1 10 12 1 8 1 9 7 12 1 1 1 10 12 1 1 100 1 10 12 10 12 1 10 100 12 1 1 1 100 1 10 12 10 12 1 10 12 1 100 1 10 10 7 12 1 1 1 11 100 12 1 1 1 10 12 1 1 10 12 1 1 8 1 10 12 1 10 12 1 1 8 1 8 1 10 12 1 1 10 12 1 8 1 8 1 9 12 1 1 10 12 1 1 100 1 10 11 12 1 8 1 8 1 10 7 12 1 1 8 1 10 12 1 8 1 100 1 10 12 1 9 12 1 1 10 12 1 10 100 12 1 9 12 1 1 10 12 1 1 100 1 8 1 10 12 1 10 100 12 1 1 10 12 1 1 7 1 10 100 12 1 1 1 10 12 1 11 7 12 1 1 1 11 7 12 1 1 11 12 1 8 1 10 12 1 1 8 1 10 10 9 100 12 1 1 1 8 1 10 12 1 1 11 10 100 1 8 1 10 11 12 1 1 8 1 9 12 1 10 100 12 1 1 11 9 12 1 1 11 12 1 1 100 10 12 1 10 12 1 1 7 1 1 1 1 5 0 1 1 1 1 1 1 1 1 1 1 1 1 1 7 1 1 1 1 1 1 1 1 1 1 1 1 1 1 1 1 1 1 1 1 1 1 1 1 1 1 1 1 1 1 1 1 1 1 1 1 1 1 1 1 1 1 1 1 100 1 7 1 1 1 1 1 1 1 1 1 1 1 1 1 1 1 1 1 1
staticfield java/lang/Throwable UNASSIGNED_STACK [Ljava/lang/StackTraceElement; 0 [Ljava/lang/StackTraceElement;
staticfield java/lang/Throwable SUPPRESSED_SENTINEL Ljava/util/List; java/util/Collections$EmptyList
staticfield java/lang/Throwable EMPTY_THROWABLE_ARRAY [Ljava/lang/Throwable; 0 [Ljava/lang/Throwable;
staticfield java/lang/Throwable $assertionsDisabled Z 1
instanceKlass java/security/Provider
ciInstanceKlass java/util/Properties 1 1 690 10 7 12 1 1 1 100 1 10 7 12 1 1 7 1 10 12 1 9 12 1 1 9 12 1 1 9 12 1 1 10 7 12 1 1 1 10 12 1 1 8 1 10 7 12 1 1 1 7 1 10 12 1 10 12 1 1 8 1 10 12 1 7 1 10 12 10 12 1 1 9 12 1 1 10 12 1 1 7 1 10 12 1 10 12 1 10 12 1 1 100 1 8 1 10 12 1 10 12 1 10 12 1 1 10 12 1 7 1 3 10 10 7 12 1 1 1 10 12 1 10 12 1 1 8 1 10 12 1 10 12 1 1 8 1 10 7 12 1 1 10 12 1 1 10 12 1 10 12 1 1 100 1 10 12 1 10 12 1 1 7 1 9 7 12 1 1 1 10 12 1 10 12 1 1 10 12 1 1 10 12 1 1 7 1 9 12 1 1 7 1 7 1 10 12 1 7 1 11 7 12 1 1 1 11 12 1 1 11 7 12 1 1 1 11 7 12 1 1 1 11 12 1 1 11 12 1 11 12 1 10 12 1 1 8 1 10 12 1 10 7 12 1 1 10 12 1 7 1 10 10 12 1 10 12 1 100 1 10 10 12 1 1 10 7 12 1 1 9 100 12 1 1 10 12 1 1 10 100 12 1 1 1 100 1 100 1 100 1 10 8 1 8 1 10 12 1 10 12 1 10 12 1 1 10 10 12 1 1 10 12 1 1 7 1 10 10 12 1 11 7 12 1 1 10 7 12 1 1 1 8 1 10 100 12 1 1 11 11 7 1 8 1 10 100 1 11 10 12 1 10 10 12 1 10 12 1 1 10 12 1 1 10 12 1 1 10 12 1 10 12 1 10 10 12 1 10 12 1 10 12 1 10 10 12 1 1 10 12 1 1 10 10 12 1 10 12 1 10 12 1 10 12 1 10 12 1 1 10 12 1 1 10 12 1 10 12 1 10 12 1 1 10 12 10 12 1 1 10 12 1 1 10 12 1 10 12 1 1 10 12 1 1 10 12 10 11 12 1 4 11 10 12 1 1 10 100 12 1 1 11 12 1 10 12 1 1 10 100 12 1 1 10 12 1 100 1 8 1 10 12 1 10 10 100 12 1 1 1 100 1 6 0 10 12 1 1 11 100 12 1 1 1 10 12 1 10 12 1 1 1 1 1 5 0 1 1 1 1 1 1 1 1 1 1 1 1 1 1 1 1 1 1 1 1 1 1 1 1 1 1 1 1 1 1 1 1 1 1 1 1 1 1 1 100 1 1 1 1 1 1 1 1 1 1 1 1 1 1 1 1 1 1 1 1 100 1 1 1 1 1 1 1 1 1 1 1 1 7 1 7 1 1 1 1 1 100 1 1 1 1 1 1 1 1 1 1 1 1 1 1 1 1 1 1 1 1 1 1 1 1 1 1 1 1 1 1 1 1 1 1 1 1 1 1 1 1 1 1 1 1 1 1 1 1 1 1 1 1 1 1 1 1 1 1 1 1 1 1 1 1 1 1 1 1 1 1 1 1 1 1 1 1 1 7 1 1 1 1 1 1 1 1 1 1 1 100 1 1
staticfield java/util/Properties UNSAFE Ljdk/internal/misc/Unsafe; jdk/internal/misc/Unsafe
instanceKlass java/util/Hashtable
ciInstanceKlass java/util/Dictionary 1 1 36 10 7 12 1 1 1 100 1 1 1 1 1 1 1 1 1 1 1 1 1 1 1 1 1 1 1 1 1 1 1 1 1 1 1 1
instanceKlass javax/swing/UIDefaults
instanceKlass java/util/Properties
ciInstanceKlass java/util/Hashtable 1 1 516 7 1 10 7 12 1 1 1 9 7 12 1 1 1 100 1 7 1 10 8 1 10 12 1 1 10 12 1 10 12 1 1 10 12 1 10 7 12 1 1 1 8 1 10 12 1 9 12 1 1 7 1 9 12 1 1 4 10 7 12 1 1 1 9 12 1 4 10 12 1 11 7 12 1 1 1 10 12 1 1 10 12 1 1 9 12 1 10 12 1 1 100 1 10 9 12 1 1 10 7 12 1 1 1 9 12 1 1 10 12 1 10 12 1 3 9 12 1 9 12 1 3 10 12 1 10 12 1 10 12 1 1 11 12 1 1 11 100 12 1 1 1 11 7 12 1 1 1 11 12 1 100 1 11 12 1 11 12 1 10 12 1 1 10 12 1 1 10 12 1 9 12 1 1 9 12 9 12 1 1 10 100 1 7 1 10 12 1 10 8 1 10 10 12 1 8 1 10 8 1 10 7 12 1 1 1 7 1 10 12 1 10 12 1 7 1 10 12 1 10 12 1 1 7 1 10 100 1 10 10 12 1 1 11 12 1 1 11 12 1 7 1 10 10 10 100 12 1 1 11 100 12 1 1 1 100 1 10 11 100 12 1 1 11 100 12 1 10 12 1 10 12 1 1 10 100 12 1 1 10 12 1 1 10 12 1 1 10 12 1 1 10 100 12 1 1 1 8 10 100 12 1 1 100 1 8 1 10 4 4 10 12 1 1 10 12 1 8 1 4 10 12 10 100 12 1 1 1 100 1 11 100 12 1 1 1 10 100 12 1 1 1 10 12 1 10 12 1 1 10 7 1 7 1 1 1 1 1 1 5 0 1 1 1 1 1 3 1 3 1 3 1 1 1 1 1 1 1 1 1 1 1 1 1 1 1 1 1 1 1 1 1 1 1 1 1 100 1 1 1 1 1 1 1 1 1 1 1 1 1 1 1 1 1 1 1 1 1 1 1 1 1 1 1 1 1 7 1 1 1 1 1 1 1 1 1 1 1 1 1 1 7 1 1 1 1 1 1 1 1 1 1 1 1 1 1 1 1 1 1 1 1 1 1 1 1 1 1 1 1 1 1 1 1 1 1 1 1 1 1 1 1 1 1 1 1 100 1 1 1 7 1 1 1 1 1 7 1 1 1 1 1 1 1 1 1 1 1 1 1 1 1 1 1 1
ciInstanceKlass java/lang/String 1 1 1451 10 7 12 1 1 1 8 1 9 7 12 1 1 1 9 12 1 1 9 12 1 1 9 12 1 1 10 12 1 10 12 1 1 10 12 1 1 9 12 1 10 7 12 1 1 1 10 12 1 1 10 12 1 10 7 12 1 1 1 10 12 1 1 10 12 1 1 10 12 1 10 12 1 1 10 12 1 10 7 12 1 1 1 7 1 9 7 12 1 1 1 10 7 12 1 1 1 10 12 1 1 10 12 1 1 10 7 12 1 1 1 10 12 1 1 9 7 12 1 1 10 12 9 7 12 1 1 10 12 1 1 3 10 12 1 1 7 1 11 12 1 1 11 12 1 11 12 1 1 10 7 12 1 1 1 10 12 1 1 9 7 12 1 1 1 10 12 1 1 10 12 1 11 12 1 1 10 12 1 10 12 10 12 1 1 10 7 12 1 1 1 10 7 12 1 1 1 10 12 1 1 7 1 7 1 10 12 1 10 12 1 10 12 1 1 10 12 1 1 100 1 10 12 1 1 100 1 10 12 1 1 10 12 1 1 10 12 1 10 10 12 1 100 1 100 1 7 1 10 12 1 10 12 1 1 10 12 1 1 10 12 1 10 12 1 1 10 12 1 1 10 100 12 1 1 100 1 11 10 7 12 1 1 11 12 1 11 12 1 10 12 1 1 10 12 1 10 12 10 12 1 1 10 10 7 12 1 1 1 10 7 12 1 1 10 12 1 1 10 7 12 1 1 10 12 1 10 12 1 1 10 12 1 1 10 12 1 10 12 1 10 12 1 1 100 1 10 12 1 1 10 12 10 12 1 10 12 1 1 10 12 1 1 10 7 12 1 1 1 10 12 1 10 12 1 1 10 12 1 10 12 1 3 3 10 12 1 1 10 12 1 10 12 1 1 10 12 1 1 10 12 1 1 10 12 1 10 12 1 1 10 12 1 1 10 12 1 10 12 1 10 12 1 10 12 1 1 10 12 1 10 12 1 10 12 1 10 12 1 10 12 1 10 12 1 10 7 1 10 8 1 10 12 1 1 10 12 1 8 1 10 12 1 1 10 12 10 12 1 8 1 10 10 12 1 1 10 12 1 1 10 12 1 1 10 7 1 10 10 12 1 10 12 1 10 12 1 10 10 12 1 10 12 1 10 12 1 10 12 1 10 12 1 10 12 1 10 12 1 1 10 12 1 1 10 12 1 1 10 10 12 1 1 10 10 12 1 100 1 10 10 12 1 1 10 12 1 1 10 7 1 10 12 1 10 12 1 10 7 12 1 1 1 10 12 1 10 12 1 1 10 12 1 11 7 1 11 12 10 12 1 10 12 1 1 10 12 1 1 10 10 12 1 10 12 1 9 12 1 1 11 7 12 1 1 1 10 12 10 10 12 1 10 12 1 1 10 10 12 1 10 12 1 10 12 1 1 10 12 1 1 10 10 12 1 1 10 12 1 10 10 12 1 10 12 10 10 12 10 10 12 1 10 12 1 10 10 12 10 7 12 1 1 1 10 12 10 10 12 10 12 1 10 12 10 12 10 10 12 1 10 12 1 1 10 12 1 1 10 10 12 1 10 7 12 1 1 1 10 12 1 1 10 10 7 12 1 1 1 11 10 12 1 10 12 1 1 10 12 1 1 10 7 12 1 1 1 10 12 1 10 12 1 10 12 1 10 12 1 10 12 1 10 12 1 100 1 7 1 8 1 10 10 10 12 1 10 12 1 1 8 1 10 12 1 3 3 10 12 1 10 12 1 1 10 12 7 1 10 10 12 1 1 10 12 1 10 12 1 10 12 1 1 10 12 1 1 11 7 12 1 1 1 7 1 10 12 1 10 12 1 1 8 1 10 12 1 1 10 12 1 11 7 12 1 1 1 11 7 12 1 1 11 12 1 10 12 1 10 12 1 1 10 10 7 12 1 1 1 10 12 1 10 12 1 10 10 12 10 12 1 1 10 10 12 1 10 10 12 1 10 10 12 1 10 10 12 1 10 12 1 1 10 10 12 1 8 1 10 12 1 1 18 12 1 1 11 100 12 1 1 1 7 1 3 18 12 1 18 12 1 8 1 10 100 12 1 1 1 11 12 1 1 10 12 10 10 12 1 10 11 12 1 1 10 12 1 1 11 12 1 18 3 11 10 12 1 11 11 10 12 1 10 12 1 1 8 1 10 12 1 10 12 1 10 12 1 1 10 10 12 1 11 100 12 1 100 1 100 1 10 12 100 1 10 10 100 12 1 1 1 100 1 10 7 1 10 10 12 1 10 10 12 1 8 1 10 10 12 1 8 1 8 1 10 12 1 10 12 1 10 10 12 10 7 12 1 1 10 7 12 1 1 10 7 12 1 1 8 1 10 12 1 10 12 1 10 9 12 1 10 12 9 7 12 1 1 1 10 12 1 10 12 1 10 12 1 10 12 10 12 1 10 12 1 8 1 10 100 12 1 1 1 10 12 10 12 1 1 10 12 10 10 12 10 12 7 1 9 12 1 1 7 1 10 7 1 7 1 7 1 7 1 1 1 1 1 1 5 0 1 1 1 1 1 3 1 3 1 1 1 1 1 1 1 1 1 1 1 1 1 1 1 100 1 1 1 1 1 1 1 1 1 1 1 1 1 1 1 1 1 1 1 1 1 1 1 1 1 1 1 1 1 1 1 100 1 1 1 1 1 1 1 1 1 1 1 1 7 1 1 1 1 1 1 1 1 1 1 1 1 1 1 1 1 1 1 1 1 1 1 1 1 1 1 1 1 1 1 1 1 1 1 1 1 1 1 1 1 1 1 1 1 1 1 1 1 1 1 1 1 1 1 1 1 1 1 1 1 1 1 1 1 1 1 1 1 1 1 1 1 1 1 1 1 1 1 1 1 1 1 1 1 1 1 1 1 1 1 1 1 1 1 1 1 1 1 1 1 1 1 1 1 1 1 1 1 1 1 1 1 1 1 1 1 1 1 1 1 1 1 1 1 1 1 1 1 1 1 1 1 1 1 1 1 1 1 1 1 1 1 1 1 1 1 1 1 1 1 1 1 1 1 1 1 1 1 1 1 1 1 1 1 1 1 1 1 1 1 1 1 1 1 100 1 1 1 1 1 1 1 1 1 1 1 1 1 1 1 1 1 1 1 1 1 1 1 100 1 1 1 1 1 1 1 1 1 1 1 1 1 1 1 7 1 1 1 1 1 1 1 1 1 1 1 1 1 1 1 16 15 10 12 16 15 10 12 15 10 12 15 10 12 15 10 100 12 1 1 1 1 1 1 1 100 1 100 1 1 1
staticfield java/lang/String COMPACT_STRINGS Z 1
staticfield java/lang/String serialPersistentFields [Ljava/io/ObjectStreamField; 0 [Ljava/io/ObjectStreamField;
staticfield java/lang/String CASE_INSENSITIVE_ORDER Ljava/util/Comparator; java/lang/String$CaseInsensitiveComparator
ciInstanceKlass java/lang/constant/ConstantDesc 1 0 37 100 1 100 1 1 1 1 100 1 1 1 1 100 1 100 1 100 1 100 1 100 1 100 1 100 1 100 1 100 1 1 100 1 100 1 1
ciInstanceKlass java/lang/InternalError 1 1 34 10 7 12 1 1 1 10 12 1 10 12 1 10 12 1 100 1 1 1 1 5 0 1 1 1 1 1 1 1 1 1 1 1
instanceKlass java/util/ServiceConfigurationError
instanceKlass com/google/common/util/concurrent/ExecutionError
instanceKlass java/lang/AssertionError
instanceKlass java/lang/VirtualMachineError
instanceKlass java/lang/LinkageError
ciInstanceKlass java/lang/Error 1 1 40 10 7 12 1 1 1 10 12 1 10 12 1 10 12 1 10 12 1 100 1 1 1 1 5 0 1 1 1 1 1 1 1 1 1 1 1 1 1 1
instanceKlass java/lang/StackOverflowError
instanceKlass java/lang/OutOfMemoryError
instanceKlass java/lang/InternalError
ciInstanceKlass java/lang/VirtualMachineError 1 1 34 10 7 12 1 1 1 10 12 1 10 12 1 10 12 1 100 1 1 1 1 5 0 1 1 1 1 1 1 1 1 1 1 1
ciInstanceKlass java/util/Iterator 1 1 53 100 1 8 1 10 12 1 1 10 7 12 1 1 1 11 7 12 1 1 1 11 12 1 1 11 7 12 1 1 1 7 1 1 1 1 1 1 1 1 1 1 1 1 1 1 1 1 1 1 1 1 1
instanceKlass sun/net/www/protocol/http/EmptyInputStream
instanceKlass java/io/SequenceInputStream
instanceKlass sun/net/www/http/ChunkedInputStream
instanceKlass sun/security/ssl/SSLSocketImpl$AppInputStream
instanceKlass com/google/common/io/BaseEncoding$StandardBaseEncoding$2
instanceKlass sun/awt/datatransfer/DataTransferer$ReencodingInputStream
instanceKlass java/io/ObjectInputStream$PeekInputStream
instanceKlass java/io/ObjectInputStream$BlockDataInputStream
instanceKlass java/io/ObjectInputStream
instanceKlass sun/nio/ch/ChannelInputStream
instanceKlass sun/nio/ch/NioSocketImpl$1
instanceKlass java/net/Socket$SocketInputStream
instanceKlass java/util/zip/ZipFile$ZipFileInputStream
instanceKlass java/io/FilterInputStream
instanceKlass java/io/FileInputStream
instanceKlass java/io/ByteArrayInputStream
ciInstanceKlass java/io/InputStream 1 1 195 7 1 10 7 12 1 1 1 100 1 10 10 7 12 1 1 1 10 7 12 1 1 1 10 12 1 100 1 3 10 12 1 1 100 1 8 1 10 12 1 10 7 12 1 1 1 3 7 1 8 1 10 10 100 12 1 1 1 7 1 10 11 7 12 1 1 1 10 12 1 1 11 12 1 1 11 7 12 1 1 1 11 12 1 1 7 1 10 7 12 1 1 1 5 0 10 12 1 10 12 1 1 100 1 10 8 1 10 8 1 8 1 10 12 1 1 10 7 12 1 1 1 7 1 5 0 10 12 1 100 1 7 1 1 1 1 3 1 3 1 1 1 1 1 1 1 1 1 1 1 1 1 1 1 1 1 1 1 1 1 1 1 1 1 1 1 1 1 1 1 1 1 1 1 1 1 1 1 1 1 1 1 1 1 1 1 1 1 1 1 1 1 1 1
ciInstanceKlass jdk/internal/misc/Unsafe 1 1 1287 10 7 12 1 1 1 9 7 12 1 1 1 9 12 1 1 10 12 1 1 10 7 12 1 1 1 10 12 1 1 10 12 1 1 10 12 1 1 10 12 1 1 10 12 1 1 10 12 1 1 10 12 1 1 10 12 1 1 10 12 1 1 10 12 1 1 10 12 1 1 10 12 1 1 10 12 1 1 10 12 1 10 12 1 100 1 10 10 12 1 1 10 12 1 1 5 0 10 12 1 1 10 12 1 1 10 7 12 1 1 1 10 12 1 1 10 12 1 10 12 1 10 12 1 1 10 12 1 1 10 12 1 10 12 1 7 1 7 1 10 8 1 10 12 1 1 10 12 1 8 1 10 12 1 1 10 12 1 10 12 1 10 12 1 1 10 12 1 10 12 1 1 10 12 1 1 10 12 1 10 12 1 10 12 1 10 12 1 1 10 12 1 10 12 1 10 12 1 1 10 12 1 5 0 5 0 5 0 10 12 1 10 12 1 10 12 1 10 12 1 10 12 1 10 12 1 10 12 1 10 12 1 10 12 1 1 10 12 1 10 12 1 7 1 8 1 10 100 1 10 10 12 1 1 10 12 1 1 10 12 1 10 12 1 1 10 12 1 1 10 12 1 10 12 1 1 10 12 1 9 7 12 1 1 9 12 1 100 1 10 10 12 1 1 8 1 10 8 1 8 1 10 12 1 1 9 7 12 1 1 1 9 7 1 9 7 1 9 7 1 9 9 7 1 9 7 1 9 7 1 10 12 1 1 10 12 1 1 10 12 1 1 10 12 1 1 5 0 5 0 9 12 1 1 10 12 1 10 12 1 10 12 1 1 10 12 1 1 10 12 1 8 1 3 10 12 1 1 10 12 1 1 10 12 1 10 12 1 1 10 12 1 1 10 12 1 10 12 1 10 12 1 10 12 1 10 12 1 10 12 1 1 10 12 1 1 10 12 1 10 12 1 10 12 1 10 12 1 10 12 1 10 12 1 1 10 12 1 1 10 12 1 10 12 1 10 12 1 10 12 1 10 12 1 10 12 1 1 10 12 1 1 10 12 1 1 10 12 1 1 10 12 1 10 12 1 10 12 1 10 12 1 10 12 1 10 12 1 10 12 1 1 10 12 1 1 10 12 1 10 12 1 10 12 1 10 12 1 10 12 1 10 12 1 10 12 1 1 10 12 1 1 10 12 1 10 12 1 10 12 1 10 12 1 10 12 1 10 12 1 10 12 1 10 12 1 1 10 12 1 10 12 1 10 12 1 10 12 1 10 12 1 1 10 12 1 10 12 1 10 12 1 10 12 1 10 12 1 10 12 1 10 12 1 10 12 1 1 10 12 1 10 12 1 10 12 1 10 12 1 10 12 1 10 12 1 1 10 12 1 10 12 1 10 12 1 1 10 12 1 10 12 1 10 12 1 10 12 1 10 12 1 10 12 1 10 12 1 10 12 1 10 12 1 10 12 1 10 12 1 10 12 1 10 12 1 10 12 1 10 12 1 10 12 1 10 12 1 10 12 1 10 12 1 10 12 1 10 12 1 10 12 1 10 12 1 100 1 10 100 1 10 9 12 1 5 0 10 12 1 1 5 0 10 12 1 5 0 10 12 1 10 12 1 10 12 1 1 10 12 1 1 10 12 1 10 12 1 10 12 1 10 12 1 1 10 12 1 10 12 1 10 12 1 10 12 1 10 12 1 1 10 12 1 10 12 1 10 12 1 10 12 1 1 10 12 1 10 12 1 10 12 1 1 10 12 1 10 12 1 10 12 1 10 12 1 1 10 12 1 10 10 12 1 1 10 12 1 10 12 1 1 10 12 1 10 12 5 0 5 0 5 0 10 12 1 1 10 12 1 10 12 1 10 12 10 100 12 1 1 8 1 100 1 11 12 1 1 8 1 11 12 1 1 10 100 12 1 1 10 12 1 10 12 1 10 12 1 10 12 1 10 12 1 1 10 12 1 10 12 1 10 12 1 10 12 1 10 12 1 10 12 1 10 7 1 10 12 1 9 12 1 7 1 9 12 1 7 1 9 12 1 7 1 9 12 1 7 1 9 12 1 7 1 9 12 1 7 1 9 12 1 7 1 9 12 1 7 1 9 12 1 10 12 1 9 12 1 9 12 1 9 12 1 9 12 1 9 12 1 9 12 1 9 12 1 9 12 1 9 12 1 9 12 1 1 1 3 1 1 1 1 1 1 1 1 1 1 1 1 1 1 1 1 1 1 1 1 1 1 1 1 1 1 1 1 1 1 1 1 1 1 1 1 1 1 1 1 1 1 1 1 1 1 1 1 1 1 1 1 1 1 1 1 1 1 1 1 1 1 1 1 1 1 1 1 1 1 1 1 1 1 1 1 1 1 1 1 1 1 1 1 1 1 1 1 1 100 1 1 1 1 1 1 1 1 1 1 1 1 1 1 1 1 1 1 1 1 1 1 1 1 1 1 1 1 1 1 1 1 1 1 1 1 1 1 1 1 1 1 1 1 1 1 1 1 1 1 1 1 1 1 1 1 1 1 1 1 1 1 1 1 1 1 1 1 1 1 1 1 1 1 1 1 1 1 1 1 1 1 1 1 1 1 1 1 1 1 1 1 1 1 1 1 1 1 1 1 1 1 1 1 1 1 1 1 1 1 1 1 1 1 1 1 1 1 1 1 1 1 1 1 1 1 1 1 1 1 1 1 1 1 1 1 1 1 1 1 1 1 1 1 1 1 1 1 1 1 1 1 1 1 1 1 1 1 1 1 1 1 1 1 1 1 1 1 1 1 1 1 1 1 1 1 1 1 1 1 1 1 1 1 1 1 1 1 1 1 1 1 1 1 1 1 1 1 1 1 1 1 1 1 1 1 3 1 1 1 1 1 1 1 1 1 1 1 1 1 1 1 1 1 1 1 1 1
staticfield jdk/internal/misc/Unsafe theUnsafe Ljdk/internal/misc/Unsafe; jdk/internal/misc/Unsafe
staticfield jdk/internal/misc/Unsafe ARRAY_BOOLEAN_BASE_OFFSET I 16
staticfield jdk/internal/misc/Unsafe ARRAY_BYTE_BASE_OFFSET I 16
staticfield jdk/internal/misc/Unsafe ARRAY_SHORT_BASE_OFFSET I 16
staticfield jdk/internal/misc/Unsafe ARRAY_CHAR_BASE_OFFSET I 16
staticfield jdk/internal/misc/Unsafe ARRAY_INT_BASE_OFFSET I 16
staticfield jdk/internal/misc/Unsafe ARRAY_LONG_BASE_OFFSET I 16
staticfield jdk/internal/misc/Unsafe ARRAY_FLOAT_BASE_OFFSET I 16
staticfield jdk/internal/misc/Unsafe ARRAY_DOUBLE_BASE_OFFSET I 16
staticfield jdk/internal/misc/Unsafe ARRAY_OBJECT_BASE_OFFSET I 16
staticfield jdk/internal/misc/Unsafe ARRAY_BOOLEAN_INDEX_SCALE I 1
staticfield jdk/internal/misc/Unsafe ARRAY_BYTE_INDEX_SCALE I 1
staticfield jdk/internal/misc/Unsafe ARRAY_SHORT_INDEX_SCALE I 2
staticfield jdk/internal/misc/Unsafe ARRAY_CHAR_INDEX_SCALE I 2
staticfield jdk/internal/misc/Unsafe ARRAY_INT_INDEX_SCALE I 4
staticfield jdk/internal/misc/Unsafe ARRAY_LONG_INDEX_SCALE I 8
staticfield jdk/internal/misc/Unsafe ARRAY_FLOAT_INDEX_SCALE I 4
staticfield jdk/internal/misc/Unsafe ARRAY_DOUBLE_INDEX_SCALE I 8
staticfield jdk/internal/misc/Unsafe ARRAY_OBJECT_INDEX_SCALE I 4
staticfield jdk/internal/misc/Unsafe ADDRESS_SIZE I 8
instanceKlass javax/management/remote/rmi/RMIConnectionImpl$CombinedClassLoader$ClassLoaderWrapper
instanceKlass javax/management/remote/rmi/RMIConnectionImpl$CombinedClassLoader
instanceKlass com/sun/jmx/remote/util/ClassLoaderWithRepository
instanceKlass jdk/internal/reflect/DelegatingClassLoader
instanceKlass java/security/SecureClassLoader
ciInstanceKlass java/lang/ClassLoader 1 1 1108 9 7 12 1 1 1 10 7 12 1 1 1 9 12 1 1 10 7 12 1 1 1 7 1 10 12 1 1 10 12 1 1 9 12 1 1 10 12 1 1 100 1 10 12 1 10 12 1 1 10 7 12 1 1 1 100 1 8 1 10 12 1 10 7 12 1 1 1 10 7 12 1 10 7 1 10 7 1 7 1 7 1 10 12 1 10 12 1 9 12 1 1 10 10 7 12 1 1 1 9 12 1 1 9 12 1 9 12 1 1 9 12 1 9 12 1 1 9 12 1 1 7 1 10 12 1 9 12 1 1 10 12 1 1 10 7 12 1 1 1 9 12 1 9 12 1 1 9 12 1 10 12 1 1 9 12 10 12 1 1 7 1 10 8 1 10 12 1 1 10 12 1 10 7 1 7 1 10 12 1 1 10 7 12 1 1 1 8 1 10 12 1 10 12 1 10 12 1 1 10 12 1 1 10 12 1 1 10 12 1 1 10 12 1 1 10 12 1 7 1 10 12 1 10 100 12 1 1 1 10 12 1 1 10 12 1 10 12 1 10 12 1 10 12 1 10 12 1 1 10 10 12 1 10 12 1 10 100 12 1 1 10 12 1 1 10 12 1 1 10 12 1 100 1 10 12 1 7 1 10 12 1 10 7 12 1 1 1 10 10 12 1 1 10 12 1 1 7 1 8 1 10 8 1 10 12 1 10 12 1 100 1 8 1 10 12 1 1 10 12 1 1 10 10 12 1 1 10 12 1 1 10 12 1 1 10 7 1 10 12 1 1 10 12 1 1 10 12 1 1 10 12 1 1 10 12 1 1 10 12 1 1 10 12 1 10 7 12 1 1 1 10 12 1 10 12 1 10 12 1 1 10 12 1 10 12 1 10 12 1 10 12 1 1 10 12 1 10 12 1 1 8 1 9 12 1 10 12 1 1 8 1 8 1 10 7 12 1 1 100 1 10 10 12 10 12 1 10 12 1 10 12 1 10 12 1 1 10 7 12 1 1 10 12 1 10 7 1 7 1 10 12 1 1 10 12 1 10 7 1 10 12 1 100 1 18 12 1 10 100 12 1 1 1 10 100 12 1 1 1 10 7 12 1 1 10 12 1 10 12 1 100 1 10 12 1 8 1 10 10 12 1 1 10 12 1 10 12 1 1 100 1 10 12 1 10 12 1 1 10 7 12 1 1 10 12 1 8 1 100 1 10 10 12 1 9 12 1 10 7 12 1 1 10 12 1 7 1 8 1 10 12 1 10 8 1 8 1 10 12 1 1 10 12 1 1 10 12 1 1 10 7 12 1 1 7 1 100 1 10 12 1 1 7 1 7 1 10 7 12 1 1 10 12 1 10 12 1 1 10 12 1 10 12 1 1 10 12 1 1 9 100 12 1 1 1 10 12 1 1 10 12 1 10 12 1 10 12 1 1 10 12 1 8 1 7 1 18 12 1 1 10 12 1 1 10 12 1 10 12 1 10 12 1 8 1 10 12 1 10 12 1 18 12 1 11 100 12 1 1 1 100 1 10 12 1 1 10 12 1 10 11 12 1 1 10 18 10 12 1 1 11 7 12 1 18 12 1 11 12 1 1 10 12 10 12 1 1 10 12 1 1 100 1 8 1 10 10 12 1 8 1 8 1 10 100 12 1 1 10 12 1 100 1 10 10 12 1 8 1 8 1 8 1 10 12 1 10 12 1 1 10 12 1 10 7 12 1 1 1 11 7 12 1 1 100 1 10 11 10 12 1 10 12 1 10 12 1 1 9 7 12 1 1 9 12 1 1 9 12 9 12 1 9 12 1 9 12 1 8 10 12 1 1 10 7 12 1 1 1 10 12 1 1 10 12 1 1 10 12 1 10 10 12 1 11 12 1 1 10 100 12 1 1 1 100 1 10 12 1 10 12 1 10 12 1 1 1 1 1 1 1 1 1 1 1 1 1 1 1 1 1 1 1 1 1 1 1 1 1 1 1 1 100 1 1 1 1 1 1 1 1 1 1 1 1 1 1 1 1 1 1 1 1 1 100 1 1 1 1 1 1 1 1 1 1 100 1 1 1 1 1 1 1 1 1 1 1 1 1 1 1 1 1 1 1 1 1 1 1 1 1 1 1 1 1 1 1 1 1 1 1 1 1 1 1 1 1 100 1 1 1 1 1 1 1 1 1 1 1 1 1 1 1 1 1 1 1 7 1 1 1 1 1 1 1 1 1 1 1 1 1 1 1 1 1 1 1 1 1 1 1 1 1 1 1 1 1 1 1 1 1 1 1 1 1 1 1 1 1 1 1 1 1 1 1 1 1 1 100 1 1 1 1 1 1 1 1 1 1 1 1 1 1 1 1 1 1 1 1 1 1 1 1 1 1 1 1 1 1 1 1 1 1 1 1 1 1 1 1 1 1 1 1 1 1 16 1 15 10 12 16 1 16 15 10 12 16 1 16 1 15 10 12 16 15 10 12 16 15 10 12 16 15 10 100 12 1 1 1 1 1 100 1 100 1 1
staticfield java/lang/ClassLoader nocerts [Ljava/security/cert/Certificate; 0 [Ljava/security/cert/Certificate;
staticfield java/lang/ClassLoader $assertionsDisabled Z 1
ciInstanceKlass java/lang/reflect/Constructor 1 1 439 10 100 12 1 1 1 10 100 12 1 1 9 7 12 1 1 1 10 12 1 1 10 12 1 1 10 100 12 1 1 9 12 1 1 10 7 12 1 1 1 9 12 1 1 9 12 1 1 9 12 1 9 12 1 1 9 12 1 9 12 1 1 9 12 1 1 9 12 1 100 1 8 1 10 12 1 10 12 1 9 12 1 1 10 7 12 1 1 10 7 12 1 1 1 10 12 1 1 10 12 1 1 10 12 1 7 1 100 1 8 1 10 10 12 1 10 12 1 10 12 1 1 10 12 1 1 9 100 12 1 1 1 10 7 12 1 1 10 12 1 1 10 12 1 10 12 1 1 10 7 12 1 1 1 10 100 12 1 1 10 12 1 1 10 12 1 10 7 12 1 1 1 8 1 10 10 12 1 100 1 8 1 10 12 1 10 12 1 1 10 12 1 1 10 12 1 10 12 1 10 12 1 1 10 12 1 1 9 12 1 1 10 12 1 1 10 12 1 1 10 12 1 1 11 7 12 1 1 1 10 12 1 1 10 12 1 10 12 1 10 12 1 8 1 9 12 1 1 10 7 12 1 1 1 10 7 12 1 1 10 12 1 1 10 12 1 1 10 12 1 1 10 12 1 1 10 12 1 9 7 12 1 1 10 12 1 10 12 1 10 12 1 100 1 8 1 10 10 12 1 1 10 12 1 10 10 12 1 1 10 12 1 1 10 100 12 1 1 1 11 100 12 1 1 1 10 12 1 1 9 100 12 1 1 1 10 100 12 1 1 1 10 12 1 1 1 1 1 1 1 1 1 1 1 1 1 1 1 1 1 1 1 1 1 1 1 1 1 1 1 1 1 1 1 1 1 1 1 1 1 1 1 1 1 1 1 1 1 1 1 1 1 1 1 1 100 1 100 1 100 1 100 1 1 1 1 1 1 1 1 1 1 1 1 1 1 1 1 1 1 1 1 1 1 1 1 1 1 1 1 1 1 1 1 1 100 1 1
instanceKlass java/lang/reflect/Executable
instanceKlass java/lang/reflect/Field
ciInstanceKlass java/lang/reflect/AccessibleObject 1 1 400 10 7 12 1 1 1 9 100 12 1 1 1 10 7 12 1 1 1 10 7 12 1 1 10 7 12 1 1 1 10 100 12 1 1 1 10 12 1 1 10 12 1 1 9 12 1 1 7 1 10 7 12 1 1 1 11 12 1 7 1 10 12 1 7 1 100 1 10 12 1 10 12 1 1 10 12 1 1 10 12 1 1 10 12 1 1 7 1 10 7 12 1 1 1 10 12 1 1 11 10 7 12 1 1 1 10 12 1 1 10 12 1 10 12 1 10 12 1 1 10 12 1 8 1 7 1 7 1 10 10 12 1 1 8 1 10 12 1 10 12 1 8 1 8 1 8 1 8 1 8 1 8 1 8 1 8 1 8 1 100 1 10 12 1 10 12 1 9 12 1 1 10 12 1 1 10 12 1 10 7 1 100 1 8 1 10 8 1 10 12 1 8 1 10 12 1 10 12 1 1 10 100 1 8 1 10 11 7 12 1 1 1 10 12 1 1 10 12 1 1 10 12 1 1 9 12 1 1 100 1 10 12 1 7 1 10 12 1 10 12 1 1 10 100 1 10 12 1 10 12 10 12 1 10 12 1 10 12 1 1 10 12 1 9 12 1 10 100 12 1 1 8 1 10 100 12 1 1 1 8 1 10 7 12 1 1 1 9 12 1 7 1 10 7 1 10 10 7 12 1 1 1 7 1 10 10 7 12 1 1 1 7 1 9 12 1 1 1 1 1 1 1 1 1 1 1 1 1 1 1 1 1 1 1 1 1 1 1 1 1 1 1 1 1 1 1 1 1 1 1 1 1 1 1 1 1 1 1 1 1 1 1 1 1 1 1 1 1 1 1 1 1 1 1 1 1 1 1 1 1 1 1 1 1 1 1 1 1 1 1 1 1 1 1 1 1 1 1 1
staticfield java/lang/reflect/AccessibleObject reflectionFactory Ljdk/internal/reflect/ReflectionFactory; jdk/internal/reflect/ReflectionFactory
instanceKlass java/lang/reflect/Constructor
instanceKlass java/lang/reflect/Method
ciInstanceKlass java/lang/reflect/Executable 1 1 581 10 7 12 1 1 1 10 7 12 1 1 1 10 7 12 1 1 1 11 7 12 1 1 1 10 7 12 1 1 1 10 12 1 1 10 7 12 1 1 1 10 7 12 1 1 1 10 12 1 8 1 10 10 12 1 1 10 12 1 1 10 100 12 1 1 1 18 12 1 1 11 100 12 1 1 1 8 1 8 1 8 1 10 100 12 1 1 1 11 12 1 1 7 1 8 1 8 1 10 12 1 7 1 8 1 10 12 1 8 1 11 100 12 1 1 1 7 1 11 7 12 1 1 1 11 12 1 8 1 18 8 1 10 12 1 10 12 1 1 18 8 1 10 12 1 100 1 10 12 1 10 12 1 11 12 1 10 12 1 1 8 1 8 1 10 12 1 1 10 12 1 1 10 10 12 1 9 100 12 1 1 1 10 100 12 1 1 1 10 12 1 10 12 1 1 10 7 12 1 1 10 12 1 10 12 1 10 12 1 10 7 12 1 1 7 1 10 100 12 1 1 1 10 12 1 1 10 7 12 1 1 10 12 1 10 12 1 1 9 100 12 1 1 1 10 100 10 12 1 8 1 10 12 1 10 12 1 3 100 1 8 1 10 12 1 10 12 1 10 10 12 1 10 12 1 1 8 1 8 1 8 1 9 12 1 1 9 12 1 10 12 1 100 1 8 1 10 12 1 10 12 1 10 12 1 1 10 12 1 1 10 12 1 10 12 10 12 1 7 1 10 12 1 10 12 1 1 100 1 10 7 12 1 1 1 7 1 10 7 12 1 1 1 10 12 1 1 11 7 12 1 1 10 12 1 10 100 12 1 1 1 10 12 1 1 9 12 1 10 12 1 1 10 12 1 10 12 1 1 9 100 12 1 1 1 10 100 12 1 1 1 10 12 1 10 12 1 1 9 12 1 10 10 10 10 100 12 1 1 1 10 12 1 9 12 1 10 12 1 1 9 12 1 7 1 7 1 1 1 1 1 1 1 1 1 1 1 1 1 1 1 1 1 1 1 1 1 1 1 1 1 1 1 1 1 1 1 1 1 1 1 1 100 1 1 1 1 1 1 1 1 1 1 1 1 1 1 1 1 1 1 1 100 1 1 1 1 1 1 1 1 1 1 1 1 1 1 1 1 1 1 1 1 1 1 1 1 1 1 1 1 1 1 1 1 1 1 1 1 1 1 1 1 1 1 1 7 1 1 1 1 1 1 1 1 1 1 1 1 1 1 1 1 1 1 1 1 1 1 7 1 1 16 15 16 1 16 1 15 10 12 16 15 10 100 12 1 1 1 1 1 1 100 1 1 100 1 100 1 1
ciInstanceKlass java/lang/reflect/Member 1 1 37 100 1 10 12 1 1 100 1 100 1 1 1 1 3 1 3 1 1 1 1 1 1 1 1 1 1 1 1 1 1 1 1 1 1 1 1
instanceKlass java/util/logging/LogManager$Cleaner
instanceKlass java/awt/EventDispatchThread
instanceKlass com/intellij/rt/execution/application/AppMainV2$1
instanceKlass jdk/internal/misc/InnocuousThread
instanceKlass java/util/concurrent/ForkJoinWorkerThread
instanceKlass java/lang/ref/Finalizer$FinalizerThread
instanceKlass java/lang/ref/Reference$ReferenceHandler
instanceKlass java/lang/BaseVirtualThread
ciInstanceKlass java/lang/Thread 1 1 870 10 7 12 1 1 1 9 12 1 1 10 7 12 1 1 10 12 1 10 100 12 1 1 100 1 8 1 10 12 1 1 9 12 1 9 12 1 1 9 12 1 1 7 1 10 12 1 1 10 12 1 10 7 12 1 1 1 10 12 9 12 1 1 10 12 1 7 1 10 12 1 100 1 8 1 10 9 7 12 1 1 1 10 12 1 1 10 12 1 1 10 12 1 1 10 12 1 10 12 1 1 3 8 1 7 1 5 0 10 7 12 1 1 1 9 12 1 10 12 1 1 10 7 12 1 1 1 10 7 12 1 1 1 10 12 1 1 10 12 1 1 9 12 1 1 10 7 1 8 1 10 7 1 10 12 1 9 12 1 1 10 7 12 1 1 1 10 10 12 1 1 9 100 12 1 1 1 10 12 1 1 10 12 1 1 10 7 12 1 1 10 12 1 10 12 1 10 7 12 1 1 9 12 1 10 7 12 1 1 1 10 12 1 1 9 12 1 1 9 12 1 1 10 7 12 1 1 1 9 12 1 1 10 100 12 1 1 10 100 12 1 1 1 10 12 1 10 12 1 10 7 12 1 1 9 12 1 8 1 9 7 12 1 1 9 12 1 1 5 0 100 1 10 100 1 10 100 1 10 7 1 10 8 1 10 12 1 1 10 100 12 1 10 12 1 10 12 1 100 1 8 1 10 10 12 1 10 12 1 1 10 100 12 1 1 1 10 100 12 1 1 1 10 12 1 7 1 9 12 1 1 100 1 10 10 12 1 9 12 1 1 10 12 1 1 10 12 1 1 10 12 1 10 12 1 9 12 1 1 10 10 12 1 1 10 12 1 1 11 7 12 1 1 10 7 12 1 1 9 12 1 9 12 1 1 9 12 1 1 10 100 12 1 1 10 12 1 1 9 7 12 1 1 1 10 7 12 1 1 10 12 1 10 12 1 100 1 10 10 12 9 12 1 1 10 12 1 11 100 12 1 1 10 12 1 10 12 1 10 12 1 9 12 1 10 10 12 1 10 12 1 1 9 12 1 9 12 10 12 1 8 1 10 12 1 10 12 1 10 12 1 10 12 1 10 12 1 1 10 12 1 10 12 1 1 10 12 1 10 12 1 10 12 1 10 12 1 10 12 1 1 9 7 12 1 1 1 8 1 10 9 12 1 10 12 1 7 1 8 1 10 10 12 1 8 1 10 12 1 1 9 12 10 12 8 1 10 10 12 1 10 12 1 8 1 10 12 1 10 8 1 10 100 12 1 1 10 12 1 1 100 1 8 1 10 9 12 1 9 12 1 1 10 12 1 1 10 10 12 1 10 12 1 100 10 7 12 1 1 1 9 12 1 10 12 1 1 10 12 1 1 10 100 12 1 1 1 11 7 12 1 1 1 9 100 12 1 1 1 10 100 12 1 1 1 7 1 10 12 1 100 1 10 12 1 10 12 1 1 10 12 1 1 8 1 9 12 1 10 12 1 10 12 1 1 11 7 12 1 1 1 10 12 1 1 1 1 3 1 3 1 3 1 3 1 1 1 1 1 1 1 1 1 1 1 1 1 1 1 1 1 1 1 1 1 7 1 1 1 1 1 1 1 1 1 1 1 1 1 1 1 1 1 1 1 1 1 1 100 1 1 1 1 1 1 1 1 1 1 1 1 1 1 1 1 7 1 7 1 1 1 1 1 1 1 1 1 1 1 1 1 1 1 1 1 1 1 1 1 1 1 1 1 1 1 1 1 1 1 1 1 1 1 1 1 1 1 1 1 1 1 1 1 1 1 1 1 1 1 1 1 1 1 1 1 1 1 1 1 1 1 1 1 1 1 1 1 1 1 1 1 1 1 1 100 100 1 1 1 1 1 1 1 1 1 1 1 1 1 1 1 1 1 1 1 1 1 1 1 1 1 1 100 1 100 1 100 1 100 1 100 1 1 100 1 1 1 1 1 1 1 1 1 1 1 1 1 1 1
staticfield java/lang/Thread NEW_THREAD_BINDINGS Ljava/lang/Object; java/lang/Class
staticfield java/lang/Thread EMPTY_STACK_TRACE [Ljava/lang/StackTraceElement; 0 [Ljava/lang/StackTraceElement;
ciInstanceKlass java/lang/Runnable 1 0 11 100 1 100 1 1 1 1 1 1 1
ciInstanceKlass java/net/URL 1 1 771 10 7 12 1 1 1 10 12 1 10 7 12 1 1 9 12 1 1 9 12 1 10 7 12 1 1 1 10 12 1 1 10 12 1 1 9 12 1 1 10 7 12 1 1 1 8 1 10 12 1 1 7 1 10 10 12 1 1 8 1 10 12 1 1 9 12 1 100 1 8 1 10 12 1 10 12 1 8 1 9 12 1 10 12 1 1 9 12 1 10 12 1 10 12 1 9 12 1 9 12 1 8 1 9 12 1 10 12 1 1 8 1 9 12 1 1 10 12 1 1 10 7 12 1 1 1 8 1 10 12 1 7 1 10 12 1 10 12 1 10 12 1 10 12 1 1 10 12 1 1 8 1 10 12 1 1 10 12 1 8 1 9 12 1 8 1 10 12 1 10 7 12 1 1 1 7 1 10 12 1 10 12 1 1 10 7 12 1 1 1 100 1 8 1 10 10 12 1 8 1 10 12 1 1 10 12 1 10 12 1 10 12 1 10 12 1 10 12 1 10 12 1 8 1 10 12 1 8 1 10 10 100 1 10 10 12 1 8 1 10 7 12 1 1 1 10 12 1 9 100 12 1 1 1 10 7 12 1 1 1 9 12 1 1 10 12 1 10 100 12 1 1 1 100 1 100 1 10 12 1 10 12 1 10 12 1 10 12 1 10 12 1 10 12 10 10 12 1 10 12 1 10 12 1 1 8 1 9 100 12 1 1 1 10 100 12 1 1 1 10 12 1 1 9 100 12 1 1 1 10 12 1 1 100 1 10 12 1 10 12 1 10 10 12 1 1 10 12 1 1 10 12 1 10 12 1 10 12 1 10 7 12 1 1 1 10 12 1 1 10 12 1 9 12 1 1 9 12 1 1 7 1 8 1 10 10 12 1 9 12 1 1 10 7 12 1 1 8 1 10 7 12 1 1 8 1 10 12 1 1 10 12 1 8 1 8 1 10 7 12 1 1 1 7 1 10 7 12 1 1 1 10 12 1 10 12 1 7 1 10 9 7 12 1 1 1 10 7 12 1 1 10 12 1 1 10 12 1 8 1 7 1 10 10 7 12 1 1 1 10 12 1 8 9 7 12 1 1 1 10 12 1 1 10 12 1 10 12 1 1 10 7 12 1 1 11 7 12 1 1 10 12 1 10 12 1 9 12 1 10 12 1 1 10 100 12 1 1 10 100 12 1 1 1 8 10 100 12 1 1 100 1 10 8 8 10 12 1 8 8 8 100 1 10 12 1 9 12 1 1 10 12 1 10 12 1 1 10 12 1 10 12 10 12 1 1 10 12 1 1 10 10 10 12 1 10 12 1 10 12 1 10 12 1 10 12 1 10 10 12 1 100 1 8 1 10 10 10 12 1 1 10 12 1 10 12 1 1 8 1 7 1 10 10 7 1 10 12 1 9 7 12 1 1 1 9 12 1 1 7 1 10 10 7 12 1 1 1 7 1 1 1 1 1 5 0 1 1 1 1 1 1 1 1 1 1 1 1 1 1 1 1 1 1 1 1 1 1 1 1 1 1 1 1 1 1 1 1 1 1 1 1 1 1 1 1 1 1 1 1 1 1 1 1 7 1 1 1 1 1 1 1 1 1 1 1 1 1 1 1 1 1 1 1 1 1 1 1 1 1 1 1 1 1 1 1 1 1 1 1 1 1 100 1 1 1 1 1 1 1 1 1 1 1 1 1 1 1 1 1 100 1 1 1 1 1 1 1 1 1 1 1 1 1 1 1 1 1 1 1
staticfield java/net/URL defaultFactory Ljava/net/URLStreamHandlerFactory; java/net/URL$DefaultFactory
staticfield java/net/URL streamHandlerLock Ljava/lang/Object; java/lang/Object
staticfield java/net/URL serialPersistentFields [Ljava/io/ObjectStreamField; 7 [Ljava/io/ObjectStreamField;
ciMethod java/lang/System arraycopy (Ljava/lang/Object;ILjava/lang/Object;II)V 256 0 128 0 -1
ciInstanceKlass java/lang/Module 1 1 1070 10 7 12 1 1 1 9 7 12 1 1 1 10 7 12 1 1 1 9 12 1 9 12 1 1 9 12 1 1 10 12 1 1 10 12 1 10 12 1 1 10 7 12 1 1 1 7 1 10 7 12 1 1 1 10 12 1 1 11 7 12 1 1 1 10 12 1 1 10 7 12 1 1 1 10 12 1 1 10 7 12 1 1 1 9 100 12 1 1 1 10 7 12 1 1 1 10 12 1 8 1 10 7 12 1 1 1 10 7 12 1 1 1 10 7 12 1 1 1 10 12 1 10 12 1 9 12 1 1 10 100 12 1 1 100 1 7 1 10 8 1 10 12 1 1 10 12 1 10 12 10 12 1 10 7 12 1 1 8 1 8 1 10 8 1 8 1 9 12 1 1 8 1 10 100 12 1 1 1 10 12 1 9 12 1 1 11 12 1 9 7 12 1 1 10 7 12 1 1 1 10 7 12 1 1 1 10 12 1 1 8 1 10 12 1 1 10 12 1 10 12 1 1 9 7 12 1 1 1 10 12 1 1 10 12 1 1 9 12 1 10 12 1 10 12 1 9 12 1 1 11 7 12 1 1 10 12 1 1 9 12 1 9 12 1 10 12 1 10 12 1 100 1 8 1 10 10 12 1 1 10 12 1 8 1 10 12 1 1 8 1 8 1 10 12 1 1 10 12 1 10 12 1 1 18 12 1 1 10 12 1 1 11 12 1 9 12 1 11 12 10 100 12 1 1 100 1 8 1 10 11 12 1 1 10 7 12 1 1 1 10 12 1 10 12 1 1 11 12 1 1 11 7 12 1 1 11 12 1 1 9 12 1 11 12 1 10 12 1 1 10 12 1 1 9 12 1 10 12 10 7 12 1 1 10 7 1 18 12 1 1 11 100 12 1 1 1 18 12 1 11 12 1 1 10 100 12 1 1 1 11 12 1 1 10 7 12 1 1 7 1 11 12 1 7 1 7 1 10 12 1 10 7 12 1 1 1 10 11 7 12 1 8 1 10 10 12 1 1 10 7 12 1 1 10 12 1 10 12 1 7 1 10 12 1 10 11 12 1 1 10 12 10 12 1 1 9 12 1 1 100 1 10 10 12 1 1 11 7 1 10 12 1 1 11 12 1 10 10 12 1 11 10 12 1 1 10 12 1 1 10 12 1 1 10 7 12 1 1 10 12 1 10 12 1 1 10 10 12 1 1 10 12 1 18 12 1 11 12 1 18 12 1 10 12 1 10 12 1 10 12 7 1 10 12 1 10 12 1 10 12 1 9 12 1 7 1 10 10 10 10 12 1 10 12 1 10 12 1 10 12 1 1 10 12 1 1 10 12 1 9 12 1 18 12 1 1 10 7 12 1 1 1 100 1 8 1 10 12 1 1 10 12 1 1 10 7 12 1 1 7 1 10 12 1 1 7 1 8 1 10 12 1 1 100 1 11 12 1 1 10 100 12 1 1 1 18 12 1 1 11 100 12 1 1 1 100 1 10 12 1 10 12 1 1 7 1 7 1 10 12 8 1 10 12 1 1 10 12 1 1 10 7 12 1 1 10 12 1 1 10 12 1 10 12 10 12 1 1 7 1 10 10 12 1 1 10 7 12 1 1 1 100 1 10 12 1 1 10 7 12 1 1 8 1 18 12 1 1 100 1 100 1 9 12 1 1 9 12 1 9 12 1 11 100 12 1 1 1 100 1 11 12 1 1 100 1 10 12 1 8 1 10 12 1 10 12 10 12 1 8 1 10 10 100 12 1 1 7 1 10 10 12 1 10 7 12 1 1 9 12 1 9 12 1 9 12 1 9 12 1 10 12 11 12 1 10 12 1 7 1 1 1 1 1 1 1 1 1 1 1 1 1 1 1 1 1 1 1 100 1 1 1 1 1 1 1 1 1 1 1 1 1 1 1 1 1 1 1 1 1 1 1 1 1 1 1 1 1 1 1 1 1 1 1 1 1 1 1 1 1 1 1 1 1 1 1 1 1 1 1 1 1 1 1 1 1 1 1 1 1 1 1 1 1 1 1 1 1 1 1 1 1 1 1 1 1 1 1 1 1 1 1 1 1 1 1 1 1 1 1 1 1 1 1 100 100 1 1 1 1 1 1 1 1 1 1 1 1 1 1 1 1 1 1 1 1 1 1 1 1 1 1 1 100 1 100 1 1 1 1 1 1 1 1 1 1 1 1 1 1 1 1 1 1 1 1 100 1 1 1 1 1 1 1 1 1 1 1 1 1 1 1 1 1 1 1 1 1 1 1 16 15 10 12 16 16 15 10 12 16 16 15 10 16 1 15 10 12 16 1 15 10 12 16 1 16 15 10 12 16 16 1 15 10 12 16 15 10 7 12 1 1 1 15 10 100 12 1 1 1 1 1 1 1 1 1 1 1 100 1 100 1 1 100 1 100 1 1
staticfield java/lang/Module ALL_UNNAMED_MODULE Ljava/lang/Module; java/lang/Module
staticfield java/lang/Module ALL_UNNAMED_MODULE_SET Ljava/util/Set; java/util/ImmutableCollections$Set12
staticfield java/lang/Module EVERYONE_MODULE Ljava/lang/Module; java/lang/Module
staticfield java/lang/Module EVERYONE_SET Ljava/util/Set; java/util/ImmutableCollections$Set12
staticfield java/lang/Module $assertionsDisabled Z 1
ciInstanceKlass java/lang/Character 1 1 604 7 1 7 1 100 1 9 12 1 1 8 1 9 12 1 1 7 1 9 12 1 1 10 7 12 1 1 1 10 100 12 1 1 1 10 100 12 1 1 1 10 7 12 1 1 1 9 7 12 1 1 1 10 12 1 10 12 1 1 10 12 1 1 10 7 12 1 1 10 12 1 1 3 3 3 3 3 10 12 1 1 10 12 1 3 11 7 12 1 1 1 11 12 1 1 10 12 1 1 10 12 1 1 100 1 10 10 12 1 3 10 12 1 1 10 12 1 10 12 1 1 100 1 8 1 10 12 1 1 10 12 1 10 12 1 10 12 1 10 100 12 1 1 1 10 12 1 10 12 1 10 12 1 1 10 12 1 10 7 12 1 1 10 10 12 1 10 10 12 1 10 12 1 1 10 12 1 10 10 12 1 10 12 1 10 12 1 10 12 1 10 12 1 10 12 1 10 12 1 10 12 10 10 12 10 10 12 1 10 10 12 1 10 10 12 1 10 10 12 1 10 12 1 10 12 1 10 12 1 10 12 1 10 12 1 10 12 1 10 10 12 1 10 10 12 1 10 10 12 1 1 10 10 12 1 10 5 0 10 12 1 10 12 1 10 10 12 1 10 10 12 1 1 10 10 12 1 10 10 12 1 9 12 1 1 100 1 10 10 12 1 10 12 1 1 3 10 100 12 1 1 1 10 12 1 10 100 12 1 1 7 1 10 10 12 1 1 10 12 1 1 10 12 1 1 8 1 10 12 1 9 100 12 1 1 1 10 12 1 10 10 12 1 10 12 1 1 10 12 1 10 10 12 1 1 10 10 12 1 1 7 1 8 1 10 12 1 1 10 7 12 1 1 1 8 1 10 12 1 1 9 12 1 1 7 1 7 1 7 1 1 1 1 3 1 3 1 3 1 3 1 1 1 1 1 3 1 1 3 1 3 1 3 1 3 1 3 1 3 1 3 1 3 1 3 1 3 1 3 1 3 1 3 1 3 1 3 1 3 1 3 1 3 1 3 1 3 1 3 1 3 1 3 1 3 1 3 1 3 1 3 1 3 1 1 1 1 1 1 1 1 1 1 1 1 1 1 1 1 1 1 1 3 1 1 1 1 1 1 1 3 1 1 3 1 1 1 1 1 3 1 1 5 0 1 1 1 1 1 1 1 1 1 1 1 1 1 1 1 1 1 1 1 1 1 1 1 1 1 1 1 1 1 1 1 1 1 1 1 1 1 1 1 1 1 1 1 1 1 1 1 1 1 1 1 1 1 1 1 1 1 1 1 1 1 1 1 1 1 1 1 1 1 1 1 1 1 1 1 1 1 1 1 1 1 1 1 1 1 1 1 1 1 1 100 1 100 1 1 1 1 1 1
staticfield java/lang/Character TYPE Ljava/lang/Class; java/lang/Class
staticfield java/lang/Character $assertionsDisabled Z 1
ciInstanceKlass java/lang/OutOfMemoryError 1 1 26 10 100 12 1 1 1 10 12 1 100 1 1 1 1 5 0 1 1 1 1 1 1 1 1 1
ciInstanceKlass java/lang/Integer 1 1 453 7 1 7 1 7 1 7 1 10 12 1 1 9 12 1 1 9 12 1 1 10 100 12 1 1 1 10 12 1 1 10 100 12 1 1 1 10 10 12 1 1 10 7 12 1 1 1 10 12 1 10 12 1 1 10 7 12 1 1 1 10 12 1 1 10 12 1 1 10 12 1 10 12 1 10 12 1 1 10 10 12 1 9 12 1 1 9 12 1 7 1 8 1 10 12 1 7 1 10 12 1 8 1 10 12 1 1 10 12 1 8 1 10 12 1 8 1 10 12 1 1 3 10 12 1 1 3 10 12 1 1 10 12 1 1 10 7 12 1 1 1 11 7 1 10 12 1 1 11 10 12 1 1 8 1 10 12 1 1 8 1 7 1 10 12 1 1 10 12 1 1 5 0 8 1 10 12 1 10 12 1 10 12 1 10 12 1 1 7 1 9 12 1 1 9 12 1 1 10 12 1 10 7 1 9 12 1 10 12 1 10 12 1 10 12 1 1 10 7 12 1 1 1 100 1 100 1 10 12 1 1 10 12 1 1 8 1 8 1 10 12 1 1 8 1 8 1 8 1 8 1 8 1 8 1 10 12 1 10 12 1 5 0 3 3 3 3 10 12 1 10 12 1 3 10 12 1 10 100 12 1 1 1 10 12 1 1 10 12 1 1 8 1 10 7 12 1 1 1 9 12 1 1 7 1 7 1 7 1 1 1 1 3 1 1 1 3 1 3 1 1 5 0 1 1 1 1 1 1 1 1 1 100 1 1 1 1 1 1 1 1 1 1 1 1 1 1 1 1 1 1 1 1 1 1 1 1 1 1 1 1 1 1 1 1 1 1 1 1 1 1 1 1 3 1 1 1 1 1 1 1 1 1 1 1 1 1 1 1 1 7 1 1 1 1 1 1 1 1 1 1 1 1 1 1 1 1 1 1 1 1 1 1 1 1 1 1 1 1 1 1 1 1 1 1 1 1 1 1 1 1 1 1 1 1 1 1 7 1 1 1 1 1 1 1 1 1 100 1 100 1 1
staticfield java/lang/Integer TYPE Ljava/lang/Class; java/lang/Class
staticfield java/lang/Integer digits [C 36
staticfield java/lang/Integer DigitTens [B 100
staticfield java/lang/Integer DigitOnes [B 100
instanceKlass com/google/api/client/json/gson/GsonGenerator$StringNumber
instanceKlass com/google/gson/internal/LazilyParsedNumber
instanceKlass java/math/BigDecimal
instanceKlass java/math/BigInteger
instanceKlass java/util/concurrent/atomic/Striped64
instanceKlass java/util/concurrent/atomic/AtomicLong
instanceKlass java/util/concurrent/atomic/AtomicInteger
instanceKlass java/lang/Long
instanceKlass java/lang/Integer
instanceKlass java/lang/Short
instanceKlass java/lang/Byte
instanceKlass java/lang/Double
instanceKlass java/lang/Float
ciInstanceKlass java/lang/Number 1 1 37 10 7 12 1 1 1 10 100 12 1 1 1 100 1 1 1 1 5 0 1 1 1 1 1 1 1 1 1 1 1 1 1 1 1 1 1
ciInstanceKlass java/lang/Thread$FieldHolder 1 1 48 10 7 12 1 1 1 9 7 12 1 1 1 9 12 1 1 9 12 1 1 9 12 1 1 9 12 1 1 1 1 1 1 1 1 1 1 100 1 100 1 1 1 1 100 1 1 1
ciInstanceKlass java/lang/Thread$Constants 0 0 59 7 1 10 7 12 1 1 1 100 1 10 10 7 12 1 1 1 7 1 8 1 10 12 1 9 7 12 1 1 1 7 1 7 1 10 12 1 10 12 1 9 12 1 1 1 1 1 1 1 1 1 1 1 1 1 1 1 1
ciInstanceKlass java/lang/ThreadGroup 1 1 411 10 7 12 1 1 1 9 7 12 1 1 1 8 1 9 12 1 1 7 1 9 12 1 1 9 12 1 1 10 7 12 1 1 1 10 12 1 1 10 12 1 10 12 1 10 12 1 10 12 1 1 10 12 1 1 10 12 1 10 12 1 1 10 12 1 10 12 1 10 100 12 1 1 1 10 12 1 1 18 12 1 1 11 7 12 1 1 1 10 7 12 1 1 1 10 7 12 1 10 12 1 1 10 12 1 1 10 12 1 1 10 100 12 1 1 1 10 12 1 11 12 1 1 11 7 12 1 1 11 12 1 1 10 12 1 1 10 12 1 10 12 1 11 12 1 11 12 1 1 100 1 10 10 12 1 100 1 10 18 12 1 1 11 7 12 1 1 1 11 12 1 1 9 12 1 1 10 12 1 1 8 1 10 7 12 1 1 1 10 100 12 1 1 1 10 12 1 1 11 12 10 12 1 1 10 12 1 1 11 7 1 9 12 1 7 1 10 8 1 10 12 1 1 10 12 1 1 8 1 10 12 1 10 7 12 1 1 1 10 12 1 1 10 7 1 8 1 10 8 1 10 12 1 10 12 1 8 1 9 12 1 1 9 12 1 10 100 12 1 1 1 100 9 12 1 1 7 1 9 12 1 10 12 10 12 1 1 100 10 12 9 12 1 10 12 1 100 1 10 11 12 1 1 7 1 10 10 12 1 10 12 1 1 1 1 1 1 1 1 1 1 1 1 1 1 1 1 1 1 3 1 1 1 1 1 1 1 1 1 1 1 1 100 1 1 1 1 1 1 1 1 1 1 1 1 1 1 1 1 1 1 1 1 1 1 1 1 1 1 1 1 1 1 1 1 1 1 1 1 1 1 1 1 1 1 1 16 15 10 12 16 16 15 10 12 16 15 10 100 12 1 1 1 1 1 100 1 100 1 1
staticfield java/lang/ThreadGroup $assertionsDisabled Z 1
ciInstanceKlass java/lang/Thread$UncaughtExceptionHandler 1 0 16 100 1 100 1 1 1 1 1 1 1 1 100 1 1 1
ciInstanceKlass java/security/AccessControlContext 1 1 374 9 7 12 1 1 1 9 12 1 1 10 100 12 1 1 1 8 1 10 100 12 1 1 1 10 7 12 1 1 1 9 12 1 9 12 1 1 9 12 1 1 10 7 12 1 1 7 1 10 12 1 11 7 12 1 1 1 11 12 1 11 12 1 11 12 1 1 7 1 11 12 1 1 10 12 1 10 7 12 1 1 1 9 100 12 1 1 1 10 7 12 1 1 1 11 100 12 1 1 1 10 7 1 100 1 8 1 10 12 1 10 12 1 1 7 1 10 7 12 1 1 1 9 12 1 9 12 1 9 12 1 9 12 1 1 9 12 1 1 9 12 1 9 12 1 10 7 12 1 1 1 9 12 1 10 12 1 1 10 12 1 1 8 1 10 12 1 1 10 12 1 1 10 7 12 1 1 1 7 1 10 10 12 1 1 10 7 12 1 1 1 10 8 1 10 7 12 1 1 8 1 10 7 12 1 1 8 1 8 1 10 12 1 8 1 10 12 1 8 1 10 12 1 10 12 1 10 12 1 1 8 1 8 1 100 1 10 12 1 10 12 1 1 100 1 10 12 1 8 1 10 12 1 10 12 1 10 8 1 10 12 1 1 10 12 1 1 10 12 1 1 10 12 1 1 10 12 1 10 12 1 11 10 12 1 10 12 1 1 10 10 10 12 1 1 1 1 1 1 1 1 1 1 1 1 1 1 1 1 1 1 1 1 1 1 1 1 100 1 1 1 1 1 1 1 1 1 1 1 1 1 1 1 1 1 1 1 1 1 1 1 1 1 1 1 1 1 1 1 1 1 1 1 1 1 1 1 1 1 1 1 1 1 1 1 1 1 1 1 1 3 1 1
instanceKlass java/lang/ThreadBuilders$BoundVirtualThread
instanceKlass java/lang/VirtualThread
ciInstanceKlass java/lang/BaseVirtualThread 0 0 36 10 100 12 1 1 1 100 1 1 1 1 1 1 1 1 1 1 1 1 1 1 1 1 1 1 1 1 100 1 100 1 1 100 1 1
ciInstanceKlass java/lang/VirtualThread 0 0 907 9 7 12 1 1 1 10 7 12 1 1 1 10 100 12 1 1 1 10 7 12 1 1 1 9 12 1 1 9 12 1 1 100 1 10 12 1 9 12 1 1 18 12 1 1 9 12 1 1 10 12 1 1 100 1 10 12 1 10 12 1 1 10 12 1 1 10 12 1 1 10 12 1 10 7 12 1 10 12 1 10 12 1 10 12 1 10 12 1 11 100 12 1 1 1 100 1 10 12 1 1 10 100 12 1 1 1 10 100 12 1 1 1 10 12 1 100 1 10 10 12 1 10 12 1 1 9 12 1 1 10 12 1 1 9 12 1 1 10 12 1 9 12 1 1 9 12 1 100 1 10 10 12 1 10 100 12 1 1 10 9 10 10 12 1 1 10 12 1 1 10 100 12 1 1 10 100 1 10 9 10 10 12 1 7 1 10 12 1 1 10 12 1 10 12 1 10 12 1 1 9 12 1 10 12 1 10 12 1 9 12 1 1 10 12 1 10 12 1 9 12 1 1 10 12 1 10 12 1 10 12 1 11 100 12 1 1 10 12 1 1 10 12 1 1 10 12 1 1 9 12 1 10 100 1 10 12 1 1 10 12 1 1 10 12 1 10 12 1 10 12 1 10 12 9 12 1 1 10 100 12 1 1 10 12 1 10 12 1 1 10 100 12 1 1 10 12 1 100 1 8 1 10 12 1 10 12 1 1 10 12 1 10 12 1 10 100 12 1 1 10 12 1 10 12 1 1 10 12 1 10 12 1 1 10 7 12 1 1 10 12 1 1 10 12 1 1 100 1 10 10 12 1 7 1 9 12 1 1 10 7 12 1 1 10 9 12 1 1 18 9 100 12 1 1 1 11 100 12 1 1 1 11 100 1 11 12 10 12 1 10 12 1 1 10 12 1 100 1 10 10 12 1 10 12 1 1 10 12 1 1 10 12 1 10 12 1 10 12 1 9 12 1 1 11 100 12 1 1 10 12 9 100 12 1 1 1 9 12 1 10 12 1 1 9 12 1 9 12 1 9 12 1 7 1 10 10 12 1 1 10 12 1 10 12 7 1 7 1 10 8 1 10 12 1 1 10 12 1 10 12 1 10 10 12 1 8 1 10 10 12 1 10 12 1 10 7 12 1 1 8 1 8 1 10 9 100 12 1 1 1 10 12 1 1 10 12 1 10 10 10 12 9 12 1 10 12 1 1 9 12 1 10 12 1 1 9 12 1 10 12 1 1 18 12 1 1 18 12 1 10 7 12 1 1 1 8 1 10 100 12 1 1 1 10 7 12 1 1 1 18 12 1 10 100 12 1 1 1 100 1 10 12 1 8 1 10 12 1 8 1 10 12 1 1 8 1 8 1 10 100 12 1 1 8 1 10 12 1 8 1 8 1 10 100 12 1 1 1 10 12 1 10 12 1 1 10 12 1 18 12 1 1 18 12 1 1 5 0 9 12 1 10 12 1 18 12 1 100 1 10 12 10 7 12 1 1 10 12 1 1 7 1 8 1 10 10 12 1 10 12 1 1 10 12 1 9 12 1 8 10 12 1 1 8 8 9 12 1 8 10 12 1 1 3 1 3 1 3 1 3 1 3 1 3 1 3 1 3 1 3 1 3 1 3 1 3 3 1 3 1 1 1 1 1 1 1 1 1 1 1 1 1 1 7 1 1 1 1 1 1 1 1 1 1 1 1 1 1 7 1 1 1 1 1 1 1 1 1 1 1 7 1 1 1 1 1 1 1 1 1 1 1 1 1 1 1 1 1 1 1 1 1 1 1 1 1 1 1 1 1 1 1 1 1 1 1 1 1 1 1 100 1 1 1 1 1 1 1 1 1 1 1 1 1 1 1 1 1 1 1 1 1 1 1 1 1 1 1 1 1 1 1 1 1 1 1 100 1 1 1 1 1 1 1 1 1 1 1 1 1 1 100 1 1 16 15 10 12 15 16 15 10 12 16 15 10 12 16 16 15 10 12 16 15 10 12 16 15 10 12 16 15 10 12 16 1 15 10 100 12 1 1 1 1 1 1 1 7 1 1 100 1 100 1 1
ciInstanceKlass java/lang/ThreadBuilders$BoundVirtualThread 0 0 132 10 7 12 1 1 1 9 7 12 1 1 1 10 7 12 1 1 1 9 12 1 1 10 12 1 1 10 12 1 1 9 12 1 1 10 7 12 1 1 1 10 12 1 1 7 1 8 1 10 12 1 10 12 1 1 10 12 1 1 10 12 1 1 10 7 12 1 1 1 8 1 10 12 1 8 1 10 12 1 1 10 100 12 1 1 9 100 12 1 1 1 10 12 1 1 10 10 12 1 1 1 1 1 1 1 1 1 1 1 1 1 1 1 1 1 1 1 1 1 1 1 1 1 1 1 1 100 1 1 1 1
ciInstanceKlass jdk/internal/vm/ContinuationScope 0 0 50 10 100 12 1 1 1 10 100 12 1 1 1 100 1 9 100 12 1 1 1 10 12 1 1 10 100 12 1 1 1 10 12 1 1 10 12 1 1 1 1 1 1 1 1 1 1 1 1 1
ciInstanceKlass jdk/internal/vm/StackChunk 0 0 32 10 100 12 1 1 1 9 100 12 1 1 1 9 12 1 1 9 12 1 1 1 1 1 1 1 1 1 1 1 1 1
ciInstanceKlass java/lang/Float 1 1 279 7 1 7 1 10 100 12 1 1 1 10 100 12 1 1 1 4 7 1 10 12 1 1 10 12 1 1 8 1 8 1 10 7 12 1 1 1 10 12 1 1 10 12 1 1 10 7 1 4 10 7 12 1 1 9 12 1 1 10 12 1 1 10 12 1 10 10 12 1 1 10 12 1 10 12 1 3 3 100 1 4 4 4 3 10 12 1 1 9 12 1 1 100 1 10 3 3 4 4 10 12 1 3 3 3 10 12 1 1 10 12 1 1 10 12 1 10 100 12 1 1 1 10 12 1 1 10 12 1 1 10 7 12 1 1 1 8 1 10 12 1 1 9 12 1 1 7 1 7 1 7 1 1 1 1 4 1 4 1 1 1 4 1 1 3 1 3 1 3 1 3 1 3 1 1 1 1 5 0 1 1 1 1 1 1 1 1 1 1 100 1 1 1 1 1 1 1 1 1 1 1 1 1 3 1 1 1 1 1 1 1 1 1 1 1 1 1 1 1 1 1 1 1 1 1 1 1 1 1 1 1 1 1 1 1 1 1 1 1 1 1 1 1 1 1 1 1 1 1 1 1 1 1 1 1 1 1 1 1 1 1 1 1 1 1 7 1 1 1 1 1 1 1 100 1 100 1 1
staticfield java/lang/Float TYPE Ljava/lang/Class; java/lang/Class
staticfield java/lang/Float $assertionsDisabled Z 1
ciInstanceKlass java/lang/Double 1 1 290 7 1 7 1 10 100 12 1 1 1 10 12 1 1 10 7 1 10 12 1 1 10 7 12 1 1 1 6 0 8 1 10 12 1 1 8 1 10 12 1 1 8 1 6 0 10 12 1 1 100 1 5 0 5 0 8 1 8 1 10 7 12 1 1 1 10 7 12 1 1 1 8 1 10 12 1 1 8 1 8 1 8 1 10 12 1 1 10 12 1 10 12 1 1 10 12 1 10 12 1 10 12 1 1 10 12 1 10 7 1 6 0 10 7 12 1 1 9 12 1 1 10 12 1 10 12 1 10 12 1 10 12 1 10 12 1 5 0 10 12 1 1 10 12 1 10 12 1 10 100 12 1 1 1 10 12 1 1 10 12 1 1 8 1 10 7 12 1 1 1 9 12 1 1 7 1 7 1 7 1 1 1 6 0 1 6 0 1 6 0 1 1 1 6 0 1 1 3 1 3 1 3 1 3 1 3 1 1 1 1 5 0 1 1 1 1 1 1 1 1 1 1 1 1 1 1 1 1 7 1 1 1 1 1 1 1 1 1 1 1 1 3 1 1 1 1 1 1 1 1 1 1 1 1 1 1 1 1 1 1 1 1 1 1 1 1 1 1 1 1 1 1 1 1 1 1 7 1 1 1 1 1 1 1 100 1 100 1 1
staticfield java/lang/Double TYPE Ljava/lang/Class; java/lang/Class
ciInstanceKlass java/lang/Byte 1 1 213 7 1 100 1 10 7 12 1 1 1 9 12 1 1 8 1 9 12 1 1 7 1 10 12 1 1 10 12 1 1 10 100 12 1 1 1 10 100 12 1 1 1 9 7 12 1 1 1 10 12 1 1 100 1 7 1 10 12 1 1 8 1 10 12 1 1 8 1 10 12 1 10 12 1 10 12 1 10 12 1 1 10 12 1 10 12 1 10 12 1 1 10 8 1 8 1 10 7 1 9 12 1 1 10 12 1 1 10 12 1 1 10 12 1 1 10 12 1 5 0 10 12 1 1 8 1 10 7 12 1 1 1 9 12 1 1 7 1 7 1 1 1 3 1 3 1 1 1 1 3 1 3 1 1 5 0 1 1 1 1 1 1 1 1 1 1 1 1 1 1 1 1 1 1 1 1 1 1 1 1 1 1 1 1 1 1 1 1 1 1 1 1 1 1 1 1 1 1 1 1 1 1 1 1 1 1 1 1 1 1 1 1
staticfield java/lang/Byte TYPE Ljava/lang/Class; java/lang/Class
ciInstanceKlass java/lang/Short 1 1 222 7 1 7 1 100 1 10 7 12 1 1 1 10 12 1 1 100 1 7 1 10 12 1 1 8 1 10 12 1 1 8 1 10 12 1 10 12 1 10 12 1 10 12 1 1 10 12 1 1 10 12 1 9 12 1 1 8 1 9 12 1 1 7 1 10 12 1 1 10 12 1 10 100 12 1 1 1 10 100 12 1 1 1 9 7 12 1 1 1 10 12 1 10 12 1 1 10 8 1 8 1 10 7 1 9 12 1 1 10 12 1 1 10 12 1 1 10 12 1 1 10 12 1 3 3 5 0 10 12 1 1 8 1 10 7 12 1 1 1 9 12 1 1 7 1 7 1 1 1 3 1 3 1 1 1 1 3 1 3 1 1 5 0 1 1 1 1 1 1 1 1 1 1 1 1 1 1 1 1 1 1 1 1 1 1 1 1 1 1 1 3 1 1 1 1 1 1 1 1 1 1 1 1 1 1 1 1 1 1 1 1 1 1 1 1 1 1 1 1 1 1
staticfield java/lang/Short TYPE Ljava/lang/Class; java/lang/Class
ciInstanceKlass java/lang/Long 1 1 524 7 1 7 1 7 1 7 1 10 12 1 1 9 12 1 1 9 7 12 1 1 1 10 100 12 1 1 1 10 12 1 1 10 100 12 1 1 1 10 10 12 10 12 1 10 12 1 10 12 1 5 0 5 0 7 1 10 12 1 1 10 12 1 1 10 12 1 10 12 1 10 12 1 10 12 1 1 10 100 12 1 1 10 12 1 10 12 1 1 10 12 1 1 10 12 1 1 10 12 1 1 10 7 12 1 1 1 10 12 1 1 10 12 1 10 12 1 10 12 1 10 12 1 1 10 10 12 1 5 0 5 0 9 12 1 1 9 12 1 5 0 7 1 8 1 10 12 1 8 1 10 12 1 8 1 8 1 10 12 1 1 5 0 10 12 1 1 5 0 10 12 1 1 10 12 1 1 10 100 12 1 1 1 11 7 1 10 12 1 1 11 10 12 1 1 8 1 10 12 1 1 8 1 7 1 10 12 1 1 10 12 1 8 1 8 1 11 12 1 1 10 12 1 10 12 1 10 12 1 5 0 5 0 9 7 12 1 1 1 10 12 1 10 12 1 1 8 1 8 1 10 12 1 1 8 1 8 1 8 1 8 1 8 1 8 1 10 12 1 10 7 1 9 12 1 1 10 12 1 10 12 1 1 10 12 1 1 10 7 12 1 1 1 100 1 100 1 10 12 1 1 10 12 1 1 5 0 10 12 1 10 12 1 5 0 5 0 5 0 10 12 1 1 10 12 1 5 0 5 0 10 12 1 10 12 1 10 100 12 1 1 1 10 12 1 1 10 12 1 1 8 1 10 7 12 1 1 1 9 12 1 1 7 1 7 1 7 1 1 1 1 5 0 1 1 1 1 3 1 3 1 5 0 1 1 1 1 1 1 1 1 1 100 1 1 1 1 1 1 1 1 1 1 1 1 1 1 1 1 1 1 1 1 1 1 1 1 1 1 1 1 1 1 1 1 1 1 1 1 1 1 1 1 1 1 1 1 1 1 1 1 1 1 1 1 1 1 1 3 1 1 1 1 1 1 1 1 1 1 1 1 1 1 1 7 1 1 1 1 1 1 1 1 1 1 1 1 1 1 1 1 1 1 1 1 1 1 1 1 1 1 1 1 1 1 1 1 1 1 1 1 1 1 1 1 1 1 1 7 1 1 1 1 1 1 1 1 1 100 1 100 1 1
staticfield java/lang/Long TYPE Ljava/lang/Class; java/lang/Class
ciMethod java/lang/Long valueOf (J)Ljava/lang/Long; 518 0 5382 0 -1
ciInstanceKlass jdk/internal/vm/vector/VectorSupport 0 0 573 100 1 10 100 12 1 1 1 9 12 1 1 10 12 1 1 100 1 10 12 1 11 100 12 1 1 1 11 100 12 1 1 1 11 100 12 1 1 11 100 12 1 1 11 100 12 1 1 1 11 100 12 1 1 11 100 12 1 1 11 100 12 1 1 11 100 12 1 1 11 100 12 1 1 11 100 12 1 1 11 100 12 1 1 1 11 100 12 1 1 11 100 12 1 1 1 11 100 12 1 1 1 11 100 12 1 1 11 100 12 1 1 1 11 100 12 1 1 100 1 10 12 1 1 11 100 12 1 1 11 100 12 1 1 11 100 12 1 1 11 100 12 1 1 11 100 12 1 1 11 100 12 1 1 9 12 1 1 10 100 12 1 1 11 100 12 1 1 10 12 1 1 10 100 12 1 1 1 10 12 1 10 12 1 1 10 12 1 1 1 1 1 3 1 3 1 3 1 3 1 3 1 3 1 3 1 3 1 3 1 3 1 3 1 3 1 3 1 3 1 3 1 3 1 3 1 3 1 3 1 3 1 3 1 3 1 3 1 3 1 3 1 3 1 3 1 3 1 3 1 3 1 3 1 3 1 3 1 3 1 3 1 3 1 3 1 3 1 3 1 3 1 3 1 3 1 3 1 3 1 3 1 3 1 3 1 3 1 3 1 3 1 3 1 3 1 3 1 1 1 1 1 1 1 1 1 1 1 1 1 1 1 1 1 1 1 1 1 1 1 1 1 1 1 1 1 1 1 1 1 1 1 1 1 1 1 1 1 1 1 1 1 1 1 1 1 1 1 1 1 1 1 1 1 1 1 1 1 1 1 1 1 1 1 1 1 1 1 1 1 1 1 1 1 1 1 1 1 1 1 1 1 1 1 1 1 1 1 1 1 1 1 1 1 1 1 1 1 1 1 1 1 1 1 1 1 1 1 1 1 1 1 1 1 1 1 1 1 1 1 1 1 1 1 1 1 1 1 1 1 1 1 1 1 1 1 1 1 1 1 1 1 1 1 1 1 1 1 1 1 1 1 1 1 1 1 1 1 1 1 1 1 1 1 1 1 1 1 1 1 1 1 1 1 1 1 1 1 1 1 1 1 1 1 1 1 1 1 1 1 1 1 1 1 1 1 1 1 1 1 1 1 1 1 1 1 1 1 1 1 1 1 1 1 1 1 1 1 1 1 1 1 1 1 1 1 1 1 1 1 1 1 100 1 100 1 100 1 100 1 100 1 1 1 1 1 1 1 1 1 1 1 1 1 1 1 1 1 1 1 1 1 1 1 1 1 1 1 1 1 1 1
instanceKlass jdk/internal/vm/vector/VectorSupport$VectorShuffle
instanceKlass jdk/internal/vm/vector/VectorSupport$VectorMask
instanceKlass jdk/internal/vm/vector/VectorSupport$Vector
ciInstanceKlass jdk/internal/vm/vector/VectorSupport$VectorPayload 0 0 32 10 100 12 1 1 1 9 100 12 1 1 1 10 100 12 1 1 1 1 1 1 1 1 1 1 1 1 1 1 1 1
ciInstanceKlass jdk/internal/vm/vector/VectorSupport$Vector 0 0 28 10 100 12 1 1 1 100 1 1 1 1 1 1 1 1 1 1 1 1 1 1 1 100 1 1 1 1
ciInstanceKlass jdk/internal/vm/vector/VectorSupport$VectorMask 0 0 28 10 100 12 1 1 1 100 1 1 1 1 1 1 1 1 1 1 1 1 1 1 1 100 1 1 1 1
ciInstanceKlass jdk/internal/vm/vector/VectorSupport$VectorShuffle 0 0 28 10 100 12 1 1 1 100 1 1 1 1 1 1 1 1 1 1 1 1 1 1 1 100 1 1 1 1
ciInstanceKlass jdk/internal/vm/FillerObject 0 0 16 10 100 12 1 1 1 100 1 1 1 1 1 1 1 1
instanceKlass java/lang/ref/PhantomReference
instanceKlass java/lang/ref/FinalReference
instanceKlass java/lang/ref/WeakReference
instanceKlass java/lang/ref/SoftReference
ciInstanceKlass java/lang/ref/Reference 1 1 190 9 7 12 1 1 1 9 7 12 1 1 10 12 1 1 10 12 1 1 9 12 1 1 10 12 1 1 9 12 1 1 9 12 1 1 7 1 10 12 1 10 7 12 1 1 10 12 1 10 12 1 1 10 12 1 7 1 8 1 10 12 1 1 7 1 10 12 1 1 10 12 1 1 10 12 1 9 12 1 10 12 1 1 10 12 1 10 12 1 9 12 1 7 1 100 1 10 12 9 12 1 9 12 1 100 1 10 10 12 1 10 10 7 12 1 1 7 1 10 10 7 12 1 1 1 1 1 1 1 1 1 1 1 1 1 1 1 1 1 1 1 7 1 1 1 100 1 1 1 1 1 1 1 1 1 1 1 1 1 1 1 1 1 1 1 1 1 1 1 1 1 1 1 1 1 1 1 1 1 1 1 7 1 7 1 7 1 1 1
staticfield java/lang/ref/Reference processPendingLock Ljava/lang/Object; java/lang/Object
staticfield java/lang/ref/Reference $assertionsDisabled Z 1
ciMethod java/lang/ref/Reference get ()Ljava/lang/Object; 0 0 1 0 -1
ciMethod java/lang/ref/Reference <init> (Ljava/lang/Object;)V 794 0 18010 0 0
ciMethod java/lang/ref/Reference <init> (Ljava/lang/Object;Ljava/lang/ref/ReferenceQueue;)V 512 0 40439 0 536
instanceKlass sun/security/util/MemoryCache$SoftCacheEntry
instanceKlass sun/font/FontDesignMetrics$KeyReference
instanceKlass sun/font/StrikeCache$SoftDisposerRef
instanceKlass java/io/ClassCache$CacheRef
instanceKlass com/formdev/flatlaf/util/SoftCache$CacheReference
instanceKlass sun/util/locale/provider/LocaleResources$ResourceReference
instanceKlass sun/util/resources/Bundles$BundleReference
instanceKlass java/util/ResourceBundle$BundleReference
instanceKlass sun/util/locale/LocaleObjectCache$CacheEntry
instanceKlass java/lang/invoke/LambdaFormEditor$Transform
ciInstanceKlass java/lang/ref/SoftReference 1 1 47 10 7 12 1 1 1 9 7 12 1 1 1 9 12 1 10 12 1 10 12 1 1 1 1 1 1 1 1 1 1 1 1 1 1 1 1 1 1 1 1 100 1 1 1 1 1
instanceKlass javax/crypto/JceSecurity$WeakIdentityWrapper
instanceKlass javax/swing/ActionPropertyChangeListener$OwnedWeakReference
instanceKlass javax/swing/plaf/metal/MetalLookAndFeel$AATextListener
instanceKlass sun/awt/WeakIdentityHashMap$WeakKey
instanceKlass sun/java2d/ReentrantContextProvider$HardReference
instanceKlass javax/swing/text/DefaultStyledDocument$AbstractChangeHandler$DocReference
instanceKlass javax/swing/text/GapContent$MarkData
instanceKlass sun/rmi/transport/WeakRef
instanceKlass java/util/logging/LogManager$LoggerWeakRef
instanceKlass java/util/logging/Level$KnownLevel
instanceKlass java/lang/WeakPairMap$WeakRefPeer
instanceKlass java/lang/ClassValue$Entry
instanceKlass com/sun/jmx/mbeanserver/WeakIdentityHashMap$IdentityWeakReference
instanceKlass java/util/ResourceBundle$KeyElementReference
instanceKlass java/lang/ThreadLocal$ThreadLocalMap$Entry
instanceKlass jdk/internal/util/WeakReferenceKey
instanceKlass java/util/WeakHashMap$Entry
ciInstanceKlass java/lang/ref/WeakReference 1 1 31 10 7 12 1 1 1 10 12 1 100 1 1 1 1 1 1 1 1 1 1 1 1 1 1 1 1 1 1 1 1
ciMethod java/lang/ref/WeakReference <init> (Ljava/lang/Object;)V 534 0 13042 0 536
instanceKlass java/lang/ref/Finalizer
ciInstanceKlass java/lang/ref/FinalReference 1 1 50 10 7 12 1 1 1 10 7 12 1 1 1 10 12 1 1 7 1 8 1 10 12 1 1 1 1 1 1 1 1 1 1 1 1 1 1 1 1 1 1 1 1 1 1 1 1 1 7 1
instanceKlass jdk/internal/ref/PhantomCleanable
instanceKlass jdk/internal/ref/Cleaner
ciInstanceKlass java/lang/ref/PhantomReference 1 1 39 10 100 12 1 1 1 10 7 12 1 1 1 1 1 1 1 1 1 1 1 1 1 1 1 1 1 1 1 1 1 1 1 1 1 1 1 1 1
ciInstanceKlass java/lang/ref/Finalizer 1 1 155 9 7 12 1 1 1 10 7 12 1 1 1 9 12 1 1 9 12 1 1 9 12 1 9 12 1 9 12 1 1 10 12 1 7 1 8 1 10 12 1 10 12 1 1 9 12 1 100 1 10 12 1 7 1 11 7 12 1 1 10 12 1 7 1 10 12 1 100 1 10 12 1 10 7 12 1 1 1 10 100 12 1 1 1 100 1 10 10 12 1 7 1 10 12 1 7 1 10 12 1 1 10 12 1 1 10 12 1 10 7 12 1 1 1 7 1 10 7 1 10 10 12 1 1 1 1 1 1 1 1 1 1 1 1 1 1 1 1 1 1 1 1 1 1 1 1 1 1 1 1 1 1 1 1
staticfield java/lang/ref/Finalizer lock Ljava/lang/Object; java/lang/Object
staticfield java/lang/ref/Finalizer ENABLED Z 1
staticfield java/lang/ref/Finalizer $assertionsDisabled Z 1
instanceKlass com/google/common/base/AbstractIterator$State
instanceKlass com/google/api/client/googleapis/media/MediaHttpDownloader$DownloadState
instanceKlass java/lang/StackStreamFactory$WalkerState
instanceKlass java/lang/StackWalker$ExtendedOption
instanceKlass javax/swing/event/RowSorterEvent$Type
instanceKlass sun/security/ssl/Alert$Level
instanceKlass sun/security/ssl/Alert
instanceKlass javax/swing/JTable$PrintMode
instanceKlass com/google/auth/oauth2/OAuth2Credentials$CacheState
instanceKlass com/google/api/client/http/UriTemplate$CompositeOutput
instanceKlass com/google/common/base/StandardSystemProperty
instanceKlass javax/swing/SwingWorker$StateValue
instanceKlass java/time/DayOfWeek
instanceKlass io/opencensus/trace/Status$CanonicalCode
instanceKlass java/lang/invoke/MethodHandleImpl$ArrayAccess
instanceKlass javax/net/ssl/SSLEngineResult$HandshakeStatus
instanceKlass sun/security/ssl/Finished$VerifyDataScheme
instanceKlass java/time/Month
instanceKlass sun/security/validator/CADistrustPolicy
instanceKlass jdk/internal/icu/util/CodePointTrie$ValueWidth
instanceKlass jdk/internal/icu/util/CodePointTrie$Type
instanceKlass java/text/Normalizer$Form
instanceKlass sun/security/ssl/SSLTrafficKeyDerivation$KeySchedule
instanceKlass sun/security/ssl/SSLTrafficKeyDerivation
instanceKlass sun/security/ssl/SSLSecretDerivation$SecretSchedule
instanceKlass sun/security/ssl/ContentType
instanceKlass sun/security/ssl/SSLKeyExchange$T12KeyAgreement
instanceKlass sun/security/ssl/PskKeyExchangeModesExtension$PskKeyExchangeMode
instanceKlass sun/security/ssl/ECPointFormatsExtension$ECPointFormat
instanceKlass sun/security/ssl/CertStatusExtension$CertStatusRequestType
instanceKlass sun/security/ssl/SSLExtension
instanceKlass sun/security/ssl/SignatureScheme$SigAlgParamSpec
instanceKlass sun/security/ssl/SignatureScheme
instanceKlass sun/security/ssl/ClientAuthType
instanceKlass sun/security/ssl/SSLHandshake
instanceKlass io/opencensus/trace/MessageEvent$Type
instanceKlass sun/net/www/protocol/http/HttpURLConnection$TunnelState
instanceKlass sun/security/ssl/NamedGroup
instanceKlass sun/security/ssl/NamedGroup$NamedGroupSpec
instanceKlass sun/security/ssl/CipherSuite$KeyExchange
instanceKlass sun/security/ssl/CipherSuite$MacAlg
instanceKlass sun/security/ssl/CipherSuite$HashAlg
instanceKlass java/nio/file/AccessMode
instanceKlass sun/security/ssl/CipherType
instanceKlass sun/security/ssl/SSLCipher
instanceKlass sun/security/ssl/CipherSuite
instanceKlass java/util/stream/MatchOps$MatchKind
instanceKlass java/security/CryptoPrimitive
instanceKlass sun/security/ssl/SSLScope
instanceKlass sun/security/util/DisabledAlgorithmConstraints$Constraint$Operator
instanceKlass sun/security/ssl/ProtocolVersion
instanceKlass io/opencensus/trace/Span$Options
instanceKlass com/google/common/util/concurrent/DirectExecutor
instanceKlass sun/security/rsa/RSAUtil$KeyType
instanceKlass com/google/api/client/util/GenericData$Flags
instanceKlass com/google/api/client/json/JsonToken
instanceKlass java/util/Comparators$NaturalOrderComparator
instanceKlass com/google/gson/stream/JsonToken
instanceKlass com/google/gson/LongSerializationPolicy
instanceKlass com/google/gson/ToNumberPolicy
instanceKlass com/google/gson/FieldNamingPolicy
instanceKlass java/nio/file/StandardCopyOption
instanceKlass java/awt/event/FocusEvent$Cause
instanceKlass java/awt/MultipleGradientPaint$ColorSpaceType
instanceKlass java/awt/MultipleGradientPaint$CycleMethod
instanceKlass sun/java2d/marlin/DMarlinRenderingEngine$NormMode
instanceKlass java/awt/Dialog$ModalityType
instanceKlass javax/swing/text/html/StyleSheet$BoxPainter$HorizontalMargin
instanceKlass driverecovery/ProgressTracker$LogLevel
instanceKlass java/awt/Component$BaselineResizeBehavior
instanceKlass java/time/format/TextStyle
instanceKlass java/time/format/DateTimeFormatterBuilder$SettingsParser
instanceKlass java/time/format/ResolverStyle
instanceKlass java/time/format/SignStyle
instanceKlass java/time/temporal/JulianFields$Field
instanceKlass java/time/temporal/IsoFields$Unit
instanceKlass java/time/temporal/IsoFields$Field
instanceKlass java/math/RoundingMode
instanceKlass javax/swing/text/PlainView$FPMethodArgs
instanceKlass javax/swing/ClientPropertyKey
instanceKlass javax/swing/DropMode
instanceKlass com/sun/beans/util/Cache$Kind
instanceKlass java/awt/Dialog$ModalExclusionType
instanceKlass java/security/DrbgParameters$Capability
instanceKlass sun/security/util/KnownOIDs
instanceKlass java/lang/StackWalker$Option
instanceKlass java/io/ObjectInputFilter$Status
instanceKlass com/sun/management/VMOption$Origin
instanceKlass com/sun/management/HotSpotDiagnosticMXBean$ThreadDumpFormat
instanceKlass java/util/Locale$Category
instanceKlass java/lang/management/MemoryType
instanceKlass java/lang/reflect/ProxyGenerator$PrimitiveTypeInfo
instanceKlass com/formdev/flatlaf/UIDefaultsLoader$ValueType
instanceKlass java/lang/annotation/RetentionPolicy
instanceKlass java/lang/annotation/ElementType
instanceKlass com/formdev/flatlaf/FlatIconColors
instanceKlass com/sun/java/swing/plaf/windows/TMSchema$Control
instanceKlass com/sun/java/swing/plaf/windows/TMSchema$Part
instanceKlass java/time/temporal/ChronoUnit
instanceKlass java/time/temporal/ChronoField
instanceKlass java/awt/EventFilter$FilterAction
instanceKlass sun/awt/AppContext$State
instanceKlass java/util/regex/Pattern$Qtype
instanceKlass sun/util/locale/provider/LocaleProviderAdapter$Type
instanceKlass java/awt/desktop/UserSessionEvent$Reason
instanceKlass sun/awt/OSInfo$OSType
instanceKlass sun/java2d/StateTrackable$State
instanceKlass java/awt/Window$Type
instanceKlass sun/font/EAttribute
instanceKlass jdk/internal/logger/BootstrapLogger$LoggingBackend
instanceKlass java/lang/System$Logger$Level
instanceKlass sun/util/logging/PlatformLogger$Level
instanceKlass java/net/Proxy$Type
instanceKlass java/net/StandardProtocolFamily
instanceKlass jdk/internal/util/OperatingSystem
instanceKlass java/util/zip/ZipCoder$Comparison
instanceKlass java/nio/file/LinkOption
instanceKlass sun/nio/fs/WindowsPathType
instanceKlass java/util/concurrent/TimeUnit
instanceKlass java/nio/file/StandardOpenOption
instanceKlass java/util/stream/Collector$Characteristics
instanceKlass java/util/stream/StreamShape
instanceKlass java/lang/invoke/MethodHandles$Lookup$ClassOption
instanceKlass java/lang/invoke/VarHandle$AccessType
instanceKlass java/lang/invoke/VarHandle$AccessMode
instanceKlass java/lang/invoke/MethodHandleImpl$Intrinsic
instanceKlass java/lang/invoke/LambdaForm$BasicType
instanceKlass java/lang/invoke/LambdaForm$Kind
instanceKlass sun/invoke/util/Wrapper
instanceKlass java/util/stream/StreamOpFlag$Type
instanceKlass java/util/stream/StreamOpFlag
instanceKlass java/io/File$PathStatus
instanceKlass java/lang/module/ModuleDescriptor$Requires$Modifier
instanceKlass java/lang/reflect/AccessFlag$Location
instanceKlass java/lang/reflect/AccessFlag
instanceKlass java/lang/module/ModuleDescriptor$Modifier
instanceKlass java/lang/reflect/ClassFileFormatVersion
instanceKlass java/lang/Thread$State
ciInstanceKlass java/lang/Enum 1 1 204 9 7 12 1 1 1 9 12 1 1 10 7 12 1 1 1 9 12 1 10 7 12 1 1 1 100 1 10 10 12 1 1 10 12 1 7 1 10 10 7 12 1 1 10 12 1 1 18 12 1 1 10 100 12 1 1 1 10 12 1 1 11 7 12 1 1 1 100 1 8 1 10 12 1 100 1 7 1 10 8 1 10 12 1 1 10 12 1 1 8 1 10 12 1 10 100 1 8 1 10 10 12 1 1 10 100 12 1 1 1 7 1 7 1 7 1 1 1 1 1 1 1 1 1 1 1 1 1 1 1 1 1 1 1 1 1 1 1 1 1 1 1 1 1 1 1 1 1 1 1 1 1 1 1 1 1 1 1 1 1 1 1 3 1 1 1 1 100 1 7 1 1 100 1 1 1 1 1 1 1 1 1 1 1 16 15 10 12 16 15 10 100 12 1 1 1 1 1 100 1 100 1 1
ciMethod java/lang/Enum equals (Ljava/lang/Object;)Z 516 0 5488 0 96
instanceKlass java/lang/ref/ReferenceQueue$Null
instanceKlass java/lang/ref/NativeReferenceQueue
ciInstanceKlass java/lang/ref/ReferenceQueue 1 1 183 9 7 12 1 1 1 11 7 12 1 1 1 11 12 1 9 7 12 1 1 1 11 12 1 10 7 12 1 1 9 12 1 1 7 1 10 9 12 1 1 10 12 1 1 9 7 12 1 1 1 9 12 1 9 12 1 9 12 1 1 100 1 10 9 12 1 1 9 12 1 7 1 10 100 12 1 1 1 10 12 1 10 12 1 1 10 7 12 1 1 1 10 12 1 5 0 10 10 12 10 12 1 1 10 12 1 10 12 1 1 100 1 8 1 10 12 1 10 12 1 10 12 1 1 10 12 11 100 12 1 1 1 10 7 12 1 1 7 1 10 1 1 1 1 1 1 1 1 1 1 100 1 1 1 1 1 1 1 1 1 1 1 1 1 1 1 7 1 1 1 1 1 1 1 1 1 1 1 1 1 1 1
staticfield java/lang/ref/ReferenceQueue NULL Ljava/lang/ref/ReferenceQueue; java/lang/ref/ReferenceQueue$Null
staticfield java/lang/ref/ReferenceQueue ENQUEUED Ljava/lang/ref/ReferenceQueue; java/lang/ref/ReferenceQueue$Null
staticfield java/lang/ref/ReferenceQueue $assertionsDisabled Z 1
ciInstanceKlass java/lang/reflect/Method 1 1 472 9 7 12 1 1 1 10 7 12 1 1 1 10 7 12 1 1 9 12 1 1 10 12 1 1 10 12 1 1 10 7 12 1 1 10 7 12 1 1 1 9 12 1 1 9 12 1 9 12 1 1 9 12 1 9 12 1 9 12 1 1 9 12 1 9 12 1 1 9 12 1 9 12 1 9 12 1 1 100 1 8 1 10 12 1 10 12 1 9 12 1 1 8 1 10 7 12 1 1 10 7 12 1 1 1 10 12 1 1 10 12 1 1 10 12 1 10 12 1 1 10 12 1 1 9 100 12 1 1 1 10 12 1 1 10 12 10 7 12 1 1 10 12 1 1 10 12 1 10 12 1 10 12 1 10 7 12 1 1 1 10 12 1 1 10 7 1 10 7 12 1 1 1 10 7 12 1 1 10 12 1 1 10 12 1 1 10 12 1 10 7 12 1 1 1 10 12 1 10 8 1 10 12 1 10 12 1 7 1 8 1 8 1 8 1 10 12 1 10 12 1 1 10 12 1 1 10 10 12 1 1 10 12 1 11 7 1 10 12 1 9 12 1 1 10 12 1 1 10 12 1 10 12 1 1 10 12 1 1 11 7 12 1 1 1 11 12 1 9 12 1 1 10 12 1 10 12 1 10 12 1 10 12 1 10 12 1 10 12 1 9 12 1 1 10 7 12 1 1 1 10 7 12 1 1 10 12 1 1 10 7 12 1 1 1 10 7 12 1 1 1 10 7 12 1 1 1 11 7 12 1 1 1 10 7 12 1 1 1 7 1 100 1 100 1 10 12 1 10 12 1 1 10 12 1 100 1 8 1 10 12 1 10 10 12 1 1 10 12 1 1 10 12 1 1 10 12 1 1 8 1 10 12 1 1 1 1 1 1 1 1 1 1 1 1 1 1 1 1 1 1 1 1 1 1 1 1 1 1 1 1 1 1 1 1 1 1 1 1 1 1 1 1 1 1 1 1 1 1 1 1 1 1 1 1 1 100 1 100 1 100 1 1 1 1 1 1 1 1 1 1 1 1 1 1 1 1 1 1 1 1 1 1 1 1 1 1 1 1 1 1
ciInstanceKlass java/lang/reflect/Field 1 1 457 9 7 12 1 1 1 10 12 1 1 10 7 12 1 1 1 10 7 12 1 1 9 12 1 1 10 12 1 1 10 12 1 1 10 7 12 1 1 10 7 12 1 1 1 9 12 1 1 9 12 1 9 12 1 9 12 1 1 9 12 1 1 9 12 1 9 12 1 1 9 12 1 1 100 1 8 1 10 12 1 10 12 1 9 12 1 1 9 12 1 10 12 1 10 7 12 1 1 10 12 1 1 10 12 1 1 10 12 1 10 12 1 1 9 100 12 1 1 1 10 100 12 1 1 1 7 1 10 12 1 1 10 12 1 1 10 12 1 1 10 12 1 10 12 1 10 7 1 10 7 12 1 1 7 1 10 8 1 10 12 1 1 10 12 1 1 8 1 10 12 10 12 1 8 1 8 1 10 11 7 1 9 12 1 10 12 1 1 10 12 1 1 11 7 12 1 1 1 10 12 1 11 12 1 1 11 12 1 1 11 12 1 1 11 12 1 1 11 12 1 1 11 12 1 1 11 12 1 1 11 12 1 1 11 12 1 1 11 12 1 1 11 12 1 1 11 12 1 1 11 12 1 1 11 12 1 1 11 12 1 1 11 12 1 1 11 12 1 1 10 12 1 10 7 12 1 1 10 12 1 10 12 1 10 12 1 9 12 1 1 10 7 12 1 1 1 10 12 1 1 10 12 1 10 7 12 1 1 10 12 1 1 11 7 1 10 12 1 7 1 10 100 12 1 1 1 10 7 12 1 1 1 9 12 1 10 7 12 1 1 1 11 7 12 1 1 1 10 12 1 1 10 12 1 1 9 100 12 1 1 10 100 12 1 1 1 10 12 1 1 7 1 1 1 1 1 1 1 1 1 1 1 1 1 1 1 1 1 1 1 1 1 1 1 1 1 1 1 1 1 1 1 1 1 1 1 1 1 1 1 100 1 1 1 1 1 1 1 1 1 1 1 1 1 1 1 1 1 1 1 1 1 1 1 1 1 1 1 1 1 1 1 1 7 1 1 1 1 1 1 1 1 1 100 1 1
ciInstanceKlass java/lang/reflect/Parameter 0 0 243 10 7 12 1 1 1 9 7 12 1 1 1 9 12 1 1 9 12 1 1 9 12 1 10 12 1 1 10 12 1 1 10 7 12 1 1 1 7 1 10 10 12 1 1 11 7 12 1 1 1 10 12 1 10 100 12 1 1 1 10 12 1 1 10 12 1 10 12 1 8 1 8 1 10 7 12 1 1 1 10 12 1 10 12 9 100 12 1 1 1 10 100 12 1 1 1 10 12 1 8 1 10 12 1 9 12 1 1 10 12 1 1 9 12 1 1 10 12 1 1 10 12 1 1 10 12 1 1 10 12 1 10 10 12 1 10 100 12 1 1 1 10 12 1 1 11 7 12 1 1 10 7 12 1 1 7 1 10 100 12 1 1 1 10 12 1 1 10 12 1 1 10 12 1 1 10 12 1 1 9 12 1 100 1 10 11 12 1 1 11 12 1 1 7 1 1 1 1 1 1 1 1 1 1 1 1 1 1 1 1 1 1 1 1 1 1 1 1 1 1 1 1 1 1 1 1 1 1 1 1 1 1 1 1 1 100 1 1 1 1 1 1
ciInstanceKlass java/lang/reflect/RecordComponent 0 0 196 10 7 12 1 1 1 9 7 12 1 1 1 9 12 1 1 9 12 1 10 12 1 1 10 12 1 1 10 100 12 1 1 1 10 12 1 1 9 12 1 1 10 12 1 1 10 12 1 1 10 12 1 10 100 12 1 1 10 100 12 1 1 9 12 1 1 10 100 12 1 1 1 11 100 12 1 1 1 10 9 100 12 1 1 1 10 100 12 1 1 1 9 12 1 1 10 100 12 1 1 1 10 12 1 1 11 7 12 1 1 10 7 12 1 1 7 1 9 12 1 9 12 1 1 9 12 1 10 100 12 1 1 1 10 12 1 1 10 12 1 1 7 1 10 10 12 1 10 12 1 1 8 1 10 12 1 10 12 1 9 12 1 7 1 1 1 1 1 1 1 1 1 1 1 1 1 1 1 1 1 1 1 1 1 1 7 1 1 1 1 1 1 100 1 1
ciInstanceKlass java/lang/StringBuffer 1 1 483 10 7 12 1 1 1 10 12 1 10 12 1 10 12 1 1 9 7 12 1 1 1 10 12 1 1 10 12 1 10 12 1 1 9 12 1 1 10 12 1 10 12 1 1 10 12 1 1 10 12 1 10 12 1 1 10 12 1 10 12 1 1 10 12 1 1 10 7 12 1 1 1 10 12 1 1 10 12 1 10 12 1 10 12 1 10 12 1 10 12 1 10 12 1 10 12 1 10 12 1 10 12 1 10 12 1 10 12 1 10 12 1 10 12 1 10 12 1 1 10 12 1 10 12 1 1 10 12 1 1 10 10 12 1 1 10 12 1 10 12 1 10 12 1 10 12 1 10 12 1 10 12 1 10 12 10 12 1 10 12 1 10 12 1 10 12 1 1 10 12 1 10 12 1 10 10 12 1 1 10 12 1 10 12 1 10 12 1 10 10 100 12 1 1 1 10 10 12 1 1 9 12 1 1 10 100 12 1 1 10 100 1 8 10 100 12 1 1 1 8 10 12 1 8 1 10 12 1 10 12 1 10 100 12 1 1 1 10 100 12 1 1 1 7 1 10 12 100 1 8 1 10 10 12 1 1 10 12 1 1 10 12 1 10 12 1 10 12 1 1 10 12 1 10 12 1 10 12 1 10 12 1 10 12 1 10 12 10 12 1 10 12 1 10 12 1 10 12 1 10 12 1 10 12 1 10 12 1 10 12 1 10 12 1 10 12 1 10 12 10 12 10 12 1 10 12 1 10 12 1 10 12 10 12 1 10 12 1 10 12 1 10 12 1 10 12 1 10 12 1 10 12 1 10 12 1 10 12 1 10 12 1 10 12 1 7 1 10 12 1 9 7 12 1 1 1 9 7 1 9 12 1 1 7 1 7 1 7 1 7 1 1 1 1 5 0 1 1 1 1 1 1 1 1 1 1 1 1 1 1 1 1 1 1 1 1 1 1 1 1 1 1 1 1 1 1 1 1 1 1 1 1 1 1 1 1 1 1 1 1 1 1 1 1 1 1 1 1 1 1 1 1 1 1 1 1 1 100 1 1 1 1 1 7 1 1 1 1 1 1 1 1 1 1 1 1 1 1 1 1 1 1
staticfield java/lang/StringBuffer serialPersistentFields [Ljava/io/ObjectStreamField; 3 [Ljava/io/ObjectStreamField;
instanceKlass sun/reflect/misc/MethodUtil
instanceKlass jdk/internal/loader/BuiltinClassLoader
ciInstanceKlass java/security/SecureClassLoader 1 1 102 10 7 12 1 1 1 7 1 10 12 1 9 7 12 1 1 1 10 12 1 10 12 1 10 12 1 1 10 12 1 1 10 12 1 7 1 10 7 1 10 12 1 7 1 10 12 1 11 7 12 1 1 1 7 1 11 12 1 10 12 1 1 1 1 1 1 1 1 1 1 1 1 1 1 1 1 1 1 1 1 1 1 1 1 1 1 1 1 1 1 1 1 1 1 1 1 100 1 1 1 1
ciInstanceKlass java/util/jar/Manifest 1 1 339 10 7 12 1 1 1 7 1 10 9 7 12 1 1 1 7 1 10 9 12 1 1 9 12 1 1 10 12 1 10 12 1 1 10 12 1 1 10 12 1 1 10 12 1 1 11 7 1 11 12 1 1 10 12 1 1 10 100 12 1 1 1 100 1 7 1 10 8 1 10 12 1 1 10 12 1 1 10 12 1 10 12 1 11 100 1 10 12 1 10 12 1 1 11 12 1 1 10 12 1 11 12 1 1 11 100 12 1 1 1 11 7 12 1 1 11 12 1 1 100 1 10 12 1 8 1 11 12 1 7 1 10 12 1 1 11 12 1 10 12 1 10 12 1 10 7 12 1 1 1 8 1 10 12 1 1 10 9 100 12 1 1 1 10 12 1 1 10 100 12 1 10 12 1 10 12 1 9 100 12 1 1 1 8 1 10 12 1 8 1 8 1 7 1 10 12 1 10 12 1 10 12 1 1 100 1 8 1 10 12 1 1 8 1 10 10 12 1 1 8 1 10 12 1 1 10 7 12 1 1 1 10 12 1 10 11 12 1 1 10 12 1 10 100 12 1 1 1 10 12 1 1 10 12 1 10 12 1 1 11 10 12 1 11 10 12 1 7 1 1 1 1 1 1 1 1 1 1 1 1 1 1 1 1 1 1 1 1 1 1 1 1 1 1 1 1 1 1 1 1 1 1 1 1 1 1 1 1 1 1 1 100 1 1 1 1 1 1 1 1 1 1 1 1 1 1 7 1 1 1 1 1 1 1 1 1 1 1
ciInstanceKlass java/io/ByteArrayInputStream 1 1 117 10 7 12 1 1 1 9 7 12 1 1 1 9 12 1 1 9 12 1 9 12 1 10 7 12 1 1 1 10 7 12 1 1 1 10 7 12 1 1 1 10 7 12 1 1 1 10 12 1 1 3 10 100 1 10 100 12 1 1 1 9 12 1 1 100 1 10 10 7 12 1 1 1 1 1 1 1 1 1 1 1 1 1 1 1 1 1 1 1 1 1 1 1 1 1 1 1 1 1 1 1 100 1 1 1 1 1 1 1 1 1 1 1 1 1 1
staticfield java/io/ByteArrayInputStream $assertionsDisabled Z 1
instanceKlass java/nio/ShortBuffer
instanceKlass java/nio/IntBuffer
instanceKlass java/nio/LongBuffer
instanceKlass java/nio/CharBuffer
instanceKlass java/nio/ByteBuffer
ciInstanceKlass java/nio/Buffer 1 1 256 100 1 10 7 12 1 1 1 9 7 12 1 1 1 9 12 1 9 12 1 1 9 12 1 9 12 1 1 10 12 1 1 10 12 1 1 10 12 100 1 7 1 10 8 1 10 12 1 1 10 12 1 8 1 8 1 10 12 1 1 10 12 1 8 1 9 12 1 1 100 1 8 1 10 12 1 8 1 8 1 9 12 10 12 1 8 1 8 1 8 1 10 12 1 8 1 8 1 8 1 100 1 10 100 1 10 100 1 10 9 12 1 1 10 7 12 1 1 1 100 1 10 12 1 1 10 12 1 10 100 12 1 1 10 7 12 1 1 1 10 7 12 1 1 1 9 12 1 1 10 7 12 1 1 1 9 12 1 1 7 1 10 10 12 1 1 7 1 10 10 7 12 1 1 1 1 1 3 1 1 1 1 1 1 1 1 1 1 1 1 1 1 100 1 1 1 1 1 1 1 7 1 1 1 1 1 1 1 1 1 1 1 1 1 1 1 1 1 1 1 1 1 1 1 1 1 1 1 1 1 1 1 1 1 1 1 1 1 1 1 100 1 100 1 100 1 100 1 100 1 100 1 100 1 1
staticfield java/nio/Buffer UNSAFE Ljdk/internal/misc/Unsafe; jdk/internal/misc/Unsafe
staticfield java/nio/Buffer SCOPED_MEMORY_ACCESS Ljdk/internal/misc/ScopedMemoryAccess; jdk/internal/misc/ScopedMemoryAccess
staticfield java/nio/Buffer IOOBE_FORMATTER Ljava/util/function/BiFunction; jdk/internal/util/Preconditions$4
staticfield java/nio/Buffer $assertionsDisabled Z 1
instanceKlass java/util/Collections$CopiesList
instanceKlass sun/security/jca/ProviderList$ServiceList
instanceKlass java/util/AbstractList$SubList
instanceKlass sun/security/jca/ProviderList$3
instanceKlass java/util/Collections$SingletonList
instanceKlass java/util/AbstractSequentialList
instanceKlass java/util/ArrayList$SubList
instanceKlass java/util/Vector
instanceKlass sun/awt/util/IdentityArrayList
instanceKlass java/util/Arrays$ArrayList
instanceKlass java/util/Collections$EmptyList
instanceKlass java/util/ArrayList
ciInstanceKlass java/util/AbstractList 1 1 218 10 7 12 1 1 1 9 7 12 1 1 1 10 12 1 1 10 12 1 1 100 1 10 10 12 1 1 11 7 12 1 1 1 11 12 1 1 11 12 1 10 7 12 1 1 1 10 12 1 11 12 1 11 12 1 11 12 1 10 12 1 1 10 12 1 1 11 7 12 1 1 1 11 7 1 11 7 1 10 12 1 100 1 10 12 1 10 12 1 1 7 1 7 1 10 12 1 100 1 10 100 1 7 1 10 8 1 10 12 1 1 10 12 1 10 12 1 1 10 12 1 8 1 100 1 8 1 8 1 8 1 10 7 1 11 10 10 12 1 11 12 1 10 12 1 1 8 1 8 1 1 1 1 1 1 1 1 1 1 1 1 1 1 1 1 1 1 1 1 1 1 1 1 1 1 1 1 1 1 1 1 1 1 1 1 1 1 1 1 1 1 1 1 1 1 1 1 1 1 1 1 1 1 1 1 1 1 100 1 100 1 1 1 1 1 1 1
ciInstanceKlass java/util/List 1 1 251 10 100 12 1 1 1 11 100 12 1 1 1 11 100 12 1 1 1 11 12 1 1 11 100 12 1 1 11 12 1 1 11 12 1 1 10 100 12 1 1 1 100 1 100 1 10 12 1 1 100 1 10 100 12 1 1 1 11 12 1 1 11 12 1 11 12 1 100 1 10 12 1 11 12 1 1 11 12 1 1 11 12 1 10 100 12 1 1 1 9 7 12 1 1 1 7 1 10 12 10 12 1 7 1 10 12 1 1 10 12 1 10 12 1 1 11 12 1 1 100 1 1 1 1 1 1 1 1 1 1 1 1 1 1 1 1 1 1 1 1 1 1 1 1 1 1 1 1 1 1 1 1 1 1 1 1 1 1 1 1 1 1 1 1 100 1 100 1 1 1 1 1 1 1 1 1 1 1 1 1 1 1 1 1 1 1 1 1 1 1 1 1 1 1 1 1 1 1 1 1 1 1 1 1 1 1 1 1 1 1 1 1 1 1 1 1 1 1 1 1 1 1 1 1 1 1 1 1 1 1 1 1 1 1 1 1 1 1 1 1 1 1 1 100 1 1 100 1 1 1
ciInstanceKlass java/util/SequencedCollection 1 1 109 100 1 10 12 1 1 11 7 12 1 1 1 11 7 12 1 1 1 11 12 1 1 11 12 1 7 1 7 1 1 1 1 1 1 1 1 1 1 1 1 1 1 1 1 1 1 1 1 1 1 1 1 1 1 1 1 1 100 1 8 1 1 12 10 1 1 1 8 1 1 1 8 1 1 1 8 1 1 1 8 1 1 8 1 1 1 8 1 1 8 1 1 1 8 1 1 8 1 1 1 8 1 1 8 1 1 8 1
ciInstanceKlass java/util/Collection 1 1 115 11 7 12 1 1 1 7 1 11 7 12 1 1 1 10 100 12 1 1 1 11 12 1 1 11 100 12 1 1 1 11 12 1 1 11 100 12 1 1 1 11 12 1 1 10 100 12 1 1 1 11 12 1 10 7 12 1 1 1 100 1 100 1 1 1 1 1 1 1 1 1 1 1 1 1 1 1 1 1 1 1 1 1 1 1 1 1 1 1 1 1 1 1 1 1 1 1 1 1 1 1 1 1 1 1 1 1 1 1 1 1 1 1 1
ciInstanceKlass java/lang/Iterable 1 1 62 10 7 12 1 1 1 11 7 12 1 1 1 11 7 12 1 1 1 11 12 1 1 11 7 12 1 1 1 10 100 12 1 1 1 100 1 1 1 1 1 1 1 1 1 1 1 1 1 1 1 1 1 1 1 1 1 1 1 1 1 1
instanceKlass com/google/common/collect/ImmutableCollection
instanceKlass java/util/LinkedHashMap$LinkedValues
instanceKlass java/util/TreeMap$Values
instanceKlass java/util/IdentityHashMap$Values
instanceKlass java/util/concurrent/ConcurrentLinkedDeque
instanceKlass java/util/AbstractQueue
instanceKlass java/util/HashMap$Values
instanceKlass java/util/ArrayDeque
instanceKlass java/util/AbstractSet
instanceKlass java/util/ImmutableCollections$AbstractImmutableCollection
instanceKlass java/util/AbstractList
ciInstanceKlass java/util/AbstractCollection 1 1 160 10 7 12 1 1 1 10 7 12 1 1 1 10 12 1 1 11 7 12 1 1 1 11 12 1 1 10 12 1 1 10 100 12 1 1 1 10 12 1 1 10 12 1 1 10 7 12 1 1 10 7 12 1 1 1 7 1 10 7 12 1 1 1 10 100 12 1 1 1 100 1 10 11 12 1 11 7 1 10 12 1 10 12 1 10 100 12 1 1 1 11 8 1 7 1 10 10 12 1 1 8 1 10 12 1 10 12 1 1 1 1 1 1 1 1 1 1 1 1 1 1 1 1 1 1 1 1 1 1 1 1 1 1 1 1 1 1 1 1 1 1 1 1 1 1 1 1 1 1 1 1 1 1 1 1 1 1 1 1
ciMethod java/util/AbstractCollection isEmpty ()Z 766 0 5541 0 -1
ciInstanceKlass java/lang/AssertionStatusDirectives 0 0 24 10 100 12 1 1 1 100 1 1 1 1 1 1 1 1 1 1 1 1 1 1 1 1
instanceKlass java/security/ProviderException
instanceKlass java/lang/reflect/UndeclaredThrowableException
instanceKlass com/google/common/util/concurrent/UncheckedExecutionException
instanceKlass com/google/auth/ServiceAccountSigner$SigningException
instanceKlass com/google/gson/JsonParseException
instanceKlass java/lang/IndexOutOfBoundsException
instanceKlass java/lang/SecurityException
instanceKlass java/lang/UnsupportedOperationException
instanceKlass java/util/NoSuchElementException
instanceKlass java/util/MissingResourceException
instanceKlass java/lang/IllegalStateException
instanceKlass java/lang/IllegalArgumentException
instanceKlass java/lang/ArithmeticException
instanceKlass java/lang/NullPointerException
instanceKlass java/lang/IllegalMonitorStateException
instanceKlass java/lang/ArrayStoreException
instanceKlass java/lang/ClassCastException
ciInstanceKlass java/lang/RuntimeException 1 1 40 10 7 12 1 1 1 10 12 1 10 12 1 10 12 1 10 12 1 100 1 1 1 1 5 0 1 1 1 1 1 1 1 1 1 1 1 1 1 1
instanceKlass com/sun/crypto/provider/PKCS12PBECipherCore$KeyAndIv
instanceKlass jdk/internal/misc/ThreadTracker$ThreadRef
instanceKlass jdk/jfr/internal/jfc/model/Constraint
instanceKlass jdk/jfr/internal/query/ViewFile$ViewConfiguration
instanceKlass jdk/jfr/internal/dcmd/Argument
instanceKlass java/lang/reflect/Proxy$ProxyBuilder$ProxyClassContext
instanceKlass java/nio/DirectByteBuffer$Deallocator
instanceKlass jdk/net/UnixDomainPrincipal
instanceKlass java/security/SecureClassLoader$CodeSourceKey
instanceKlass jdk/internal/module/ModuleReferenceImpl$CachedHash
instanceKlass java/util/stream/Collectors$CollectorImpl
instanceKlass jdk/internal/reflect/ReflectionFactory$Config
instanceKlass jdk/internal/foreign/abi/UpcallLinker$CallRegs
instanceKlass jdk/internal/foreign/abi/VMStorage
ciInstanceKlass java/lang/Record 1 1 22 10 7 12 1 1 1 100 1 1 1 1 1 1 1 1 1 1 1 1 1 1
ciInstanceKlass java/lang/invoke/MethodType 1 1 780 7 1 10 7 12 1 1 1 9 12 1 1 9 12 1 1 9 12 1 1 10 7 12 1 1 1 9 7 12 1 1 8 1 10 100 12 1 1 1 9 7 1 9 7 1 10 12 1 1 7 1 10 8 1 10 12 1 1 10 12 1 10 12 1 1 7 1 8 1 10 12 1 100 1 10 10 12 1 10 12 1 1 10 12 1 1 11 7 12 1 1 1 9 12 1 11 12 1 1 7 10 12 1 1 10 12 1 1 7 1 7 1 10 7 12 1 1 1 10 12 1 10 12 1 9 12 1 1 10 7 12 1 1 10 12 1 1 10 7 12 1 1 1 10 7 12 1 1 1 10 12 1 9 12 1 1 10 12 1 1 10 12 1 1 10 12 1 1 10 12 1 1 10 12 1 1 10 12 1 10 12 1 10 12 1 1 10 12 1 8 1 8 1 10 12 1 1 9 12 1 1 100 1 10 10 12 1 1 10 12 1 10 12 1 1 10 12 1 1 10 12 1 10 12 1 10 12 1 8 1 10 12 1 1 10 100 12 1 1 1 10 12 1 10 12 1 1 10 12 1 10 12 1 10 12 1 1 10 12 1 10 12 1 9 12 1 10 12 1 10 10 12 1 1 10 12 1 9 12 1 1 10 12 1 1 11 12 1 1 10 12 1 1 10 12 1 10 12 1 100 1 8 1 8 1 8 1 10 12 1 10 12 1 10 12 1 1 10 10 12 1 11 12 1 1 11 12 1 10 100 12 1 1 1 9 12 1 10 12 1 10 12 1 1 10 12 1 1 10 12 1 10 12 1 10 100 12 1 1 1 10 12 1 1 10 12 1 10 12 1 10 12 1 10 9 12 1 1 7 1 10 12 1 10 12 1 1 9 100 12 1 1 1 10 7 12 1 1 1 10 7 12 1 1 1 10 12 1 1 10 7 12 1 1 1 10 12 1 1 8 1 10 7 12 1 1 1 11 12 1 1 9 12 1 1 10 12 1 1 10 12 1 10 12 1 1 10 12 1 1 10 100 12 1 1 100 1 10 12 1 1 11 100 12 1 1 18 12 1 1 11 12 1 1 18 12 1 11 12 1 100 1 11 100 12 1 1 10 12 1 100 1 10 12 1 10 100 12 1 1 10 12 1 1 9 12 1 1 9 100 12 1 1 1 10 7 12 1 1 1 9 12 1 10 100 12 1 1 10 12 1 100 10 12 1 1 10 12 1 7 1 10 10 12 1 1 7 1 7 1 9 12 1 1 7 1 7 1 7 1 1 1 5 0 1 1 1 1 1 1 1 3 1 3 1 3 1 1 1 1 1 1 1 1 1 1 1 1 1 1 1 1 1 1 1 1 1 1 1 1 1 1 1 1 1 1 1 1 1 1 1 1 1 1 1 1 1 1 1 1 1 1 1 1 1 1 1 1 1 1 1 1 1 1 1 1 1 1 1 1 1 1 1 1 1 1 1 1 1 1 1 1 1 1 1 1 1 1 1 1 1 1 1 1 1 1 1 1 1 1 1 1 1 1 1 1 1 1 1 1 1 1 1 1 1 1 1 1 1 1 1 1 1 1 1 1 1 1 1 1 1 1 1 1 1 1 100 1 100 1 1 1 1 1 1 1 1 1 1 1 1 1 100 1 1 1 7 1 1 1 1 1 1 1 1 1 1 1 1 1 1 1 1 1 1 1 1 1 1 16 15 10 12 16 16 15 10 12 16 15 10 100 12 1 1 1 1 1 7 1 1 7 1 1 100 1 100 1 1
staticfield java/lang/invoke/MethodType internTable Ljdk/internal/util/ReferencedKeySet; jdk/internal/util/ReferencedKeySet
staticfield java/lang/invoke/MethodType NO_PTYPES [Ljava/lang/Class; 0 [Ljava/lang/Class;
staticfield java/lang/invoke/MethodType objectOnlyTypes [Ljava/lang/invoke/MethodType; 20 [Ljava/lang/invoke/MethodType;
staticfield java/lang/invoke/MethodType METHOD_HANDLE_ARRAY [Ljava/lang/Class; 1 [Ljava/lang/Class;
staticfield java/lang/invoke/MethodType serialPersistentFields [Ljava/io/ObjectStreamField; 0 [Ljava/io/ObjectStreamField;
staticfield java/lang/invoke/MethodType $assertionsDisabled Z 1
ciInstanceKlass java/lang/invoke/TypeDescriptor$OfMethod 1 0 43 100 1 100 1 100 1 1 1 1 1 1 1 1 1 1 1 1 1 1 1 1 1 1 1 1 1 1 1 1 1 1 1 1 1 1 1 1 1 1 100 1 1
instanceKlass java/lang/InstantiationException
instanceKlass java/lang/IllegalAccessException
instanceKlass java/lang/reflect/InvocationTargetException
instanceKlass java/lang/NoSuchFieldException
instanceKlass java/lang/NoSuchMethodException
instanceKlass java/lang/ClassNotFoundException
ciInstanceKlass java/lang/ReflectiveOperationException 1 1 34 10 7 12 1 1 1 10 12 1 10 12 1 10 12 1 100 1 1 1 1 5 0 1 1 1 1 1 1 1 1 1 1 1
instanceKlass java/lang/invoke/DelegatingMethodHandle
instanceKlass java/lang/invoke/BoundMethodHandle
instanceKlass java/lang/invoke/DirectMethodHandle
ciInstanceKlass java/lang/invoke/MethodHandle 1 1 733 100 1 9 7 12 1 1 1 10 7 12 1 1 1 10 7 12 1 1 1 7 1 7 1 10 12 1 1 9 12 1 1 10 12 1 10 12 1 1 10 12 1 1 10 100 12 1 1 1 10 12 1 1 10 12 1 1 11 7 12 1 1 1 10 12 1 1 10 12 1 10 12 1 10 12 1 1 9 12 1 1 9 12 1 1 10 7 12 1 1 1 10 12 1 1 10 12 1 10 12 1 100 1 7 1 10 8 1 10 12 1 1 10 12 1 8 1 10 12 1 1 10 12 1 10 7 12 1 1 1 10 12 1 1 10 12 1 1 10 12 1 1 10 7 12 1 1 1 10 12 1 1 10 12 1 1 10 12 1 10 12 1 1 10 7 12 1 1 10 7 12 1 1 10 12 1 10 12 1 10 12 1 1 10 12 1 1 10 12 1 1 10 12 1 1 10 7 12 1 1 1 10 7 12 1 1 1 10 12 1 1 10 12 1 1 10 12 1 1 8 1 10 7 12 1 1 1 8 1 10 12 1 10 12 1 1 10 12 1 1 10 12 1 8 1 10 12 1 1 8 1 10 12 1 8 1 10 7 12 1 1 1 9 12 1 1 100 1 10 9 7 12 1 1 1 9 7 1 8 1 10 12 1 1 10 12 1 10 12 1 1 10 12 1 10 12 1 1 10 12 1 10 12 1 1 10 12 1 10 12 1 1 10 12 1 1 8 1 10 12 1 1 8 1 10 12 1 10 12 1 1 10 12 1 10 12 1 10 12 1 1 9 100 12 1 1 1 10 12 1 1 11 12 1 10 12 1 10 12 1 1 10 100 12 1 1 100 1 11 12 1 10 100 1 11 12 1 7 1 10 12 1 11 12 1 9 100 12 1 1 1 11 12 1 1 11 100 12 1 1 1 10 12 1 1 9 12 1 11 12 1 9 12 1 9 12 1 9 12 1 11 12 1 1 9 12 1 9 12 1 9 12 1 9 12 1 9 12 1 9 12 1 9 12 1 8 1 10 12 1 10 12 1 8 1 10 12 1 10 12 1 10 12 1 1 10 10 10 7 12 1 1 10 12 1 1 100 1 100 1 8 1 8 1 10 10 12 1 1 10 12 1 10 12 1 7 1 10 100 12 1 1 1 10 9 7 12 1 1 1 10 12 1 1 10 12 1 1 8 1 8 1 10 7 12 1 1 9 12 1 9 12 1 1 9 12 1 1 10 12 1 7 1 10 12 1 10 12 1 1 9 12 1 1 9 12 1 1 10 7 12 1 1 1 11 7 12 1 1 9 12 1 10 12 1 1 9 12 1 10 12 1 8 10 12 1 1 8 1 1 1 1 1 1 1 1 7 1 1 1 1 1 1 1 1 1 1 1 1 1 1 1 1 1 1 1 1 1 1 1 1 1 1 1 1 1 1 100 1 1 1 1 1 1 1 1 1 1 1 1 1 1 1 1 1 1 1 1 1 1 1 1 1 1 1 1 1 1 1 1 1 1 1 1 1 1 1 1 1 1 1 1 1 1 1 1 1 1 1 1 1 1 1 1 1 1 1 1 1 1 1 1 1 1 1 1 1 1 1 1 1 1 1 1 1 1 1 1 1 1 1 1 1 1 100 1 1 100 1 7 1 100 1 1 100 1 1 100 1 1 1 1
staticfield java/lang/invoke/MethodHandle FORM_OFFSET J 20
staticfield java/lang/invoke/MethodHandle UPDATE_OFFSET J 13
staticfield java/lang/invoke/MethodHandle $assertionsDisabled Z 1
ciInstanceKlass java/util/concurrent/ConcurrentHashMap 1 1 1210 7 1 7 1 3 10 12 1 1 3 7 1 10 7 12 1 1 1 7 1 10 7 12 1 1 1 100 1 11 12 1 1 11 12 1 11 12 1 1 9 12 1 1 9 12 1 1 9 12 1 10 7 12 1 1 1 7 1 10 12 1 1 10 12 1 1 10 7 12 1 1 1 4 10 12 1 9 12 1 10 12 1 1 100 1 10 5 0 10 12 1 10 12 1 1 5 0 10 12 1 1 10 12 1 9 12 1 1 10 12 1 1 9 12 1 9 12 1 1 10 12 1 1 9 12 1 10 12 1 1 9 12 1 1 10 12 1 1 100 1 10 100 1 10 12 1 10 12 1 1 10 12 1 1 10 12 1 1 10 12 1 10 12 1 1 10 12 1 1 100 1 10 12 1 1 7 1 100 1 8 1 10 12 1 10 12 1 1 10 12 1 1 11 7 12 1 1 10 12 1 1 11 12 1 1 11 7 12 1 1 1 11 7 12 1 1 1 11 12 1 7 1 11 12 1 11 12 1 10 12 1 1 10 12 1 1 9 12 1 1 10 100 12 1 1 1 9 10 12 1 1 9 12 1 10 12 1 1 5 0 9 12 1 1 7 1 10 12 1 9 12 1 1 7 1 10 12 1 9 12 1 7 1 10 7 1 10 10 12 1 1 8 1 10 12 1 10 12 1 1 11 100 1 10 12 1 10 100 12 1 1 1 8 1 10 100 12 1 1 1 8 1 10 12 1 8 1 10 12 1 10 12 1 1 10 100 12 1 1 10 12 1 10 12 1 10 12 1 9 12 1 9 10 12 1 9 12 1 1 11 100 12 1 1 1 11 7 12 1 1 1 100 1 10 12 11 100 12 1 1 10 11 7 12 1 10 12 1 100 1 10 12 1 100 1 10 10 9 7 12 1 1 1 10 12 3 10 7 12 1 1 9 12 1 10 12 1 1 9 12 1 1 9 12 1 10 12 1 1 10 100 12 1 1 9 12 1 9 7 12 1 1 10 12 1 1 10 12 1 3 9 12 1 9 12 1 10 12 1 1 7 1 9 3 9 12 1 7 1 10 12 1 9 12 1 10 12 1 9 12 1 10 12 1 9 12 1 10 100 12 1 1 1 100 10 12 1 7 1 5 0 10 100 12 1 1 100 1 10 12 1 1 10 12 1 10 12 1 100 1 10 12 1 10 100 1 100 1 10 10 12 1 10 100 1 10 12 1 10 100 1 10 12 1 10 7 1 10 12 1 1 100 1 10 12 1 10 10 12 1 100 1 10 12 1 10 10 12 1 100 1 10 12 1 10 100 1 10 12 1 10 100 1 10 12 1 10 100 1 10 12 1 10 100 1 10 12 1 10 100 1 10 12 1 10 100 1 10 12 1 10 100 1 10 12 1 10 100 1 10 10 100 1 10 10 100 1 10 10 100 1 10 12 1 10 100 1 10 12 1 10 100 1 10 12 1 10 100 1 10 12 1 10 100 1 10 12 1 10 100 1 10 10 100 1 10 10 100 1 10 10 100 1 10 12 1 10 100 1 10 12 1 10 100 1 10 12 1 10 100 1 10 12 1 10 100 1 10 12 1 10 10 12 1 10 7 12 1 1 1 10 12 1 7 1 7 1 10 12 1 9 12 1 1 9 12 1 1 10 12 1 1 8 10 12 1 1 8 8 8 8 7 10 12 1 1 10 12 1 100 1 8 1 10 7 1 7 1 7 1 1 1 5 0 1 1 3 1 3 1 1 1 1 3 1 3 1 3 1 1 1 1 1 3 1 3 1 3 1 1 1 1 1 1 1 1 1 1 1 1 1 1 1 1 1 1 1 1 1 1 1 1 1 100 1 1 1 1 1 1 1 1 1 1 1 1 1 1 1 1 1 1 1 1 1 1 1 1 1 1 1 1 1 1 1 1 1 1 1 1 1 1 1 1 1 1 1 1 1 1 1 1 1 1 1 1 1 1 1 1 1 1 1 1 1 1 1 1 1 1 1 1 1 1 1 1 1 1 1 1 1 1 1 1 1 1 1 1 100 1 1 1 1 1 1 1 1 1 1 1 7 1 1 1 1 1 1 1 1 1 1 1 1 1 1 1 1 1 1 1 1 1 1 1 1 1 1 1 1 1 1 1 1 1 1 1 1 1 1 1 1 1 1 1 1 1 1 1 1 1 1 1 1 1 1 1 1 1 1 1 1 1 1 1 1 1 1 1 1 1 1 1 1 1 1 1 1 1 1 1 1 1 1 1 1 1 1 1 1 1 1 1 1 1 1 1 1 1 1 1 1 1 1 1 1 1 1 1 1 1 1 1 1 1 1 1 1 1 1 1 1 1 1 1 1 1 1 1 1 1 1 1 1 1 1 1 1 1 1 1 1 1 1 1 1 1 1 1 1 1 1 1 1 1 1 1 1 1 1 1 1 1 1 1 1 1 1 1 1 1 1 1 1 1 1 1 1 1 1 1 1 1 1 1 1 1 1 1 1 1 1 1 1 1 1 1 1 1 1 1 1 1 1 1 1 1 1 1 1 1 1 1 1 1 1 1 1 1 1 1 1 1 1 1 100 1 100 1 100 1 100 1 100 1 100 1 100 1 100 1 100 1 1 1 1 1 1 1 1 1 1 1 1 1 1 1 1 1 1 1 1 1 1 1 1 1 1 1 1 1 1 1 1 1 1 1 1 1 1 1 1 1 1 1 1 1 1 1 1 1 1 1 1 1 1 1 1 1 1
staticfield java/util/concurrent/ConcurrentHashMap NCPU I 8
staticfield java/util/concurrent/ConcurrentHashMap serialPersistentFields [Ljava/io/ObjectStreamField; 3 [Ljava/io/ObjectStreamField;
staticfield java/util/concurrent/ConcurrentHashMap U Ljdk/internal/misc/Unsafe; jdk/internal/misc/Unsafe
staticfield java/util/concurrent/ConcurrentHashMap SIZECTL J 20
staticfield java/util/concurrent/ConcurrentHashMap TRANSFERINDEX J 32
staticfield java/util/concurrent/ConcurrentHashMap BASECOUNT J 24
staticfield java/util/concurrent/ConcurrentHashMap CELLSBUSY J 36
staticfield java/util/concurrent/ConcurrentHashMap CELLVALUE J 144
staticfield java/util/concurrent/ConcurrentHashMap ABASE I 16
staticfield java/util/concurrent/ConcurrentHashMap ASHIFT I 2
instanceKlass com/google/api/client/util/DataMap
instanceKlass com/google/api/client/util/ArrayMap
instanceKlass com/google/api/client/util/GenericData
instanceKlass com/google/gson/internal/LinkedTreeMap
instanceKlass sun/font/AttributeMap
instanceKlass java/util/Collections$SingletonMap
instanceKlass sun/awt/SoftCache
instanceKlass java/util/concurrent/ConcurrentSkipListMap
instanceKlass java/util/TreeMap
instanceKlass java/util/IdentityHashMap
instanceKlass java/util/EnumMap
instanceKlass java/util/WeakHashMap
instanceKlass java/util/Collections$EmptyMap
instanceKlass sun/util/PreHashedMap
instanceKlass java/util/HashMap
instanceKlass java/util/ImmutableCollections$AbstractImmutableMap
instanceKlass java/util/concurrent/ConcurrentHashMap
ciInstanceKlass java/util/AbstractMap 1 1 196 10 7 12 1 1 1 10 7 12 1 1 1 11 7 12 1 1 1 10 11 12 1 1 11 7 12 1 1 1 11 12 1 1 7 1 11 12 1 10 12 1 1 11 12 1 100 1 10 11 12 1 11 7 1 10 12 1 1 11 12 1 9 12 1 1 100 1 10 12 1 9 12 1 1 100 1 10 11 11 12 1 1 11 12 1 7 1 100 1 11 12 1 8 1 7 1 10 10 12 1 1 8 1 10 12 1 10 12 1 1 10 12 1 1 1 1 1 1 1 1 1 1 1 1 1 1 1 1 1 1 1 1 1 1 1 1 1 1 1 1 1 1 1 1 1 1 1 1 1 1 1 1 7 1 1 1 1 1 1 1 7 1 1 1 1 1 1 1 1 1 7 1 1 1 1 1 1 1 1 1 100 1 100 1 100 1 100 1 100 1 1 1 1 1 1
ciInstanceKlass java/util/concurrent/ConcurrentMap 1 1 208 11 7 12 1 1 1 10 100 12 1 1 11 12 1 1 11 100 12 1 1 1 11 7 12 1 1 1 11 12 1 1 100 1 11 12 1 11 12 1 100 1 11 100 12 1 1 1 18 12 1 11 12 1 1 11 100 12 1 1 11 12 1 1 11 100 12 1 11 12 1 1 11 12 1 1 7 1 7 1 1 1 1 1 1 1 1 1 1 1 1 1 1 1 1 1 1 1 1 1 1 1 1 1 1 1 1 1 1 1 1 1 1 1 1 1 1 1 1 1 1 1 1 1 1 1 1 1 1 1 1 1 1 1 1 1 1 1 1 16 15 11 12 15 10 100 12 1 1 1 1 1 100 1 100 1 1 1 100 1 8 1 1 12 10 1 1 1 8 1 1 1 8 1 1 8 1 1 1 8 1 1 1 8 1 1 1 8 1 1 1 8 1 1 1 8 1 1 1 8 1 1 1 8 1 1 8 1
ciInstanceKlass jdk/internal/loader/ClassLoaders 1 1 183 10 7 12 1 1 1 10 7 12 1 1 1 10 12 1 1 10 100 12 1 1 1 9 7 12 1 1 1 9 12 1 1 9 12 1 1 7 1 11 100 12 1 1 1 100 1 11 12 1 1 11 12 1 1 10 100 12 1 1 1 10 100 12 1 1 1 100 1 100 1 10 7 12 1 1 1 9 12 1 1 10 12 1 1 7 1 10 12 1 1 10 12 1 7 1 8 1 10 7 12 1 1 1 10 12 1 1 7 1 10 12 1 10 12 1 10 12 1 8 1 10 7 12 1 1 8 1 8 1 10 12 1 7 1 10 12 1 10 12 1 10 12 1 1 1 1 1 1 1 1 1 1 1 1 1 1 1 1 1 1 1 1 7 1 1 1 1 1 1 1 1 1 1 1 1 1 1 1 1 1 1 1
staticfield jdk/internal/loader/ClassLoaders JLA Ljdk/internal/access/JavaLangAccess; java/lang/System$2
staticfield jdk/internal/loader/ClassLoaders BOOT_LOADER Ljdk/internal/loader/ClassLoaders$BootClassLoader; jdk/internal/loader/ClassLoaders$BootClassLoader
staticfield jdk/internal/loader/ClassLoaders PLATFORM_LOADER Ljdk/internal/loader/ClassLoaders$PlatformClassLoader; jdk/internal/loader/ClassLoaders$PlatformClassLoader
staticfield jdk/internal/loader/ClassLoaders APP_LOADER Ljdk/internal/loader/ClassLoaders$AppClassLoader; jdk/internal/loader/ClassLoaders$AppClassLoader
instanceKlass jdk/internal/loader/ClassLoaders$BootClassLoader
instanceKlass jdk/internal/loader/ClassLoaders$PlatformClassLoader
instanceKlass jdk/internal/loader/ClassLoaders$AppClassLoader
ciInstanceKlass jdk/internal/loader/BuiltinClassLoader 1 1 737 9 7 12 1 1 1 10 7 12 1 1 1 10 7 12 1 1 1 9 12 1 1 9 12 1 1 7 1 10 12 1 9 12 1 10 12 1 9 12 1 10 7 12 1 1 1 10 7 12 1 1 1 10 7 12 1 1 1 11 7 12 1 1 1 7 1 7 1 10 10 12 1 1 8 1 10 12 1 10 12 7 1 10 12 1 10 12 1 1 11 7 12 1 1 1 11 7 12 1 1 1 11 12 1 1 7 1 8 1 8 1 10 9 12 1 1 10 7 12 1 1 11 12 1 1 10 12 1 1 10 12 1 1 10 12 1 1 10 7 12 1 1 1 10 12 1 10 7 12 1 1 1 10 12 1 1 11 7 12 1 1 1 10 7 12 1 1 7 1 10 7 12 1 1 1 10 12 1 100 1 8 1 10 12 1 1 10 8 1 10 12 1 1 10 12 1 1 10 12 1 1 11 7 12 1 1 11 12 1 7 1 10 11 12 1 1 11 10 12 1 1 7 1 10 12 1 10 7 12 1 10 12 1 7 1 10 12 1 10 7 12 1 1 1 100 1 10 12 1 1 11 12 1 100 1 100 1 10 12 1 10 12 1 1 100 1 100 1 10 12 1 10 12 1 18 12 1 1 10 12 1 10 12 1 1 18 100 1 10 7 12 1 1 1 7 1 10 10 12 1 1 10 12 1 1 10 12 1 1 10 12 1 9 12 1 1 100 1 10 10 12 1 1 10 12 1 1 10 12 1 10 12 10 12 1 1 10 12 1 1 10 12 1 1 10 12 1 10 12 1 1 18 12 1 7 1 10 12 1 1 10 12 1 10 12 1 1 10 12 1 100 1 10 12 1 7 1 10 12 1 10 7 12 1 1 1 10 12 1 11 12 1 7 1 10 12 1 7 1 100 1 10 12 1 10 12 1 11 12 1 1 10 12 1 1 10 12 1 1 10 12 1 1 10 12 1 1 10 12 1 10 12 1 10 12 1 10 12 1 8 1 10 12 1 1 10 7 12 1 1 10 12 1 100 1 8 1 8 1 10 10 12 1 8 1 8 1 10 7 12 1 1 1 11 7 12 1 1 1 9 7 12 1 1 1 10 7 12 1 1 1 9 12 1 9 12 1 9 12 1 9 12 1 9 12 1 9 12 1 10 7 12 1 1 1 8 1 10 12 1 7 1 10 12 1 1 10 12 1 7 1 10 11 12 1 1 10 12 10 12 1 10 12 1 100 1 10 12 1 10 12 1 10 10 12 1 10 7 12 1 1 8 1 10 7 12 1 1 10 12 1 1 1 1 1 1 1 1 1 1 1 1 1 1 1 1 1 1 1 1 1 1 1 1 1 1 1 1 1 1 1 1 1 1 1 1 1 1 1 1 1 1 1 1 1 1 1 1 1 1 1 1 1 1 1 1 7 1 1 1 1 1 1 1 1 1 1 1 1 1 1 1 1 1 1 7 1 7 1 1 1 1 1 1 1 1 1 1 1 1 1 1 1 1 1 1 1 1 1 1 1 1 1 1 1 1 1 1 1 1 1 1 1 1 1 1 1 1 1 1 1 1 1 1 1 1 1 1 1 100 1 1 16 15 10 12 16 15 10 12 16 15 10 12 16 1 15 10 100 12 1 1 1 1 1 100 1 1 1 1 1 100 1 100 1 1
staticfield jdk/internal/loader/BuiltinClassLoader packageToModule Ljava/util/Map; java/util/concurrent/ConcurrentHashMap
staticfield jdk/internal/loader/BuiltinClassLoader $assertionsDisabled Z 1
ciInstanceKlass jdk/internal/loader/ClassLoaders$AppClassLoader 1 1 119 8 1 10 7 12 1 1 1 10 7 12 1 1 1 10 7 12 1 1 1 10 12 1 1 10 7 12 1 1 1 10 12 1 1 10 12 1 1 7 1 8 1 10 12 10 7 12 1 1 1 10 7 12 1 1 10 12 1 1 10 12 1 1 10 7 12 1 1 1 7 1 10 12 1 1 1 1 1 1 1 1 1 1 1 1 1 1 1 1 1 1 1 1 1 7 1 1 1 1 1 1 1 1 1 1 1 1 1 1 1 1 1 1 1 7 1 1 1
ciInstanceKlass jdk/internal/loader/ClassLoaders$PlatformClassLoader 1 1 42 8 1 10 7 12 1 1 1 10 7 12 1 1 1 7 1 10 12 1 7 1 1 1 1 1 1 1 1 1 1 1 1 1 1 7 1 1 1 100 1 1
ciInstanceKlass java/lang/ArithmeticException 1 1 26 10 100 12 1 1 1 10 12 1 100 1 1 1 1 5 0 1 1 1 1 1 1 1 1 1
ciInstanceKlass java/lang/ArrayStoreException 1 1 26 10 100 12 1 1 1 10 12 1 100 1 1 1 1 5 0 1 1 1 1 1 1 1 1 1
ciInstanceKlass java/lang/ClassCastException 1 1 26 10 100 12 1 1 1 10 12 1 100 1 1 1 1 5 0 1 1 1 1 1 1 1 1 1
ciInstanceKlass java/lang/ClassNotFoundException 1 1 96 7 1 10 7 12 1 1 1 10 12 1 10 12 1 1 10 100 12 1 1 1 8 1 10 100 12 1 1 1 10 7 12 1 1 10 100 12 1 1 1 10 100 12 1 1 1 10 12 1 1 7 1 10 12 1 9 12 1 1 1 1 1 5 0 1 1 1 1 1 1 1 1 1 1 1 1 1 1 1 1 1 1 100 1 1 1 1 1 1 1 1 1 1 1 1
staticfield java/lang/ClassNotFoundException serialPersistentFields [Ljava/io/ObjectStreamField; 1 [Ljava/io/ObjectStreamField;
instanceKlass java/lang/IllegalThreadStateException
instanceKlass java/security/InvalidParameterException
instanceKlass com/formdev/flatlaf/ui/FlatStylingSupport$UnknownStyleException
instanceKlass java/lang/NumberFormatException
ciInstanceKlass java/lang/IllegalArgumentException 1 1 35 10 7 12 1 1 1 10 12 1 10 12 1 10 12 1 100 1 1 1 1 5 0 1 1 1 1 1 1 1 1 1 1 1 1
ciMethod java/lang/IllegalArgumentException <init> (Ljava/lang/String;)V 0 0 7 0 -1
ciInstanceKlass java/lang/IllegalMonitorStateException 1 1 26 10 100 12 1 1 1 10 12 1 100 1 1 1 1 5 0 1 1 1 1 1 1 1 1 1
ciInstanceKlass java/lang/BootstrapMethodError 0 0 45 10 100 12 1 1 1 10 12 1 10 12 1 10 100 12 1 1 1 10 100 12 1 1 1 1 1 1 5 0 1 1 1 1 1 1 1 1 1 1 1 100 1 1 1
instanceKlass java/lang/UnsatisfiedLinkError
instanceKlass java/lang/IncompatibleClassChangeError
instanceKlass java/lang/BootstrapMethodError
instanceKlass java/lang/NoClassDefFoundError
ciInstanceKlass java/lang/LinkageError 1 1 31 10 7 12 1 1 1 10 12 1 10 12 1 100 1 1 1 1 5 0 1 1 1 1 1 1 1 1 1 1 1
ciInstanceKlass java/lang/NullPointerException 1 1 52 10 7 12 1 1 1 10 12 1 9 7 12 1 1 1 10 12 1 1 9 12 1 1 10 12 1 1 10 12 1 1 1 1 5 0 1 1 1 1 1 1 1 1 100 1 100 1 100 1 1 1
ciInstanceKlass java/lang/NoClassDefFoundError 0 0 26 10 100 12 1 1 1 10 12 1 100 1 1 1 1 5 0 1 1 1 1 1 1 1 1 1
ciInstanceKlass java/lang/StackOverflowError 1 1 26 10 100 12 1 1 1 10 12 1 100 1 1 1 1 5 0 1 1 1 1 1 1 1 1 1
ciInstanceKlass java/lang/StackTraceElement 1 0 235 10 7 12 1 1 1 10 7 12 1 1 9 12 1 1 9 12 1 1 9 12 1 9 12 1 8 1 10 100 12 1 1 1 7 1 9 12 1 8 1 9 12 1 9 12 1 9 12 1 1 10 12 1 1 10 12 1 8 1 10 100 12 1 1 1 7 1 10 12 1 10 12 1 1 10 12 1 10 12 1 1 10 12 1 10 12 1 10 10 12 1 8 1 10 12 1 10 12 1 1 10 12 1 1 10 12 1 10 12 1 10 12 1 9 12 1 1 10 7 12 1 1 1 10 12 1 1 7 1 10 12 1 1 10 100 12 1 1 10 100 12 1 1 1 10 7 12 1 1 10 100 12 1 1 10 10 12 1 1 10 12 1 1 10 12 1 1 10 12 1 7 1 1 1 1 1 1 1 3 1 3 1 1 5 0 1 1 1 1 1 1 1 1 1 1 1 1 1 1 1 1 1 1 1 1 1 1 1 1 1 1 1 1 1 7 1 7 1 1 1 1 1 1 1 100 1 1 1 1 1 1 1 1 1
instanceKlass java/util/concurrent/locks/AbstractQueuedSynchronizer
ciInstanceKlass java/util/concurrent/locks/AbstractOwnableSynchronizer 1 1 32 10 7 12 1 1 1 9 7 12 1 1 1 100 1 1 1 1 5 0 1 1 1 1 1 1 1 1 1 1 1 1
ciInstanceKlass jdk/internal/vm/Continuation 0 0 549 9 100 12 1 1 1 9 12 1 9 12 1 100 1 7 1 10 12 1 1 8 1 10 12 1 1 10 12 1 10 12 1 1 10 12 1 9 7 12 1 1 1 11 100 12 1 1 1 10 7 1 9 12 1 1 9 12 1 1 10 8 1 10 12 1 9 12 1 1 10 11 12 1 1 100 1 10 100 12 1 1 1 10 12 1 1 10 12 1 10 12 1 1 11 12 1 1 9 12 1 1 10 12 1 1 18 12 1 1 10 7 12 1 1 1 100 1 10 12 1 11 100 12 1 1 1 10 12 1 9 12 1 10 12 1 1 100 1 8 1 10 12 1 10 12 1 1 9 12 1 1 11 12 1 1 9 12 1 1 8 1 10 11 12 1 1 11 12 1 1 10 12 1 1 10 12 1 1 9 12 1 10 12 1 10 10 12 1 8 1 10 12 1 8 1 8 1 10 7 12 1 1 1 10 7 12 1 1 1 10 12 1 9 12 1 11 12 1 7 1 10 12 1 10 12 1 1 9 12 1 1 7 1 10 12 1 1 9 12 1 1 10 12 1 10 12 1 11 7 12 1 1 10 7 1 10 12 1 8 1 9 12 1 10 12 1 1 9 12 1 1 10 7 12 1 1 8 1 8 1 8 1 8 1 10 12 1 1 10 12 1 10 12 1 10 12 1 10 12 1 1 10 12 1 1 8 1 10 12 1 1 9 12 1 1 10 12 1 1 9 12 1 8 1 10 7 12 1 1 1 10 12 1 8 1 100 1 8 1 10 9 12 1 1 8 1 10 7 12 1 1 10 100 12 1 1 8 1 8 1 10 12 10 100 12 1 1 1 10 7 1 10 7 12 1 1 1 18 11 100 12 1 1 1 18 12 1 11 12 1 1 7 1 10 7 12 1 1 10 12 1 1 8 10 12 1 1 10 100 12 1 1 1 10 100 12 1 1 10 12 1 8 1 10 12 1 7 1 7 1 10 12 1 1 1 1 1 1 1 1 1 1 1 1 1 1 1 1 1 1 1 1 1 1 1 1 1 1 1 1 1 1 1 1 1 1 1 1 1 1 1 1 1 1 1 1 1 1 1 1 1 1 1 1 1 1 1 1 1 1 1 1 1 1 1 1 1 1 1 1 1 1 1 1 1 1 1 100 1 1 16 1 15 10 12 16 15 11 7 12 1 1 1 16 1 16 1 15 10 12 16 15 10 100 12 1 1 1 1 1 1 1 1 100 1 100 1 1
ciInstanceKlass jdk/internal/misc/UnsafeConstants 1 1 34 10 100 12 1 1 1 9 7 12 1 1 1 9 12 1 9 12 1 1 9 12 1 9 12 1 1 1 1 1 1 1 1 1
staticfield jdk/internal/misc/UnsafeConstants ADDRESS_SIZE0 I 8
staticfield jdk/internal/misc/UnsafeConstants PAGE_SIZE I 4096
staticfield jdk/internal/misc/UnsafeConstants BIG_ENDIAN Z 0
staticfield jdk/internal/misc/UnsafeConstants UNALIGNED_ACCESS Z 1
staticfield jdk/internal/misc/UnsafeConstants DATA_CACHE_LINE_FLUSH_SIZE I 0
ciInstanceKlass java/lang/invoke/LambdaForm 1 1 1059 7 1 100 1 10 7 12 1 1 1 9 12 1 1 9 12 1 9 12 1 9 12 1 1 9 12 1 1 9 12 1 1 9 12 1 1 9 12 1 1 9 12 1 10 7 12 1 1 9 12 1 10 12 1 1 100 1 10 10 12 1 1 10 12 1 10 12 1 10 12 1 1 10 12 1 9 12 1 9 12 1 10 12 1 1 10 7 12 1 1 1 10 12 1 1 9 100 12 1 1 1 10 12 1 1 9 7 12 1 1 10 12 1 10 12 1 1 10 12 1 1 10 12 1 1 7 1 10 7 12 1 1 1 10 12 1 1 10 12 1 10 12 1 1 9 12 1 1 9 12 1 9 12 1 1 10 12 1 9 12 1 10 100 12 1 1 1 10 12 1 1 7 1 10 12 1 9 12 1 1 10 7 12 1 1 1 10 12 1 10 12 1 7 1 10 12 1 10 12 1 10 12 1 1 10 12 1 1 10 12 1 10 12 1 10 12 1 10 12 1 1 8 1 10 12 1 10 12 1 10 10 12 1 8 1 8 1 9 12 1 9 12 1 1 10 12 1 1 10 12 1 9 12 1 10 12 1 1 10 7 12 1 1 1 10 12 1 1 10 12 1 10 12 1 10 100 12 1 1 1 9 12 1 10 12 1 8 1 8 1 8 1 8 1 8 1 8 1 8 1 8 1 10 12 1 9 12 1 7 1 10 12 1 1 9 12 1 10 12 1 10 12 1 1 10 12 10 12 1 10 12 1 1 10 12 1 1 10 10 12 1 1 10 12 1 1 7 1 8 1 10 12 1 1 10 12 1 10 12 1 1 10 8 1 10 12 1 1 8 1 8 1 8 1 10 12 1 10 12 1 10 12 1 1 100 1 10 12 1 1 10 12 1 1 10 7 12 1 1 1 10 12 1 1 9 12 1 1 8 1 10 100 12 1 1 1 10 7 12 1 1 10 12 10 12 1 1 10 12 1 1 9 12 1 8 10 12 1 1 100 1 10 12 1 1 10 12 1 9 7 12 1 1 9 7 12 1 1 1 8 1 10 100 12 1 1 10 12 1 1 7 1 7 1 10 10 12 1 1 10 12 1 1 8 1 8 1 7 1 8 1 10 12 10 12 1 10 12 1 10 12 1 1 8 1 8 1 10 12 1 10 12 1 1 8 1 8 1 8 1 7 1 8 1 7 1 8 1 7 1 8 1 10 12 1 8 1 9 10 7 12 1 1 1 10 12 1 9 12 1 1 10 12 1 10 10 12 1 10 12 1 10 12 1 10 12 1 1 10 12 1 10 12 1 1 10 12 1 1 10 12 1 1 10 12 1 1 8 1 100 10 12 1 10 12 1 9 12 1 1 10 7 12 1 1 8 1 8 1 7 1 8 1 8 1 8 1 8 1 8 1 8 1 8 1 8 1 10 12 1 1 10 12 1 1 10 12 1 10 12 1 10 12 1 10 12 1 8 1 8 1 8 1 10 12 1 8 1 10 12 1 8 1 8 1 8 1 8 1 8 1 10 12 1 10 12 1 10 12 1 1 10 7 12 1 1 1 10 12 1 10 12 1 10 12 1 10 12 1 10 12 1 10 12 1 10 12 1 9 12 1 1 8 1 10 12 1 1 9 12 1 1 10 12 1 1 9 12 1 9 12 1 1 9 12 1 9 12 1 1 7 1 10 7 12 1 1 1 9 12 1 10 12 1 10 12 1 8 1 10 12 1 9 12 1 1 7 1 10 7 12 1 1 1 8 1 100 1 10 12 1 9 12 1 9 12 1 10 12 1 10 12 1 10 7 12 1 1 1 10 12 1 9 7 12 1 1 10 12 1 1 10 12 1 10 12 1 10 12 1 9 12 10 12 1 10 10 12 1 9 12 1 9 9 12 1 7 9 12 1 1 10 12 1 1 9 12 1 10 12 1 10 7 1 9 1 1 1 1 3 1 3 1 1 3 1 3 1 1 1 1 1 1 1 1 1 1 1 1 1 1 1 1 1 1 1 1 1 1 1 1 1 1 1 1 1 1 1 1 1 1 1 1 1 1 1 1 1 1 1 1 1 1 1 1 1 1 1 100 1 1 1 1 1 1 1 1 1 1 1 1 1 1 1 1 1 1 1 1 1 1 1 1 1 1 1 1 1 1 1 1 1 1 1 1 1 1 1 1 1 1 1 1 1 1 1 1 1 1 1 1 1 1 1 1 1 1 1 1 1 1 100 1 1 1 1 1 1 1 1 1 1 1 1 1 1 1 1 1 1 1 1 1 1 1 1 1 1 1 1 1 1 1 1 1 1 7 1 1 1 1 1 1 1 1 1 1 1 1 1 1 1 1 1 1 1 1 1 1 100 1 1 1 100 1 1 7 1 1 1 1 1 1 1 1 1 1 1
staticfield java/lang/invoke/LambdaForm DEFAULT_CUSTOMIZED Ljava/lang/invoke/MethodHandle; 
staticfield java/lang/invoke/LambdaForm DEFAULT_KIND Ljava/lang/invoke/LambdaForm$Kind; java/lang/invoke/LambdaForm$Kind
staticfield java/lang/invoke/LambdaForm COMPILE_THRESHOLD I 0
staticfield java/lang/invoke/LambdaForm INTERNED_ARGUMENTS [[Ljava/lang/invoke/LambdaForm$Name; 5 [[Ljava/lang/invoke/LambdaForm$Name;
staticfield java/lang/invoke/LambdaForm IMPL_NAMES Ljava/lang/invoke/MemberName$Factory; java/lang/invoke/MemberName$Factory
staticfield java/lang/invoke/LambdaForm LF_identity [Ljava/lang/invoke/LambdaForm; 6 [Ljava/lang/invoke/LambdaForm;
staticfield java/lang/invoke/LambdaForm LF_zero [Ljava/lang/invoke/LambdaForm; 6 [Ljava/lang/invoke/LambdaForm;
staticfield java/lang/invoke/LambdaForm NF_identity [Ljava/lang/invoke/LambdaForm$NamedFunction; 6 [Ljava/lang/invoke/LambdaForm$NamedFunction;
staticfield java/lang/invoke/LambdaForm NF_zero [Ljava/lang/invoke/LambdaForm$NamedFunction; 6 [Ljava/lang/invoke/LambdaForm$NamedFunction;
staticfield java/lang/invoke/LambdaForm createFormsLock Ljava/lang/Object; java/lang/Object
staticfield java/lang/invoke/LambdaForm DEBUG_NAME_COUNTERS Ljava/util/HashMap; 
staticfield java/lang/invoke/LambdaForm DEBUG_NAMES Ljava/util/HashMap; 
staticfield java/lang/invoke/LambdaForm TRACE_INTERPRETER Z 0
staticfield java/lang/invoke/LambdaForm $assertionsDisabled Z 1
ciInstanceKlass java/lang/invoke/MemberName 1 1 724 7 1 7 1 100 1 9 12 1 1 10 7 12 1 1 1 9 12 1 1 10 12 1 1 10 12 1 1 10 12 1 1 10 12 1 10 12 1 1 10 7 12 1 1 1 10 12 1 9 7 12 1 1 10 12 1 7 1 7 1 10 12 1 8 1 10 12 1 1 10 12 1 10 12 1 1 10 12 1 9 12 1 1 8 1 10 100 12 1 1 1 7 1 10 10 12 1 1 7 1 7 1 10 12 1 9 12 1 1 100 1 8 1 10 12 1 10 12 1 10 12 1 10 12 1 10 12 1 1 10 12 1 10 12 1 10 12 1 1 8 1 8 1 10 12 1 8 1 9 12 1 1 3 10 12 1 10 12 1 10 12 1 10 10 7 12 1 1 1 10 12 1 10 12 1 10 12 1 10 12 1 7 1 8 10 12 1 1 10 12 1 1 8 1 9 7 1 8 9 7 1 10 12 1 1 10 12 1 10 12 1 8 1 10 12 1 1 10 12 1 10 12 1 10 12 1 10 12 1 1 7 1 10 12 1 1 10 12 1 8 1 10 12 1 10 12 1 8 1 10 12 1 1 10 12 1 1 7 1 10 12 1 1 10 12 8 1 8 1 7 1 10 12 1 10 100 12 1 1 1 100 1 10 12 10 12 1 10 12 1 10 12 1 10 12 1 10 10 12 1 10 12 1 10 12 1 3 10 12 1 3 10 12 1 3 3 3 3 3 3 10 12 1 3 9 12 1 10 12 1 1 3 10 12 1 10 10 7 12 1 1 1 10 12 1 1 10 7 12 1 1 10 10 12 1 10 12 1 1 10 12 1 10 10 12 1 1 10 12 1 10 12 1 10 12 1 7 1 10 10 10 12 100 1 10 10 10 12 1 1 10 12 1 1 10 10 12 1 8 10 7 1 10 12 1 10 7 1 10 12 1 10 12 1 10 12 1 10 10 12 1 10 12 1 1 10 12 1 1 10 12 1 10 12 1 10 12 1 100 1 10 12 1 1 100 1 8 1 10 7 1 10 12 1 10 12 10 12 1 1 10 12 1 10 12 1 8 1 8 1 8 1 8 1 10 12 1 10 12 1 10 7 12 1 1 1 8 1 8 1 10 12 1 8 1 10 10 10 12 1 10 12 1 8 1 8 1 10 10 12 1 8 1 10 100 12 1 1 1 8 1 100 1 10 12 1 10 12 1 1 10 12 1 8 1 8 1 8 1 8 1 100 1 10 8 1 8 1 8 1 8 1 10 12 1 100 1 100 1 100 1 10 100 1 10 7 1 10 7 12 1 1 1 9 7 12 1 1 1 7 1 7 1 1 1 1 1 1 1 3 1 3 1 3 1 3 1 3 1 3 1 1 1 1 1 1 1 1 3 1 3 1 1 1 1 1 1 1 1 1 1 1 1 1 1 1 1 1 1 1 1 1 1 1 1 1 1 1 1 1 1 1 1 1 1 1 1 1 1 1 1 1 1 1 1 1 1 1 1 1 1 1 1 1 1 1 1 1 1 1 1 1 1 1 1 1 1 1 1 1 1 1 1 1 1 1 1 1 1 1 1 1 1 1 1 1 1 1 1 1 1 1 1 1 1 1 1 7 1 1 1 1 1 1 1 1 1 1 1 1 1 1 1
staticfield java/lang/invoke/MemberName $assertionsDisabled Z 1
instanceKlass java/lang/invoke/VarHandleReferences$FieldStaticReadOnly
instanceKlass java/lang/invoke/VarHandleLongs$FieldInstanceReadOnly
instanceKlass java/lang/invoke/VarHandleBooleans$FieldInstanceReadOnly
instanceKlass java/lang/invoke/VarHandleByteArrayAsDoubles$ByteArrayViewVarHandle
instanceKlass java/lang/invoke/VarHandleByteArrayAsLongs$ByteArrayViewVarHandle
instanceKlass java/lang/invoke/VarHandleByteArrayAsFloats$ByteArrayViewVarHandle
instanceKlass java/lang/invoke/VarHandleByteArrayAsInts$ByteArrayViewVarHandle
instanceKlass java/lang/invoke/VarHandleByteArrayAsChars$ByteArrayViewVarHandle
instanceKlass java/lang/invoke/VarHandleByteArrayAsShorts$ByteArrayViewVarHandle
instanceKlass java/lang/invoke/VarHandleReferences$FieldInstanceReadOnly
instanceKlass java/lang/invoke/VarHandleInts$FieldInstanceReadOnly
ciInstanceKlass java/lang/invoke/VarHandle 1 1 474 10 7 12 1 1 1 10 7 12 1 1 9 12 1 1 9 12 1 1 100 1 10 8 1 10 12 1 1 10 7 12 1 1 1 10 12 1 1 10 7 12 1 1 1 9 100 12 1 1 1 10 12 1 1 10 7 12 1 1 1 10 12 1 1 9 12 1 10 12 1 9 12 1 1 10 100 12 1 1 10 12 1 9 100 12 1 1 1 9 12 1 1 10 12 1 1 100 1 7 1 10 8 1 10 12 1 1 10 12 1 8 1 10 12 1 10 12 1 9 12 1 1 9 12 1 10 12 1 10 12 1 1 10 12 1 10 10 100 12 1 1 1 10 12 1 1 10 12 1 1 10 7 12 1 1 1 10 100 12 1 1 1 10 100 12 1 1 1 9 12 1 1 9 10 12 1 10 12 1 1 10 12 1 1 10 12 1 10 7 12 1 1 1 9 12 1 1 10 12 1 1 9 12 1 10 12 1 10 12 1 10 7 12 1 1 100 1 10 9 7 12 1 1 1 9 12 1 1 10 7 12 1 1 1 10 12 1 10 12 1 10 12 1 10 12 1 10 12 1 10 12 1 1 8 10 12 1 1 7 1 10 12 1 1 7 1 1 1 1 1 1 1 1 1 1 1 1 1 1 1 1 1 1 1 1 1 1 1 1 1 1 1 1 1 1 1 1 1 1 1 1 1 1 1 1 1 1 1 1 1 1 1 1 1 1 1 1 1 1 1 1 1 1 1 1 1 1 1 1 1 1 1 1 100 1 1 1 1 1 1 1 1 100 1 1 1 1 1 1 1 1 1 1 1 1 100 1 100 1 1 100 1 100 1 100 1 100 1 100 1 100 1 100 1 100 1 100 1 100 1 100 1 100 1 100 1 100 1 100 1 100 1 100 1 100 1 100 1 100 1 100 1 100 1 100 1 100 1 100 1 100 1 100 1 100 1 100 1 100 1 100 1 100 1 100 1 100 1 100 1 1 1 1 1 1 100 1 1 1 100 1 1 100 1 100 1 100 1 100 1 100 1 100 1 1 1 1 100 1 100 1 100 1 100 1 100 1 100 1 100 1 100 1
staticfield java/lang/invoke/VarHandle VFORM_OFFSET J 16
staticfield java/lang/invoke/VarHandle $assertionsDisabled Z 1
instanceKlass jdk/internal/reflect/FieldAccessorImpl
instanceKlass jdk/internal/reflect/ConstructorAccessorImpl
instanceKlass jdk/internal/reflect/MethodAccessorImpl
ciInstanceKlass jdk/internal/reflect/MagicAccessorImpl 1 1 16 10 7 12 1 1 1 100 1 1 1 1 1 1 1 1
instanceKlass jdk/internal/reflect/DirectMethodHandleAccessor
ciInstanceKlass jdk/internal/reflect/MethodAccessorImpl 1 1 38 10 7 12 1 1 1 10 100 12 1 1 1 100 1 1 1 1 1 1 1 100 1 100 1 1 1 1 1 1 1 1 1 1 1 1 1 1
ciInstanceKlass jdk/internal/reflect/MethodAccessor 1 0 17 100 1 100 1 1 1 1 100 1 100 1 1 1 1 1 1
instanceKlass jdk/internal/reflect/SerializationConstructorAccessorImpl
instanceKlass jdk/internal/reflect/DirectConstructorHandleAccessor$NativeAccessor
instanceKlass jdk/internal/reflect/DirectConstructorHandleAccessor
instanceKlass jdk/internal/reflect/NativeConstructorAccessorImpl
ciInstanceKlass jdk/internal/reflect/ConstructorAccessorImpl 1 1 27 10 7 12 1 1 1 100 1 100 1 1 1 1 1 1 1 1 1 100 1 100 1 100 1 1 1
ciInstanceKlass jdk/internal/reflect/ConstructorAccessor 1 0 16 100 1 100 1 1 1 1 100 1 100 1 100 1 1 1
ciInstanceKlass jdk/internal/reflect/DelegatingClassLoader 1 1 18 10 7 12 1 1 1 100 1 1 1 1 1 1 1 1 1 1
ciInstanceKlass jdk/internal/reflect/CallerSensitive 0 0 17 100 1 100 1 100 1 1 1 1 1 1 1 1 1 1 1
ciInstanceKlass jdk/internal/reflect/NativeConstructorAccessorImpl 0 0 125 10 7 12 1 1 1 9 7 12 1 1 1 100 1 10 12 1 9 12 1 1 9 12 1 1 10 100 12 1 1 1 10 7 12 1 1 1 10 7 12 1 1 1 9 12 1 9 12 1 1 9 12 1 1 10 7 12 1 1 1 100 1 10 10 12 1 1 10 12 1 10 12 1 1 10 12 1 7 1 10 12 1 1 10 12 1 1 8 10 12 1 1 1 1 1 1 1 1 1 1 1 1 1 1 1 1 1 1 1 1 1 1 100 1 100 1 100 1 1 1 1 1 1 1
ciInstanceKlass jdk/internal/reflect/ConstantPool 1 1 142 10 7 12 1 1 1 9 7 12 1 1 1 10 12 1 1 10 12 1 1 10 12 1 10 12 1 1 10 12 1 1 10 12 1 10 12 1 1 10 12 1 10 12 1 1 10 12 1 10 12 1 10 12 1 10 12 1 1 10 12 1 1 10 12 1 1 10 12 1 1 10 12 1 10 12 1 1 10 100 12 1 1 1 8 11 7 12 1 1 1 10 7 12 1 1 1 1 1 1 1 1 1 1 1 1 1 1 1 1 1 1 1 1 1 1 1 1 1 1 1 1 1 1 1 1 1 1 1 1 1 1 1 1 1 1 1 1 1 1 1 1
ciInstanceKlass jdk/internal/reflect/UnsafeStaticFieldAccessorImpl 0 0 47 10 7 12 1 1 1 9 7 12 1 1 1 10 7 12 1 1 1 9 12 1 1 8 11 100 12 1 1 1 10 100 12 1 1 1 1 1 1 1 1 1 1 1 1 1 1
ciInstanceKlass jdk/internal/reflect/FieldAccessor 1 0 48 100 1 100 1 1 1 1 100 1 1 1 1 1 1 1 1 1 1 1 1 1 1 1 1 1 1 1 100 1 1 1 1 1 1 1 1 1 1 1 1 1 1 1 1 1 1 1
instanceKlass jdk/internal/reflect/MethodHandleFieldAccessorImpl
instanceKlass jdk/internal/reflect/UnsafeFieldAccessorImpl
ciInstanceKlass jdk/internal/reflect/FieldAccessorImpl 1 1 269 10 7 12 1 1 1 9 7 12 1 1 1 10 7 12 1 1 1 10 7 12 1 1 10 7 12 1 1 1 10 12 1 1 7 1 10 10 12 1 1 10 12 1 1 8 1 10 10 12 1 100 1 8 1 10 12 1 8 1 10 12 1 8 1 10 12 1 100 1 10 12 1 1 10 8 1 10 12 1 1 8 1 10 7 12 1 1 8 1 10 7 12 1 1 8 1 10 7 12 1 1 8 1 10 7 12 1 1 8 1 10 7 12 1 1 8 1 10 7 12 1 1 8 1 10 7 12 1 1 8 1 10 7 12 1 1 10 12 1 1 8 1 10 12 1 1 10 100 12 1 1 1 8 1 10 12 1 8 1 8 1 8 1 8 1 10 7 12 1 1 1 8 1 8 1 8 1 10 12 7 1 1 1 1 1 1 1 1 1 1 1 1 1 1 1 1 1 1 1 1 1 1 1 1 1 1 1 1 1 1 1 1 1 1 1 1 1 1 1 1 1 1 1 1 1 1 1 1 1 1 1 1 1 1 1 1 1 1 1 1 1 1 1 1 1 1 1 1 1 1 1 1 1 1 1 1 1 1 1 1 1 1 1 1 1 1 1 1
instanceKlass jdk/internal/reflect/UnsafeStaticFieldAccessorImpl
ciInstanceKlass jdk/internal/reflect/UnsafeFieldAccessorImpl 0 0 62 10 100 12 1 1 1 10 100 12 1 1 1 10 100 12 1 1 1 9 100 12 1 1 10 12 1 9 12 1 1 10 100 12 1 1 1 9 12 1 1 10 12 1 10 12 1 1 1 1 1 1 1 1 1 1 1 1 1 1 1 1
instanceKlass java/lang/invoke/VolatileCallSite
instanceKlass java/lang/invoke/MutableCallSite
instanceKlass java/lang/invoke/ConstantCallSite
ciInstanceKlass java/lang/invoke/CallSite 1 1 296 10 7 12 1 1 1 10 7 12 1 1 1 9 12 1 1 10 7 12 1 1 1 10 12 1 7 1 10 12 1 1 10 12 1 1 9 100 12 1 1 1 10 7 12 1 1 10 12 1 1 100 1 7 1 10 10 7 12 1 1 1 10 12 1 1 8 1 10 12 1 10 12 1 1 10 12 1 10 12 1 1 10 12 1 1 10 10 100 12 1 1 10 12 1 1 9 12 1 9 100 12 1 1 1 8 1 10 7 12 1 1 1 10 12 1 1 7 1 10 12 1 1 9 12 1 8 1 100 1 10 12 1 10 12 1 100 1 8 1 10 10 12 1 10 12 1 1 100 1 10 12 1 1 10 12 1 10 12 1 10 12 1 1 10 12 1 1 9 12 1 1 8 10 12 1 1 9 12 1 1 100 1 10 10 12 1 10 7 12 1 1 1 10 12 1 1 10 12 1 1 10 12 1 10 7 12 1 1 1 7 1 8 1 10 10 12 10 12 1 1 7 1 7 1 7 1 8 1 10 12 1 10 7 12 1 1 1 1 1 1 1 1 1 1 1 1 1 1 1 1 1 1 1 1 1 1 1 1 1 1 1 1 1 1 1 1 1 1 1 1 1 1 1 1 1 1 1 1 1 1 1 1 1 1 1 1 1 1 1 7 1 7 1 1 1
staticfield java/lang/invoke/CallSite $assertionsDisabled Z 1
ciInstanceKlass java/lang/invoke/ConstantCallSite 1 1 65 10 7 12 1 1 1 9 7 12 1 1 1 9 12 1 1 10 7 12 1 1 1 10 12 1 100 1 10 12 9 12 1 1 100 1 10 10 12 1 1 10 12 1 1 1 1 1 1 1 1 1 1 1 1 1 100 1 1 1 1 1 1 1 1
staticfield java/lang/invoke/ConstantCallSite UNSAFE Ljdk/internal/misc/Unsafe; jdk/internal/misc/Unsafe
instanceKlass java/lang/invoke/DirectMethodHandle$StaticAccessor
instanceKlass java/lang/invoke/DirectMethodHandle$Special
instanceKlass java/lang/invoke/DirectMethodHandle$Interface
instanceKlass java/lang/invoke/DirectMethodHandle$Constructor
instanceKlass java/lang/invoke/DirectMethodHandle$Accessor
ciInstanceKlass java/lang/invoke/DirectMethodHandle 1 1 923 7 1 7 1 100 1 7 1 7 1 10 7 12 1 1 1 10 7 12 1 1 1 7 1 10 12 1 10 12 1 1 10 7 12 1 1 10 12 1 1 10 12 1 10 12 1 7 1 10 12 1 1 10 12 1 1 10 12 1 10 12 1 1 10 7 12 1 1 1 10 12 1 9 12 1 1 100 1 10 9 12 1 1 9 12 1 10 12 1 10 12 1 10 12 1 1 10 12 1 10 12 1 10 12 1 10 7 12 1 1 1 10 12 1 10 12 1 1 8 1 10 12 1 1 7 1 10 12 1 7 1 10 10 12 1 10 12 1 10 12 1 10 7 12 1 1 1 10 12 1 1 7 1 10 12 1 10 12 1 7 1 10 12 1 10 12 1 1 10 12 1 1 10 12 1 8 10 7 12 1 1 1 10 12 1 10 12 1 10 12 1 1 10 12 1 9 7 12 1 1 1 7 1 10 12 1 10 7 12 1 1 1 10 12 1 10 12 1 1 9 12 1 1 7 1 10 8 1 10 12 1 1 10 12 1 1 8 1 10 12 1 10 12 1 10 10 12 1 10 12 1 10 12 1 10 12 1 10 12 1 1 10 12 1 10 12 1 1 10 12 1 10 12 1 1 10 10 7 12 1 1 1 10 12 1 10 12 1 1 10 12 1 10 12 1 1 8 1 9 7 12 1 1 1 8 1 9 12 1 9 12 1 8 1 9 12 1 9 12 1 8 1 9 12 1 9 12 1 8 1 10 12 1 10 12 1 1 9 12 1 1 7 1 10 12 1 1 7 1 10 7 12 1 1 1 10 12 1 1 10 12 1 10 12 1 1 7 1 10 12 1 1 10 12 1 10 12 1 1 7 1 10 12 1 1 10 12 1 10 7 12 1 1 1 10 12 1 10 12 1 1 10 12 1 9 12 1 1 10 7 1 9 12 9 12 1 10 7 12 1 1 1 10 12 1 7 1 7 1 7 1 9 12 1 1 10 7 12 1 1 1 10 12 10 12 1 7 1 10 12 1 10 12 1 1 8 1 9 12 1 9 12 1 10 12 1 1 9 12 1 1 10 7 12 1 1 1 9 12 1 1 9 12 1 1 10 12 1 10 12 1 10 12 1 10 12 1 1 10 12 1 9 12 1 10 12 1 10 12 1 10 12 1 10 12 1 1 10 12 1 1 9 12 1 1 10 12 1 1 9 7 12 1 1 1 9 12 1 9 12 1 9 12 1 9 12 1 9 12 1 9 12 1 9 12 1 9 12 1 9 12 1 9 12 1 9 12 1 9 12 1 9 12 1 9 12 1 9 12 1 9 12 1 9 12 1 9 12 1 9 12 1 9 12 1 9 12 1 9 12 1 9 12 1 9 12 1 9 12 1 9 12 1 9 12 1 9 12 1 9 12 1 9 12 1 9 12 1 9 12 1 9 12 1 9 12 1 9 12 1 9 12 1 8 1 9 12 1 1 9 12 1 1 10 12 1 10 12 1 1 9 7 1 10 12 1 9 12 1 1 10 12 10 12 1 10 12 1 10 12 1 10 12 1 10 8 1 8 1 8 1 8 1 10 12 1 1 9 12 1 1 10 12 1 10 100 12 1 1 1 8 9 12 1 1 10 12 1 1 8 1 8 8 9 12 1 8 1 8 8 8 8 8 1 8 10 12 1 7 1 10 12 1 8 1 8 1 10 12 1 10 12 1 10 12 1 10 12 1 1 7 1 1 1 1 3 1 3 1 3 1 3 1 3 1 3 1 3 1 3 1 3 1 3 1 1 1 1 1 1 1 1 1 1 3 1 3 1 1 1 1 3 1 1 1 1 1 1 1 1 1 1 1 1 1 1 1 1 1 1 1 1 1 1 1 1 1 1 1 1 1 1 1 1 1 1 1 1 1 1 1 1 1 1 1 1 1 1 1 1 1 1 1 1 1 1 1 1 1 100 1 1 1 1 1 1 1 1 1 100 1 1 1 1 1 1 1 1 1 1 1 1 1 1 1 1 1 1 1 1 1 1 1 1 1 1 1 1 1 1 1 1 1 1 1 1 1 1 1 1 1 1 1 1 1 1 1 1 1 1 1 1
staticfield java/lang/invoke/DirectMethodHandle IMPL_NAMES Ljava/lang/invoke/MemberName$Factory; java/lang/invoke/MemberName$Factory
staticfield java/lang/invoke/DirectMethodHandle FT_UNCHECKED_REF I 8
staticfield java/lang/invoke/DirectMethodHandle ACCESSOR_FORMS [Ljava/lang/invoke/LambdaForm; 132 [Ljava/lang/invoke/LambdaForm;
staticfield java/lang/invoke/DirectMethodHandle ALL_WRAPPERS [Lsun/invoke/util/Wrapper; 10 [Lsun/invoke/util/Wrapper;
staticfield java/lang/invoke/DirectMethodHandle NFS [Ljava/lang/invoke/LambdaForm$NamedFunction; 12 [Ljava/lang/invoke/LambdaForm$NamedFunction;
staticfield java/lang/invoke/DirectMethodHandle OBJ_OBJ_TYPE Ljava/lang/invoke/MethodType; java/lang/invoke/MethodType
staticfield java/lang/invoke/DirectMethodHandle LONG_OBJ_TYPE Ljava/lang/invoke/MethodType; java/lang/invoke/MethodType
staticfield java/lang/invoke/DirectMethodHandle $assertionsDisabled Z 1
ciInstanceKlass java/lang/invoke/MutableCallSite 0 0 63 10 100 12 1 1 1 10 12 1 9 100 12 1 1 1 10 12 1 10 12 1 1 9 12 1 1 10 100 12 1 1 1 10 100 12 1 1 1 10 12 1 1 1 1 1 1 1 1 1 1 1 1 1 1 1 1 1 1 100 1 1 1
ciInstanceKlass java/lang/invoke/VolatileCallSite 0 0 37 10 100 12 1 1 1 10 12 1 10 100 12 1 1 1 10 12 1 10 12 1 1 1 1 1 1 1 1 1 1 1 1 1 1 1 1
ciInstanceKlass java/lang/invoke/ResolvedMethodName 1 1 16 10 100 12 1 1 1 100 1 1 1 1 1 1 1 1
ciInstanceKlass java/lang/invoke/MethodHandleNatives 1 1 685 100 1 10 7 12 1 1 1 9 7 12 1 1 1 10 12 1 1 100 1 10 10 12 1 1 10 12 1 10 12 1 8 1 8 1 8 1 8 1 8 1 8 1 8 1 8 1 8 1 8 1 10 12 1 1 7 1 10 7 12 1 1 1 10 7 12 1 1 1 7 1 10 10 12 1 1 8 1 10 12 1 8 1 10 12 1 1 8 1 10 12 1 1 9 7 12 1 1 1 8 1 10 100 12 1 1 1 7 1 10 12 100 1 100 1 8 1 7 1 10 10 12 1 7 1 9 7 12 1 1 10 12 1 1 10 12 1 10 7 12 1 1 1 10 12 1 1 9 12 1 8 1 10 12 1 1 10 12 1 8 1 10 12 1 1 7 1 10 12 1 10 7 12 1 1 1 10 12 1 10 12 1 1 10 12 1 1 8 1 10 12 1 1 8 1 10 12 1 8 1 8 1 8 1 7 1 10 12 1 8 1 10 7 12 1 1 1 10 12 1 1 10 7 12 1 1 10 10 12 1 1 10 12 1 10 100 12 1 1 1 100 1 8 1 10 100 12 1 1 1 7 1 8 1 10 12 1 8 1 8 1 8 1 8 1 8 1 10 12 1 1 10 12 1 1 10 12 1 10 12 1 1 10 12 1 1 7 1 10 12 1 7 1 7 1 10 12 1 10 12 1 8 1 8 1 10 10 12 1 1 10 12 1 1 8 1 10 7 12 1 1 8 1 8 1 10 12 1 1 10 7 12 1 1 1 100 1 10 12 1 1 7 1 9 12 1 1 10 7 12 1 1 1 10 10 12 1 9 12 1 10 12 1 9 12 1 9 12 1 10 12 1 1 10 12 1 10 12 1 1 7 1 7 1 10 12 1 1 10 12 1 10 12 1 1 10 7 12 1 1 1 10 12 1 8 1 10 12 1 10 12 1 10 12 1 1 10 12 1 10 7 12 1 1 1 10 12 1 1 100 1 8 1 10 9 7 12 1 1 1 10 12 1 1 10 12 1 1 7 1 10 12 1 1 10 12 1 1 100 1 100 1 10 10 100 1 100 1 10 100 1 10 10 12 1 1 10 7 1 10 12 1 10 12 1 1 10 12 1 1 10 12 1 1 10 12 1 10 12 1 1 10 8 1 10 12 1 10 12 1 10 12 1 10 12 1 10 12 1 1 10 12 1 10 12 1 10 12 1 10 10 7 12 1 1 10 12 1 1 1 1 1 1 1 1 1 1 1 1 1 7 1 1 1 1 1 1 1 1 1 1 1 1 1 1 1 1 1 1 1 1 1 1 1 1 1 1 1 1 1 1 1 1 1 1 1 1 1 1 1 1 1 1 1 1 1 1 1 1 1 1 1 1 1 1 1 1 1 1 1 1 1 1 1 100 1 1 1 1 1 1 1 1 1 1 1 1 1 1 1 1 1 1 1 1 1 1 1 1 1 1 1 1 1 1 1 1 1 100 1 1 1 1 1 1 1 1 1 1 1 1 1 1 1 1 1 1 1 1 1 1 1 1 1 1 1 1 1 1 1 1 100 1 1
staticfield java/lang/invoke/MethodHandleNatives $assertionsDisabled Z 1
ciInstanceKlass jdk/internal/foreign/abi/NativeEntryPoint 0 0 194 10 7 12 1 1 1 9 7 12 1 1 1 9 12 1 1 100 1 8 1 10 12 1 10 12 1 1 100 1 10 100 12 1 1 1 10 12 1 9 12 1 1 18 12 1 1 10 100 12 1 1 1 10 7 12 1 1 1 9 7 12 1 1 1 7 1 10 8 1 10 12 1 1 10 12 1 10 12 1 1 8 1 10 12 1 1 7 1 8 1 10 12 1 10 12 1 1 10 12 1 9 12 1 1 18 12 1 1 10 100 12 1 1 1 10 12 1 1 10 12 1 10 100 12 1 1 1 10 1 1 1 1 1 1 1 1 1 1 1 1 1 1 1 1 1 1 1 1 1 1 1 1 1 1 1 1 1 1 1 1 1 1 1 1 1 16 1 15 10 12 16 1 16 15 10 12 15 10 100 12 1 1 1 1 1 100 1 1 100 1 100 1 1
ciInstanceKlass jdk/internal/foreign/abi/ABIDescriptor 0 0 55 10 100 12 1 1 1 9 100 12 1 1 1 9 12 1 1 9 12 1 9 12 1 9 12 1 1 9 12 1 9 12 1 1 9 12 1 9 12 1 9 12 1 9 12 1 1 1 1 1 1 1 1 1 1
ciInstanceKlass jdk/internal/foreign/abi/VMStorage 0 0 91 10 7 12 1 1 1 9 7 12 1 1 1 9 12 1 1 9 12 1 1 9 12 1 1 7 1 10 8 1 10 12 1 1 10 12 1 10 12 1 1 10 12 1 18 12 1 18 12 1 1 18 12 1 1 1 1 1 1 1 1 1 1 1 1 1 1 1 1 1 1 1 8 1 15 15 15 15 15 10 100 12 1 1 1 1 100 1 100 1 1
ciInstanceKlass jdk/internal/foreign/abi/UpcallLinker$CallRegs 0 0 66 10 7 12 1 1 1 9 7 12 1 1 1 9 12 1 18 12 1 1 18 12 1 1 18 12 1 1 1 1 1 1 1 1 1 1 1 1 1 1 1 1 1 1 100 1 1 1 8 1 15 15 15 10 100 12 1 1 1 1 1 100 1 100 1 1
ciInstanceKlass java/lang/StackWalker 1 1 271 9 7 12 1 1 1 7 1 10 7 12 1 1 1 10 12 1 1 10 7 12 1 1 1 10 12 1 1 10 12 1 11 7 12 1 1 1 10 12 1 1 10 12 1 1 10 12 1 1 100 1 8 1 10 12 1 10 12 1 10 12 1 10 7 12 1 1 9 12 1 1 9 12 1 1 9 12 1 1 9 12 1 1 10 12 1 1 9 12 1 1 9 12 1 1 9 12 1 1 10 7 12 1 1 1 11 12 1 1 100 1 8 1 10 10 7 12 1 1 9 12 1 1 10 12 1 1 10 7 12 1 1 1 10 7 12 1 1 1 18 12 1 1 100 1 8 1 10 8 1 10 12 1 1 10 100 12 1 1 1 10 12 1 1 9 7 12 1 1 11 100 12 1 1 1 10 12 1 1 1 1 1 1 1 1 1 1 1 1 1 1 1 1 1 1 1 1 1 1 1 1 1 1 1 1 1 1 1 1 1 1 1 1 1 1 1 1 1 1 1 1 1 1 1 1 1 1 1 1 1 1 1 1 1 1 1 1 1 1 1 1 1 1 7 1 1 16 15 10 12 16 1 15 10 100 12 1 1 1 1 1 1 1 1 1 100 1 100 1 1
staticfield java/lang/StackWalker DEFAULT_EMPTY_OPTION Ljava/util/EnumSet; java/util/RegularEnumSet
staticfield java/lang/StackWalker DEFAULT_WALKER Ljava/lang/StackWalker; java/lang/StackWalker
ciInstanceKlass java/lang/StackWalker$StackFrame 1 1 41 100 1 10 12 1 1 100 1 100 1 1 1 1 1 1 1 1 1 1 1 1 1 1 1 1 1 1 1 1 1 1 1 1 1 1 1 100 1 1 1
instanceKlass java/lang/LiveStackFrameInfo
ciInstanceKlass java/lang/StackFrameInfo 1 1 142 10 7 12 1 1 1 9 7 12 1 1 1 9 7 1 9 12 1 1 11 7 12 1 1 1 9 12 1 1 11 12 1 1 10 12 1 1 10 7 12 1 1 1 10 12 1 11 12 1 11 12 1 1 11 12 1 10 12 1 1 9 12 1 1 10 12 1 1 10 7 12 1 1 10 12 1 1 11 12 1 1 9 12 1 1 10 7 1 10 12 1 9 12 1 1 10 12 1 1 100 1 8 1 10 12 1 10 7 12 1 1 1 7 1 1 1 1 1 1 1 1 1 1 1 1 1 1 1 1 1 1 7 1 1 7 1 1 1 1 1 1
staticfield java/lang/StackFrameInfo JLIA Ljdk/internal/access/JavaLangInvokeAccess; java/lang/invoke/MethodHandleImpl$1
ciInstanceKlass java/lang/LiveStackFrameInfo 0 0 97 10 7 12 1 1 1 9 7 12 1 1 1 9 12 1 9 12 1 9 12 1 9 12 1 1 7 1 10 12 1 1 10 12 1 8 1 10 12 1 1 8 1 8 1 8 1 10 100 1 10 12 1 100 1 10 12 1 7 1 7 1 1 1 3 1 3 1 1 1 1 1 1 1 1 1 1 1 1 1 1 1 1 1 1 1 1 1 1 1 1 1 1 1 100 1 1
ciInstanceKlass java/lang/LiveStackFrame 0 0 135 100 1 10 100 12 1 1 1 11 7 12 1 1 1 11 12 1 10 7 12 1 1 1 100 1 8 1 10 12 1 1 10 7 12 1 1 1 9 100 12 1 1 1 10 7 12 1 1 1 10 7 12 1 1 1 11 12 1 10 12 1 7 1 7 1 1 1 1 1 1 1 1 1 1 1 1 1 1 1 1 1 1 1 1 1 1 1 1 1 1 1 1 100 1 1 1 1 1 1 1 100 1 8 1 1 12 10 1 1 1 8 1 1 1 8 1 1 1 8 1 1 1 8 1 1 8 1 1 1 8 1 1 8 1
instanceKlass java/lang/StackStreamFactory$StackFrameTraverser
ciInstanceKlass java/lang/StackStreamFactory$AbstractStackWalker 1 1 375 7 1 7 1 3 10 7 12 1 1 1 10 7 12 1 1 10 7 12 1 1 1 9 12 1 1 10 12 1 1 9 12 1 1 9 12 1 1 9 12 1 1 9 12 1 10 7 12 1 1 1 10 12 1 1 10 7 12 1 1 9 12 1 1 9 12 1 1 10 12 1 1 9 7 12 1 1 1 10 12 1 1 10 12 1 9 12 1 1 10 7 12 1 1 1 10 12 1 1 9 12 1 1 9 7 12 1 1 1 7 1 10 8 1 10 12 1 1 10 12 1 8 1 10 12 1 1 10 100 12 1 1 1 100 1 8 1 10 12 1 8 1 10 12 10 7 12 1 1 9 12 1 8 1 5 0 8 1 8 1 9 12 1 1 10 12 1 1 18 12 1 1 10 7 12 1 1 1 10 12 1 1 10 12 1 10 12 1 9 12 1 10 12 1 10 12 1 10 12 1 10 12 1 10 12 1 10 12 1 1 8 1 10 12 1 10 12 1 10 12 1 10 12 1 1 8 1 10 12 1 1 10 12 1 1 10 12 1 1 10 12 1 10 12 1 10 7 12 1 1 1 10 12 1 10 12 1 9 12 1 8 1 10 12 1 10 12 1 10 12 1 1 10 12 1 10 12 1 10 12 1 1 10 12 1 10 12 1 10 12 1 10 12 1 10 12 1 10 12 1 1 10 12 1 1 10 12 1 8 1 1 1 1 1 1 1 1 1 1 1 1 1 7 1 1 1 1 1 1 1 7 1 1 1 1 7 1 1 1 1 1 1 1 1 1 1 1 1 1 1 1 1 1 1 1 16 15 15 10 100 12 1 1 1 1 1 1 1 1 100 1 100 1 1
ciInstanceKlass jdk/internal/module/Modules 1 1 504 10 7 12 1 1 1 9 7 12 1 1 1 11 7 12 1 1 1 11 12 1 1 11 12 1 1 11 12 1 1 11 12 1 11 12 1 11 12 1 11 12 1 11 12 1 1 10 7 12 1 1 1 10 100 12 1 1 1 18 12 1 1 10 7 12 1 1 1 7 1 10 7 12 1 1 1 10 100 12 1 1 1 10 100 12 1 1 10 12 1 1 11 12 1 9 12 1 1 11 7 12 1 1 1 10 12 1 1 10 10 12 1 10 9 12 1 1 10 7 12 1 1 10 12 1 1 10 7 12 1 1 100 1 11 100 12 1 1 1 10 100 12 1 1 1 11 100 12 1 1 10 12 1 1 10 100 12 1 1 10 100 12 1 1 1 10 12 1 1 10 12 1 1 11 12 1 1 18 12 1 1 11 100 12 1 1 10 100 12 1 1 1 11 100 12 1 1 1 7 1 11 12 1 1 11 7 12 1 1 1 11 12 1 1 10 12 1 1 10 100 12 1 1 18 12 1 1 11 12 1 1 18 12 1 1 11 12 1 1 10 12 1 18 18 10 12 1 1 9 12 1 1 11 7 12 1 1 1 100 1 10 11 12 1 11 12 1 1 11 12 1 1 10 100 1 10 12 1 1 10 100 12 1 1 10 12 1 1 11 12 10 12 1 1 7 1 10 18 12 1 10 12 1 1 7 1 8 1 10 12 1 10 100 12 1 1 18 12 1 11 11 12 10 12 1 10 10 100 1 18 12 1 10 10 10 7 12 1 1 10 7 12 1 1 1 10 12 1 1 1 1 1 1 1 1 1 1 1 1 1 1 1 1 1 1 1 1 1 1 1 1 1 1 1 1 1 1 1 1 1 100 1 1 1 1 1 1 1 1 1 1 1 1 1 1 1 1 1 1 1 1 1 1 1 1 1 1 1 1 1 1 1 1 1 1 1 7 1 1 1 1 1 1 1 1 1 1 1 1 1 1 1 1 1 1 1 1 1 1 1 16 15 10 12 1 16 16 15 10 12 1 16 1 16 1 15 10 12 1 16 1 16 1 15 10 12 16 1 15 10 16 1 15 10 12 16 1 15 10 12 16 15 10 12 16 15 10 12 15 10 100 12 1 1 1 1 1 1 100 1 100 1 1
staticfield jdk/internal/module/Modules JLA Ljdk/internal/access/JavaLangAccess; java/lang/System$2
staticfield jdk/internal/module/Modules JLMA Ljdk/internal/access/JavaLangModuleAccess; java/lang/module/ModuleDescriptor$1
staticfield jdk/internal/module/Modules $assertionsDisabled Z 1
instanceKlass javax/management/AttributeList
ciInstanceKlass java/util/ArrayList 1 1 509 10 7 12 1 1 1 7 1 9 7 12 1 1 1 9 12 1 100 1 7 1 10 8 1 10 12 1 1 10 12 1 10 12 1 1 10 12 1 9 12 1 11 7 12 1 1 1 9 12 1 1 11 12 1 1 7 10 7 12 1 1 1 9 12 1 10 12 1 10 12 1 1 10 7 12 1 1 1 10 7 12 1 1 1 10 12 1 1 10 12 1 1 10 12 1 1 10 12 1 10 12 1 1 100 1 7 1 10 12 1 10 10 7 12 1 1 1 10 7 12 1 1 10 12 1 100 1 10 10 12 10 12 1 1 10 12 1 1 10 12 1 10 12 10 12 1 1 7 1 10 12 1 1 10 12 1 1 10 12 1 100 1 10 11 12 1 1 11 7 12 1 1 1 11 12 1 10 12 1 10 12 1 10 12 1 1 100 1 10 12 1 1 10 10 12 1 1 10 12 1 8 1 8 1 8 1 8 1 10 12 1 1 10 12 1 1 11 12 1 7 1 10 100 12 1 1 10 12 1 10 12 1 1 10 100 12 1 1 10 12 1 10 100 12 1 1 1 11 100 12 1 1 1 10 12 1 100 1 8 1 10 7 1 10 12 1 7 1 10 12 1 10 12 1 1 7 1 10 12 1 10 12 1 1 11 7 12 1 1 7 1 10 12 1 10 12 1 1 11 100 12 1 1 10 12 1 1 10 12 1 1 10 12 1 1 10 12 1 1 11 100 12 1 1 10 12 1 1 7 1 7 1 7 1 1 1 1 5 0 1 3 1 1 1 1 1 1 1 1 1 1 1 1 1 1 1 1 1 1 1 1 1 1 1 1 1 1 1 1 1 1 1 1 1 1 1 1 1 1 1 1 1 1 1 1 1 1 1 1 1 1 1 1 1 1 1 1 1 1 1 1 1 1 1 1 1 1 1 1 1 1 1 1 1 1 1 1 1 1 1 1 1 1 1 1 1 1 1 1 1 1 1 1 1 1 1 1 1 1 1 1 1 1 1 1 100 1 1 1 1 7 1 1 1 1 1 1 1 1 1 1 1 1 1 1 1 1 1 1 1 1 1 1 1 1 1 1 1 1 1 100 1 1 1 1 1 1 1 1 1 1 1 1 1 1 1 1 1 1 100 1 100 1 1 1 1 1 1
staticfield java/util/ArrayList EMPTY_ELEMENTDATA [Ljava/lang/Object; 0 [Ljava/lang/Object;
staticfield java/util/ArrayList DEFAULTCAPACITY_EMPTY_ELEMENTDATA [Ljava/lang/Object; 0 [Ljava/lang/Object;
ciInstanceKlass java/util/RandomAccess 1 0 7 100 1 100 1 1 1
ciInstanceKlass java/security/PrivilegedAction 1 0 14 100 1 100 1 1 1 1 1 1 1 1 1 1
ciInstanceKlass java/lang/annotation/Annotation 1 0 17 100 1 100 1 1 1 1 1 1 1 1 1 1 1 1 1
instanceKlass java/lang/ClassValue$ClassValueMap
instanceKlass com/sun/jmx/mbeanserver/DefaultMXBeanMappingFactory$Mappings
instanceKlass com/sun/jmx/mbeanserver/MBeanIntrospector$MBeanInfoMap
instanceKlass com/sun/jmx/mbeanserver/MBeanIntrospector$PerInterfaceMap
ciInstanceKlass java/util/WeakHashMap 1 1 399 7 1 10 7 12 1 1 1 7 1 10 9 7 12 1 1 1 100 1 7 1 10 8 1 10 12 1 1 10 12 1 10 12 1 1 10 12 1 3 10 7 12 1 1 1 8 1 10 12 1 10 7 12 1 1 1 10 12 1 1 9 12 1 1 9 12 1 1 9 12 1 1 4 10 12 1 11 7 12 1 1 1 6 0 10 100 12 1 1 1 10 12 1 1 10 12 1 1 9 12 1 1 10 12 1 1 10 12 1 1 10 7 12 1 1 10 12 1 10 12 1 1 9 12 1 10 12 1 9 12 1 1 9 12 1 9 12 10 12 1 10 10 12 1 1 10 12 1 10 12 1 1 10 12 1 1 10 12 1 1 9 12 1 10 12 1 10 12 1 1 7 1 3 10 12 1 1 11 12 1 1 11 100 12 1 1 1 11 7 12 1 1 1 11 12 100 1 11 12 1 11 12 1 10 12 1 1 10 10 100 12 1 1 1 10 12 1 9 12 1 1 7 1 10 12 1 9 12 1 1 100 1 10 9 12 100 1 10 10 100 12 1 1 10 12 1 11 100 12 1 1 1 100 1 10 11 100 12 1 1 8 1 10 12 1 10 12 10 1 1 3 1 1 1 1 1 1 1 1 1 1 1 1 1 1 1 1 1 1 1 1 1 1 1 1 1 1 1 1 1 1 1 1 1 7 1 1 1 1 1 100 1 1 1 1 1 1 1 1 1 1 1 1 1 1 1 1 1 1 1 1 1 1 1 1 1 1 1 1 1 1 1 7 1 1 1 1 1 1 1 1 1 1 1 1 1 1 1 1 1 1 1 1 1 1 1 1 1 1 100 1 100 1 100 1 100 1 100 1 100 1 100 1 100 1 1 1 1 1 1 1 1 1 1 1 1 1 1
staticfield java/util/WeakHashMap NULL_KEY Ljava/lang/Object; java/lang/Object
ciInstanceKlass java/security/Guard 1 0 12 100 1 100 1 1 1 1 100 1 1 1
instanceKlass javax/crypto/CryptoPermission
instanceKlass javax/management/MBeanPermission
instanceKlass java/io/FilePermission
instanceKlass java/net/SocketPermission
instanceKlass java/security/UnresolvedPermission
instanceKlass java/security/AllPermission
instanceKlass java/security/BasicPermission
ciInstanceKlass java/security/Permission 1 1 96 10 7 12 1 1 1 9 7 12 1 1 1 10 7 12 1 1 1 10 7 12 1 1 1 10 12 1 1 10 7 12 1 1 1 7 1 10 8 1 10 12 1 1 10 12 1 1 10 7 12 1 1 8 1 8 1 10 12 1 7 1 7 1 1 1 1 5 0 1 1 1 1 1 1 1 1 1 1 1 1 1 1 100 1 1 1 1 1 1 1 1 1 1 1 1
ciInstanceKlass java/lang/System$Logger 1 1 78 100 1 100 1 11 100 12 1 1 1 10 100 12 1 1 1 100 1 11 12 1 1 11 100 12 1 1 1 100 1 10 100 12 1 1 1 11 12 1 1 1 1 1 1 1 1 1 1 1 1 1 1 1 1 1 1 1 1 1 1 1 1 1 1 1 1 1 1 1 1 1 1 100 1 1 1 1
ciInstanceKlass sun/security/util/Debug 1 1 561 10 7 12 1 1 1 9 7 12 1 1 1 10 100 12 1 1 8 1 10 12 1 8 1 8 1 8 1 8 1 8 1 8 1 8 1 8 1 8 1 8 1 8 1 8 1 8 1 8 1 8 1 8 1 8 1 8 1 8 1 8 1 8 1 8 1 8 1 8 1 8 1 8 1 8 1 8 1 8 1 8 1 8 1 8 1 8 1 8 1 8 1 8 1 8 1 8 1 8 1 8 1 8 1 8 1 8 1 8 1 8 1 8 1 8 1 8 1 8 1 8 1 8 1 8 1 8 1 10 12 1 1 10 7 12 1 1 1 10 12 1 1 10 9 12 1 1 10 12 1 10 7 12 1 1 18 12 1 1 10 12 1 1 7 1 9 12 1 1 9 12 1 9 12 1 9 12 1 9 12 1 10 12 1 1 10 12 1 1 10 12 1 1 10 12 1 1 8 1 10 12 1 1 8 1 8 1 8 1 7 1 10 10 12 1 1 10 12 1 1 8 1 10 12 1 8 1 10 12 1 1 10 7 12 1 1 8 1 10 12 1 1 10 12 1 8 1 8 1 8 1 8 1 10 7 12 1 1 1 10 12 1 1 10 7 12 1 1 1 9 100 12 1 1 1 10 12 1 1 8 1 10 12 1 10 12 1 10 12 1 1 9 100 12 1 1 1 10 100 12 1 1 1 10 100 12 1 1 1 8 1 8 1 10 100 12 1 1 10 12 8 1 10 12 1 8 1 10 12 8 1 8 1 8 1 8 1 10 12 8 1 8 1 8 1 10 100 12 1 1 1 10 12 1 1 10 100 12 1 1 10 12 1 10 12 1 1 8 1 10 12 1 1 10 12 1 1 8 1 8 1 8 1 9 12 1 10 12 1 8 1 10 100 12 1 1 1 10 12 1 1 10 12 1 1 10 12 18 12 1 1 11 100 12 1 1 1 18 11 12 1 1 11 12 1 1 8 1 10 100 12 1 1 1 11 7 12 1 1 11 12 1 11 12 1 8 1 8 1 10 7 12 1 1 1 8 1 8 1 10 12 1 8 1 10 12 1 1 10 12 1 1 1 1 1 1 1 1 1 1 1 1 1 1 1 1 1 1 1 1 1 1 1 1 1 1 1 1 1 1 1 1 1 1 1 1 1 1 1 1 1 1 1 1 1 1 1 1 1 1 1 1 1 1 1 1 1 1 1 1 1 16 15 10 12 16 16 15 10 12 16 15 10 12 16 15 10 100 12 1 1 1 1 1 1 100 1 100 1 1
ciMethod sun/security/util/Debug println (Ljava/lang/String;)V 0 0 1 0 -1
ciInstanceKlass java/util/ListIterator 1 0 27 100 1 100 1 100 1 1 1 1 1 1 1 1 1 1 1 1 1 1 1 1 1 1 1 1 1
ciMethod java/util/ListIterator remove ()V 0 0 1 0 -1
ciMethod java/util/ListIterator hasNext ()Z 0 0 1 0 -1
ciMethod java/util/ListIterator next ()Ljava/lang/Object; 0 0 1 0 -1
ciMethod java/util/ListIterator hasPrevious ()Z 0 0 1 0 -1
ciMethod java/util/ListIterator previous ()Ljava/lang/Object; 0 0 1 0 -1
ciMethod java/util/Iterator remove ()V 0 0 1 0 -1
ciInstanceKlass java/lang/ref/ReferenceQueue$Null 1 1 29 10 7 12 1 1 1 100 1 1 1 1 1 1 1 1 1 1 1 1 1 1 1 1 1 1 1 1 1
ciInstanceKlass java/util/logging/Level 1 1 294 10 7 12 1 1 1 10 12 1 10 7 12 1 1 100 1 10 9 12 1 1 9 12 1 1 9 12 1 9 12 1 9 12 1 1 10 7 12 1 1 1 10 12 1 1 10 12 1 1 10 7 12 1 1 1 9 100 12 1 1 1 11 100 12 1 1 1 10 100 12 1 1 1 8 1 10 7 12 1 1 1 10 12 1 1 9 100 12 1 1 10 10 12 1 1 10 12 1 10 12 1 10 12 1 7 1 18 12 1 1 10 12 1 1 10 7 12 1 1 1 10 12 1 1 10 7 12 1 1 1 10 12 1 1 10 12 1 100 1 10 12 1 10 12 1 1 10 12 1 1 18 100 1 18 12 1 10 12 1 8 1 3 9 12 1 8 1 9 12 8 1 9 12 8 1 9 12 8 1 9 12 8 1 9 12 8 1 9 12 8 1 9 12 8 1 3 9 12 9 12 1 1 7 1 1 1 1 1 5 0 1 1 1 1 1 1 1 1 1 1 1 1 1 1 1 1 1 1 1 1 7 1 1 1 1 1 1 1 1 1 1 1 1 1 1 1 1 1 1 1 1 1 1 1 1 1 1 16 1 15 10 12 1 1 16 1 15 10 12 1 8 1 15 10 7 12 1 1 1 15 10 100 12 1 1 1 1 1 100 1 100 1 1
staticfield java/util/logging/Level OFF Ljava/util/logging/Level; java/util/logging/Level
staticfield java/util/logging/Level SEVERE Ljava/util/logging/Level; java/util/logging/Level
staticfield java/util/logging/Level WARNING Ljava/util/logging/Level; java/util/logging/Level
staticfield java/util/logging/Level INFO Ljava/util/logging/Level; java/util/logging/Level
staticfield java/util/logging/Level CONFIG Ljava/util/logging/Level; java/util/logging/Level
staticfield java/util/logging/Level FINE Ljava/util/logging/Level; java/util/logging/Level
staticfield java/util/logging/Level FINER Ljava/util/logging/Level; java/util/logging/Level
staticfield java/util/logging/Level FINEST Ljava/util/logging/Level; java/util/logging/Level
staticfield java/util/logging/Level ALL Ljava/util/logging/Level; java/util/logging/Level
staticfield java/util/logging/Level standardLevels [Ljava/util/logging/Level; 9 [Ljava/util/logging/Level;
ciMethod java/util/logging/Level intValue ()I 268 0 134 0 0
ciInstanceKlass jdk/internal/logger/BootstrapLogger 1 1 394 9 7 12 1 1 1 11 100 12 1 1 1 10 7 12 1 1 1 9 12 1 1 10 7 12 1 1 1 10 12 1 9 12 1 1 9 100 12 1 1 1 100 1 10 9 12 1 1 10 7 12 1 1 1 10 12 1 1 10 12 1 1 10 12 1 9 12 1 1 10 12 1 10 12 10 12 1 10 100 12 1 1 1 9 12 1 1 10 12 1 1 11 7 12 1 1 1 10 12 1 1 10 12 1 11 12 1 10 12 1 11 12 1 11 12 1 11 12 1 10 12 1 11 12 1 11 12 1 100 1 11 12 1 10 12 1 11 12 1 10 100 12 1 1 9 12 10 12 1 1 11 7 12 1 1 11 12 1 10 12 1 11 12 1 10 12 1 11 12 1 10 12 1 11 12 1 10 12 1 11 12 1 10 12 1 1 11 12 1 10 12 1 11 12 1 1 10 12 1 11 12 1 11 12 1 10 12 1 11 12 1 11 12 1 11 12 1 1 11 12 1 11 12 1 11 12 1 11 7 12 1 1 1 11 12 1 9 12 10 7 1 9 7 12 1 1 1 9 7 12 1 1 9 12 1 9 12 1 10 12 1 10 12 1 10 12 1 1 10 12 1 8 1 10 12 1 9 7 12 1 1 1 10 12 1 1 10 12 1 1 10 12 1 10 12 1 1 10 12 1 10 12 1 10 7 12 1 1 1 1 1 1 1 1 1 1 1 1 1 1 1 1 1 1 1 1 1 1 1 1 1 1 1 1 1 1 1 1 1 1 1 1 1 1 1 1 7 1 1 1 1 1 1 1 1 1 1 1 1 1 7 1 1 1 1 1 100 1 100 1 100 1 1 100 1 1 1 1 100 1 1 1 7 1 1 1 100 1 1 1 1 1 1
staticfield jdk/internal/logger/BootstrapLogger $assertionsDisabled Z 1
ciInstanceKlass sun/util/logging/PlatformLogger$ConfigurableBridge 1 1 31 7 1 11 12 1 1 100 1 1 1 1 1 1 1 1 1 1 1 1 1 100 1 1 1 100 1 1 100 1 1
ciInstanceKlass sun/util/logging/PlatformLogger$Bridge 1 1 62 7 1 100 1 10 12 1 1 100 1 1 1 1 1 1 1 1 1 1 1 1 1 1 1 1 1 1 1 1 1 1 1 1 1 1 1 1 1 1 1 1 1 1 1 1 1 1 1 1 100 1 1 1 100 1 100 1 1 100 1 1
ciMethod sun/util/logging/PlatformLogger$Bridge log (Lsun/util/logging/PlatformLogger$Level;Ljava/lang/String;[Ljava/lang/Object;)V 0 0 1 0 -1
ciMethod sun/util/logging/PlatformLogger$Bridge convert (Ljava/lang/System$Logger;)Lsun/util/logging/PlatformLogger$Bridge; 78 0 57 0 0
ciMethod sun/util/logging/PlatformLogger$Bridge isLoggable (Lsun/util/logging/PlatformLogger$Level;)Z 0 0 1 0 -1
ciMethod jdk/internal/logger/BootstrapLogger <init> (Ljdk/internal/logger/LazyLoggers$LazyLoggerAccessor;Ljava/util/function/BooleanSupplier;)V 0 0 1 0 -1
ciMethod jdk/internal/logger/BootstrapLogger isBooted ()Z 340 0 170 0 -1
ciMethod jdk/internal/logger/BootstrapLogger getLogger (Ljdk/internal/logger/LazyLoggers$LazyLoggerAccessor;Ljava/util/function/BooleanSupplier;)Ljava/lang/System$Logger; 36 0 25 0 0
ciMethod jdk/internal/logger/BootstrapLogger useSurrogateLoggers ()Z 178 0 89 0 -1
ciMethod jdk/internal/logger/BootstrapLogger createSurrogateLogger (Ljdk/internal/logger/LazyLoggers$LazyLoggerAccessor;)Ljava/lang/System$Logger; 12 0 6 0 -1
instanceKlass java/util/logging/LogManager$RootLogger
ciInstanceKlass java/util/logging/Logger 1 1 742 10 7 12 1 1 1 9 7 12 1 1 1 10 12 1 1 10 7 12 1 1 9 12 1 1 9 12 1 9 12 1 1 9 12 1 1 7 1 10 9 12 1 1 9 12 1 1 10 12 1 1 9 12 1 10 7 12 1 1 1 7 1 8 1 10 12 1 10 12 1 10 12 1 1 7 1 10 12 1 9 12 1 1 10 12 1 1 7 1 10 9 7 12 1 1 10 7 12 1 1 1 10 7 12 1 1 1 10 12 1 1 10 12 1 10 7 12 1 1 1 10 12 1 1 10 10 12 10 12 1 8 1 10 12 1 10 12 1 1 10 12 1 8 1 10 12 10 12 1 1 10 12 1 1 10 12 1 1 9 7 12 1 1 10 12 1 1 9 12 1 1 10 100 12 1 1 1 10 12 1 1 11 100 12 1 1 10 12 1 1 10 12 1 10 7 12 1 1 1 9 12 1 10 12 1 1 9 12 1 10 12 1 1 10 12 1 10 12 1 1 9 12 1 1 10 12 1 10 12 1 1 10 12 1 10 12 1 10 12 1 11 100 1 10 12 1 1 10 12 1 1 10 12 1 10 12 1 10 100 12 1 1 10 12 1 10 12 1 9 7 12 1 1 1 8 1 10 12 1 1 8 1 10 12 1 7 1 10 10 12 1 1 10 12 1 10 12 1 10 12 1 8 1 8 1 8 1 9 12 1 10 12 9 12 1 9 12 1 9 12 1 9 12 1 9 12 1 10 12 1 9 12 1 1 10 12 1 1 10 12 1 9 12 1 9 12 1 1 10 12 1 1 9 12 1 10 7 12 1 1 1 10 12 1 1 10 12 1 9 12 1 1 9 12 1 1 10 7 12 1 1 1 7 10 12 1 1 9 12 1 10 100 12 1 1 1 10 12 1 1 9 12 1 1 10 9 12 1 10 7 12 1 1 1 10 12 1 1 10 7 12 1 1 10 12 1 10 12 1 10 12 1 9 100 12 1 1 1 11 100 12 1 1 1 100 1 18 12 1 1 10 7 12 1 1 1 10 12 1 100 1 18 12 1 1 10 10 12 1 1 9 12 1 18 12 1 10 12 1 10 12 1 10 12 1 8 1 8 1 100 1 10 9 12 1 1 10 7 12 1 1 1 11 7 12 1 1 11 12 1 7 1 10 12 1 11 12 1 10 12 1 10 12 1 10 12 1 1 10 12 1 10 12 1 10 10 12 1 10 12 1 10 12 1 9 12 1 10 12 1 8 10 1 1 1 1 1 1 1 1 1 1 1 1 1 1 1 1 1 1 1 1 1 1 1 1 1 1 100 1 1 1 1 1 1 1 1 1 1 1 1 1 1 1 1 1 1 1 1 1 1 1 1 1 1 1 1 1 1 1 1 1 1 1 1 1 1 1 1 1 1 1 1 1 1 1 1 1 1 1 1 1 1 1 1 1 1 1 1 1 1 1 1 1 1 1 1 1 1 1 1 1 1 1 1 1 1 1 1 1 1 1 1 7 1 1 1 1 1 1 1 1 1 1 1 1 1 1 1 1 100 1 1 1 1 1 1 1 1 1 1 1 1 1 1 1 1 1 1 1 1 1 1 1 1 100 1 1 16 15 10 12 16 8 1 8 1 15 10 100 12 1 1 1 15 10 100 12 1 1 1 1 1 1 1 1 100 1 100 1 1
staticfield java/util/logging/Logger emptyHandlers [Ljava/util/logging/Handler; 0 [Ljava/util/logging/Handler;
staticfield java/util/logging/Logger offValue I 2147483647
staticfield java/util/logging/Logger SYSTEM_BUNDLE Ljava/util/logging/Logger$LoggerBundle; java/util/logging/Logger$LoggerBundle
staticfield java/util/logging/Logger NO_RESOURCE_BUNDLE Ljava/util/logging/Logger$LoggerBundle; java/util/logging/Logger$LoggerBundle
staticfield java/util/logging/Logger treeLock Ljava/lang/Object; java/lang/Object
staticfield java/util/logging/Logger global Ljava/util/logging/Logger; java/util/logging/Logger
ciMethod java/util/logging/Logger isLoggable (Ljava/util/logging/Level;)Z 542 0 62367 0 136
ciInstanceKlass java/util/logging/Logger$ConfigurationData 1 1 144 10 7 12 1 1 1 7 1 10 9 7 12 1 1 1 9 12 1 1 9 12 1 1 9 7 12 1 1 1 10 12 1 1 9 12 1 1 9 12 1 1 9 12 1 10 12 1 1 10 12 1 10 12 1 9 100 12 1 1 7 1 8 1 10 12 1 9 12 1 10 12 1 1 11 7 12 1 1 1 11 12 1 1 100 1 10 12 1 10 12 1 1 10 12 1 1 10 12 1 1 9 12 1 1 10 12 1 1 1 1 1 1 1 1 1 1 1 1 7 1 1 1 1 100 1 1 1 1 1 1 1 1 1 1 1 1 1 1 1 1 1 1 1
ciMethod java/lang/Enum ordinal ()I 274 0 137 0 0
ciMethod java/security/AccessControlContext optimize ()Ljava/security/AccessControlContext; 512 0 5377 0 1016
ciMethod java/security/AccessControlContext containsAllPDs ([Ljava/security/ProtectionDomain;[Ljava/security/ProtectionDomain;)Z 0 0 1 0 -1
ciMethod java/security/AccessControlContext calculateFields (Ljava/security/AccessControlContext;Ljava/security/AccessControlContext;[Ljava/security/Permission;)V 146 0 5193 0 552
ciMethod java/security/AccessControlContext getDebug ()Lsun/security/util/Debug; 0 0 1 0 -1
ciMethod java/security/AccessControlContext combine ([Ljava/security/ProtectionDomain;[Ljava/security/ProtectionDomain;)[Ljava/security/ProtectionDomain; 306 312 5370 0 2296
ciMethod java/security/AccessControlContext <init> ([Ljava/security/ProtectionDomain;Z)V 40 0 20 0 0
ciMethod java/lang/Thread currentThread ()Ljava/lang/Thread; 0 0 1 0 -1
ciMethod java/util/Iterator next ()Ljava/lang/Object; 0 0 1 0 -1
ciMethod java/util/Iterator hasNext ()Z 0 0 1 0 -1
ciMethod java/lang/String valueOf (Ljava/lang/Object;)Ljava/lang/String; 92 0 37849 0 -1
ciMethod java/util/Map put (Ljava/lang/Object;Ljava/lang/Object;)Ljava/lang/Object; 0 0 1 0 -1
ciMethod java/util/Map get (Ljava/lang/Object;)Ljava/lang/Object; 0 0 1 0 -1
ciMethod java/security/AccessController getStackAccessControlContext ()Ljava/security/AccessControlContext; 256 0 128 0 -1
ciMethod java/security/AccessController getInheritedAccessControlContext ()Ljava/security/AccessControlContext; 258 0 129 0 -1
ciMethod java/security/AccessController getContext ()Ljava/security/AccessControlContext; 702 0 5473 0 1120
ciMethod java/security/AccessController doPrivileged (Ljava/security/PrivilegedAction;)Ljava/lang/Object; 62 0 29405 0 -1
ciMethod java/lang/Object wait (J)V 16 0 5128 0 -1
ciMethod java/lang/Object <init> ()V 1024 0 2645214 0 136
ciInstanceKlass driverecovery/MainWindow 1 1 984 7 1 7 1 1 1 1 1 1 1 1 1 1 1 1 8 1 10 12 1 100 1 10 12 1 1 7 1 10 12 1 10 12 1 1 10 12 1 10 12 1 7 1 10 12 9 12 7 1 10 9 12 7 1 10 9 12 10 7 1 12 1 1 18 12 1 1 10 12 1 1 9 7 1 12 1 1 10 12 1 1 18 12 1 1 10 12 1 1 18 10 12 1 10 12 1 1 10 12 1 1 7 1 10 12 1 10 12 1 1 10 12 1 10 12 1 1 18 12 1 10 7 1 12 1 1 1 1 1 7 1 7 1 10 10 12 1 9 12 1 1 10 12 1 1 10 12 1 8 1 10 12 1 1 7 1 10 10 12 1 10 12 1 1 7 1 10 10 12 1 1 10 10 8 1 7 1 10 12 1 10 12 1 10 12 1 10 10 6 0 10 12 1 1 7 1 10 10 12 1 1 10 12 1 8 1 1 1 1 1 1 1 1 7 1 10 7 1 3 10 12 10 7 1 12 1 1 10 12 1 1 10 12 1 1 7 1 10 12 1 7 1 7 1 10 10 3 7 1 8 1 10 9 12 1 10 12 1 7 1 9 12 1 1 10 12 1 1 10 12 1 10 12 1 1 10 12 1 10 7 1 10 12 1 10 12 1 8 1 9 12 1 100 1 10 12 1 1 8 1 9 12 1 9 12 1 10 7 1 12 1 1 8 1 8 1 8 1 10 7 1 12 1 1 8 1 10 7 1 12 1 1 18 12 1 1 10 12 1 1 8 1 9 12 1 8 1 9 12 1 8 1 9 12 1 8 1 1 1 1 1 1 1 1 1 1 1 1 7 1 10 12 1 10 12 1 1 9 12 1 10 10 1 1 1 7 1 10 8 1 8 1 3 1 1 1 1 10 12 1 1 10 12 1 1 10 12 1 9 7 1 12 1 10 12 1 9 12 1 8 1 10 12 1 1 11 7 1 12 1 1 9 12 1 10 12 1 11 12 1 1 9 12 1 9 12 1 10 12 1 18 8 1 100 1 10 12 1 1 10 12 1 9 12 1 8 1 9 7 1 12 1 1 10 12 1 1 10 12 1 18 12 1 1 18 12 1 10 12 1 1 10 12 1 1 1 1 1 1 1 1 1 1 1 10 12 1 10 12 1 100 1 10 12 1 11 12 1 11 12 11 12 1 1 18 12 1 18 9 12 1 18 8 1 9 12 1 10 7 1 12 1 1 10 12 1 1 11 100 1 8 1 11 10 7 1 12 1 1 10 12 1 1 8 1 8 1 8 1 8 1 10 12 1 1 9 12 1 1 10 7 1 12 1 1 10 12 1 10 12 1 18 12 1 9 12 1 18 10 12 1 9 12 10 12 1 1 1 1 1 1 1 1 1 1 1 10 12 1 8 1 8 1 10 12 1 1 10 12 1 8 1 1 1 8 1 8 1 10 12 1 10 12 1 8 1 8 1 8 1 10 7 1 12 1 1 8 1 8 1 8 1 8 1 8 1 9 12 1 8 1 8 1 8 1 8 1 8 1 8 1 8 1 8 1 8 1 8 1 9 12 1 8 1 9 12 1 8 1 8 1 9 12 1 8 1 8 1 8 1 8 1 8 1 8 1 8 1 8 1 8 1 8 1 8 1 9 12 1 8 1 8 1 8 1 8 1 8 1 8 1 8 1 3 8 1 8 1 8 1 8 1 8 1 8 1 8 1 8 1 8 1 8 1 8 1 8 1 8 1 8 1 8 1 8 1 8 1 8 1 8 1 8 1 8 1 8 1 8 1 1 1 8 1 8 1 10 12 1 8 1 8 1 8 1 8 1 18 1 1 1 18 12 1 1 1 1 1 1 18 1 10 7 1 12 1 8 1 8 1 8 1 8 1 8 1 8 1 8 1 8 1 3 8 1 8 1 8 1 7 1 10 12 1 8 1 8 1 8 1 8 1 8 1 8 1 8 1 8 1 8 1 10 7 1 12 1 1 10 12 1 10 12 1 10 10 12 1 100 1 1 1 1 1 1 1 1 10 7 1 12 1 1 15 1 16 15 16 16 10 12 15 16 16 10 12 15 16 16 10 12 15 16 10 7 1 12 1 15 8 1 8 1 1 16 10 12 15 1 16 16 10 12 15 16 8 1 8 1 8 1 8 1 16 10 12 15 16 16 10 12 15 16 16 10 12 15 16 16 10 12 15 16 1 1 100 1 100 1 1 1 100 1
ciInstanceKlass sun/awt/AppContext 1 1 501 9 7 12 1 1 1 7 1 11 7 12 1 1 1 10 12 1 1 9 12 1 1 9 7 12 1 1 10 7 12 1 1 7 1 10 9 12 1 9 12 1 1 9 12 1 5 0 9 12 1 1 5 0 9 12 1 9 12 1 1 9 12 1 9 12 1 1 10 7 12 1 1 1 9 12 1 1 11 12 1 1 7 1 10 12 1 10 7 12 1 1 1 7 1 9 12 1 1 7 1 10 9 12 1 1 10 11 7 12 1 1 1 9 12 1 7 1 10 10 12 1 9 12 1 1 9 12 1 1 10 7 12 1 1 7 1 10 9 100 12 1 1 1 8 1 10 100 12 1 1 1 10 100 12 1 1 1 10 12 1 1 10 100 12 1 1 1 100 1 8 1 10 12 9 12 1 8 1 10 7 12 1 1 1 100 1 10 12 1 100 1 10 100 12 1 1 1 10 12 1 10 100 12 1 1 1 10 12 1 1 100 1 100 1 10 12 1 10 12 1 10 12 1 1 10 12 1 5 0 10 12 1 10 12 1 10 12 1 1 11 12 1 1 10 12 1 1 11 12 1 10 12 1 10 12 1 1 11 100 12 1 1 1 11 100 12 1 1 1 11 12 1 10 12 1 100 1 10 10 12 1 1 100 1 10 12 1 10 12 1 11 100 12 1 1 9 7 12 1 1 9 12 1 11 12 10 12 1 10 12 1 10 12 1 1 10 100 12 1 1 1 10 18 12 1 1 100 1 10 12 1 1 10 12 10 12 1 1 10 12 1 10 12 1 10 100 1 10 11 100 1 10 8 1 10 7 12 1 1 1 9 12 1 1 7 1 8 1 10 9 12 1 7 1 8 1 10 8 1 7 1 10 10 7 12 1 1 1 7 1 10 9 12 1 10 10 7 1 10 10 7 12 1 1 1 1 1 1 1 1 1 1 8 1 1 1 1 1 100 1 1 1 1 1 1 1 1 1 1 1 1 1 1 1 1 1 1 1 1 1 1 1 1 1 100 1 1 1 1 1 1 1 1 1 1 1 1 1 1 1 1 1 1 1 1 1 1 1 1 1 1 1 1 1 1 1 1 100 1 100 1 1 8 1 15 10 100 12 1 1 1 1 1 1 1 100 1 100 1 1
staticfield sun/awt/AppContext log Lsun/util/logging/PlatformLogger; sun/util/logging/PlatformLogger
staticfield sun/awt/AppContext EVENT_QUEUE_KEY Ljava/lang/Object; java/lang/StringBuffer
staticfield sun/awt/AppContext EVENT_QUEUE_LOCK_KEY Ljava/lang/Object; java/lang/StringBuilder
staticfield sun/awt/AppContext EVENT_QUEUE_COND_KEY Ljava/lang/Object; java/lang/StringBuilder
staticfield sun/awt/AppContext threadGroup2appContext Ljava/util/Map; java/util/Collections$SynchronizedMap
staticfield sun/awt/AppContext getAppContextLock Ljava/lang/Object; sun/awt/AppContext$GetAppContextLock
staticfield sun/awt/AppContext numAppContexts Ljava/util/concurrent/atomic/AtomicInteger; java/util/concurrent/atomic/AtomicInteger
staticfield sun/awt/AppContext threadAppContext Ljava/lang/ThreadLocal; java/lang/ThreadLocal
ciInstanceKlass java/awt/EventDispatchThread 1 1 296 10 7 12 1 1 1 9 7 12 1 1 1 7 1 10 9 12 1 1 100 1 8 1 10 12 1 10 12 1 10 12 1 1 7 1 10 12 1 10 12 1 1 10 12 1 1 10 7 12 1 1 10 12 1 10 12 1 1 7 1 10 12 1 10 12 1 1 10 12 1 1 10 12 1 1 11 7 12 1 1 10 12 1 1 10 12 1 9 12 1 1 9 7 12 1 1 1 10 7 12 1 1 1 10 100 12 1 1 1 18 12 1 1 10 12 1 10 12 1 1 7 1 10 12 1 1 10 12 1 1 7 1 10 12 1 1 10 12 1 1 10 12 18 10 12 1 11 12 1 1 9 7 12 1 1 1 9 12 1 10 7 12 1 1 1 10 12 1 1 10 12 1 10 12 1 10 7 12 1 1 18 10 12 1 1 100 1 100 1 10 12 1 1 9 12 1 18 10 12 1 10 12 1 1 11 100 12 1 1 1 9 12 1 1 8 1 10 12 1 1 1 1 1 3 1 1 1 1 1 1 1 1 1 1 1 1 1 1 1 1 1 1 1 1 1 1 1 1 1 1 1 1 1 1 100 1 1 1 1 1 1 1 1 1 1 1 1 1 1 1 1 8 1 8 1 8 1 8 1 15 10 100 12 1 1 1 1 1 1 1 100 1 100 1 1
staticfield java/awt/EventDispatchThread eventLog Lsun/util/logging/PlatformLogger; sun/util/logging/PlatformLogger
ciInstanceKlass java/awt/KeyEventDispatcher 1 0 11 100 1 100 1 1 1 1 1 1 1
ciInstanceKlass java/awt/KeyEventPostProcessor 1 0 11 100 1 100 1 1 1 1 1 1 1
instanceKlass java/awt/DefaultKeyboardFocusManager
ciInstanceKlass java/awt/KeyboardFocusManager 1 1 1097 7 1 10 7 12 1 1 1 10 12 1 1 10 12 1 1 7 1 10 12 1 1 10 12 1 1 10 12 1 10 12 1 8 1 9 100 12 1 1 1 9 12 1 10 12 1 1 7 1 9 12 1 1 9 12 1 1 100 1 10 100 1 8 1 10 12 1 10 12 1 1 10 12 1 1 10 7 12 1 1 1 11 7 12 1 1 1 11 12 1 10 7 12 1 1 1 10 12 1 1 10 7 1 7 1 10 9 12 1 1 9 12 1 1 7 1 100 1 10 12 1 100 1 7 1 10 10 12 1 10 7 12 1 1 1 7 1 11 12 1 1 9 12 1 1 9 12 1 1 9 7 12 1 1 1 10 12 1 10 12 1 10 12 1 1 8 10 12 1 100 1 10 12 1 1 10 12 1 1 10 12 1 7 1 7 1 10 12 1 1 10 12 1 10 7 12 1 1 10 12 1 10 12 1 1 11 7 12 1 1 7 1 10 12 1 10 7 12 1 1 1 11 12 1 9 12 1 1 9 7 12 1 1 1 10 7 12 1 1 1 8 1 10 7 12 1 1 1 10 12 1 1 11 12 1 1 11 12 1 9 12 1 10 12 1 8 10 12 1 9 12 1 1 9 10 12 1 10 12 1 8 9 12 1 10 12 1 9 12 1 18 12 1 1 10 12 1 1 8 100 1 8 1 10 12 8 1 8 1 8 1 11 12 1 1 11 7 12 1 1 11 12 1 1 8 1 10 12 1 1 3 8 1 11 12 1 8 1 10 12 1 9 12 1 1 9 12 1 1 9 8 7 1 10 12 1 9 12 1 1 7 1 10 12 1 10 12 1 1 10 12 1 10 12 1 1 10 12 1 10 12 10 12 1 10 9 12 1 1 100 1 10 10 12 1 1 10 12 1 10 12 1 1 10 12 1 10 12 10 12 1 10 9 12 1 1 7 1 10 10 10 12 10 12 1 7 1 9 12 1 9 12 1 10 12 1 7 1 10 9 12 1 1 11 7 1 10 12 1 10 12 1 10 10 12 1 1 10 12 1 10 12 1 1 11 10 12 9 7 12 1 1 10 12 1 1 10 12 1 10 12 1 10 12 1 10 12 1 9 7 12 1 1 1 10 12 1 1 18 12 1 10 100 12 1 1 9 12 1 10 7 1 18 12 1 8 1 10 7 12 1 1 1 9 12 1 10 12 1 1 10 12 1 10 12 1 1 10 12 1 9 12 1 10 12 1 1 9 7 12 1 1 1 10 12 1 7 1 10 12 1 9 12 1 9 12 1 1 9 12 1 10 12 1 1 100 1 100 1 9 12 1 9 12 1 8 1 10 12 1 8 1 10 12 1 10 12 1 8 1 10 12 8 1 8 1 8 1 8 1 10 12 8 1 10 12 1 10 12 1 1 8 1 9 12 1 10 12 1 1 18 10 12 9 12 1 1 10 12 1 1 10 12 1 10 12 1 1 18 18 7 1 7 1 10 12 1 10 12 1 9 12 1 10 12 1 7 1 9 12 1 9 12 1 9 12 1 10 12 1 10 12 1 10 12 1 1 10 100 12 1 1 9 12 1 9 12 1 10 12 1 10 12 1 1 10 12 1 10 12 1 10 12 1 10 12 1 9 12 1 10 12 1 10 12 1 1 10 12 1 1 10 12 1 9 12 1 7 1 10 10 7 12 1 1 1 9 12 1 9 12 10 12 100 1 8 1 8 1 10 10 12 1 10 12 1 10 12 1 5 0 10 12 1 10 12 1 10 12 1 9 12 1 7 1 10 12 1 10 7 12 1 1 1 11 7 12 1 1 1 10 12 1 10 12 1 10 12 1 1 9 12 1 1 100 1 8 1 10 10 100 12 1 1 1 10 7 12 1 1 8 1 10 12 1 1 10 12 1 10 12 1 7 1 10 10 12 1 1 8 1 8 1 8 1 8 1 8 1 7 1 10 100 1 100 1 1 1 1 3 1 3 1 3 1 3 1 3 1 1 1 1 1 1 1 1 1 1 1 1 1 1 1 1 1 1 1 1 1 100 1 1 1 1 1 1 1 1 1 1 1 1 1 1 1 1 1 1 1 1 1 1 1 100 100 1 1 1 1 1 1 1 1 1 1 1 1 1 1 1 1 1 1 1 1 1 1 1 1 1 1 1 1 100 1 1 1 1 1 1 1 1 1 1 1 1 1 1 1 1 1 1 1 1 1 1 1 1 1 1 1 1 1 1 1 1 1 1 1 1 1 1 1 1 1 1 1 1 1 1 1 1 1 1 1 1 1 1 1 1 1 1 1 1 1 1 1 1 1 1 1 1 1 1 1 1 1 1 1 1 1 1 1 1 1 1 1 1 1 1 1 1 1 1 1 1 1 1 1 1 1 1 1 1 1 1 1 1 1 1 1 1 1 1 8 1 8 1 8 1 8 1 8 1 8 1 15 10 100 12 1 1 1 1 1 1 1 1 100 1 1 100 1 100 1 1
staticfield java/awt/KeyboardFocusManager focusLog Lsun/util/logging/PlatformLogger; sun/util/logging/PlatformLogger
staticfield java/awt/KeyboardFocusManager log Lsun/util/logging/PlatformLogger; sun/util/logging/PlatformLogger
staticfield java/awt/KeyboardFocusManager defaultFocusTraversalKeyPropertyNames [Ljava/lang/String; 4 [Ljava/lang/String;
staticfield java/awt/KeyboardFocusManager $assertionsDisabled Z 1
instanceKlass java/util/LinkedList
ciInstanceKlass java/util/AbstractSequentialList 1 1 110 10 7 12 1 1 1 10 7 12 1 1 1 11 100 12 1 1 1 100 1 100 1 100 1 10 8 1 10 12 1 1 10 12 1 10 12 1 1 10 12 1 11 12 1 1 11 12 1 11 12 1 11 100 12 1 1 1 11 100 12 1 1 1 11 10 12 1 1 1 1 1 1 1 1 1 1 1 1 1 1 1 1 1 1 1 1 1 1 1 1 1 1 1 1 1 1 1 1 1 1 1 1 1 1 1 1 1 1 1
ciInstanceKlass java/util/LinkedList 1 1 346 10 7 12 1 1 1 9 7 12 1 1 1 10 10 12 1 1 9 12 1 1 7 1 10 12 1 9 12 1 9 12 1 9 12 1 9 12 1 9 12 1 1 100 1 10 10 12 1 1 10 12 1 10 12 1 1 10 12 1 10 12 1 1 10 12 1 10 7 12 1 1 1 10 12 1 10 12 1 1 11 7 12 1 1 1 10 12 1 1 10 12 1 10 12 1 1 100 1 10 8 1 10 12 1 1 10 12 1 8 1 10 12 1 1 10 12 1 1 100 1 10 12 1 1 10 12 1 10 12 1 10 12 1 1 10 12 1 10 12 1 10 12 1 10 12 1 10 12 1 7 1 10 12 1 100 1 10 12 1 10 12 1 100 1 100 1 10 12 1 10 12 1 1 10 12 1 1 10 100 12 1 1 10 100 12 1 1 1 100 1 10 100 12 1 1 10 12 1 10 12 1 10 100 12 1 1 10 12 1 1 10 12 1 100 1 10 12 1 100 1 10 12 1 1 11 100 12 1 1 10 12 1 10 12 100 1 100 1 100 1 1 1 1 1 1 5 0 1 1 1 1 1 1 1 1 1 1 1 1 1 1 1 1 1 1 1 1 1 1 1 1 1 1 1 1 1 1 1 1 1 1 1 1 1 1 1 1 1 1 1 1 1 1 1 1 1 1 1 1 1 1 1 1 1 1 1 1 1 1 1 1 1 1 1 1 1 1 1 1 1 1 1 1 1 1 100 1 1 1 100 1 1 1 1 1 1 1 1 1 1 1 1 1 1 1
instanceKlass javax/swing/FocusManager
ciInstanceKlass java/awt/DefaultKeyboardFocusManager 1 1 832 7 1 10 12 1 1 10 7 12 1 1 1 7 1 10 10 7 12 1 1 1 10 7 1 9 7 12 1 1 1 9 12 1 9 12 1 9 12 1 7 1 10 9 12 1 1 9 12 1 7 1 7 1 10 7 12 1 1 1 10 7 12 1 1 1 7 1 10 7 12 1 1 1 10 12 1 1 10 12 1 1 10 12 1 10 12 1 10 7 12 1 1 1 9 12 1 1 10 12 1 1 10 12 1 1 10 12 1 10 12 1 1 10 12 1 10 12 1 9 7 12 1 1 1 10 12 1 1 10 12 1 10 7 12 1 1 1 10 12 1 1 9 7 12 1 1 1 10 7 12 1 1 1 9 12 1 1 7 1 10 12 1 10 7 12 1 1 10 12 1 10 12 1 1 10 7 12 1 1 10 100 12 1 1 1 100 1 100 1 10 12 1 10 12 1 1 9 12 1 100 1 10 10 12 1 5 0 10 12 1 1 100 1 9 12 1 5 0 10 100 12 1 1 7 1 10 12 1 1 10 12 1 10 12 1 7 1 10 7 1 9 12 1 10 12 10 12 1 100 1 10 12 1 9 12 1 1 9 7 12 1 1 1 10 7 12 1 1 1 10 100 12 1 1 1 18 12 1 1 10 12 1 1 10 12 1 1 10 12 1 1 10 12 1 10 12 1 10 12 1 10 12 1 10 12 1 10 12 1 10 12 1 1 10 12 1 1 10 12 1 1 10 12 1 1 10 12 1 9 12 1 1 10 12 1 1 10 7 12 1 1 10 12 1 9 12 1 8 1 10 12 1 1 9 12 1 10 12 1 10 12 1 10 12 1 8 1 10 12 5 0 10 12 1 1 10 12 1 10 12 1 1 10 12 1 10 12 1 10 12 1 10 12 1 9 12 1 10 12 1 1 10 12 1 10 12 1 10 12 1 1 10 12 1 10 12 1 8 1 8 1 10 12 1 10 12 1 1 10 12 10 12 1 10 8 1 10 12 1 10 12 10 12 1 10 10 12 1 10 12 1 1 10 12 1 1 11 7 12 1 1 1 11 7 12 1 1 11 12 1 7 1 11 12 1 1 10 9 12 1 1 7 1 10 12 1 9 7 1 11 7 12 1 1 10 10 12 1 10 12 1 9 12 1 1 8 1 10 12 1 10 12 1 9 12 1 8 1 10 100 12 1 1 10 100 12 1 1 10 12 1 10 8 1 10 12 1 8 1 10 12 1 8 1 10 12 1 10 12 1 1 11 12 1 8 1 8 1 10 12 10 12 1 10 12 1 10 10 10 12 1 10 12 1 10 12 1 10 12 1 100 1 11 12 1 10 9 12 1 10 10 12 1 10 12 1 10 12 1 10 7 12 1 1 1 10 12 1 10 12 1 10 12 1 10 12 1 1 10 12 1 1 11 7 12 1 1 10 12 1 10 12 1 10 12 1 10 12 1 10 12 1 10 12 1 1 8 1 10 12 1 1 11 7 12 1 1 10 12 10 12 1 1 8 1 11 11 11 11 12 1 10 12 1 1 10 12 1 10 12 1 10 12 1 10 12 1 8 1 10 12 1 1 10 12 1 1 1 1 1 1 1 1 1 1 1 1 1 1 1 1 1 1 1 1 1 1 1 1 1 1 1 1 1 1 1 1 1 1 1 1 1 1 1 1 100 1 1 1 1 1 1 1 1 1 1 1 1 1 1 1 1 1 1 1 1 1 1 1 1 1 1 1 1 1 1 1 1 1 1 1 1 1 1 1 1 1 1 1 1 1 1 1 1 1 1 1 1 1 1 1 1 1 1 1 1 1 1 1 1 1 1 1 1 1 1 1 1 1 1 8 1 15 10 100 12 1 1 1 100 1 1 1 1 1 1 100 1 100 1 1
staticfield java/awt/DefaultKeyboardFocusManager focusLog Lsun/util/logging/PlatformLogger; sun/util/logging/PlatformLogger
staticfield java/awt/DefaultKeyboardFocusManager NULL_WINDOW_WR Ljava/lang/ref/WeakReference; java/lang/ref/WeakReference
staticfield java/awt/DefaultKeyboardFocusManager NULL_COMPONENT_WR Ljava/lang/ref/WeakReference; java/lang/ref/WeakReference
instanceKlass javax/swing/LegacyGlueFocusTraversalPolicy
instanceKlass javax/swing/InternalFrameFocusTraversalPolicy
instanceKlass java/awt/ContainerOrderFocusTraversalPolicy
ciInstanceKlass java/awt/FocusTraversalPolicy 1 1 47 10 7 12 1 1 1 100 1 8 1 10 12 1 10 7 12 1 1 1 10 100 12 1 1 1 1 1 1 1 1 1 1 1 1 1 1 1 1 1 1 1 1 100 1 1 1
ciInstanceKlass java/awt/peer/KeyboardFocusManagerPeer 1 0 16 100 1 100 1 1 1 1 1 1 1 1 1 1 1 1
ciInstanceKlass sun/awt/windows/WKeyboardFocusManagerPeer 1 1 90 9 7 12 1 1 1 10 7 12 1 1 1 10 7 12 1 1 1 11 7 12 1 1 1 10 12 1 1 10 12 1 1 100 1 8 1 10 12 1 10 12 1 1 10 12 1 1 10 1 1 1 1 1 1 1 1 1 1 1 1 1 100 1 1 1 1 1 1 1 1 1 1 1 1 1 1 1 1 1 1 1 1 1 1 100 1 100 1 1
staticfield sun/awt/windows/WKeyboardFocusManagerPeer inst Lsun/awt/windows/WKeyboardFocusManagerPeer; sun/awt/windows/WKeyboardFocusManagerPeer
ciInstanceKlass javax/swing/WindowConstants 1 0 17 100 1 100 1 1 1 1 3 1 3 1 3 1 3 1 1
ciInstanceKlass javax/accessibility/Accessible 1 0 9 100 1 100 1 1 1 1 1
ciInstanceKlass javax/swing/RootPaneContainer 1 0 21 100 1 100 1 1 1 1 1 1 1 1 1 1 1 1 1 1 1 1 1
ciInstanceKlass javax/swing/TransferHandler$HasGetTransferHandler 1 0 14 100 1 100 1 1 1 1 1 1 100 1 1 1
ciInstanceKlass java/awt/MenuContainer 1 0 16 100 1 100 1 1 1 1 1 1 1 1 1 1 1 1
ciInstanceKlass java/awt/image/ImageObserver 1 0 27 100 1 100 1 1 1 1 3 1 3 1 3 1 3 1 3 1 3 1 3 1 3 1 1 1 1
instanceKlass javax/swing/ImageIcon$3
instanceKlass javax/swing/ImageIcon$2$1
instanceKlass java/awt/TextComponent
instanceKlass java/awt/Canvas
instanceKlass java/awt/Container
ciInstanceKlass java/awt/Component 1 1 3041 9 7 12 1 1 1 9 12 1 1 100 1 8 1 10 12 1 1 9 12 1 1 10 12 1 1 10 7 12 1 1 1 100 1 10 12 1 9 12 1 1 7 1 10 7 1 9 12 1 1 9 12 1 9 12 1 9 12 1 9 12 1 9 12 1 9 12 1 9 12 1 10 7 12 1 1 1 9 7 12 1 1 1 9 12 1 9 12 1 7 1 5 0 9 12 1 1 9 12 1 9 12 1 1 9 12 1 9 12 1 10 12 1 1 9 12 1 9 12 1 9 12 1 9 12 1 1 10 7 12 1 1 1 9 12 1 1 7 1 9 12 1 1 9 12 1 1 10 12 1 10 12 1 1 8 10 12 1 1 10 12 1 1 9 12 1 1 9 12 1 1 10 12 1 10 7 12 1 1 10 12 1 1 100 1 10 12 1 10 12 1 1 9 12 1 1 10 12 1 1 10 10 10 12 1 10 12 1 8 1 10 12 1 9 12 1 1 11 10 100 12 1 1 1 10 100 12 1 1 10 7 1 8 1 10 9 12 1 100 1 8 1 10 10 12 1 1 10 7 1 10 7 12 1 1 10 12 1 7 1 100 1 10 12 1 1 18 12 1 1 10 9 12 1 10 12 1 10 12 1 10 12 1 10 12 1 1 10 12 1 10 7 12 1 1 1 10 12 1 1 10 12 1 1 7 1 9 12 1 9 12 1 10 12 10 12 1 10 12 1 1 11 12 1 1 11 100 12 1 1 1 10 100 12 1 1 10 7 12 1 1 1 10 12 1 1 10 7 12 1 1 100 1 10 100 1 10 12 10 12 1 1 10 12 1 1 10 12 1 1 10 10 10 12 1 10 12 1 1 11 12 1 10 12 1 10 12 1 100 1 8 1 9 100 12 1 1 1 10 10 12 10 12 1 10 7 12 1 1 10 12 1 10 12 1 10 12 1 10 12 1 10 12 1 1 10 12 1 1 7 1 10 12 1 10 7 12 1 1 1 10 12 1 10 12 5 0 10 12 1 10 12 1 11 12 1 7 1 5 0 5 0 10 12 1 1 10 12 1 1 7 1 10 12 1 9 12 1 1 7 1 10 10 12 1 1 10 7 12 1 1 10 12 1 10 12 10 12 1 10 12 1 10 12 1 10 12 1 9 12 1 1 10 12 1 1 10 11 12 1 1 8 9 12 1 10 12 1 10 11 12 1 8 10 12 1 1 9 12 1 1 10 10 12 1 11 12 1 1 9 12 1 8 10 7 1 10 12 1 9 12 1 1 100 1 8 1 10 10 12 1 1 8 11 12 1 1 10 100 12 1 1 10 10 12 1 10 12 1 10 12 1 9 11 9 9 8 1 10 12 1 10 12 1 10 12 1 1 9 12 1 9 12 1 10 12 1 1 10 10 12 1 1 7 1 10 10 12 1 10 12 1 9 9 10 12 1 10 12 1 10 12 10 12 1 10 12 1 10 12 1 1 10 12 1 1 10 10 10 12 1 1 10 12 1 10 12 11 12 10 12 1 5 0 10 12 1 1 9 9 9 9 10 12 1 10 12 1 10 12 1 10 12 1 10 10 10 9 12 1 9 12 1 1 8 1 10 12 10 12 1 10 12 1 11 12 1 10 12 1 10 12 9 12 1 9 12 1 8 1 10 12 10 12 1 11 9 12 1 9 12 1 8 1 10 12 1 100 1 4 8 1 9 100 12 1 1 1 10 12 1 10 7 12 1 1 11 10 12 1 10 12 1 10 12 1 10 12 1 10 12 1 10 10 10 12 1 1 7 1 11 12 1 10 7 12 1 1 10 12 1 10 11 10 12 1 10 100 12 1 1 1 9 12 1 1 11 10 12 1 1 10 100 1 10 12 1 1 10 12 1 1 10 7 12 1 1 1 10 12 1 1 100 1 10 12 1 1 10 12 1 10 10 12 1 100 1 10 12 1 10 7 12 1 1 1 10 12 1 10 100 12 1 1 10 10 12 1 100 1 11 12 1 1 10 100 12 1 1 10 100 1 9 12 1 9 12 1 10 12 1 1 10 12 1 11 10 12 1 1 11 10 10 12 1 1 10 10 12 1 1 10 100 1 100 1 10 12 9 100 12 1 1 1 10 12 1 10 12 1 1 100 1 100 1 8 1 10 12 1 8 1 8 1 10 100 12 1 1 100 1 10 12 1 10 12 1 1 100 1 10 12 1 10 12 1 1 100 1 10 12 1 100 1 10 12 1 100 1 10 100 1 10 12 1 1 100 1 10 10 12 1 1 10 12 1 10 12 1 1 10 12 1 10 12 1 10 12 1 10 12 1 9 12 1 1 9 7 12 1 1 1 10 7 12 1 1 1 18 10 12 1 9 12 1 8 1 10 12 1 1 7 1 10 12 1 7 1 10 12 1 9 12 1 9 12 1 10 12 1 1 10 12 1 1 10 12 1 9 12 1 18 10 12 7 1 10 12 1 1 11 12 1 100 1 10 12 1 1 10 12 1 10 12 1 10 12 1 1 10 12 1 7 1 100 1 7 1 18 100 1 10 12 1 10 12 1 1 8 1 10 12 1 10 12 1 10 12 1 1 10 12 1 10 12 1 1 9 7 12 1 1 9 12 1 10 10 12 1 9 12 1 10 12 1 1 10 12 1 1 10 12 1 10 12 1 11 12 1 10 12 1 10 12 1 1 10 10 8 10 10 12 1 1 18 10 12 1 10 10 10 10 18 10 10 12 1 1 10 12 1 10 12 1 10 12 1 10 12 1 10 12 1 10 12 1 10 12 1 10 12 1 10 12 1 1 10 12 1 10 12 1 10 12 1 10 10 5 0 9 12 1 1 9 9 12 1 1 5 0 9 12 1 1 5 0 9 12 1 1 5 0 9 12 1 1 5 0 9 12 1 1 9 12 1 1 9 12 1 1 5 0 5 0 5 0 5 0 10 12 10 9 9 10 10 7 12 1 1 1 10 12 1 7 1 10 12 1 1 100 1 10 12 1 10 12 1 1 10 12 7 1 100 1 10 12 1 10 12 1 1 10 12 7 1 100 1 10 12 1 10 12 8 1 10 12 1 10 8 1 10 12 1 8 1 7 1 100 1 10 12 1 10 12 1 10 12 7 1 100 1 10 12 1 10 12 7 1 100 1 10 12 1 10 12 7 1 7 1 10 12 1 10 12 100 1 100 1 10 12 1 10 12 100 1 100 1 7 1 10 12 1 1 100 1 10 12 1 10 5 0 10 7 12 1 1 1 9 12 1 1 11 7 12 1 1 1 7 1 10 12 1 7 1 10 12 1 11 12 1 1 10 12 1 10 12 1 1 10 12 1 8 1 9 12 1 1 10 12 1 1 7 1 10 12 1 1 10 12 1 1 10 12 1 10 12 1 10 12 10 12 1 1 10 12 1 1 10 12 1 1 10 12 1 10 11 12 1 11 12 1 11 12 1 11 12 1 10 11 12 1 11 12 1 10 11 12 1 11 12 1 11 12 1 10 11 12 1 11 12 1 11 12 1 11 12 1 11 12 1 11 12 1 11 12 1 11 12 1 10 11 12 1 11 12 1 10 11 12 1 11 12 1 11 12 1 10 12 1 1 10 12 1 10 12 1 10 12 1 10 12 1 10 12 1 10 12 1 1 10 12 1 9 12 1 10 12 1 1 10 12 1 10 12 1 10 12 1 1 11 12 1 1 10 10 12 1 10 12 1 9 12 1 1 10 100 12 1 10 12 1 1 100 1 10 10 12 1 10 12 1 10 10 12 1 1 10 12 1 10 12 1 1 10 12 1 10 10 10 12 1 1 10 12 1 11 10 12 1 8 10 12 1 8 1 10 12 1 1 10 12 1 1 10 12 1 11 12 1 1 11 7 12 1 1 11 12 1 7 1 8 1 10 12 1 3 8 1 11 12 8 1 7 1 10 12 1 10 7 12 1 1 1 9 12 1 1 10 12 1 10 12 1 8 10 12 1 1 10 12 1 9 7 12 1 1 10 12 1 1 10 12 1 10 12 1 8 1 10 12 1 8 1 10 12 1 8 1 8 1 8 1 10 12 1 10 12 1 10 100 12 1 1 11 12 1 1 10 12 1 10 12 1 1 8 1 18 10 12 1 8 1 8 1 10 12 1 8 1 10 12 1 1 10 12 1 8 1 9 12 1 8 1 9 12 1 1 11 7 12 1 1 1 8 1 7 1 10 10 12 1 9 10 12 1 10 12 1 9 12 1 18 12 1 10 12 1 10 12 1 9 12 1 10 12 1 1 8 1 10 12 1 18 10 12 1 10 12 1 18 12 1 10 12 1 1 10 7 12 1 1 1 18 10 12 1 1 18 10 100 12 1 1 1 18 10 12 1 10 12 1 9 12 1 10 10 12 1 10 10 12 1 1 9 12 1 10 12 1 10 10 10 12 1 9 12 1 11 100 12 1 1 10 10 12 1 1 9 12 1 10 12 1 1 10 12 1 10 12 1 8 1 10 12 1 1 8 1 8 1 8 1 18 12 1 10 10 12 1 18 9 12 1 1 10 12 1 1 8 1 10 100 12 1 10 12 1 10 12 1 10 100 1 10 9 12 1 1 7 1 10 12 10 12 1 1 10 12 1 10 10 12 1 10 12 10 12 1 10 10 10 12 1 10 100 12 1 1 10 100 12 1 1 10 12 1 10 100 12 1 1 10 100 12 1 1 10 7 12 1 1 100 1 8 1 10 100 12 1 1 1 10 12 1 10 100 12 1 1 1 11 100 12 1 1 1 10 12 1 10 100 12 1 1 8 1 10 12 1 1 8 1 8 1 8 1 8 1 8 1 10 12 1 8 1 8 1 8 1 10 100 12 1 1 10 12 1 10 12 1 10 12 1 1 10 12 1 1 10 12 1 1 10 12 1 1 10 12 1 1 10 12 1 1 100 1 9 12 1 10 12 1 1 10 12 1 1 10 12 1 1 8 100 1 10 10 12 1 1 10 10 12 1 10 10 12 1 10 12 1 10 12 1 1 10 12 1 1 11 100 1 10 12 1 10 12 1 1 100 1 10 10 12 1 9 12 1 9 12 1 9 12 1 9 12 1 10 12 1 1 9 12 1 10 12 1 11 100 12 1 1 9 12 1 8 1 10 12 1 1 10 12 1 9 12 1 10 10 12 1 1 10 12 1 9 12 1 18 12 1 10 7 1 9 12 1 10 12 1 1 10 11 12 1 1 10 12 1 10 12 1 18 12 1 10 12 1 1 10 10 12 1 1 10 12 1 1 10 12 1 10 12 1 10 10 12 1 18 10 12 1 10 12 1 1 10 10 12 1 18 18 10 12 1 10 12 1 18 10 12 1 10 12 1 10 10 10 12 1 1 10 12 1 10 12 1 10 12 1 18 10 12 1 18 12 1 10 12 1 10 12 10 12 1 18 10 12 1 10 12 1 10 12 1 18 12 1 18 10 12 1 10 12 1 10 12 1 1 11 12 1 1 10 12 1 8 1 10 12 1 1 9 12 1 8 1 8 1 8 1 8 1 8 1 8 1 8 1 7 1 10 10 12 1 10 12 1 7 1 8 1 10 8 1 8 1 10 100 12 1 1 1 7 1 10 10 7 12 1 1 1 7 1 10 100 1 1 1 1 1 3 1 3 1 3 1 1 8 1 1 8 1 1 1 8 1 1 1 8 1 1 1 1 1 1 8 1 1 8 1 1 8 1 1 1 1 1 8 1 1 8 1 1 1 4 1 1 4 1 1 1 5 0 1 1 1 1 1 1 1 1 1 1 1 1 1 100 1 1 1 1 1 1 1 1 1 1 1 1 1 1 1 1 1 1 1 1 1 1 1 1 1 1 1 1 1 1 1 1 1 1 1 1 1 1 1 1 1 1 1 1 1 1 1 1 1 1 1 1 100 1 1 1 1 1 1 1 1 1 100 1 1 1 1 1 1 1 1 1 1 1 1 1 1 1 1 1 1 1 1 1 1 1 1 1 1 1 1 1 1 1 1 1 1 1 1 1 1 1 1 1 1 1 1 1 1 1 1 1 1 1 1 1 1 1 1 1 1 1 1 1 1 1 1 1 1 1 1 1 1 1 1 1 1 1 1 100 1 100 1 1 1 1 1 1 1 1 1 1 1 1 1 1 1 1 1 1 1 1 1 1 1 1 1 1 1 1 1 1 1 1 1 1 1 1 1 1 1 1 1 1 1 1 1 1 1 1 1 1 1 1 1 1 1 1 1 1 1 1 1 1 1 1 1 1 1 1 1 1 1 1 1 1 1 1 1 1 1 1 1 1 1 1 1 1 100 1 1 1 1 1 1 1 1 1 1 1 1 1 1 1 1 1 1 1 1 1 1 1 1 1 1 1 1 1 1 1 1 1 1 1 1 1 1 1 1 1 1 100 1 1 1 1 1 1 1 1 1 1 1 1 1 1 1 1 1 1 1 1 1 1 1 1 1 1 1 1 1 1 1 1 1 1 1 1 1 1 1 1 1 1 1 1 1 1 1 1 1 1 1 1 1 1 1 1 1 1 1 1 1 1 1 100 1 1 1 1 1 1 100 1 1 1 1 1 1 1 1 1 1 1 1 1 1 1 1 1 1 1 1 1 1 1 1 1 1 1 1 1 1 1 1 1 1 1 1 1 1 1 1 1 100 1 1 1 1 1 1 100 1 100 1 100 1 1 8 1 8 1 8 1 8 1 8 1 8 1 8 1 8 1 8 1 8 1 8 1 8 1 8 1 8 1 8 1 8 1 8 1 8 1 8 1 8 1 8 1 8 1 8 1 8 1 8 1 8 1 15 10 100 12 1 1 1 1 1 1 1 1 1 1 1 1 1 1 1 1 1 1 100 1 1 1 1 1 100 1 100 1 1
staticfield java/awt/Component log Lsun/util/logging/PlatformLogger; sun/util/logging/PlatformLogger
staticfield java/awt/Component eventLog Lsun/util/logging/PlatformLogger; sun/util/logging/PlatformLogger
staticfield java/awt/Component focusLog Lsun/util/logging/PlatformLogger; sun/util/logging/PlatformLogger
staticfield java/awt/Component mixingLog Lsun/util/logging/PlatformLogger; sun/util/logging/PlatformLogger
staticfield java/awt/Component focusTraversalKeyPropertyNames [Ljava/lang/String; 4 [Ljava/lang/String;
staticfield java/awt/Component LOCK Ljava/lang/Object; java/awt/Component$AWTTreeLock
staticfield java/awt/Component coalesceMap Ljava/util/Map; java/util/WeakHashMap
staticfield java/awt/Component coalesceEventsParams [Ljava/lang/Class; 2 [Ljava/lang/Class;
staticfield java/awt/Component $assertionsDisabled Z 1
instanceKlass javax/swing/tree/DefaultTreeCellEditor$EditorContainer
instanceKlass java/awt/Panel
instanceKlass javax/swing/plaf/basic/BasicSplitPaneDivider
instanceKlass javax/swing/CellRendererPane
instanceKlass javax/swing/JComponent
instanceKlass java/awt/Window
ciInstanceKlass java/awt/Container 1 1 1757 10 7 12 1 1 1 7 1 10 9 7 12 1 1 1 9 12 1 1 9 12 1 9 12 1 1 9 12 1 1 9 12 1 9 12 1 7 1 9 12 1 1 10 12 1 1 11 7 12 1 1 11 12 1 1 100 1 100 1 18 12 1 1 10 12 1 10 12 1 1 9 12 1 1 11 12 1 1 7 10 12 1 1 10 12 1 10 12 1 1 9 12 1 1 7 1 11 12 1 10 7 12 1 1 10 12 1 10 12 1 1 100 1 8 1 10 9 12 1 1 7 1 8 1 10 12 1 10 12 1 1 8 1 9 18 12 1 10 12 1 1 10 12 1 10 12 1 1 10 8 1 10 7 12 1 1 1 10 7 12 1 1 1 10 12 1 10 12 1 1 10 12 1 1 10 12 1 9 12 1 1 11 7 12 1 1 7 1 5 0 10 12 1 1 10 12 1 1 5 0 10 12 1 10 12 1 1 10 12 1 1 11 12 1 10 12 1 11 12 1 1 9 12 1 1 9 12 1 1 5 0 10 7 12 1 1 1 7 1 10 12 1 10 12 1 1 100 1 10 12 1 1 10 12 1 1 10 12 1 10 12 1 10 12 1 10 12 1 10 12 1 10 12 1 1 100 1 10 12 1 1 10 12 1 7 1 10 12 1 1 9 10 12 1 10 12 1 10 12 1 11 7 12 1 1 10 12 1 1 10 12 1 1 10 12 1 1 10 12 1 1 10 12 1 10 12 1 1 10 12 1 1 11 12 1 1 11 12 1 11 12 1 1 10 12 1 10 12 1 10 12 1 10 10 12 1 7 1 11 12 1 1 11 12 1 10 12 1 10 12 1 10 12 1 10 7 12 1 1 1 10 12 1 1 10 12 1 5 0 11 12 1 1 10 12 7 1 11 12 1 1 11 7 12 1 1 11 12 1 10 12 1 1 10 12 10 12 9 12 1 9 12 1 9 12 1 11 12 1 9 12 1 1 9 7 12 1 1 1 10 7 12 1 1 1 8 1 10 12 1 8 1 8 1 5 0 8 1 10 12 1 10 12 1 9 12 1 8 1 10 12 1 1 10 12 1 11 12 1 1 9 12 1 10 12 1 10 12 1 11 12 1 10 12 1 10 12 1 9 12 1 11 12 1 10 12 1 11 12 1 10 12 1 11 12 1 10 12 1 10 10 11 12 1 10 12 1 10 10 12 1 1 10 12 1 1 10 7 12 1 1 10 12 1 1 9 12 1 1 10 12 1 11 12 1 1 10 7 1 10 12 1 10 12 1 9 12 1 10 12 1 11 12 1 10 9 12 1 10 12 1 11 12 1 10 12 1 11 12 1 1 10 12 1 1 11 12 1 10 12 1 10 12 1 10 12 1 9 12 1 1 10 100 12 1 1 1 11 12 1 10 7 12 1 1 1 10 12 1 100 1 10 12 1 1 9 12 1 9 12 1 10 100 12 1 1 10 12 1 1 100 1 10 11 10 12 1 11 12 11 10 100 12 1 1 10 10 100 12 1 1 10 10 12 1 10 12 1 10 100 12 1 1 10 10 100 12 1 1 10 10 12 1 10 12 1 10 100 12 1 1 10 10 7 12 1 1 9 12 1 10 12 7 1 10 12 1 1 100 1 10 10 12 1 10 12 1 10 12 1 1 10 12 1 1 10 12 1 10 11 12 1 11 12 1 9 12 1 1 10 7 12 1 10 12 1 11 12 1 10 12 1 10 12 1 1 9 7 12 1 1 1 10 12 1 1 9 100 1 10 12 1 1 9 12 1 9 12 1 9 12 1 10 12 1 9 9 11 7 1 10 10 12 1 1 10 12 1 9 100 1 9 10 12 1 1 10 12 1 10 12 1 1 10 12 1 1 10 12 1 9 100 1 9 10 7 12 1 1 100 1 10 100 1 10 12 10 7 12 1 1 1 100 1 10 12 1 1 10 12 1 1 10 12 1 1 10 12 1 1 10 12 1 1 10 12 1 10 12 1 9 9 12 1 10 12 1 1 10 9 10 12 10 10 12 1 1 10 12 1 10 12 1 10 12 1 10 12 1 10 12 1 10 12 1 10 10 100 12 1 1 1 9 12 1 1 10 12 1 1 10 100 12 1 1 1 8 1 10 12 1 1 100 1 10 12 1 10 12 1 1 9 12 1 1 18 12 1 1 10 12 1 10 12 1 1 10 100 1 11 100 12 1 100 1 10 12 1 10 12 10 100 12 1 1 100 1 10 12 1 100 1 10 10 100 12 1 1 10 12 1 1 10 12 1 10 12 1 11 12 1 1 10 100 12 1 1 18 12 1 10 12 1 1 10 12 1 8 1 10 12 1 1 10 12 1 1 10 12 1 10 12 1 10 12 1 10 12 1 10 12 1 10 12 1 10 12 1 1 10 12 1 1 10 12 1 10 12 1 9 12 1 1 8 10 12 1 1 10 12 1 10 12 1 8 10 12 1 9 12 1 8 10 100 12 1 1 1 9 100 12 1 1 1 10 12 1 1 10 12 1 1 10 12 1 10 12 1 1 10 12 1 1 10 12 1 10 100 12 1 1 1 8 1 10 100 12 1 1 1 8 10 12 1 8 8 8 10 12 1 8 10 12 1 8 1 10 12 1 1 10 12 1 1 100 1 10 100 12 1 1 1 10 100 12 1 1 10 12 1 10 7 12 1 1 1 10 12 1 100 1 8 1 10 10 10 12 1 10 12 1 10 12 1 10 12 1 1 100 1 9 12 1 100 1 11 12 1 1 10 100 12 1 1 10 12 1 1 10 12 1 1 11 100 1 11 10 12 11 12 1 10 10 10 100 1 8 1 10 10 12 1 8 1 10 12 1 10 12 1 9 100 12 1 1 1 10 12 1 1 10 12 1 1 10 12 1 10 12 1 10 12 1 10 12 1 10 12 1 1 9 12 1 10 12 1 18 12 1 10 10 12 1 1 10 12 1 1 10 12 10 12 1 18 12 1 10 12 1 10 12 10 12 1 10 11 12 1 10 12 1 10 12 1 10 12 1 10 12 1 10 10 12 1 10 12 1 10 12 1 11 12 1 1 18 12 1 10 12 1 10 12 1 10 12 1 18 12 1 10 12 1 10 10 10 12 1 18 10 12 1 10 12 1 100 1 18 12 1 1 10 12 1 1 8 1 10 12 1 1 8 1 8 1 7 1 9 12 1 1 10 12 1 9 7 1 9 12 1 1 10 12 1 10 12 1 7 1 10 10 7 12 1 1 1 7 1 8 1 10 10 12 1 1 1 1 1 1 5 0 1 3 1 1 1 1 1 1 1 1 1 1 1 1 1 100 1 1 1 1 1 1 1 1 1 1 1 1 1 1 1 1 1 1 1 1 1 1 1 1 1 1 1 1 1 1 1 1 1 1 1 1 1 1 1 1 1 1 1 1 1 1 1 1 1 1 1 1 1 1 1 1 1 1 1 1 1 1 1 1 1 1 1 1 1 1 1 1 1 1 1 1 1 1 1 1 1 1 1 1 1 1 1 100 1 1 1 1 1 1 1 1 1 1 1 1 1 1 1 1 1 1 1 1 1 1 1 1 1 1 1 1 1 1 1 1 1 1 1 1 1 1 1 1 1 1 1 1 1 1 1 1 1 1 1 1 1 1 1 1 1 1 1 1 1 1 1 1 1 1 1 1 1 1 1 1 1 1 1 1 1 1 1 1 1 1 1 1 1 1 100 1 1 1 1 1 1 1 1 100 1 1 1 1 1 1 1 1 1 1 1 1 1 1 1 1 1 1 1 1 1 1 1 1 1 1 1 1 1 1 1 1 1 1 1 1 1 100 1 100 1 1 8 1 8 1 16 15 10 12 8 1 8 1 8 1 8 1 8 1 8 1 16 15 10 12 15 10 100 12 1 1 15 10 100 12 1 1 1 1 1 1 1 1 1 1 1 1 1 1 1 100 1 1 1 1 100 1 1 1 1 100 1 100 1 1
staticfield java/awt/Container log Lsun/util/logging/PlatformLogger; sun/util/logging/PlatformLogger
staticfield java/awt/Container eventLog Lsun/util/logging/PlatformLogger; sun/util/logging/PlatformLogger
staticfield java/awt/Container EMPTY_ARRAY [Ljava/awt/Component; 0 [Ljava/awt/Component;
staticfield java/awt/Container mixingLog Lsun/util/logging/PlatformLogger; sun/util/logging/PlatformLogger
staticfield java/awt/Container serialPersistentFields [Ljava/io/ObjectStreamField; 8 [Ljava/io/ObjectStreamField;
staticfield java/awt/Container isJavaAwtSmartInvalidate Z 0
instanceKlass javax/swing/JWindow
instanceKlass java/awt/Dialog
instanceKlass java/awt/Frame
ciInstanceKlass java/awt/Window 1 1 1798 10 7 12 1 1 1 9 7 12 1 1 1 9 12 1 9 12 1 9 12 1 1 7 1 10 9 12 1 1 7 1 10 9 12 1 1 9 12 1 9 12 1 9 12 1 9 12 1 1 9 12 1 1 9 12 1 9 12 1 9 7 12 1 1 1 9 12 1 9 12 1 1 9 12 1 9 12 1 10 12 1 1 10 7 12 1 1 10 12 1 1 10 12 1 1 10 7 12 1 1 1 10 12 1 9 12 1 7 1 10 12 1 9 12 1 1 10 12 1 10 12 1 7 1 10 12 1 1 9 12 1 1 9 12 1 10 12 1 1 10 7 12 1 1 10 12 1 1 100 1 8 1 10 12 1 7 1 10 10 12 1 1 10 12 1 1 10 12 1 1 10 7 12 1 1 1 10 12 1 9 7 12 1 1 9 7 12 1 1 10 12 1 9 12 1 9 12 1 9 9 10 12 1 1 10 12 1 1 9 7 12 1 1 1 9 12 1 7 1 9 12 1 1 10 12 1 10 7 12 1 1 1 10 7 12 1 1 1 10 7 12 1 1 10 12 10 12 1 1 10 9 12 1 1 10 12 1 1 10 12 1 1 10 12 1 100 1 10 12 1 9 12 1 18 12 1 1 9 12 1 1 11 100 12 1 1 7 1 10 10 12 1 9 12 1 1 7 1 11 12 1 8 1 10 12 1 1 10 12 1 1 10 12 1 1 10 12 1 1 9 10 12 1 10 12 1 1 11 7 12 1 1 1 9 12 1 1 10 7 1 10 12 1 10 12 1 10 10 12 1 1 9 7 12 1 1 9 12 1 10 12 1 9 12 1 10 12 1 10 12 1 1 10 12 1 10 12 1 9 10 7 12 1 1 1 9 10 12 1 11 12 1 10 12 10 10 10 12 1 10 12 1 10 12 1 1 100 1 10 12 1 1 10 12 1 9 12 1 1 10 7 12 1 1 1 10 12 1 10 7 12 1 1 10 12 1 10 12 1 10 10 7 12 1 1 10 12 1 10 10 12 1 1 10 12 1 9 12 1 10 10 12 1 10 12 1 9 12 1 1 10 12 1 10 12 1 9 12 1 7 1 10 12 1 10 12 1 11 12 1 9 12 1 1 9 12 1 1 7 1 5 0 10 12 1 1 10 12 1 10 12 1 1 10 7 12 1 1 1 10 12 1 10 12 1 10 10 12 1 10 12 1 10 12 1 7 1 10 12 10 12 1 10 12 1 10 12 1 1 100 1 9 7 12 1 1 1 8 1 10 100 12 1 1 10 12 1 100 1 8 1 10 10 11 10 12 1 11 12 1 10 12 1 9 12 1 1 10 12 1 1 9 100 12 1 1 1 10 100 12 1 1 1 7 1 8 1 8 1 10 12 1 10 7 12 1 1 1 7 1 9 12 1 1 10 100 12 1 1 1 9 12 1 1 10 7 12 1 1 1 10 12 1 1 10 12 1 1 10 12 1 1 10 100 12 1 1 1 100 1 11 12 1 1 10 10 12 1 1 10 10 12 10 7 12 1 1 10 10 12 1 1 10 12 1 1 10 12 10 12 1 10 12 1 1 9 12 1 9 12 1 10 12 1 1 10 12 1 10 12 1 10 10 10 12 1 10 12 1 1 9 12 1 10 7 12 1 1 9 12 1 1 10 12 1 9 12 1 1 10 12 1 10 12 10 12 10 12 7 1 10 12 1 1 100 1 100 1 100 1 100 1 100 1 10 10 12 1 9 12 1 5 0 5 0 10 12 1 1 10 12 1 10 12 1 1 10 12 1 10 12 1 10 12 1 10 11 12 1 11 12 1 11 12 1 11 12 1 11 12 1 11 12 1 11 12 1 11 12 1 11 12 1 11 12 1 10 7 12 1 1 8 1 10 12 1 1 10 100 12 1 1 10 12 1 10 12 1 10 12 1 10 9 12 1 10 12 1 1 9 12 1 9 12 1 10 12 1 11 12 1 8 10 12 1 10 12 1 10 12 1 1 10 10 12 1 10 7 12 1 1 1 10 12 1 1 10 10 12 1 1 10 12 1 10 12 1 1 10 7 12 1 1 10 12 1 10 12 1 8 1 9 12 1 1 10 12 1 1 10 12 1 10 12 1 1 8 9 100 12 1 1 1 10 7 12 1 1 1 10 12 1 10 12 1 1 10 12 1 100 1 10 12 1 10 12 1 10 12 1 10 12 1 1 10 100 12 1 1 10 100 12 1 1 1 10 12 1 1 10 100 12 1 1 1 10 12 1 1 10 100 12 1 1 10 12 1 1 10 100 12 1 1 1 10 12 1 1 10 12 1 10 12 1 10 12 1 10 12 1 1 10 10 10 12 1 1 8 1 100 1 8 1 10 10 12 1 100 1 10 9 12 1 1 9 12 1 10 12 9 12 1 1 10 100 12 1 1 8 1 10 12 1 1 8 1 8 1 10 12 1 8 1 11 12 1 1 11 100 12 1 1 11 12 1 100 1 100 1 10 12 1 1 10 100 12 1 1 10 12 1 1 10 12 1 1 10 12 1 1 10 12 1 1 10 12 1 11 100 1 10 12 1 10 12 1 1 8 10 100 12 1 8 10 12 1 8 8 8 10 12 1 8 10 12 1 1 8 100 1 8 10 12 1 10 100 12 1 1 1 10 12 1 1 9 12 1 9 12 1 10 12 1 1 9 12 1 1 100 1 10 10 9 12 1 1 9 7 12 1 1 1 10 7 12 1 1 1 10 12 1 10 12 1 18 12 1 10 12 1 10 12 1 1 10 12 1 1 9 7 1 9 10 9 9 10 10 12 1 10 12 1 10 12 1 10 12 1 1 9 12 1 10 12 1 10 12 1 1 8 1 10 12 1 10 8 1 10 12 1 8 1 9 100 12 1 1 1 10 12 1 1 100 1 8 1 10 11 12 1 1 100 1 10 12 1 8 1 9 12 1 8 1 10 100 12 1 1 11 12 1 1 10 12 1 1 10 10 12 1 1 10 7 12 1 1 10 12 1 8 1 10 12 1 10 12 1 8 1 10 12 1 1 11 12 1 11 12 1 10 12 1 10 7 12 1 1 1 7 1 10 12 1 7 1 10 12 1 10 12 1 1 10 12 1 10 12 1 10 12 1 10 10 12 1 1 8 1 10 12 1 1 7 1 11 12 1 1 10 7 12 1 1 1 10 12 1 1 7 1 10 7 1 10 10 10 12 1 10 12 1 1 10 12 10 12 1 10 12 1 6 0 10 12 1 1 9 12 1 9 12 1 100 1 10 12 1 8 1 10 12 1 1 10 12 1 10 12 1 10 12 1 8 1 10 8 1 10 8 1 10 12 7 1 10 10 7 12 1 1 1 100 1 1 1 1 1 3 1 1 1 1 8 1 1 5 0 1 1 1 1 1 1 1 1 1 1 1 1 1 100 1 1 1 1 1 1 100 1 1 1 1 1 1 1 1 1 1 1 1 1 1 1 1 1 1 1 1 1 1 1 1 1 1 1 1 1 1 1 1 1 1 1 1 1 1 1 1 1 1 1 1 1 1 1 1 1 1 1 1 1 1 1 1 1 1 1 1 1 1 1 1 1 1 1 1 1 1 1 1 1 1 1 1 1 1 1 1 1 1 1 1 1 1 1 1 1 1 1 1 1 1 1 1 1 100 1 1 1 1 1 1 1 1 1 1 1 1 1 1 1 100 1 1 1 1 1 100 1 1 1 1 1 1 1 1 1 1 1 1 1 1 1 1 1 1 1 1 1 1 1 1 1 1 1 1 1 1 1 1 100 1 1 1 1 1 100 1 1 1 1 1 1 1 1 1 1 1 1 1 1 1 1 1 1 1 1 1 1 1 1 1 1 1 100 1 1 1 1 1 1 1 1 1 1 1 1 1 1 1 1 1 1 1 1 1 1 1 1 1 1 1 1 1 1 1 1 1 1 1 1 1 1 1 1 1 1 1 1 1 1 1 1 1 1 1 1 1 1 1 1 8 1 8 1 15 10 100 12 1 1 1 1 1 1 1 100 1 1 1 1 1 1 100 1 1 100 1 1 100 1 1 100 1 100 1 1
staticfield java/awt/Window allWindows Lsun/awt/util/IdentityArrayList; sun/awt/util/IdentityArrayList
staticfield java/awt/Window log Lsun/util/logging/PlatformLogger; sun/util/logging/PlatformLogger
staticfield java/awt/Window locationByPlatformProp Z 0
staticfield java/awt/Window beforeFirstWindowShown Ljava/util/concurrent/atomic/AtomicBoolean; java/util/concurrent/atomic/AtomicBoolean
instanceKlass javax/swing/Popup$DefaultFrame
instanceKlass sun/awt/LightweightFrame
instanceKlass sun/awt/EmbeddedFrame
instanceKlass javax/swing/JFrame
ciInstanceKlass java/awt/Frame 1 1 529 100 1 7 1 8 1 10 12 1 1 10 12 1 10 7 12 1 1 8 1 9 12 1 1 9 12 1 1 9 12 1 9 12 1 9 12 1 1 9 12 1 10 12 1 10 12 1 10 7 12 1 1 1 9 12 1 18 12 1 1 10 12 1 1 9 12 1 1 10 12 1 1 11 7 12 1 1 1 7 1 9 12 1 1 10 100 12 1 1 11 12 1 1 9 12 1 1 11 12 1 1 10 11 12 1 8 10 12 1 1 9 12 1 1 11 100 12 1 1 1 11 12 1 1 100 1 10 12 1 1 9 12 1 1 11 100 12 1 1 1 10 10 12 1 11 12 1 1 8 10 12 1 10 12 1 10 12 1 1 10 12 1 1 10 12 1 11 12 1 10 12 1 1 10 7 1 10 12 1 1 100 1 8 1 10 10 12 1 1 8 1 10 12 1 1 8 1 10 12 1 1 10 7 12 1 1 8 1 10 12 1 8 1 10 12 1 1 10 12 1 1 10 12 1 1 10 100 12 1 1 9 10 10 12 1 10 10 10 12 1 1 10 100 12 1 1 10 12 1 1 10 12 1 1 18 12 1 18 12 1 18 18 18 18 18 100 1 8 1 10 10 12 1 1 10 12 1 1 10 12 1 1 10 12 1 10 12 1 1 10 100 12 1 1 100 1 10 12 1 1 10 100 12 1 1 10 12 1 100 1 10 11 12 1 1 100 1 9 12 1 9 12 1 1 10 100 1 10 12 1 10 12 1 1 9 12 1 1 100 1 10 12 1 10 12 1 10 7 12 1 1 10 12 1 7 1 10 10 7 12 1 1 1 1 1 3 1 1 1 1 3 1 3 1 3 1 3 1 3 1 3 1 3 1 3 1 3 1 3 1 3 1 3 1 3 1 1 1 1 1 1 1 1 8 1 1 1 5 0 1 1 1 1 1 1 100 1 1 1 1 1 100 1 100 1 1 1 1 1 100 1 1 1 1 1 1 1 1 1 1 1 1 1 1 1 100 1 1 1 1 1 1 1 1 1 1 1 1 1 1 1 1 1 1 1 1 1 1 1 1 1 1 1 1 100 100 1 1 1 1 100 1 1 1 1 1 1 100 1 1 1 1 1 1 1 1 8 1 8 1 8 1 8 1 8 1 8 1 8 1 8 1 15 10 100 12 1 1 1 1 100 1 1 100 1 100 1 1
instanceKlass com/formdev/flatlaf/ui/FlatPopupMenuUI$FlatPopupScroller
instanceKlass sun/swing/FilePane
instanceKlass driverecovery/RunPanel$3
instanceKlass driverecovery/RunPanel$1
instanceKlass driverecovery/RunPanel$6
instanceKlass driverecovery/RunPanel$8
instanceKlass com/formdev/flatlaf/ui/FlatTabbedPaneUI$ContainerUIResource
instanceKlass driverecovery/UserListPanel$1
instanceKlass driverecovery/ConfigPanel$10
instanceKlass javax/swing/JSpinner$DefaultEditor
instanceKlass driverecovery/ConfigPanel$6
instanceKlass driverecovery/ConfigPanel$4
instanceKlass driverecovery/ConfigPanel$13
instanceKlass driverecovery/ConfigPanel$14
instanceKlass driverecovery/ConfigPanel$1
instanceKlass driverecovery/ConfigPanel$ScrollablePanel
instanceKlass driverecovery/MainWindow$8
instanceKlass driverecovery/MainWindow$6
instanceKlass driverecovery/MainWindow$5
instanceKlass driverecovery/UserListPanel
instanceKlass driverecovery/RunPanel
instanceKlass driverecovery/ConfigPanel
instanceKlass driverecovery/MainWindow$2
ciInstanceKlass javax/swing/JPanel 1 1 153 10 7 12 1 1 1 10 7 12 1 1 1 10 12 1 1 8 1 9 7 12 1 1 1 10 12 1 1 10 12 1 10 12 1 7 1 10 10 12 10 7 12 1 1 1 7 1 10 12 1 1 9 12 1 1 10 12 1 8 1 10 100 12 1 1 10 12 1 1 10 100 12 1 1 1 10 12 1 1 10 12 1 1 10 100 12 1 1 1 10 12 1 9 12 1 1 100 1 10 12 1 10 12 1 100 1 1 1 1 1 1 1 1 1 1 1 1 1 1 1 1 1 3 1 1 1 1 3 1 1 1 1 1 1 1 1 1 1 100 1 1 1 1 1 1 1 1 1 1 1 1 1
ciInstanceKlass javax/swing/SwingConstants 1 0 41 100 1 100 1 1 1 1 3 1 3 1 3 1 3 1 3 1 1 1 1 1 3 1 3 1 3 1 3 1 1 1 3 1 3 1 3 1 3 1 1
ciInstanceKlass sun/util/logging/PlatformLogger 1 1 204 9 7 12 1 1 1 11 7 12 1 1 1 7 1 10 12 1 10 7 12 1 1 1 10 7 12 1 1 1 11 7 12 1 1 1 10 12 1 1 10 12 1 11 12 1 1 10 7 12 1 1 9 12 1 1 11 12 1 1 11 12 1 1 100 1 10 11 12 1 1 11 100 12 1 1 1 10 100 12 1 1 1 10 12 1 1 9 7 12 1 1 1 100 1 11 12 1 1 11 12 1 9 12 1 9 12 1 9 12 1 9 12 1 9 12 1 9 12 1 9 12 1 1 10 7 12 1 1 1 9 12 1 1 100 1 10 10 12 1 7 1 10 9 12 1 9 12 1 1 1 1 1 1 1 1 1 1 1 1 1 1 1 1 1 1 1 1 1 1 1 1 1 1 1 1 1 1 1 1 1 1 1 1 1 1 1 1 1 1 1 1 1 1 1 100 1 100 1 1 1 1 1 1
staticfield sun/util/logging/PlatformLogger loggers Ljava/util/Map; java/util/HashMap
staticfield sun/util/logging/PlatformLogger spi2platformLevelMapping [Lsun/util/logging/PlatformLogger$Level; 7 [Lsun/util/logging/PlatformLogger$Level;
staticfield sun/util/logging/PlatformLogger $assertionsDisabled Z 1
ciInstanceKlass sun/util/logging/PlatformLogger$Level 1 1 159 100 1 7 1 9 12 1 1 9 12 1 9 12 1 9 12 1 9 12 1 9 12 1 9 12 1 9 12 1 9 12 1 9 12 1 1 10 100 12 1 1 10 7 12 1 1 1 10 12 1 1 9 12 1 1 9 12 1 1 10 12 1 1 10 100 12 1 1 1 10 12 1 1 8 9 7 12 1 10 12 1 8 9 12 1 8 8 9 12 1 8 8 9 12 8 9 12 8 9 12 1 8 9 12 10 12 1 3 3 1 1 1 1 3 1 3 1 3 1 3 1 3 1 3 1 3 1 1 1 1 1 1 1 1 1 1 1 1 1 1 1 1 1 1 1 1 1 1 1 100 1 1 1 100 1 100 1 1
staticfield sun/util/logging/PlatformLogger$Level ALL Lsun/util/logging/PlatformLogger$Level; sun/util/logging/PlatformLogger$Level
staticfield sun/util/logging/PlatformLogger$Level FINEST Lsun/util/logging/PlatformLogger$Level; sun/util/logging/PlatformLogger$Level
staticfield sun/util/logging/PlatformLogger$Level FINER Lsun/util/logging/PlatformLogger$Level; sun/util/logging/PlatformLogger$Level
staticfield sun/util/logging/PlatformLogger$Level FINE Lsun/util/logging/PlatformLogger$Level; sun/util/logging/PlatformLogger$Level
staticfield sun/util/logging/PlatformLogger$Level CONFIG Lsun/util/logging/PlatformLogger$Level; sun/util/logging/PlatformLogger$Level
staticfield sun/util/logging/PlatformLogger$Level INFO Lsun/util/logging/PlatformLogger$Level; sun/util/logging/PlatformLogger$Level
staticfield sun/util/logging/PlatformLogger$Level WARNING Lsun/util/logging/PlatformLogger$Level; sun/util/logging/PlatformLogger$Level
staticfield sun/util/logging/PlatformLogger$Level SEVERE Lsun/util/logging/PlatformLogger$Level; sun/util/logging/PlatformLogger$Level
staticfield sun/util/logging/PlatformLogger$Level OFF Lsun/util/logging/PlatformLogger$Level; sun/util/logging/PlatformLogger$Level
staticfield sun/util/logging/PlatformLogger$Level LEVEL_VALUES [I 9
staticfield sun/util/logging/PlatformLogger$Level $VALUES [Lsun/util/logging/PlatformLogger$Level; 9 [Lsun/util/logging/PlatformLogger$Level;
ciInstanceKlass java/lang/System$Logger$Level 1 1 96 7 1 9 12 1 1 9 12 1 9 12 1 9 12 1 9 12 1 9 12 1 9 12 1 9 12 1 1 10 7 12 1 1 10 7 12 1 1 1 10 12 1 1 9 12 1 1 10 12 1 1 8 100 1 3 10 12 1 8 8 8 8 8 8 3 10 12 1 1 1 1 1 1 1 1 1 1 1 1 1 1 1 1 1 1 1 1 1 100 1 1 100 1 1 1
staticfield java/lang/System$Logger$Level ALL Ljava/lang/System$Logger$Level; java/lang/System$Logger$Level
staticfield java/lang/System$Logger$Level TRACE Ljava/lang/System$Logger$Level; java/lang/System$Logger$Level
staticfield java/lang/System$Logger$Level DEBUG Ljava/lang/System$Logger$Level; java/lang/System$Logger$Level
staticfield java/lang/System$Logger$Level INFO Ljava/lang/System$Logger$Level; java/lang/System$Logger$Level
staticfield java/lang/System$Logger$Level WARNING Ljava/lang/System$Logger$Level; java/lang/System$Logger$Level
staticfield java/lang/System$Logger$Level ERROR Ljava/lang/System$Logger$Level; java/lang/System$Logger$Level
staticfield java/lang/System$Logger$Level OFF Ljava/lang/System$Logger$Level; java/lang/System$Logger$Level
staticfield java/lang/System$Logger$Level $VALUES [Ljava/lang/System$Logger$Level; 7 [Ljava/lang/System$Logger$Level;
instanceKlass jdk/internal/logger/LazyLoggers$LazyLoggerWrapper
ciInstanceKlass jdk/internal/logger/AbstractLoggerWrapper 1 1 220 10 7 12 1 1 1 10 7 12 1 1 1 11 7 12 1 1 1 11 12 1 1 11 12 1 1 11 12 1 11 12 1 11 12 1 11 12 1 11 12 1 11 12 1 11 12 1 10 12 1 1 10 100 12 1 1 1 10 11 7 12 1 1 11 12 1 1 11 12 1 11 12 1 11 12 1 11 12 1 11 12 1 8 1 8 1 10 100 12 1 1 1 11 12 1 1 18 12 1 1 11 12 1 11 12 1 11 12 1 18 11 12 1 11 12 1 1 11 12 1 11 12 1 11 12 1 11 100 12 1 1 1 11 100 12 1 1 1 1 1 1 1 1 1 1 1 1 1 1 1 1 1 1 1 1 1 1 1 1 1 1 1 1 1 1 1 1 1 1 1 1 1 1 100 1 1 1 1 1 1 100 1 1 1 1 1 1 1 1 16 15 10 12 16 15 10 12 15 10 100 12 1 1 1 1 100 1 1 1 100 1 1 1 1 100 1 100 1 1
instanceKlass jdk/internal/logger/LazyLoggers$JdkLazyLogger
ciInstanceKlass jdk/internal/logger/LazyLoggers$LazyLoggerWrapper 1 1 68 10 7 12 1 1 1 7 1 100 1 10 7 12 1 1 1 10 7 12 1 1 9 12 1 1 11 7 12 1 1 1 11 12 1 1 1 1 1 1 1 1 1 1 1 1 1 1 1 1 1 1 100 1 1 1 1 1 100 1 100 1 1 100 1 100 1 1
ciInstanceKlass jdk/internal/logger/LazyLoggers$JdkLazyLogger 1 1 50 9 7 12 1 1 1 10 7 12 1 1 1 100 1 10 7 12 1 1 1 10 7 12 1 1 1 1 1 1 1 1 1 1 1 1 1 1 1 1 1 1 1 1 100 1 1 1 1 1
ciInstanceKlass jdk/internal/logger/LazyLoggers$LoggerAccessor 1 0 28 100 1 100 1 1 1 1 1 1 1 1 1 1 100 1 1 1 100 1 100 1 1 100 1 100 1 1
ciInstanceKlass jdk/internal/logger/LazyLoggers$LazyLoggerAccessor 1 1 204 10 7 12 1 1 1 10 7 12 1 1 1 7 1 7 1 7 1 10 12 1 10 7 12 1 1 9 12 1 1 9 12 1 1 7 1 10 12 1 9 12 1 1 9 12 1 1 9 12 1 1 10 7 12 1 1 1 10 12 1 1 9 12 1 1 11 7 12 1 1 1 11 7 12 1 1 1 10 7 12 1 1 1 10 12 1 1 10 12 1 1 9 12 1 1 10 100 12 1 1 1 100 1 10 10 12 1 1 10 12 1 1 100 1 8 1 10 12 1 9 12 1 1 11 7 12 1 1 1 7 1 10 12 1 7 1 10 7 12 1 1 100 1 1 1 1 1 1 1 1 1 1 1 1 1 1 1 1 1 1 1 1 1 100 1 1 1 1 1 1 1 1 1 1 100 1 1 1 1 1 1 1 1 1 1 1 1 1 1 1 1 1 1 100 1 1 100 1 1 1 1 1 1
staticfield jdk/internal/logger/LazyLoggers$LazyLoggerAccessor $assertionsDisabled Z 1
instanceKlass javax/swing/event/RowSorterEvent
instanceKlass javax/net/ssl/HandshakeCompletedEvent
instanceKlass javax/swing/event/PopupMenuEvent
instanceKlass javax/swing/event/ListDataEvent
instanceKlass javax/swing/event/ListSelectionEvent
instanceKlass javax/swing/event/TableColumnModelEvent
instanceKlass javax/swing/event/TableModelEvent
instanceKlass javax/swing/event/UndoableEditEvent
instanceKlass javax/swing/event/ChangeEvent
instanceKlass javax/swing/event/CaretEvent
instanceKlass javax/management/Notification
instanceKlass java/beans/PropertyChangeEvent
instanceKlass java/awt/AWTEvent
ciInstanceKlass java/util/EventObject 1 1 65 10 7 12 1 1 1 100 1 8 1 10 12 1 9 7 12 1 1 1 100 1 10 10 12 1 1 10 100 12 1 1 1 10 12 1 1 8 1 10 12 1 8 1 10 12 1 100 1 1 1 1 5 0 1 1 1 1 1 1 1 1 1 1 1
instanceKlass sun/awt/UngrabEvent
instanceKlass javax/swing/event/AncestorEvent
instanceKlass sun/awt/ModalityEvent
instanceKlass java/awt/SentEvent
instanceKlass java/awt/SequencedEvent
instanceKlass java/awt/event/HierarchyEvent
instanceKlass java/awt/event/ItemEvent
instanceKlass java/awt/event/ActionEvent
instanceKlass java/awt/event/InputMethodEvent
instanceKlass java/awt/event/InvocationEvent
instanceKlass java/awt/event/ComponentEvent
ciInstanceKlass java/awt/AWTEvent 1 1 402 9 7 12 1 1 1 100 1 8 1 10 12 1 1 9 7 12 1 1 1 9 12 1 1 10 12 1 10 7 12 1 1 9 12 1 1 10 7 12 1 1 1 9 12 1 9 9 12 1 7 1 9 12 1 1 7 1 9 12 1 1 10 12 1 1 10 12 1 1 100 1 10 10 100 12 1 1 1 10 100 1 10 12 1 10 100 12 1 1 1 18 12 1 1 8 1 10 12 1 1 100 1 10 12 1 1 10 12 1 1 10 12 1 1 10 12 1 1 10 12 1 7 1 10 12 1 7 1 10 10 12 1 10 12 1 10 10 12 1 9 12 1 10 12 1 7 1 7 1 10 12 1 1 9 100 12 1 1 9 12 1 100 1 100 1 10 12 1 100 1 10 10 12 1 10 10 12 1 100 1 100 1 10 12 1 10 12 1 100 1 10 100 12 1 1 100 1 10 12 1 10 12 1 10 12 1 10 100 12 1 1 9 12 1 1 10 7 12 1 1 1 11 7 12 1 1 1 11 12 1 1 9 12 1 10 7 12 1 1 1 10 7 12 1 1 10 12 1 7 1 10 12 10 12 1 1 1 1 1 1 5 0 1 5 0 1 5 0 1 5 0 1 5 0 1 5 0 1 5 0 1 5 0 1 5 0 1 5 0 1 5 0 1 5 0 1 5 0 1 5 0 1 5 0 1 5 0 1 5 0 1 5 0 1 5 0 1 5 0 1 3 1 5 0 1 1 1 1 1 1 1 1 1 1 1 1 1 1 1 1 1 1 1 100 1 1 1 1 1 1 1 1 1 1 1 1 1 1 1 1 1 1 1 1 1 1 1 1 1 1 1 1 1 1 1 1 1 1 1 1 1 1 1 8 1 15 10 100 12 1 1 1 1 100 1 1 100 1 100 1 1
instanceKlass java/awt/event/PaintEvent
instanceKlass java/awt/event/WindowEvent
instanceKlass java/awt/event/ContainerEvent
instanceKlass java/awt/event/FocusEvent
instanceKlass java/awt/event/InputEvent
ciInstanceKlass java/awt/event/ComponentEvent 1 1 98 7 1 10 7 12 1 1 1 9 12 1 1 7 1 10 12 1 1 9 12 1 1 8 1 8 1 9 100 12 1 1 9 12 1 9 12 1 9 12 1 18 12 1 1 18 8 1 1 1 3 1 3 1 1 3 3 1 1 5 0 1 1 1 1 1 1 1 1 1 1 1 1 1 1 1 1 100 1 1 1 1 8 1 8 1 15 10 100 12 1 1 1 100 1 100 1 1
instanceKlass java/awt/event/MouseEvent
instanceKlass java/awt/event/KeyEvent
ciInstanceKlass java/awt/event/InputEvent 1 1 299 100 1 7 1 9 12 1 1 10 7 12 1 1 1 100 1 18 12 1 1 10 12 1 1 10 7 12 1 1 9 12 1 1 9 12 1 1 10 12 1 1 9 12 1 10 7 12 1 1 10 7 12 1 1 1 9 100 12 1 1 1 10 100 12 1 1 1 100 1 9 12 1 1 9 100 12 1 1 1 10 7 12 1 1 1 8 1 10 12 1 1 3 9 12 1 100 1 10 12 1 8 1 8 1 10 100 12 1 1 1 10 12 1 1 8 1 8 1 8 1 8 1 8 1 8 1 8 1 8 1 8 1 18 18 10 12 1 1 10 12 1 1 10 12 1 1 8 1 10 12 1 1 3 3 3 3 3 3 3 3 3 3 3 3 3 3 3 3 10 7 12 1 1 10 12 1 7 1 10 10 7 12 1 1 1 1 1 3 1 1 1 1 1 1 3 1 3 1 3 1 3 1 3 1 1 1 3 1 3 1 3 1 3 1 3 1 3 1 3 1 3 1 3 1 3 1 1 5 0 1 1 1 1 1 1 1 1 1 1 1 1 1 1 1 1 1 1 1 1 1 1 1 1 1 1 1 1 1 1 1 1 1 1 1 1 100 1 1 1 1 1 100 1 100 1 1 8 1 8 1 8 1 15 10 100 12 1 1 1 1 100 1 1 100 1 100 1 1
staticfield java/awt/event/InputEvent logger Lsun/util/logging/PlatformLogger; sun/util/logging/PlatformLogger
staticfield java/awt/event/InputEvent BUTTON_DOWN_MASK [I 20
ciInstanceKlass java/awt/peer/ComponentPeer 1 0 97 100 1 100 1 1 1 1 3 1 3 1 3 1 3 1 3 1 3 1 1 1 1 1 1 1 1 1 1 1 1 1 1 1 1 1 1 1 1 1 1 1 1 1 1 1 1 1 1 1 1 1 1 1 1 1 1 1 1 1 1 1 1 1 1 1 1 100 1 1 1 1 1 1 1 1 1 1 1 1 1 1 1 1 1 1 1 100 1 100 1 1 100 1 100 1 1
ciInstanceKlass java/awt/EventQueue 1 1 770 7 1 9 12 1 1 8 1 10 100 12 1 1 1 10 7 12 1 1 1 7 1 9 12 1 1 10 7 12 1 1 1 10 12 1 1 9 12 1 1 10 12 1 1 9 12 1 1 10 7 12 1 1 1 9 12 1 1 9 12 1 9 12 1 1 10 7 12 1 1 1 18 12 1 1 9 12 1 1 10 10 7 12 1 1 1 9 12 1 1 9 12 1 1 10 12 1 1 7 1 9 12 1 1 9 12 1 7 1 9 12 1 1 10 7 12 1 1 1 10 12 1 1 9 7 12 1 1 1 11 12 1 9 12 1 1 11 12 1 9 12 1 1 10 12 1 1 10 7 12 1 1 1 10 12 1 10 12 1 1 10 12 1 1 7 1 10 12 1 5 0 5 0 10 12 1 7 1 10 12 1 1 7 1 10 12 10 12 1 1 9 12 1 1 9 12 1 1 10 12 1 1 9 12 1 10 12 1 1 11 12 1 9 12 1 10 7 1 9 12 1 1 11 7 12 1 1 1 9 12 1 1 10 12 1 9 12 1 1 10 12 1 1 10 12 1 1 10 100 12 1 1 1 10 7 1 10 10 12 1 1 10 12 1 10 12 1 1 10 12 1 10 12 1 10 12 1 10 12 1 1 7 1 10 12 1 1 10 12 1 11 12 1 10 12 1 7 1 10 12 1 10 7 12 1 1 1 10 12 1 1 10 12 1 9 12 1 1 11 7 12 1 1 1 7 1 10 12 1 10 7 1 10 7 1 10 7 1 10 12 1 11 12 1 10 12 1 10 12 1 10 10 10 7 12 1 1 10 12 1 1 9 100 12 1 1 1 10 12 1 1 10 100 12 1 1 1 18 12 1 10 12 1 1 10 7 12 1 1 1 10 12 1 10 12 1 9 12 1 9 12 1 1 10 7 12 1 18 9 12 1 1 100 1 8 1 10 12 10 10 12 1 1 10 12 1 100 1 8 1 10 12 1 7 1 9 12 1 1 10 12 1 9 12 1 9 12 1 10 12 1 1 18 100 1 10 8 1 10 12 1 1 100 1 11 100 12 1 1 10 12 1 7 1 10 12 1 10 12 1 11 12 1 10 7 12 1 1 10 12 1 7 1 10 12 10 12 1 1 10 12 1 7 1 7 1 7 1 7 1 7 1 7 1 10 12 1 10 10 7 12 1 1 1 11 100 12 1 1 10 10 12 1 100 1 5 0 7 1 10 12 1 10 7 1 10 10 10 7 12 1 1 1 10 12 1 1 10 12 10 12 1 10 100 1 8 1 10 100 1 10 10 12 1 10 12 1 10 12 1 10 12 1 1 100 1 10 12 1 10 12 1 1 10 12 1 1 10 7 1 10 7 1 10 10 12 1 1 7 1 10 7 1 10 12 1 10 7 12 1 1 1 1 1 3 1 3 1 3 1 3 1 3 1 1 1 1 1 1 1 1 3 1 1 1 1 1 1 1 100 1 1 1 1 1 1 1 1 1 1 1 1 1 1 100 1 1 1 1 1 1 1 1 1 1 1 1 1 1 1 1 1 1 1 1 1 1 1 1 100 1 100 1 1 1 1 1 1 1 1 1 1 1 1 1 1 1 1 1 1 1 1 1 1 1 1 1 1 1 1 1 1 1 1 1 1 1 1 1 1 1 1 1 1 1 1 1 1 1 100 1 1 8 1 8 1 8 1 8 1 15 10 7 12 1 1 1 1 1 1 1 100 1 1 100 1 100 1 1
staticfield java/awt/EventQueue threadInitNumber Ljava/util/concurrent/atomic/AtomicInteger; java/util/concurrent/atomic/AtomicInteger
staticfield java/awt/EventQueue dummyRunnable Ljava/lang/Runnable; java/awt/EventQueue$1
staticfield java/awt/EventQueue javaSecurityAccess Ljdk/internal/access/JavaSecurityAccess; java/security/ProtectionDomain$JavaSecurityAccessImpl
instanceKlass sun/awt/windows/WToolkit
ciInstanceKlass sun/awt/SunToolkit 1 1 1578 7 1 8 1 10 12 1 1 10 7 12 1 1 1 7 1 10 12 1 1 10 100 12 1 1 1 8 1 8 1 10 7 12 1 1 1 10 12 1 1 9 7 12 1 1 1 7 1 10 12 9 7 12 1 1 1 10 12 1 1 7 1 10 12 1 8 1 10 7 1 7 1 10 9 12 1 1 7 1 10 9 12 1 9 12 1 1 10 7 12 1 1 10 12 1 10 12 1 9 12 1 1 11 100 12 1 1 9 100 12 1 1 1 11 12 1 11 12 1 11 12 1 10 12 1 10 100 12 1 1 1 10 12 1 1 10 12 1 1 10 12 1 10 12 1 1 10 7 12 1 1 1 11 7 12 1 1 1 10 7 12 1 1 10 7 12 1 1 1 10 12 1 1 10 12 1 1 10 12 1 7 1 10 12 1 1 11 7 12 1 1 1 100 1 10 12 1 1 11 100 12 1 1 11 12 1 1 11 12 1 10 12 1 9 12 1 1 11 7 12 1 1 10 12 1 1 11 100 12 1 1 1 10 7 12 1 1 1 10 12 1 1 10 7 12 1 1 1 10 12 1 11 100 1 10 10 12 1 1 11 7 12 1 1 1 11 12 1 1 10 7 12 1 1 1 100 1 7 1 10 12 1 1 10 12 1 1 7 1 10 12 1 1 10 12 1 1 10 12 1 1 10 10 12 1 10 12 1 1 100 1 10 7 12 1 1 1 18 12 1 1 10 10 10 12 1 7 1 7 1 10 12 5 0 10 12 1 10 12 1 10 12 1 10 12 1 10 12 1 10 12 1 1 100 1 10 12 1 10 10 12 1 100 1 8 1 10 100 1 10 10 12 1 10 12 1 10 12 1 10 12 1 1 100 1 10 12 1 11 12 1 1 10 12 1 1 10 12 1 1 10 7 12 1 1 1 10 7 12 1 1 1 10 7 12 1 1 1 10 12 1 1 10 100 12 1 1 1 100 1 8 1 8 1 8 1 8 1 8 1 10 12 1 1 11 12 1 1 8 1 8 1 10 12 1 1 9 12 1 1 10 100 12 1 1 1 10 7 1 100 1 100 1 10 12 10 12 1 1 10 100 1 10 12 9 12 1 100 1 10 10 12 1 1 10 12 1 100 1 10 12 1 1 10 100 1 10 12 1 7 1 10 12 1 100 1 10 12 1 100 1 10 12 1 1 10 100 12 1 1 1 10 10 12 1 1 10 12 1 11 12 1 1 10 12 1 1 10 12 1 1 10 12 1 1 10 12 1 1 3 10 12 1 1 10 12 1 10 12 1 10 12 1 10 12 1 100 1 10 10 12 1 10 12 1 1 10 100 12 1 1 100 1 10 12 1 100 1 10 7 12 1 1 1 10 100 12 1 1 10 100 12 1 1 1 10 12 1 1 10 12 1 10 12 1 10 12 1 1 100 1 11 100 12 1 1 10 12 1 11 12 1 1 11 100 12 1 1 11 12 1 11 12 1 11 12 1 6 0 10 12 1 10 12 1 10 12 1 10 100 12 1 1 1 6 0 10 12 1 1 6 0 6 0 6 0 6 0 6 0 10 12 1 10 12 1 1 100 1 10 12 1 10 12 1 1 9 7 12 1 1 1 9 12 1 10 100 12 1 1 1 10 12 1 1 10 12 1 10 12 1 1 10 12 1 1 10 100 12 1 1 1 100 1 10 12 1 1 10 12 1 10 12 1 1 11 12 1 1 11 12 1 100 1 9 100 12 1 1 1 100 1 100 1 10 12 1 9 12 1 1 8 1 8 1 10 12 1 8 1 10 10 12 1 10 12 1 1 10 12 1 8 1 8 1 8 1 10 7 12 1 1 1 10 12 1 1 8 1 8 1 10 10 12 1 8 1 9 12 1 1 10 12 1 1 9 100 12 1 1 10 12 1 1 10 12 1 1 10 12 1 1 9 100 12 1 1 1 9 12 1 9 12 1 10 12 1 10 12 1 7 1 10 12 1 1 10 12 1 10 12 1 10 12 10 100 1 100 1 100 1 100 1 100 1 100 1 100 1 100 1 100 1 100 1 100 1 5 0 10 12 1 1 100 1 8 1 10 18 12 1 1 10 12 1 1 100 1 9 12 1 10 12 1 10 12 1 1 10 12 1 10 12 1 10 12 1 1 10 12 1 10 12 1 11 12 1 10 12 100 1 10 10 12 1 100 1 5 0 10 12 1 10 12 10 12 5 0 10 12 1 8 1 8 1 10 12 1 1 10 12 1 1 9 12 1 9 12 1 10 12 1 9 12 1 10 12 1 1 8 1 9 12 1 8 1 9 12 1 8 1 8 1 9 12 1 8 1 9 12 1 8 1 9 12 1 8 1 9 12 1 10 12 1 9 12 1 10 9 12 1 8 1 10 12 1 1 9 12 1 1 10 12 10 12 1 10 12 1 10 12 1 1 100 1 11 100 12 1 1 1 100 1 10 12 1 10 12 1 1 10 12 1 9 12 1 1 8 1 9 12 1 7 1 10 10 7 12 1 1 10 5 0 10 10 12 1 10 12 1 1 10 12 1 10 12 1 1 10 12 1 1 10 12 1 1 10 7 12 1 1 10 12 1 1 10 12 1 100 1 10 12 1 1 11 7 1 11 12 1 10 12 1 9 12 1 1 8 1 10 12 1 10 12 1 1 7 1 10 10 7 12 1 1 1 10 100 1 100 1 100 1 1 1 3 1 1 1 3 1 1 1 3 1 3 1 3 1 3 1 1 1 1 1 1 1 1 1 1 1 1 1 1 1 1 1 100 1 1 1 100 1 1 1 1 1 1 1 1 1 1 1 1 1 1 1 1 1 1 1 1 1 1 1 1 1 1 1 1 1 1 1 1 1 1 1 1 1 1 1 1 1 1 1 1 1 1 1 1 1 1 1 1 1 1 1 1 1 1 1 1 1 1 1 1 1 1 1 1 1 1 1 1 1 1 1 1 1 1 1 1 1 1 1 1 1 1 1 1 1 1 1 1 1 1 1 1 1 1 1 1 1 1 1 1 1 1 1 1 1 1 1 1 1 1 1 1 1 1 1 1 1 1 1 1 1 1 1 1 1 1 1 1 1 1 1 1 1 1 1 1 1 1 1 1 1 1 1 1 1 1 1 1 1 1 1 1 1 1 1 1 1 1 1 1 1 1 1 1 1 1 1 1 1 1 1 1 1 1 1 1 1 1 1 1 1 1 1 1 1 1 1 1 1 1 1 1 1 1 1 1 1 1 1 1 1 1 1 1 1 1 1 1 1 1 1 1 1 1 1 1 1 1 1 1 1 1 1 1 1 1 1 1 1 1 1 1 1 1 1 1 1 1 1 1 1 1 1 1 1 1 1 1 1 1 1 1 1 1 1 1 1 1 1 1 1 1 1 1 1 1 1 1 1 1 1 1 1 1 1 1 1 1 1 100 1 1 1 1 1 1 1 1 1 1 8 1 16 15 10 12 15 10 100 12 1 1 15 10 100 12 1 1 1 1 1 1 1 1 1 1 1 100 1 1 100 1 1 1 1 1 1 100 1 100 1 1 1 100 1 8 1 1 12 10 1 1
staticfield sun/awt/SunToolkit AWT_LOCK Ljava/util/concurrent/locks/ReentrantLock; java/util/concurrent/locks/ReentrantLock
staticfield sun/awt/SunToolkit AWT_LOCK_COND Ljava/util/concurrent/locks/Condition; java/util/concurrent/locks/AbstractQueuedSynchronizer$ConditionObject
staticfield sun/awt/SunToolkit appContextMap Ljava/util/Map; java/util/Collections$SynchronizedMap
staticfield sun/awt/SunToolkit fileImgCache Lsun/awt/SoftCache; sun/awt/SoftCache
staticfield sun/awt/SunToolkit urlImgCache Lsun/awt/SoftCache; sun/awt/SoftCache
staticfield sun/awt/SunToolkit DEACTIVATION_TIMES_MAP_KEY Ljava/lang/Object; java/lang/Object
instanceKlass sun/util/logging/internal/LoggingProviderImpl$JULWrapper
instanceKlass jdk/internal/logger/SimpleConsoleLogger
ciInstanceKlass sun/util/logging/PlatformLogger$ConfigurableBridge$LoggerConfiguration 1 1 31 10 7 12 1 1 1 100 1 1 1 1 1 1 1 1 1 1 1 1 1 100 1 1 100 1 1 1 100 1 1
ciInstanceKlass java/lang/InterruptedException 1 1 26 10 7 12 1 1 1 10 12 1 100 1 1 1 1 5 0 1 1 1 1 1 1 1 1 1
ciInstanceKlass java/util/function/BooleanSupplier 1 0 11 100 1 100 1 1 1 1 1 1 1
ciInstanceKlass sun/util/logging/internal/LoggingProviderImpl$JULWrapper 1 1 299 10 7 12 1 1 1 9 7 12 1 1 1 10 7 12 1 1 1 10 12 1 1 10 12 1 1 10 12 1 10 12 1 10 12 1 10 12 1 10 12 1 1 10 12 1 10 12 1 1 10 12 1 10 12 1 10 12 1 10 12 1 10 12 1 10 12 1 10 12 1 1 10 12 1 10 100 12 1 1 1 18 12 1 1 9 12 1 1 10 7 12 1 1 1 9 12 1 1 100 1 10 10 12 1 1 9 7 12 1 1 1 10 10 7 12 1 1 1 100 1 10 12 1 10 12 1 10 12 1 1 10 9 12 1 10 100 12 1 1 1 10 12 1 10 12 1 10 12 1 7 1 10 7 12 1 1 1 9 12 1 9 12 1 9 12 1 9 12 1 9 12 1 9 12 1 9 12 1 9 12 1 100 1 100 1 100 1 1 1 1 1 1 1 1 1 1 1 1 1 1 1 1 1 1 1 1 1 1 1 1 1 1 1 1 1 1 1 1 1 1 1 1 1 1 1 1 1 1 1 1 1 1 1 1 1 1 1 1 1 1 1 1 1 1 1 1 1 1 1 1 1 1 1 1 1 1 1 1 1 1 1 1 1 1 1 1 1 1 1 16 1 15 10 12 16 15 10 100 12 1 1 1 1 100 1 1 1 1 1 100 1 1 1 100 1 100 1 1
staticfield sun/util/logging/internal/LoggingProviderImpl$JULWrapper spi2JulLevelMapping [Ljava/util/logging/Level; 7 [Ljava/util/logging/Level;
staticfield sun/util/logging/internal/LoggingProviderImpl$JULWrapper platform2JulLevelMapping [Ljava/util/logging/Level; 9 [Ljava/util/logging/Level;
staticfield sun/util/logging/internal/LoggingProviderImpl$JULWrapper $assertionsDisabled Z 1
ciInstanceKlass javax/swing/JScrollPane 1 1 543 10 7 12 1 1 1 100 1 9 7 12 1 1 1 9 12 1 9 12 1 1 7 1 10 10 12 1 1 10 12 1 1 10 12 1 10 12 1 1 10 12 1 1 10 12 1 1 10 12 1 1 10 12 1 10 12 1 10 12 1 1 8 1 10 7 12 1 1 1 10 12 1 1 10 12 1 10 12 1 1 10 7 12 1 1 1 9 12 1 1 100 1 100 1 3 10 12 1 10 7 12 1 1 1 10 12 1 9 12 1 1 7 1 10 12 1 1 10 7 12 1 1 1 10 12 1 8 1 7 1 10 10 12 1 1 8 1 100 1 10 12 1 100 1 8 1 10 8 10 12 1 1 10 12 1 10 12 1 8 1 8 9 12 1 1 8 10 12 1 7 1 10 12 1 1 10 12 1 10 12 1 1 9 7 12 1 1 9 12 1 9 12 1 9 12 1 9 12 1 9 12 1 9 12 1 9 12 1 10 7 12 1 1 10 12 1 10 12 1 10 12 1 1 10 12 1 10 12 1 10 12 1 10 7 1 10 10 12 1 10 7 1 10 12 1 9 12 1 1 8 1 10 12 1 1 10 12 1 8 9 12 1 8 1 8 10 10 12 1 8 1 8 9 12 1 1 100 1 10 12 1 10 12 1 9 12 1 8 1 8 10 12 1 9 12 1 8 1 8 10 12 1 8 1 10 7 12 1 1 1 8 1 8 1 8 1 8 1 8 1 8 1 8 1 9 12 1 1 9 12 1 9 12 1 9 12 1 8 1 10 12 1 1 10 8 1 10 12 1 10 100 12 1 1 10 12 1 1 10 12 1 1 10 12 1 1 10 100 12 1 1 1 11 100 12 1 1 8 1 10 8 1 8 1 8 1 8 1 8 1 8 1 10 10 100 1 10 12 1 18 12 1 1 10 12 10 12 1 100 1 1 1 1 1 1 1 1 1 1 1 1 1 1 1 1 3 1 1 1 1 1 3 1 1 1 1 1 1 1 1 1 1 1 1 1 1 1 1 1 1 1 1 1 1 1 1 1 1 1 1 1 1 1 1 1 1 1 1 1 1 1 1 1 1 1 1 1 1 1 1 1 1 1 1 1 1 1 1 1 1 1 1 1 1 1 1 1 1 100 1 1 1 1 1 1 1 1 1 1 1 1 1 1 1 1 1 1 1 1 1 1 1 1 1 1 8 1 15 10 100 12 1 1 1 1 1 1 100 1 100 1 1
ciInstanceKlass java/awt/ItemSelectable 1 0 12 100 1 100 1 1 1 1 1 1 1 1
ciInstanceKlass java/util/LinkedList$ListItr 1 1 134 9 7 12 1 1 1 10 7 12 1 1 1 9 7 12 1 1 1 9 12 1 9 12 1 10 12 1 1 9 12 1 1 9 12 1 10 12 1 10 12 1 1 100 1 10 9 12 1 9 7 1 9 12 1 1 10 12 1 9 12 1 9 12 1 100 1 10 10 12 1 1 10 12 1 1 10 12 1 1 10 100 12 1 1 1 11 100 12 1 1 100 1 10 100 1 1 1 1 1 1 1 1 1 1 1 1 1 1 1 1 1 1 1 1 1 1 1 1 1 1 1 1 1 1 1 1 1 1 1 1 1 1 1
ciInstanceKlass driverecovery/ConfigPanel$15 1 1 110 7 1 7 1 1 1 1 1 1 10 12 9 12 7 1 10 12 1 10 12 1 1 1 1 1 1 1 1 10 7 1 12 1 1 7 1 9 7 1 12 1 1 9 12 1 1 10 12 1 1 7 1 3 10 12 1 10 12 1 1 7 1 4 10 12 1 10 12 1 1 10 12 1 1 10 12 1 10 12 1 1 9 7 1 12 1 1 9 12 1 10 12 1 1 1 1 1 1 1 1 1 12 1 1 1 100 1 1 1
ciInstanceKlass driverecovery/ConfigPanel$17 1 1 110 7 1 7 1 1 1 1 1 1 10 12 9 12 7 1 10 12 1 10 12 1 1 1 1 1 1 1 1 1 1 10 7 1 12 1 1 7 1 9 7 1 12 1 1 9 12 1 1 10 12 1 1 9 7 1 12 1 1 9 12 1 10 12 1 1 10 12 1 1 10 12 1 10 12 1 1 9 12 1 9 12 1 10 12 1 10 12 1 1 10 12 1 1 1 1 1 100 1 1 1 1 12 1 1 1 100 1 1 1
ciInstanceKlass driverecovery/ConfigPanel$16 1 1 112 7 1 7 1 1 1 1 1 1 10 12 9 12 7 1 10 12 1 10 12 1 1 1 1 1 1 1 1 1 1 10 7 1 12 1 1 7 1 9 7 1 12 1 1 9 12 1 1 10 12 1 1 7 1 3 10 12 1 3 10 12 1 10 12 1 1 10 12 1 1 10 12 1 10 12 1 1 9 7 1 12 1 1 9 12 1 10 12 1 10 12 1 1 10 12 1 1 1 1 1 1 1 1 12 1 1 1 100 1 1 1
ciInstanceKlass driverecovery/ConfigPanel$9 1 1 126 7 1 7 1 1 1 1 1 1 1 1 9 12 10 12 1 9 12 7 1 10 12 1 10 12 1 1 1 1 1 1 1 1 1 1 10 7 1 12 1 1 7 1 9 7 1 12 1 1 9 12 1 1 10 12 1 1 7 1 3 10 12 1 3 10 12 1 10 12 1 1 10 12 1 1 10 12 1 10 12 1 1 9 7 1 12 1 1 9 12 1 7 1 10 12 1 10 12 1 1 10 12 1 10 12 1 1 10 12 1 1 1 1 1 1 1 1 12 1 1 1 100 1 1 1
ciInstanceKlass driverecovery/ConfigPanel$12 1 1 101 7 1 7 1 1 1 1 1 1 1 1 9 12 10 12 1 9 12 7 1 10 12 1 10 12 1 1 1 1 1 1 1 1 1 1 10 7 1 12 1 1 7 1 9 7 1 12 1 1 9 12 1 1 10 12 1 1 9 100 1 12 1 1 10 12 1 1 10 12 1 1 10 12 1 10 12 1 1 10 12 1 1 10 12 1 1 1 1 1 1 1 1 12 1 1 1 100 1 1 1
instanceKlass com/formdev/flatlaf/ui/FlatToolBarUI$FlatToolBarFocusTraversalPolicy
instanceKlass javax/swing/JEditorPane$1
ciInstanceKlass javax/swing/LayoutFocusTraversalPolicy 1 1 227 7 1 10 12 1 1 10 7 12 1 1 100 1 8 1 10 12 1 10 7 12 1 1 1 10 7 12 1 1 1 10 12 1 1 10 12 1 1 10 12 1 8 1 10 12 1 1 10 12 1 10 12 1 1 8 1 10 7 12 1 1 1 8 1 100 1 10 12 1 1 10 100 12 1 1 1 7 1 8 1 100 1 10 12 1 1 11 100 12 1 1 1 10 100 12 1 1 1 11 100 12 1 1 1 11 12 1 1 100 1 10 12 1 10 12 1 10 12 1 10 12 1 10 12 1 1 10 7 12 1 1 1 10 12 1 1 9 12 1 1 10 7 1 10 100 12 1 1 1 10 12 1 10 12 1 1 10 100 12 1 1 100 1 10 12 1 10 12 1 10 12 1 10 100 1 1 1 1 1 1 1 1 1 1 1 1 1 1 1 1 1 1 1 1 1 1 1 1 1 1 1 1 1 1 1 1 1 1 1 1 100 1 1 1 1 1 100 1 1 1 1 100 1 1 1 1
staticfield javax/swing/LayoutFocusTraversalPolicy fitnessTestPolicy Ljavax/swing/SwingDefaultFocusTraversalPolicy; javax/swing/SwingDefaultFocusTraversalPolicy
ciInstanceKlass java/awt/event/KeyEvent 1 1 1251 7 1 10 12 1 1 9 12 1 1 10 7 12 1 1 9 12 1 1 9 12 1 9 12 1 9 12 1 3 100 1 8 1 10 12 1 8 1 8 1 9 12 1 1 9 12 1 1 9 12 1 10 12 1 1 10 12 1 10 12 1 1 10 12 1 9 12 1 1 10 12 1 9 12 1 10 100 12 1 1 1 8 1 8 1 10 100 12 1 1 1 8 1 8 1 8 1 8 1 8 1 8 1 8 1 8 1 8 1 8 1 8 1 8 1 8 1 8 1 8 1 8 1 8 1 8 1 8 1 8 1 8 1 8 1 8 1 8 1 8 1 8 1 8 1 8 1 8 1 8 1 8 1 8 1 8 1 8 1 8 1 8 1 8 1 8 1 8 1 8 1 8 1 8 1 8 1 8 1 8 1 8 1 8 1 8 1 8 1 8 1 8 1 8 1 8 1 8 1 8 1 8 1 8 1 8 1 8 1 8 1 8 1 8 1 8 1 8 1 8 1 8 1 8 1 8 1 8 1 8 1 8 1 8 1 8 1 8 1 8 1 8 1 8 1 8 1 8 1 8 1 8 1 8 1 8 1 8 1 8 1 8 1 8 1 8 1 8 1 8 1 8 1 8 1 8 1 8 1 8 1 8 1 8 1 8 1 8 1 8 1 8 1 8 1 8 1 8 1 8 1 8 1 8 1 8 1 8 1 8 1 8 1 8 1 8 1 8 1 8 1 8 1 8 1 8 1 8 1 8 1 8 1 8 1 8 1 8 1 8 1 8 1 8 1 8 1 8 1 8 1 8 1 8 1 8 1 8 1 8 1 8 1 8 1 8 1 8 1 8 1 8 1 8 1 8 1 8 1 8 1 8 1 8 1 8 1 8 1 8 1 8 1 8 1 8 1 8 1 8 1 8 1 8 1 8 1 8 1 8 1 8 1 8 1 8 1 8 1 8 1 8 1 8 1 8 1 8 1 8 1 8 1 8 1 8 1 8 1 8 1 8 1 8 1 8 1 8 1 8 1 8 1 8 1 8 1 8 1 8 1 8 1 8 1 8 1 8 1 8 1 8 1 8 1 8 1 8 1 8 1 8 1 8 1 8 1 8 1 8 1 8 1 8 1 8 1 8 1 8 1 8 1 8 1 8 1 8 1 8 1 8 1 8 1 8 1 8 1 8 1 8 1 8 1 8 1 8 1 8 1 8 1 8 1 8 1 8 1 8 1 8 1 8 1 8 1 8 1 8 1 8 1 8 1 8 1 8 1 8 1 8 1 8 1 8 1 8 1 8 1 8 1 8 1 8 1 8 1 8 1 8 1 8 1 8 1 8 1 8 1 8 1 8 1 8 1 8 1 8 1 8 1 8 1 8 1 8 1 8 1 8 1 8 1 8 1 8 1 8 1 8 1 8 1 8 1 8 1 8 1 8 1 8 1 8 1 8 1 18 12 1 1 3 8 1 8 1 10 100 12 1 1 1 18 12 100 1 10 12 10 12 1 1 8 1 8 1 8 1 8 1 10 12 1 10 12 1 1 10 12 1 10 12 9 12 1 8 1 8 1 8 1 8 1 8 1 10 12 1 8 1 10 12 1 1 8 1 8 1 8 1 8 1 8 1 10 12 1 8 1 10 12 1 8 1 10 12 1 8 1 8 1 8 1 8 1 8 1 8 1 8 1 10 12 1 8 1 8 1 8 1 10 100 12 1 1 1 10 100 12 1 1 1 10 100 12 1 1 10 7 12 1 1 10 7 12 1 1 1 10 12 1 7 1 10 10 7 12 1 1 1 1 1 3 1 3 3 1 3 1 3 1 3 1 3 1 3 1 3 1 3 1 3 1 3 1 3 1 3 1 3 1 3 1 3 1 3 1 3 1 3 1 3 1 3 1 3 1 3 1 3 1 3 1 3 1 3 1 3 1 3 1 3 1 3 1 3 1 3 1 3 1 3 1 3 1 3 1 3 1 3 1 3 1 3 1 3 1 3 1 3 1 3 1 3 1 3 1 3 1 3 1 3 1 3 1 3 1 3 1 3 1 3 1 3 1 3 1 3 1 3 1 3 1 3 1 3 1 3 1 3 1 3 1 3 1 3 1 3 1 3 1 3 1 3 1 3 1 3 1 3 1 3 1 3 1 3 1 3 1 3 1 3 1 1 3 1 3 1 3 1 3 1 3 1 3 1 3 1 3 1 3 1 3 1 3 1 3 1 3 1 3 1 3 1 3 1 3 1 3 1 3 1 3 1 3 1 3 1 3 1 3 1 3 1 3 1 3 1 3 1 3 1 3 1 3 1 3 1 3 1 3 1 3 1 3 1 3 1 3 1 3 1 3 1 3 1 3 1 3 1 3 1 3 1 3 1 3 1 3 1 3 1 3 1 3 1 3 1 3 1 3 1 3 1 3 1 3 1 3 1 3 1 3 1 3 1 3 1 3 1 3 1 3 1 3 1 3 1 3 1 3 1 3 1 3 1 3 1 3 1 3 1 3 1 3 1 3 1 3 1 3 1 3 1 3 1 3 1 3 1 3 1 3 1 3 1 3 1 3 1 3 1 3 1 3 1 3 1 3 1 3 1 3 1 3 1 3 1 3 1 3 1 3 1 3 1 3 1 3 1 3 1 3 1 3 1 3 1 3 1 3 1 3 1 3 3 3 1 5 0 1 1 1 1 1 1 1 1 1 100 1 1 1 1 1 1 1 1 1 1 1 1 1 1 1 1 1 1 1 1 1 1 1 1 1 1 1 1 1 1 100 1 100 1 1 1 1 1 1 8 1 8 1 15 10 100 12 1 1 1 100 1 1 100 1 100 1 1
instanceKlass javax/swing/JDialog
ciInstanceKlass java/awt/Dialog 1 1 887 8 1 10 7 12 1 1 1 9 12 1 1 9 7 12 1 1 10 12 1 10 12 1 10 12 1 10 7 12 1 1 9 12 1 1 9 12 1 9 12 1 7 1 10 12 1 9 12 1 1 7 1 100 1 8 1 10 12 1 9 12 1 1 10 12 1 1 10 7 12 1 1 1 10 12 1 8 1 9 12 1 1 18 12 1 1 10 12 1 1 9 12 1 1 9 7 12 1 1 1 10 12 1 9 10 12 1 1 11 7 12 1 1 1 10 10 12 1 1 9 12 1 9 12 1 10 7 12 1 1 1 10 12 1 1 10 12 1 7 1 11 12 1 8 10 12 1 1 10 12 1 10 10 12 1 9 12 1 10 12 1 10 12 1 10 12 1 9 12 1 10 12 1 1 10 12 1 10 12 1 10 12 1 10 12 1 10 12 1 1 10 7 12 1 1 1 10 7 12 1 1 1 10 7 12 1 1 1 10 12 1 10 12 1 1 10 12 1 11 7 12 1 1 1 9 12 1 1 10 12 1 9 12 1 1 10 7 12 1 1 1 10 12 1 1 100 1 10 12 9 12 1 10 12 1 10 12 1 100 1 5 0 100 1 5 0 10 12 1 1 10 12 1 1 9 12 1 1 9 12 1 1 7 1 10 12 1 10 12 1 1 9 12 1 100 1 10 12 1 1 10 100 1 8 1 10 9 12 1 10 12 1 1 10 7 12 1 1 1 10 10 12 1 1 10 7 12 1 1 1 9 12 1 1 9 12 1 10 12 1 1 11 100 12 1 1 1 11 7 12 1 1 11 12 1 9 12 1 1 10 12 1 100 1 18 12 1 1 10 12 1 10 12 1 1 10 100 12 1 1 1 10 12 1 10 7 12 1 1 18 12 1 10 7 12 1 1 1 18 12 1 1 10 12 1 1 9 12 1 1 11 7 12 1 1 10 12 1 10 12 1 10 12 1 10 12 1 1 10 12 1 9 12 1 10 12 1 10 12 1 10 12 1 11 12 1 10 12 1 10 12 1 9 12 1 10 12 1 10 12 1 10 12 1 10 10 12 1 11 12 1 10 12 1 10 12 1 100 1 8 1 10 10 12 1 1 8 1 10 12 1 1 8 1 10 12 1 1 10 7 12 1 1 8 1 10 12 1 8 1 10 12 1 1 10 12 1 1 10 12 1 1 10 12 1 1 10 100 12 1 1 1 18 12 1 18 10 12 1 1 10 12 1 1 10 12 1 1 10 12 1 1 10 10 12 10 12 1 1 10 12 1 10 12 1 10 12 1 10 12 1 10 12 1 1 10 12 1 1 10 12 1 1 11 7 1 10 12 1 1 10 12 1 10 12 1 10 12 1 10 9 12 1 10 7 12 1 1 1 10 10 12 1 9 7 12 1 1 1 10 12 1 1 10 12 1 10 9 12 1 1 9 9 12 1 10 10 12 1 1 11 11 12 11 10 12 1 1 10 10 100 12 1 1 1 9 100 12 1 1 1 10 100 12 1 1 1 10 7 12 1 1 10 100 12 1 1 1 8 10 100 12 1 1 100 1 8 10 12 1 10 12 1 8 8 9 12 1 1 100 1 10 12 10 12 1 10 12 1 10 12 1 9 12 1 1 1 1 1 1 8 1 1 5 0 1 1 1 1 1 1 1 1 1 1 1 1 1 100 1 1 1 1 1 1 1 100 1 100 1 1 1 1 1 1 1 1 1 1 1 1 1 1 1 1 1 1 1 1 1 1 1 1 1 1 1 1 1 1 1 1 1 1 1 1 1 1 1 1 1 1 1 1 1 1 1 1 1 1 1 1 1 1 1 100 1 1 1 1 1 1 1 1 1 1 1 1 1 1 1 1 1 1 1 1 1 1 1 100 1 100 1 100 1 1 1 1 1 1 1 1 1 1 8 1 16 15 10 12 16 15 10 12 1 16 16 15 10 12 8 1 8 1 15 10 100 12 1 1 15 10 7 12 1 1 1 1 1 1 1 1 100 1 100 1 1
staticfield java/awt/Dialog DEFAULT_MODALITY_TYPE Ljava/awt/Dialog$ModalityType; java/awt/Dialog$ModalityType
ciInstanceKlass javax/swing/JDialog 1 1 476 100 1 10 7 12 1 1 1 8 1 10 12 1 10 7 12 1 1 1 10 7 1 100 1 9 12 1 1 9 12 1 1 9 12 1 1 10 12 1 1 10 12 1 1 10 12 1 1 10 12 1 10 12 1 10 12 1 10 10 12 1 9 100 12 1 1 1 10 12 1 10 12 1 10 10 12 1 100 1 5 0 10 12 1 1 10 7 12 1 1 1 10 12 1 1 10 12 1 1 10 12 1 1 8 1 10 7 12 1 1 1 10 12 1 1 10 12 1 1 10 12 1 1 10 12 1 1 10 100 12 1 1 10 12 1 10 12 1 7 1 10 12 1 1 10 7 12 1 1 1 10 12 10 12 1 10 12 1 1 10 7 12 1 1 1 10 12 1 10 12 1 100 1 8 1 10 12 1 8 10 12 1 1 9 12 1 1 10 12 1 1 8 10 12 1 10 12 1 1 10 12 1 1 10 12 1 1 10 12 1 10 12 1 1 10 100 12 1 1 1 10 12 1 9 12 1 1 10 12 1 1 10 10 12 1 1 10 10 100 1 8 1 10 12 1 10 10 12 1 10 12 1 1 10 12 1 1 10 12 1 1 10 12 1 10 12 1 10 12 1 1 9 100 12 1 1 10 12 1 1 10 12 1 1 10 12 1 1 9 12 1 1 9 7 12 1 1 1 10 12 1 1 9 12 1 10 12 1 1 10 12 1 8 1 8 1 8 1 10 12 1 1 8 1 8 1 10 12 1 18 12 1 1 100 1 10 12 1 7 1 8 1 10 100 1 100 1 100 1 1 1 1 1 1 1 1 1 1 1 1 1 1 1 1 100 1 1 1 100 1 1 1 1 1 1 1 1 1 1 1 1 1 1 1 1 1 1 3 1 1 1 1 1 1 1 1 1 1 1 1 1 1 1 1 1 1 1 1 1 3 1 1 1 1 1 1 1 1 1 1 1 1 100 1 1 1 1 1 1 1 1 1 1 1 1 1 1 1 1 1 1 1 1 1 1 1 1 1 1 1 1 1 1 1 1 1 8 1 15 10 100 12 1 1 1 1 1 100 1 1 100 1 100 1 1
staticfield javax/swing/JDialog defaultLookAndFeelDecoratedKey Ljava/lang/Object; java/lang/StringBuffer
instanceKlass com/sun/java/swing/plaf/windows/WindowsPopupWindow
instanceKlass javax/swing/Popup$HeavyWeightWindow
ciInstanceKlass javax/swing/JWindow 1 1 304 100 1 10 7 12 1 1 1 10 12 1 10 7 12 1 1 1 10 100 12 1 1 1 10 9 12 1 1 9 12 1 1 10 12 1 1 10 12 1 1 10 12 1 1 10 12 1 10 10 7 12 1 1 1 10 12 1 1 10 12 1 1 10 12 1 1 10 12 1 10 7 12 1 1 1 7 1 10 12 10 12 1 9 12 1 1 10 12 1 1 8 10 12 1 1 10 12 1 1 10 12 1 1 10 12 1 1 10 100 12 1 1 1 10 12 1 9 12 1 1 10 12 1 1 10 10 12 1 1 10 10 100 1 8 1 10 12 1 10 12 1 10 10 12 1 10 12 1 1 10 12 1 1 10 12 1 1 10 12 1 10 12 1 10 12 1 1 9 7 12 1 1 10 12 1 1 10 12 1 1 10 12 1 1 8 1 8 1 10 12 1 1 18 12 1 1 100 1 10 12 1 100 1 100 1 100 1 1 1 1 1 1 1 1 1 1 1 1 1 1 1 100 1 1 1 1 1 1 1 1 1 3 1 1 1 1 1 1 1 1 1 1 1 1 1 1 1 1 1 1 3 1 1 1 100 1 1 1 1 1 1 1 1 1 1 1 1 1 1 1 1 1 100 1 1 1 1 1 1 1 1 1 1 1 1 8 1 15 10 100 12 1 1 1 1 100 1 1 100 1 100 1 1
ciInstanceKlass java/awt/event/FocusEvent 1 1 172 7 1 9 100 12 1 1 1 10 12 1 1 10 7 12 1 1 100 1 8 1 10 12 1 9 12 1 1 9 12 1 1 9 12 1 10 12 1 10 12 1 10 7 12 1 1 1 10 7 12 1 1 1 9 12 1 1 8 1 8 1 8 1 8 1 8 1 10 12 1 1 10 100 12 1 1 1 10 12 1 1 18 12 1 1 100 1 10 12 1 10 12 1 1 10 12 1 1 10 12 1 1 9 12 1 10 100 12 1 1 1 11 100 12 1 1 1 11 12 1 1 1 1 3 1 3 1 1 5 0 1 1 1 1 1 1 1 100 1 1 1 1 1 1 1 1 1 1 1 100 1 1 1 1 1 8 1 15 10 100 12 1 1 1 1 1 100 1 100 1 1
ciInstanceKlass javax/swing/JScrollPane$ScrollBar 1 1 114 9 7 12 1 1 1 10 7 12 1 1 1 8 1 9 7 12 1 1 1 10 12 1 1 9 12 1 1 10 12 1 10 100 12 1 1 1 10 100 12 1 1 1 100 1 10 12 1 1 10 12 1 1 11 12 1 1 10 12 1 1 9 12 1 10 12 1 10 12 1 11 12 1 100 1 10 12 1 1 9 100 12 1 1 1 9 12 1 100 1 1 1 1 1 1 1 1 1 1 1 1 1 1 1 1 1 1 1 1 1 1 1 1
instanceKlass javax/swing/event/MenuDragMouseEvent
instanceKlass sun/awt/dnd/SunDropTargetEvent
instanceKlass java/awt/event/MouseWheelEvent
ciInstanceKlass java/awt/event/MouseEvent 1 1 345 7 1 7 1 9 12 1 1 9 12 1 10 12 1 1 10 12 1 10 7 12 1 1 1 9 12 1 9 12 1 100 1 10 12 1 9 12 1 9 12 1 1 10 12 1 1 10 7 12 1 1 1 10 12 1 9 12 1 9 9 9 12 1 100 1 18 12 1 1 10 12 1 10 7 12 1 1 1 10 12 1 1 18 9 12 1 18 10 12 1 9 12 1 10 12 1 10 12 1 1 10 12 1 100 1 10 12 8 1 8 1 10 12 1 1 10 12 1 1 8 1 8 1 8 1 8 1 8 1 8 1 8 1 8 1 8 1 8 1 8 1 8 1 8 1 8 1 8 1 18 18 10 12 1 1 10 12 1 10 12 1 1 10 12 1 1 10 12 9 12 1 8 1 8 1 8 1 8 1 8 1 8 1 8 1 8 1 8 1 8 1 10 12 1 8 1 8 1 8 1 8 1 8 1 10 12 1 8 1 10 12 1 8 1 10 100 12 1 1 10 7 12 1 1 10 7 12 1 1 10 12 1 7 1 10 12 1 7 1 10 10 7 12 1 1 1 1 1 3 1 3 3 3 3 3 3 3 1 3 1 3 1 3 1 3 1 1 1 5 0 1 1 1 1 1 1 1 1 1 1 1 1 1 1 1 1 1 1 1 1 100 1 100 1 1 1 1 1 1 1 1 1 1 1 1 1 1 1 100 1 100 1 1 1 1 1 1 1 1 8 1 8 1 8 1 8 1 8 1 15 10 100 12 1 1 1 100 1 1 100 1 100 1 1
ciInstanceKlass java/lang/AssertionError 0 0 79 10 100 12 1 1 1 10 12 1 10 100 12 1 1 1 10 100 1 100 1 10 12 1 1 10 12 1 10 12 1 10 12 1 10 12 1 10 12 1 10 12 1 10 12 1 1 1 1 5 0 1 1 1 1 1 1 1 1 1 1 100 1 1 1 1 1 1 1 1 1 1 1 1 1 1 1 1 1
instanceKlass java/awt/DefaultKeyboardFocusManager$DefaultKeyboardFocusManagerSentEvent
ciInstanceKlass java/awt/SentEvent 1 1 86 100 1 10 7 12 1 1 1 10 12 1 10 7 12 1 1 1 10 7 12 1 1 1 10 12 1 9 12 1 1 9 12 1 1 10 12 1 1 10 7 12 1 1 9 12 1 1 10 12 1 10 7 12 1 1 1 10 7 12 1 1 100 1 1 1 1 5 0 1 1 3 1 1 1 1 1 1 100 1 1 100 1 1 1 1
ciInstanceKlass java/awt/DefaultKeyboardFocusManager$DefaultKeyboardFocusManagerSentEvent 1 1 53 10 7 12 1 1 1 10 7 12 1 1 1 7 1 9 12 1 1 10 12 1 1 100 1 1 1 1 5 0 1 1 1 1 1 1 1 1 1 1 1 1 1 1 100 1 100 1 1 1 1 1 1
ciInstanceKlass java/awt/event/FocusEvent$Cause 1 1 92 7 1 9 12 1 1 9 12 1 9 12 1 9 12 1 9 12 1 9 12 1 9 12 1 9 12 1 9 12 1 9 12 1 9 12 1 9 12 1 1 10 100 12 1 1 10 7 12 1 1 1 10 12 1 1 8 10 8 8 8 8 8 8 8 8 8 8 10 12 1 1 1 1 1 1 1 1 1 1 1 1 1 1 1 1 1 1 100 1 1 1
staticfield java/awt/event/FocusEvent$Cause UNKNOWN Ljava/awt/event/FocusEvent$Cause; java/awt/event/FocusEvent$Cause
staticfield java/awt/event/FocusEvent$Cause MOUSE_EVENT Ljava/awt/event/FocusEvent$Cause; java/awt/event/FocusEvent$Cause
staticfield java/awt/event/FocusEvent$Cause TRAVERSAL Ljava/awt/event/FocusEvent$Cause; java/awt/event/FocusEvent$Cause
staticfield java/awt/event/FocusEvent$Cause TRAVERSAL_UP Ljava/awt/event/FocusEvent$Cause; java/awt/event/FocusEvent$Cause
staticfield java/awt/event/FocusEvent$Cause TRAVERSAL_DOWN Ljava/awt/event/FocusEvent$Cause; java/awt/event/FocusEvent$Cause
staticfield java/awt/event/FocusEvent$Cause TRAVERSAL_FORWARD Ljava/awt/event/FocusEvent$Cause; java/awt/event/FocusEvent$Cause
staticfield java/awt/event/FocusEvent$Cause TRAVERSAL_BACKWARD Ljava/awt/event/FocusEvent$Cause; java/awt/event/FocusEvent$Cause
staticfield java/awt/event/FocusEvent$Cause ROLLBACK Ljava/awt/event/FocusEvent$Cause; java/awt/event/FocusEvent$Cause
staticfield java/awt/event/FocusEvent$Cause UNEXPECTED Ljava/awt/event/FocusEvent$Cause; java/awt/event/FocusEvent$Cause
staticfield java/awt/event/FocusEvent$Cause ACTIVATION Ljava/awt/event/FocusEvent$Cause; java/awt/event/FocusEvent$Cause
staticfield java/awt/event/FocusEvent$Cause CLEAR_GLOBAL_FOCUS_OWNER Ljava/awt/event/FocusEvent$Cause; java/awt/event/FocusEvent$Cause
staticfield java/awt/event/FocusEvent$Cause $VALUES [Ljava/awt/event/FocusEvent$Cause; 11 [Ljava/awt/event/FocusEvent$Cause;
ciInstanceKlass java/awt/DefaultKeyboardFocusManager$TypeAheadMarker 1 1 56 10 7 12 1 1 1 9 7 12 1 1 1 9 12 1 1 10 100 12 1 1 1 18 12 1 1 1 1 1 1 1 1 1 1 1 1 1 100 1 1 8 1 15 10 100 12 1 1 1 1 100 1 100 1 1
ciInstanceKlass javax/swing/JFileChooser 1 1 966 7 1 7 1 10 7 12 1 1 1 10 12 1 10 7 12 1 1 9 12 1 1 9 12 1 9 12 1 9 12 1 1 7 1 10 12 1 9 12 1 1 9 12 1 1 9 12 1 9 12 1 9 12 1 1 9 12 1 1 9 12 1 1 9 12 1 9 12 1 1 9 12 1 9 12 1 9 12 1 9 12 1 9 12 1 1 9 12 1 1 9 12 1 1 9 12 1 9 12 1 1 10 12 1 1 10 12 1 1 10 12 1 1 10 12 1 10 12 1 10 12 1 1 10 12 1 10 12 1 10 12 1 1 10 12 1 1 10 12 1 1 100 1 5 0 10 12 1 1 8 1 10 7 12 1 1 1 10 12 1 1 7 1 10 12 1 10 12 1 1 10 7 12 1 1 1 8 1 10 12 1 1 10 12 1 7 1 10 10 12 1 1 10 12 1 1 10 100 12 1 1 100 1 10 10 12 1 10 10 12 1 1 10 12 1 1 10 12 1 10 12 1 9 12 1 1 10 12 1 8 1 10 12 1 1 10 100 12 1 1 10 12 1 8 1 10 12 1 10 12 1 10 12 1 1 10 12 1 1 10 12 1 1 8 1 10 12 1 1 10 7 12 1 1 10 12 1 10 12 1 10 12 1 1 10 12 1 1 10 12 1 1 7 1 10 10 7 12 1 1 1 10 12 10 12 1 8 1 10 12 1 1 10 7 12 1 1 10 12 1 10 12 1 1 100 1 8 1 10 7 12 1 1 1 7 1 10 12 1 100 1 10 12 1 10 12 1 1 10 12 1 1 7 1 10 10 12 1 1 8 1 10 12 1 1 10 12 1 10 7 12 1 1 1 10 100 12 1 1 10 12 1 1 100 1 10 12 1 10 12 1 10 12 1 1 8 1 10 12 1 10 12 1 8 1 10 12 1 100 1 18 12 1 1 10 12 10 12 1 8 1 8 1 8 1 10 12 1 8 1 10 12 1 1 7 1 10 12 1 1 10 12 1 10 12 1 1 10 12 1 1 8 1 10 12 1 1 10 12 1 10 12 1 1 10 12 1 10 12 1 10 12 1 10 12 1 10 12 1 1 8 1 8 1 10 12 1 8 1 18 8 1 10 12 1 8 1 100 1 10 10 12 1 10 12 10 10 12 1 1 10 12 1 1 8 1 8 1 10 12 1 1 10 7 12 1 1 1 10 12 1 10 12 1 10 12 1 10 12 1 1 10 12 1 10 8 1 10 12 1 8 1 10 12 1 8 1 9 12 1 1 100 1 10 7 12 1 1 10 12 1 10 12 1 1 100 1 10 12 1 1 10 7 12 1 1 1 10 12 1 1 7 1 10 12 1 7 1 10 10 12 1 11 12 1 1 10 12 1 10 12 1 1 8 1 9 12 1 1 10 100 12 1 1 1 8 10 100 12 1 1 100 1 8 8 8 10 12 1 8 100 1 8 1 10 8 8 8 8 8 8 10 12 1 8 8 8 8 8 8 8 8 8 8 8 10 100 1 10 100 12 1 1 10 12 1 1 10 10 12 1 1 10 12 1 1 10 100 12 1 1 1 8 1 8 1 8 1 8 1 8 1 8 1 8 1 8 1 8 1 8 1 8 1 8 1 10 12 1 10 12 1 18 12 1 100 1 10 100 1 1 1 3 3 3 3 1 1 1 1 1 1 1 1 1 1 1 1 1 1 1 1 1 1 1 1 1 1 1 1 1 1 1 1 1 1 1 1 1 1 1 1 1 1 1 1 1 1 1 1 1 1 1 1 1 1 1 1 1 1 1 1 1 1 1 1 1 1 1 1 1 1 1 1 1 100 1 100 1 1 1 1 1 1 1 1 1 1 1 1 1 1 1 1 1 1 1 1 1 1 1 1 1 1 1 1 1 1 1 100 1 1 1 1 1 1 1 1 1 1 1 1 1 1 1 1 1 1 1 1 1 1 1 1 1 1 1 1 1 1 1 1 1 1 1 100 1 1 1 1 1 1 1 1 1 1 1 1 1 1 1 1 1 1 1 1 1 1 1 1 1 100 1 1 1 1 1 1 1 1 1 1 100 1 100 1 1 1 1 1 1 1 1 1 1 1 1 1 1 1 1 1 1 1 1 1 1 1 1 1 1 1 1 8 1 8 1 8 1 15 10 100 12 1 1 1 1 1 1 1 100 1 100 1 1
ciInstanceKlass sun/awt/windows/WFramePeer 1 1 297 10 7 12 1 1 1 9 7 12 1 1 1 7 1 11 7 12 1 1 1 11 12 1 1 10 12 1 1 10 12 1 1 9 100 12 1 1 1 9 12 1 9 12 1 9 12 1 10 12 1 1 10 100 12 1 1 10 12 1 1 10 12 1 1 10 7 12 1 1 1 11 12 1 1 10 12 1 10 12 1 1 10 12 1 10 12 1 100 1 10 12 1 10 12 1 1 10 12 1 10 12 1 1 10 12 1 1 10 12 1 1 9 10 12 1 10 100 12 1 1 1 100 1 9 12 1 1 10 100 12 1 1 10 12 1 100 1 8 1 10 12 1 10 12 1 1 10 12 1 1 9 12 1 1 10 12 1 1 10 12 1 10 7 12 1 1 1 10 12 1 1 10 12 1 10 12 1 1 10 12 1 10 12 1 10 12 1 10 12 1 10 12 1 10 12 1 1 10 12 10 12 1 1 100 1 10 12 1 1 100 1 10 12 1 1 10 12 1 1 10 12 1 10 12 1 8 1 7 1 8 1 10 10 7 12 1 1 1 10 7 12 1 1 1 9 12 1 1 100 1 1 1 1 1 1 1 1 1 1 1 1 1 1 1 1 1 1 1 1 100 1 1 1 1 1 1 1 1 1 1 1 1 1 1 1 1 1 1 1 1 1 1 1 1 1 1
staticfield sun/awt/windows/WFramePeer keepOnMinimize Z 0
ciInstanceKlass java/awt/peer/LightweightPeer 1 0 9 100 1 100 1 100 1 1 1
ciInstanceKlass sun/awt/NullComponentPeer 1 1 201 10 7 12 1 1 1 100 1 10 12 1 10 7 12 1 1 1 10 12 1 100 1 10 10 12 1 1 7 1 10 12 1 100 1 8 1 10 12 1 100 1 10 100 1 10 100 1 10 100 1 100 1 100 1 1 1 1 1 1 1 1 1 1 1 1 1 1 1 1 1 1 1 1 1 1 1 1 1 1 1 1 1 1 1 1 1 1 1 1 1 1 1 1 1 1 1 1 1 1 1 1 1 1 1 1 1 1 1 1 1 1 1 1 1 1 1 1 1 1 1 1 1 1 1 1 1 1 1 1 1 1 1 1 1 1 1 1 1 1 1 1 1 1 1 1 1 1 1 1 1 1 1 1 1 1 1 1 1 1 1 1 1 1 1 1 1 1 1 1 1 1 1 1 1 1 1 1 1 1 1 1 1 1 1 1 1 1 1 1 1 100 1 100 1 1 100 1 100 1 1
ciInstanceKlass java/awt/SequencedEvent 1 1 262 100 1 10 7 12 1 1 1 7 1 10 12 1 1 7 1 10 12 1 9 12 1 1 9 12 1 1 10 7 12 1 1 1 9 12 1 1 100 1 10 12 1 9 12 1 1 9 12 1 10 12 1 1 10 7 12 1 1 1 9 12 1 1 10 12 1 1 10 7 12 1 1 1 10 100 12 1 1 1 100 1 18 12 1 1 100 1 10 10 12 1 1 10 12 1 5 0 10 12 1 1 100 1 10 12 1 5 0 10 7 12 1 1 9 12 1 10 7 12 1 1 1 10 12 1 10 7 12 1 1 1 10 12 1 10 12 1 100 1 9 10 12 1 10 12 1 10 12 10 12 1 1 10 12 1 10 12 1 10 12 1 10 12 1 10 12 1 100 1 10 10 12 1 1 10 12 1 1 11 7 12 1 1 11 12 1 7 1 10 10 7 12 1 1 1 7 1 10 10 7 12 1 1 1 100 1 1 1 1 5 0 1 1 3 1 1 1 1 1 1 1 1 1 100 1 1 1 1 1 1 1 1 1 1 1 1 1 1 1 1 16 15 10 12 15 10 100 12 1 1 1 1 1 100 1 1 100 1 100 1 1
staticfield java/awt/SequencedEvent list Ljava/util/LinkedList; java/util/LinkedList
instanceKlass sun/awt/TimedWindowEvent
ciInstanceKlass java/awt/event/WindowEvent 1 1 131 7 1 10 7 12 1 1 1 9 12 1 1 9 12 1 1 9 12 1 10 12 1 9 12 1 1 7 1 10 7 12 1 1 1 10 7 12 1 1 1 9 12 1 8 1 8 1 8 1 8 1 8 1 8 1 8 1 8 1 8 1 8 1 8 1 10 12 1 1 10 100 12 1 1 1 18 12 1 1 1 1 3 3 3 3 3 3 3 3 3 3 1 1 1 5 0 1 1 1 1 1 1 1 1 1 1 1 1 1 1 1 1 1 1 1 1 8 1 15 10 100 12 1 1 1 100 1 100 1 1
ciInstanceKlass sun/awt/TimedWindowEvent 1 1 34 9 7 12 1 1 1 10 7 12 1 1 1 10 12 1 1 1 1 1 1 1 1 1 1 1 1 1 1 1 1 1 1 1
ciInstanceKlass javax/swing/plaf/metal/MetalFileChooserUI$1 1 1 44 9 7 12 1 1 1 10 7 12 1 1 1 10 12 1 1 9 7 12 1 1 1 1 1 1 1 1 1 1 1 1 1 1 1 1 1 100 1 12 1 1 1 1
ciInstanceKlass javax/swing/plaf/metal/MetalFileChooserUI$3 1 1 47 9 7 12 1 1 1 10 7 12 1 1 1 7 1 100 1 10 12 1 1 9 12 1 1 10 12 1 1 1 1 1 1 1 1 1 1 1 1 1 100 1 12 1 1 1 1
ciInstanceKlass sun/swing/FilePane$4 1 1 96 9 7 12 1 1 1 9 12 1 1 10 7 12 1 1 1 10 12 1 1 11 100 12 1 1 1 100 1 10 9 100 12 1 1 1 11 12 1 1 100 1 10 100 12 1 1 1 10 100 12 1 1 10 12 1 1 1 1 1 1 1 1 1 1 1 1 1 1 1 1 1 1 1 1 1 1 1 1 1 1 1 1 1 1 1 100 1 12 1 1 1 1 100 1 1
ciInstanceKlass sun/awt/windows/WDialogPeer 1 1 208 10 7 12 1 1 1 10 7 12 1 1 1 10 12 1 1 10 7 12 1 1 1 10 12 1 1 10 12 1 9 12 1 1 7 1 10 12 1 1 9 12 1 1 10 12 1 1 10 12 1 1 10 12 1 10 12 1 10 12 1 10 12 1 1 10 12 1 1 9 7 12 1 1 1 10 12 1 10 12 1 10 12 1 10 12 1 11 7 12 1 1 1 11 7 12 1 1 11 12 1 1 7 1 10 7 12 1 1 1 11 7 12 1 1 1 10 12 1 1 10 12 1 10 12 1 1 10 12 1 1 10 12 1 1 10 12 1 10 100 12 1 1 1 10 12 1 1 10 12 1 100 1 10 12 1 1 9 7 12 1 1 1 100 1 1 1 1 1 1 1 1 1 1 1 1 1 100 1 1 1 1 1 1 1 1 1 1 1 1 1 1 1 1 1 1 1 1 1 1 1 1 1 1 1 1 1 1
staticfield sun/awt/windows/WDialogPeer defaultBackground Ljava/awt/Color; java/awt/SystemColor
ciInstanceKlass com/formdev/flatlaf/ui/FlatComboBoxUI$FlatComboPopup 1 1 424 9 10 9 10 10 9 10 9 10 10 10 9 7 10 10 11 9 9 10 9 10 7 10 10 10 10 10 10 10 9 10 10 10 10 10 10 10 9 9 7 10 10 10 10 8 10 10 10 7 10 10 10 9 10 10 10 10 9 7 10 10 10 10 7 9 9 9 9 10 18 10 10 10 9 10 9 10 10 10 10 10 10 10 10 10 10 10 10 8 11 11 10 8 7 7 1 1 1 1 1 1 1 1 1 1 1 1 1 1 1 1 1 1 1 1 1 1 1 1 1 1 1 1 1 1 1 1 1 1 1 1 1 1 1 1 1 1 1 1 1 1 1 1 100 7 100 7 1 1 1 1 1 7 1 1 1 1 1 1 1 1 1 1 1 1 1 1 1 1 1 1 1 1 1 1 1 1 1 1 1 1 1 1 1 1 1 1 1 1 1 12 12 12 12 7 12 12 7 12 12 7 12 7 12 1 12 12 12 12 12 12 100 12 12 1 1 100 12 12 12 12 12 100 12 12 100 12 12 100 12 12 12 12 12 1 12 12 12 12 1 7 12 7 12 12 1 12 12 12 12 12 12 12 12 1 12 12 12 1 12 12 12 1 15 16 15 12 12 12 12 100 12 12 12 12 12 12 12 12 12 12 12 12 12 1 100 12 7 12 7 12 1 1 1 1 1 1 1 1 1 1 1 1 1 1 1 1 1 1 1 1 1 1 1 1 1 1 1 1 1 1 1 1 1 1 1 1 1 1 1 1 1 1 1 1 1 1 1 1 1 1 1 1 1 1 1 1 1 1 1 1 1 1 1 1 1 1 1 1 1 1 1 1 1 1 100 1 1 1 1 1 1 1 1 1 1 1 1 1 1 1 1 10 1 10 1 1 1 1 1 1 1 1 1 1 1 1 1 1 1 1 1 1 1 1 1 1 1 1 1 1 1 7 12 12 1 1 100 1 1 100 1 1
ciInstanceKlass javax/swing/Popup$HeavyWeightWindow 1 1 78 10 7 12 1 1 1 10 7 12 1 1 1 9 7 12 1 1 1 10 12 1 1 10 12 1 1 10 7 12 1 1 10 12 1 100 1 10 12 1 1 10 12 1 1 10 12 1 1 10 12 1 10 12 1 100 1 1 1 1 1 1 1 1 1 100 1 1 1 1 1 1 1 100 1 1 1 1
ciInstanceKlass java/awt/KeyboardFocusManager$2 1 1 41 9 7 12 1 1 1 10 7 12 1 1 1 10 7 12 1 1 10 12 1 1 100 1 1 1 1 1 1 1 1 1 1 1 1 1 1 12 1 1 1
ciInstanceKlass java/security/DomainCombiner 0 0 16 100 1 100 1 1 1 1 1 1 1 1 1 1 1 3
ciMethodData java/lang/Object <init> ()V 2 2644702 orig 80 1 0 0 0 0 0 0 0 0 0 0 0 0 0 0 0 0 0 0 0 0 0 0 0 0 0 0 0 0 0 0 0 0 0 0 0 0 0 0 0 0 0 0 0 0 0 0 0 0 0 0 0 0 0 0 0 0 0 0 0 0 0 0 0 0 0 0 0 0 0 0 0 0 0 0 0 0 0 0 0 data 4 0x0 0x9 0x1 0x0 oops 0 methods 0
ciMethodData java/lang/ref/Reference <init> (Ljava/lang/Object;Ljava/lang/ref/ReferenceQueue;)V 2 40183 orig 80 0 0 0 0 0 0 0 0 0 0 0 0 0 0 0 0 0 0 0 0 0 0 0 0 0 0 0 0 0 0 0 0 0 0 0 0 0 0 0 0 0 0 0 0 0 0 0 0 0 0 0 0 0 0 0 0 0 0 0 0 0 0 0 0 0 0 0 0 0 0 0 0 0 0 0 0 0 0 0 0 data 20 0x10002 0x9cf7 0xb0007 0x50a3 0x38 0x4c54 0x110003 0x4c54 0x18 0x0 0x0 0x0 0x0 0x0 0x0 0x9 0x3 0x6 0x0 0x0 oops 0 methods 0
ciMethod java/awt/Window getOwner ()Ljava/awt/Window; 22 0 26 0 -1
ciMethod java/awt/Window getFocusOwner ()Ljava/awt/Component; 4 0 2 0 -1
ciMethod java/awt/Window getMostRecentFocusOwner ()Ljava/awt/Component; 4 0 3 0 0
ciMethod java/awt/Window isFocused ()Z 32 0 16 0 -1
ciMethod java/awt/Window isFocusableWindow ()Z 76 0 85 0 0
ciMethod java/awt/Window getFocusableWindowState ()Z 172 0 86 0 -1
ciMethod java/awt/Window isShowing ()Z 294 0 147 0 -1
ciMethod java/awt/Window getTemporaryLostComponent ()Ljava/awt/Component; 256 0 128 0 0
ciMethod java/awt/Window setTemporaryLostComponent (Ljava/awt/Component;)Ljava/awt/Component; 10 0 16 0 0
ciMethod java/awt/Container getFocusTraversalPolicy ()Ljava/awt/FocusTraversalPolicy; 2 0 16 0 0
ciMethod java/awt/Container isFocusCycleRoot ()Z 398 0 199 0 -1
ciMethod java/awt/Container isFocusTraversalPolicyProvider ()Z 398 0 199 0 -1
ciMethod java/awt/Component getParent ()Ljava/awt/Container; 638 0 327863 0 88
ciMethod java/awt/Component getParent_NoClientCode ()Ljava/awt/Container; 296 0 148 0 0
ciMethod java/awt/Component isDisplayable ()Z 10 0 34492 0 88
ciMethod java/awt/Component isVisible ()Z 4 0 6050 0 88
ciMethod java/awt/Component isVisible_NoClientCode ()Z 426 0 213 0 0
ciMethod java/awt/Component isShowing ()Z 528 0 5494 0 -1
ciMethod java/awt/Component isEnabled ()Z 512 0 11237 0 88
ciMethod java/awt/Component isEnabledImpl ()Z 264 0 132 0 0
ciMethod java/awt/Component isFocusTraversable ()Z 768 0 753 0 -1
ciMethod java/awt/Component isFocusable ()Z 202 0 755 0 0
ciMethod java/awt/Component requestFocus (ZLjava/awt/event/FocusEvent$Cause;)Z 0 0 1 0 -1
ciMethod java/awt/Component requestFocusInWindow (Ljava/awt/event/FocusEvent$Cause;)Z 24 0 12 0 0
ciMethod java/awt/Component requestFocusHelper (ZZLjava/awt/event/FocusEvent$Cause;)Z 56 594 28 0 -1
ciMethod java/awt/Component getFocusCycleRootAncestor ()Ljava/awt/Container; 26 254 34 0 -1
ciMethod java/awt/Component isFocusCycleRoot (Ljava/awt/Container;)Z 48 0 24 0 -1
ciMethod java/awt/Component getNextFocusCandidate ()Ljava/awt/Component; 10 4 5 0 -1
ciMethod java/awt/Component getNativeContainer ()Ljava/awt/Container; 74 624 1661 0 -1
ciMethod java/awt/Component canBeFocusOwner ()Z 72 0 205 0 -1
ciMethod java/awt/Component getContainingWindow ()Ljava/awt/Window; 78 0 1498 0 0
ciMethod sun/util/logging/PlatformLogger isLoggable (Lsun/util/logging/PlatformLogger$Level;)Z 792 0 73635 0 2496
ciMethod sun/util/logging/PlatformLogger fine (Ljava/lang/String;[Ljava/lang/Object;)V 0 0 1 0 0
ciMethod sun/util/logging/PlatformLogger finer (Ljava/lang/String;)V 0 0 1 0 -1
ciMethod sun/util/logging/PlatformLogger finer (Ljava/lang/String;[Ljava/lang/Object;)V 0 0 1 0 0
ciMethod sun/util/logging/PlatformLogger finest (Ljava/lang/String;)V 0 0 39 0 -1
ciMethod sun/util/logging/PlatformLogger finest (Ljava/lang/String;[Ljava/lang/Object;)V 0 0 1 0 -1
ciMethod sun/util/logging/PlatformLogger$Level systemLevel ()Ljava/lang/System$Logger$Level; 0 0 1 0 -1
ciMethod jdk/internal/logger/LazyLoggers$LazyLoggerWrapper platformProxy ()Lsun/util/logging/PlatformLogger$Bridge; 792 0 5516 0 1952
ciMethod jdk/internal/logger/AbstractLoggerWrapper platformProxy ()Lsun/util/logging/PlatformLogger$Bridge; 0 0 1 0 -1
ciMethod jdk/internal/logger/AbstractLoggerWrapper isLoggable (Ljava/lang/System$Logger$Level;)Z 274 0 11229 0 -1
ciMethod jdk/internal/logger/AbstractLoggerWrapper isLoggable (Lsun/util/logging/PlatformLogger$Level;)Z 792 0 5516 0 2272
ciMethod jdk/internal/logger/LazyLoggers$LoggerAccessor platform ()Lsun/util/logging/PlatformLogger$Bridge; 0 0 1 0 -1
ciMethod jdk/internal/logger/LazyLoggers$LazyLoggerAccessor setWrappedIfNotSet (Ljava/lang/System$Logger;)V 36 0 25 0 0
ciMethod jdk/internal/logger/LazyLoggers$LazyLoggerAccessor platform ()Lsun/util/logging/PlatformLogger$Bridge; 524 0 5382 0 1904
ciMethod jdk/internal/logger/LazyLoggers$LazyLoggerAccessor createLogger ()Ljava/lang/System$Logger; 38 0 19 0 -1
ciMethod java/awt/event/InputEvent getWhen ()J 256 0 128 0 -1
ciMethod java/awt/event/ComponentEvent <init> (Ljava/awt/Component;I)V 6 0 4443 0 0
ciMethod java/awt/event/ComponentEvent getComponent ()Ljava/awt/Component; 390 0 2182 0 0
ciMethod java/awt/AWTEvent <init> (Ljava/lang/Object;I)V 64 0 10272 0 1880
ciMethod java/awt/AWTEvent setSource (Ljava/lang/Object;)V 12 0 75 0 0
ciMethod java/awt/AWTEvent nativeSetSource (Ljava/awt/peer/ComponentPeer;)V 72 0 36 0 -1
ciMethod java/awt/AWTEvent getID ()I 270 0 135 0 0
ciMethod java/util/EventObject <init> (Ljava/lang/Object;)V 626 0 27350 0 0
ciMethod java/util/EventObject getSource ()Ljava/lang/Object; 256 0 128 0 0
ciMethod java/awt/EventQueue isDispatchThread ()Z 794 0 23140 0 -1
ciMethod sun/awt/SunToolkit targetToAppContext (Ljava/lang/Object;)Lsun/awt/AppContext; 556 0 27145 0 -1
ciMethod sun/awt/SunToolkit postEvent (Lsun/awt/AppContext;Ljava/awt/AWTEvent;)V 512 0 3349 0 -1
ciMethod sun/awt/SunToolkit getContainingWindow (Ljava/awt/Component;)Ljava/awt/Window; 78 204 6533 0 0
ciMethod sun/awt/AppContext isDisposed ()Z 232 0 116 0 -1
ciMethod sun/awt/AppContext getAppContext ()Lsun/awt/AppContext; 512 0 5501 0 -1
ciMethod java/awt/KeyboardFocusManager getCurrentKeyboardFocusManager ()Ljava/awt/KeyboardFocusManager; 598 0 18479 0 -1
ciMethod java/awt/KeyboardFocusManager getFocusOwner ()Ljava/awt/Component; 534 0 1291 0 -1
ciMethod java/awt/KeyboardFocusManager getGlobalFocusOwner ()Ljava/awt/Component; 152 0 3721 0 0
ciMethod java/awt/KeyboardFocusManager setGlobalFocusOwner (Ljava/awt/Component;)V 10 0 46 0 0
ciMethod java/awt/KeyboardFocusManager clearGlobalFocusOwnerPriv ()V 4 0 2 0 -1
ciMethod java/awt/KeyboardFocusManager getNativeFocusOwner ()Ljava/awt/Component; 52 0 26 0 -1
ciMethod java/awt/KeyboardFocusManager setNativeFocusOwner (Ljava/awt/Component;)V 10 0 46 0 0
ciMethod java/awt/KeyboardFocusManager getPermanentFocusOwner ()Ljava/awt/Component; 512 0 588 0 -1
ciMethod java/awt/KeyboardFocusManager getGlobalPermanentFocusOwner ()Ljava/awt/Component; 6 0 39 0 0
ciMethod java/awt/KeyboardFocusManager setGlobalPermanentFocusOwner (Ljava/awt/Component;)V 6 0 41 0 0
ciMethod java/awt/KeyboardFocusManager getFocusedWindow ()Ljava/awt/Window; 40 0 20 0 -1
ciMethod java/awt/KeyboardFocusManager getGlobalFocusedWindow ()Ljava/awt/Window; 36 0 75 0 0
ciMethod java/awt/KeyboardFocusManager setGlobalFocusedWindow (Ljava/awt/Window;)V 10 0 18 0 0
ciMethod java/awt/KeyboardFocusManager getActiveWindow ()Ljava/awt/Window; 10 0 14 0 -1
ciMethod java/awt/KeyboardFocusManager getGlobalActiveWindow ()Ljava/awt/Window; 40 0 60 0 0
ciMethod java/awt/KeyboardFocusManager setGlobalActiveWindow (Ljava/awt/Window;)V 10 0 14 0 0
ciMethod java/awt/KeyboardFocusManager getDefaultFocusTraversalPolicy ()Ljava/awt/FocusTraversalPolicy; 24 0 12 0 -1
ciMethod java/awt/KeyboardFocusManager getCurrentFocusCycleRoot ()Ljava/awt/Container; 214 0 107 0 -1
ciMethod java/awt/KeyboardFocusManager setGlobalCurrentFocusCycleRootPriv (Ljava/awt/Container;)V 22 0 11 0 -1
ciMethod java/awt/KeyboardFocusManager firePropertyChange (Ljava/lang/String;Ljava/lang/Object;Ljava/lang/Object;)V 262 0 131 0 -1
ciMethod java/awt/KeyboardFocusManager fireVetoableChange (Ljava/lang/String;Ljava/lang/Object;Ljava/lang/Object;)V 238 0 119 0 -1
ciMethod java/awt/KeyboardFocusManager setMostRecentFocusOwner (Ljava/awt/Component;)V 136 1100 68 0 -1
ciMethod java/awt/KeyboardFocusManager setMostRecentFocusOwner (Ljava/awt/Window;Ljava/awt/Component;)V 14 0 55 0 0
ciMethod java/awt/KeyboardFocusManager getMostRecentFocusOwner (Ljava/awt/Window;)Ljava/awt/Component; 102 0 296 0 0
ciMethod java/awt/KeyboardFocusManager redispatchEvent (Ljava/awt/Component;Ljava/awt/AWTEvent;)V 228 0 114 0 -1
ciMethod java/awt/KeyboardFocusManager isAutoFocusTransferEnabled ()Z 0 0 21 0 0
ciMethod java/awt/KeyboardFocusManager getHeavyweight (Ljava/awt/Component;)Ljava/awt/Component; 16 0 67 0 0
ciMethod java/awt/KeyboardFocusManager checkReplaceKFMPermission ()V 4 0 13 0 -1
ciMethod java/awt/KeyboardFocusManager checkKFMSecurity ()V 270 0 4014 0 -1
ciMethod java/util/LinkedList getFirst ()Ljava/lang/Object; 180 0 90 0 -1
ciMethod java/util/LinkedList addLast (Ljava/lang/Object;)V 0 0 1 0 -1
ciMethod java/util/LinkedList size ()I 258 0 129 0 -1
ciMethod java/util/LinkedList listIterator (I)Ljava/util/ListIterator; 542 0 5636 0 -1
ciMethod java/util/AbstractSequentialList iterator ()Ljava/util/Iterator; 512 0 5609 0 -1
ciMethod java/awt/DefaultKeyboardFocusManager getOwningFrameDialog (Ljava/awt/Window;)Ljava/awt/Window; 6 0 9 0 0
ciMethod java/awt/DefaultKeyboardFocusManager restoreFocus (Ljava/awt/event/FocusEvent;Ljava/awt/Window;)V 0 0 1 0 0
ciMethod java/awt/DefaultKeyboardFocusManager restoreFocus (Ljava/awt/event/WindowEvent;)V 0 0 1 0 0
ciMethod java/awt/DefaultKeyboardFocusManager restoreFocus (Ljava/awt/Window;Ljava/awt/Component;Z)Z 0 0 1 0 0
ciMethod java/awt/DefaultKeyboardFocusManager restoreFocus (Ljava/awt/Component;Z)Z 0 0 1 0 0
ciMethod java/awt/DefaultKeyboardFocusManager doRestoreFocus (Ljava/awt/Component;Ljava/awt/Component;Z)Z 0 0 1 0 -1
ciMethod java/awt/DefaultKeyboardFocusManager sendMessage (Ljava/awt/Component;Ljava/awt/AWTEvent;)Z 14 0 22 0 0
ciMethod java/awt/DefaultKeyboardFocusManager repostIfFollowsKeyEvents (Ljava/awt/event/WindowEvent;)Z 10 0 18 0 0
ciMethod java/awt/DefaultKeyboardFocusManager dispatchEvent (Ljava/awt/AWTEvent;)Z 512 0 5377 0 -1
ciMethod java/awt/DefaultKeyboardFocusManager pumpApprovedKeyEvents ()V 274 0 137 0 -1
ciMethod java/awt/DefaultKeyboardFocusManager dumpMarkers ()V 92 0 46 0 -1
ciMethod java/awt/DefaultKeyboardFocusManager typeAheadAssertions (Ljava/awt/Component;Ljava/awt/AWTEvent;)Z 30 8 114 0 0
ciMethod java/awt/DefaultKeyboardFocusManager hasMarker (Ljava/awt/Component;)Z 46 0 23 0 -1
ciMethod java/awt/DefaultKeyboardFocusManager preDispatchKeyEvent (Ljava/awt/event/KeyEvent;)Z 72 0 36 0 -1
ciMethod java/awt/DefaultKeyboardFocusManager dequeueKeyEvents (JLjava/awt/Component;)V 0 0 3 0 0
ciMethod java/awt/FocusTraversalPolicy getDefaultComponent (Ljava/awt/Container;)Ljava/awt/Component; 0 0 1 0 -1
ciMethod java/awt/FocusTraversalPolicy getInitialComponent (Ljava/awt/Window;)Ljava/awt/Component; 2 0 3 0 0
ciMethod java/awt/peer/KeyboardFocusManagerPeer setCurrentFocusOwner (Ljava/awt/Component;)V 0 0 1 0 -1
ciMethod java/util/function/BooleanSupplier getAsBoolean ()Z 0 0 1 0 -1
ciMethodData java/lang/ref/Reference <init> (Ljava/lang/Object;)V 2 17613 orig 80 0 0 0 0 0 0 0 0 0 0 0 0 0 0 0 0 0 0 0 0 0 0 0 0 0 0 0 0 0 0 0 0 0 0 0 0 0 0 0 0 0 0 0 0 0 0 0 0 0 0 0 0 0 0 0 0 0 0 0 0 0 0 0 0 0 0 0 0 0 0 0 0 0 0 0 0 0 0 0 0 data 8 0x30002 0x44cd 0x0 0x0 0x9 0x2 0x6 0x0 oops 0 methods 0
ciMethod sun/util/logging/internal/LoggingProviderImpl$JULWrapper isLoggable (Lsun/util/logging/PlatformLogger$Level;)Z 1024 0 6657 0 224
ciMethod sun/util/logging/internal/LoggingProviderImpl$JULWrapper toJUL (Lsun/util/logging/PlatformLogger$Level;)Ljava/util/logging/Level; 1024 0 5640 0 144
ciMethodData java/lang/Enum equals (Ljava/lang/Object;)Z 2 5230 orig 80 0 0 0 0 0 0 0 0 0 0 0 0 0 0 0 0 0 0 0 0 0 0 0 0 0 0 0 0 0 0 0 0 0 0 0 0 0 0 0 0 0 0 0 0 0 0 0 0 0 0 0 0 0 0 0 0 0 0 0 0 0 0 0 0 0 0 0 0 0 0 0 0 0 0 0 0 0 0 0 0 data 17 0x20007 0x123a 0x38 0x234 0x60003 0x234 0x18 0x0 0x0 0x0 0x0 0x0 0x0 0x9 0x2 0x0 0x0 oops 0 methods 0
ciMethodData java/lang/ref/WeakReference <init> (Ljava/lang/Object;)V 2 12775 orig 80 0 0 0 0 0 0 0 0 0 0 0 0 0 0 0 0 0 0 0 0 0 0 0 0 0 0 0 0 0 0 0 0 0 0 0 0 0 0 0 0 0 0 0 0 0 0 0 0 0 0 0 0 0 0 0 0 0 0 0 0 0 0 0 0 0 0 0 0 0 0 0 0 0 0 0 0 0 0 0 0 data 8 0x20002 0x31e7 0x0 0x0 0x9 0x2 0x6 0x0 oops 0 methods 0
ciMethodData jdk/internal/logger/LazyLoggers$LazyLoggerAccessor platform ()Lsun/util/logging/PlatformLogger$Bridge; 2 5120 orig 80 0 0 0 0 0 0 0 0 0 0 0 0 0 0 0 0 0 0 0 0 0 0 0 0 0 0 0 0 0 0 0 0 0 0 0 0 0 0 0 0 0 0 0 0 0 0 0 0 0 0 0 0 0 0 0 0 0 0 0 0 0 0 0 0 0 0 0 0 0 0 0 0 0 0 0 0 0 0 0 0 data 46 0x60007 0x7 0x20 0x13f9 0x130007 0x7 0x50 0x0 0x1a0007 0x0 0x30 0x0 0x220002 0x0 0x310003 0x7 0x18 0x3e0002 0x7 0x480005 0x7 0x0 0x0 0x0 0x0 0x0 0x4f0007 0x0 0x30 0x7 0x570002 0x7 0x0 0x0 0x0 0x0 0x0 0x0 0x0 0x0 0x0 0x0 0x0 0x9 0x1 0x0 oops 0 methods 0
ciMethodData sun/util/logging/PlatformLogger$Bridge convert (Ljava/lang/System$Logger;)Lsun/util/logging/PlatformLogger$Bridge; 1 18 orig 80 0 0 0 0 0 0 0 0 0 0 0 0 0 0 0 0 0 0 0 0 0 0 0 0 0 0 0 0 0 0 0 0 0 0 0 0 0 0 0 0 0 0 0 0 0 0 0 0 0 0 0 0 0 0 0 0 0 0 0 0 0 0 0 0 0 0 0 0 0 0 0 0 0 0 0 0 0 0 0 0 data 29 0x10004 0x0 0x0 0x1e14b7900e0 0x12 0x0 0x0 0x40007 0x0 0x58 0x12 0x80004 0x0 0x0 0x1e14b7900e0 0x12 0x0 0x0 0x110002 0x0 0x0 0x0 0x0 0x0 0x0 0x0 0x9 0x1 0xffffffffffffffff oops 2 3 sun/util/logging/internal/LoggingProviderImpl$JULWrapper 14 sun/util/logging/internal/LoggingProviderImpl$JULWrapper methods 0
ciMethodData jdk/internal/logger/BootstrapLogger getLogger (Ljdk/internal/logger/LazyLoggers$LazyLoggerAccessor;Ljava/util/function/BooleanSupplier;)Ljava/lang/System$Logger; 1 7 orig 80 0 0 0 0 0 0 0 0 0 0 0 0 0 0 0 0 0 0 0 0 0 0 0 0 0 0 0 0 0 0 0 0 0 0 0 0 0 0 0 0 0 0 0 0 0 0 0 0 0 0 0 0 0 0 0 0 0 0 0 0 0 0 0 0 0 0 0 0 0 0 0 0 0 0 0 0 0 0 0 0 data 57 0x2 0x7 0x30007 0x0 0x98 0x7 0x70007 0x7 0x88 0x0 0xb0005 0x0 0x0 0x0 0x0 0x0 0x0 0x100007 0x0 0x30 0x0 0x190002 0x0 0x1d0002 0x7 0x200007 0x7 0x78 0x0 0x280002 0x0 0x2b0007 0x0 0x30 0x0 0x2f0002 0x0 0x370003 0x0 0x18 0x400005 0x7 0x0 0x0 0x0 0x0 0x0 0x0 0x0 0x0 0x0 0x0 0x0 0x9 0x2 0x0 0x0 oops 0 methods 0
ciMethodData jdk/internal/logger/LazyLoggers$LazyLoggerAccessor setWrappedIfNotSet (Ljava/lang/System$Logger;)V 1 7 orig 80 0 0 0 0 0 0 0 0 0 0 0 0 0 0 0 0 0 0 0 0 0 0 0 0 0 0 0 0 0 0 0 0 0 0 0 0 0 0 0 0 0 0 0 0 0 0 0 0 0 0 0 0 0 0 0 0 0 0 0 0 0 0 0 0 0 0 0 0 0 0 0 0 0 0 0 0 0 0 0 0 data 14 0x40007 0x0 0x20 0x7 0x0 0x0 0x0 0x0 0x0 0x0 0x9 0x2 0x18 0x0 oops 0 methods 0
ciMethodData java/util/logging/Logger isLoggable (Ljava/util/logging/Level;)Z 2 62096 orig 80 0 0 0 0 0 0 0 0 0 0 0 0 0 0 0 0 0 0 0 0 0 0 0 0 0 0 0 0 0 0 0 0 0 0 0 0 0 0 0 0 0 0 0 0 0 0 0 0 0 0 0 0 0 0 0 0 0 0 0 0 0 0 0 0 0 0 0 0 0 0 0 0 0 0 0 0 0 0 0 0 data 25 0x90005 0xf290 0x0 0x0 0x0 0x0 0x0 0xd0007 0xf290 0x40 0x0 0x140007 0x0 0x20 0x0 0x0 0x0 0x0 0x0 0x0 0x0 0x9 0x2 0x0 0x0 oops 0 methods 0
ciMethodData sun/util/logging/PlatformLogger isLoggable (Lsun/util/logging/PlatformLogger$Level;)Z 2 73239 orig 80 0 0 0 0 0 0 0 0 0 0 0 0 0 0 0 0 0 0 0 0 0 0 0 0 0 0 0 0 0 0 0 0 0 0 0 0 0 0 0 0 0 0 0 0 0 0 0 0 0 0 0 0 0 0 0 0 0 0 0 0 0 0 0 0 0 0 0 0 0 0 0 0 0 0 0 0 0 0 0 0 data 23 0x10007 0x11e17 0x30 0x0 0x80002 0x0 0x110005 0x0 0x0 0x1e14b78f030 0x8ad8 0x1e14b7900e0 0x933f 0x0 0x0 0x0 0x0 0x0 0x0 0x9 0x2 0x0 0xffffffffffffffff oops 2 9 jdk/internal/logger/LazyLoggers$JdkLazyLogger 11 sun/util/logging/internal/LoggingProviderImpl$JULWrapper methods 0
ciMethodData jdk/internal/logger/AbstractLoggerWrapper isLoggable (Lsun/util/logging/PlatformLogger$Level;)Z 2 5120 orig 80 0 0 0 0 0 0 0 0 0 0 0 0 0 0 0 0 0 0 0 0 0 0 0 0 0 0 0 0 0 0 0 0 0 0 0 0 0 0 0 0 0 0 0 0 0 0 0 0 0 0 0 0 0 0 0 0 0 0 0 0 0 0 0 0 0 0 0 0 0 0 0 0 0 0 0 0 0 0 0 0 data 42 0x10005 0x0 0x0 0x1e14b78f030 0x1400 0x0 0x0 0x60007 0x1400 0x90 0x0 0xb0005 0x0 0x0 0x0 0x0 0x0 0x0 0xe0005 0x0 0x0 0x0 0x0 0x0 0x0 0x140005 0x0 0x0 0x1e14b7900e0 0x1400 0x0 0x0 0x0 0x0 0x0 0x0 0x0 0x0 0x9 0x2 0x0 0x0 oops 2 3 jdk/internal/logger/LazyLoggers$JdkLazyLogger 28 sun/util/logging/internal/LoggingProviderImpl$JULWrapper methods 0
ciMethodData jdk/internal/logger/LazyLoggers$LazyLoggerWrapper platformProxy ()Lsun/util/logging/PlatformLogger$Bridge; 2 5120 orig 80 0 0 0 0 0 0 0 0 0 0 0 0 0 0 0 0 0 0 0 0 0 0 0 0 0 0 0 0 0 0 0 0 0 0 0 0 0 0 0 0 0 0 0 0 0 0 0 0 0 0 0 0 0 0 0 0 0 0 0 0 0 0 0 0 0 0 0 0 0 0 0 0 0 0 0 0 0 0 0 0 data 16 0x40005 0x0 0x0 0x1e1496c0ec0 0x1400 0x0 0x0 0x0 0x0 0x0 0x0 0x0 0x0 0x9 0x1 0x0 oops 1 3 jdk/internal/logger/LazyLoggers$LazyLoggerAccessor methods 0
ciMethodData java/util/EventObject <init> (Ljava/lang/Object;)V 2 27037 orig 80 0 0 0 0 0 0 0 0 0 0 0 0 0 0 0 0 0 0 0 0 0 0 0 0 0 0 0 0 0 0 0 0 0 0 0 0 0 0 0 0 0 0 0 0 0 0 0 0 0 0 0 0 0 0 0 0 0 0 0 0 0 0 0 0 0 0 0 0 0 0 0 0 0 0 0 0 0 0 0 0 data 18 0x10002 0x699d 0x50007 0x699d 0x30 0x0 0xe0002 0x0 0x0 0x0 0x0 0x0 0x0 0x0 0x9 0x2 0x6 0x0 oops 0 methods 0
ciMethodData java/awt/Component getParent ()Ljava/awt/Container; 2 327544 orig 80 0 0 0 0 0 0 0 0 0 0 0 0 0 0 0 0 0 0 0 0 0 0 0 0 0 0 0 0 0 0 0 0 0 0 0 0 0 0 0 0 0 0 0 0 0 0 0 0 0 0 0 0 0 0 0 0 0 0 0 0 0 0 0 0 0 0 0 0 0 0 0 0 0 0 0 0 0 0 0 0 data 16 0x10005 0x4ff78 0x0 0x0 0x0 0x0 0x0 0x0 0x0 0x0 0x0 0x0 0x0 0x9 0x1 0x0 oops 0 methods 0
ciMethodData java/awt/Component isVisible ()Z 2 6048 orig 80 0 0 0 0 0 0 0 0 0 0 0 0 0 0 0 0 0 0 0 0 0 0 0 0 0 0 0 0 0 0 0 0 0 0 0 0 0 0 0 0 0 0 0 0 0 0 0 0 0 0 0 0 0 0 0 0 0 0 0 0 0 0 0 0 0 0 0 0 0 0 0 0 0 0 0 0 0 0 0 0 data 16 0x10005 0x17a0 0x0 0x0 0x0 0x0 0x0 0x0 0x0 0x0 0x0 0x0 0x0 0x9 0x1 0x0 oops 0 methods 0
ciMethodData java/awt/Component isDisplayable ()Z 2 34487 orig 80 0 0 0 0 0 0 0 0 0 0 0 0 0 0 0 0 0 0 0 0 0 0 0 0 0 0 0 0 0 0 0 0 0 0 0 0 0 0 0 0 0 0 0 0 0 0 0 0 0 0 0 0 0 0 0 0 0 0 0 0 0 0 0 0 0 0 0 0 0 0 0 0 0 0 0 0 0 0 0 0 data 16 0x40007 0x6a 0x38 0x864d 0x80003 0x864d 0x18 0x0 0x0 0x0 0x0 0x0 0x0 0x9 0x1 0x0 oops 0 methods 0
ciMethodData sun/util/logging/internal/LoggingProviderImpl$JULWrapper isLoggable (Lsun/util/logging/PlatformLogger$Level;)Z 2 6145 orig 80 0 0 0 0 0 0 0 0 0 0 0 0 0 0 0 0 0 0 0 0 0 0 0 0 0 0 0 0 0 0 0 0 0 0 0 0 0 0 0 0 0 0 0 0 0 0 0 0 0 0 0 0 0 0 0 0 0 0 0 0 0 0 0 0 0 0 0 0 0 0 0 0 0 0 0 0 0 0 0 0 data 19 0x50002 0x1802 0x80005 0x0 0x0 0x1e14b791020 0x1802 0x0 0x0 0x0 0x0 0x0 0x0 0x0 0x0 0x9 0x2 0x0 0x0 oops 1 5 java/util/logging/Logger methods 0
ciMethodData sun/util/logging/internal/LoggingProviderImpl$JULWrapper toJUL (Lsun/util/logging/PlatformLogger$Level;)Ljava/util/logging/Level; 2 5128 orig 80 0 0 0 0 0 0 0 0 0 0 0 0 0 0 0 0 0 0 0 0 0 0 0 0 0 0 0 0 0 0 0 0 0 0 0 0 0 0 0 0 0 0 0 0 0 0 0 0 0 0 0 0 0 0 0 0 0 0 0 0 0 0 0 0 0 0 0 0 0 0 0 0 0 0 0 0 0 0 0 0 data 37 0x10007 0x1409 0x20 0x0 0x90007 0x1409 0x88 0x0 0xd0005 0x0 0x0 0x0 0x0 0x0 0x0 0x140007 0x0 0x30 0x0 0x1b0002 0x0 0x230005 0x1409 0x0 0x0 0x0 0x0 0x0 0x0 0x0 0x0 0x0 0x0 0x0 0x9 0x1 0x0 oops 0 methods 0
ciMethod java/awt/event/FocusEvent <init> (Ljava/awt/Component;IZLjava/awt/Component;Ljava/awt/event/FocusEvent$Cause;)V 20 0 90 0 0
ciMethod java/awt/event/FocusEvent isTemporary ()Z 36 0 18 0 0
ciMethod java/awt/event/FocusEvent getOppositeComponent ()Ljava/awt/Component; 30 0 158 0 0
ciMethod java/awt/event/FocusEvent getCause ()Ljava/awt/event/FocusEvent$Cause; 12 0 6 0 0
ciMethodData java/security/AccessControlContext optimize ()Ljava/security/AccessControlContext; 2 5121 orig 80 0 0 0 0 0 0 0 0 0 0 0 0 0 0 0 0 0 0 0 0 0 0 0 0 0 0 0 0 0 0 0 0 0 0 0 0 0 0 0 0 0 0 0 0 0 0 0 0 0 0 0 0 0 0 0 0 0 0 0 0 0 0 0 0 0 0 0 0 0 0 0 0 0 0 0 0 0 0 0 0 data 184 0xb0007 0x4ea 0x78 0xf17 0x140007 0x0 0xa8 0xf17 0x1b0007 0xf17 0x88 0x0 0x290003 0x0 0x68 0x2c0002 0x4ea 0x310007 0x0 0x40 0x4ea 0x380007 0x4ea 0x20 0x0 0x410007 0x8a 0x38 0x1377 0x450003 0x1377 0x18 0x4c0007 0x0 0x40 0x1401 0x530007 0xf00 0x38 0x501 0x570003 0x501 0x18 0x5f0007 0xf00 0x38 0x501 0x630003 0x501 0x18 0x6d0007 0x0 0x40 0x1401 0x740007 0x0 0x58 0x1401 0x780007 0x0 0x38 0x1401 0x7c0003 0x1401 0x18 0x830007 0x0 0xf8 0x1401 0x8a0007 0x1401 0xd8 0x0 0x8d0002 0x0 0x900007 0x0 0x58 0x0 0x990005 0x0 0x0 0x0 0x0 0x0 0x0 0xa80005 0x0 0x0 0x0 0x0 0x0 0x0 0xaf0003 0x0 0x218 0xb40007 0x8a 0x98 0x1377 0xb90007 0xe80 0x58 0x4f7 0xc10005 0x4f7 0x0 0x0 0x0 0x0 0x0 0xc80007 0x0 0xa0 0xe80 0xcf0007 0xa 0x80 0x80 0xd40007 0x0 0x60 0x80 0xdd0007 0xc 0x40 0x74 0xea0007 0x2 0x20 0x72 0xf50002 0x18 0xfc0007 0x0 0x60 0x18 0x1010007 0xa 0x40 0xe 0x1080007 0xe 0x20 0x0 0x10f0007 0xe 0x78 0xa 0x1180007 0x0 0x58 0xa 0x1200005 0xa 0x0 0x0 0x0 0x0 0x0 0x13a0005 0xe 0x0 0x0 0x0 0x0 0x0 0x0 0x0 0x0 0x0 0x0 0x0 0x0 0x0 0x0 0x0 0x0 0x0 0x0 0x0 0x9 0x1 0x0 oops 0 methods 0
ciMethodData java/security/AccessControlContext calculateFields (Ljava/security/AccessControlContext;Ljava/security/AccessControlContext;[Ljava/security/Permission;)V 2 5120 orig 80 0 0 0 0 0 0 0 0 0 0 0 0 0 0 0 0 0 0 0 0 0 0 0 0 0 0 0 0 0 0 0 0 0 0 0 0 0 0 0 0 0 0 0 0 0 0 0 0 0 0 0 0 0 0 0 0 0 0 0 0 0 0 0 0 0 0 0 0 0 0 0 0 0 0 0 0 0 0 0 0 data 42 0x70007 0x1400 0x38 0x0 0xe0003 0x0 0x18 0x150007 0x0 0x38 0x1400 0x1c0003 0x1400 0x18 0x260002 0x1400 0x2d0007 0x1400 0x70 0x0 0x340007 0x0 0x50 0x0 0x3d0002 0x0 0x400007 0x0 0x20 0x0 0x0 0x0 0x0 0x0 0x0 0x0 0x9 0x4 0x3e 0x0 0x0 0x0 oops 0 methods 0
ciMethodData java/security/AccessControlContext combine ([Ljava/security/ProtectionDomain;[Ljava/security/ProtectionDomain;)[Ljava/security/ProtectionDomain; 2 5217 orig 80 0 0 0 0 0 0 0 0 0 0 0 0 0 0 0 0 0 0 0 0 0 0 0 0 0 0 0 0 0 0 0 0 0 0 0 0 0 0 0 0 0 0 0 0 0 0 0 0 0 0 0 0 0 0 0 0 0 0 0 0 0 0 0 0 0 0 0 0 0 0 0 0 0 0 0 0 0 0 0 0 data 106 0x10007 0x17e 0x38 0x12e3 0x50003 0x12e3 0x18 0xb0007 0xae 0x38 0x13b3 0xf0003 0x13b3 0x18 0x150007 0x17e 0x38 0x12e3 0x190003 0x12e3 0x18 0x210007 0xae 0x40 0x13b3 0x270007 0x0 0x20 0x13b3 0x2d0007 0xae 0x38 0x0 0x310003 0x0 0x18 0x430007 0x0 0x30 0xae 0x4d0002 0xae 0x570007 0xae 0x100 0x140 0x620007 0x0 0xc8 0x140 0x6c0007 0x96 0x70 0x15e 0x760007 0xb4 0x38 0xaa 0x790003 0xaa 0x68 0x7f0003 0xb4 0xffffffffffffffa8 0x8b0004 0x0 0x0 0x1e17f9b3ce8 0x96 0x0 0x0 0x8f0003 0x140 0xffffffffffffff18 0x970007 0x16 0xb0 0x98 0x9b0007 0x0 0x40 0x98 0xa20007 0x7e 0x20 0x1a 0xa80007 0x7e 0x40 0x0 0xaf0007 0x0 0x20 0x0 0xc30002 0x7e 0x0 0x0 0x0 0x0 0x0 0x0 0x9 0x2 0x0 0x0 oops 1 67 java/security/ProtectionDomain methods 0
ciMethodData java/security/AccessController getContext ()Ljava/security/AccessControlContext; 2 5122 orig 80 0 0 0 0 0 0 0 0 0 0 0 0 0 0 0 0 0 0 0 0 0 0 0 0 0 0 0 0 0 0 0 0 0 0 0 0 0 0 0 0 0 0 0 0 0 0 0 0 0 0 0 0 0 0 0 0 0 0 0 0 0 0 0 0 0 0 0 0 0 0 0 0 0 0 0 0 0 0 0 0 data 23 0x2 0x1402 0x50007 0x1401 0x30 0x1 0xe0002 0x1 0x130005 0x1401 0x0 0x0 0x0 0x0 0x0 0x0 0x0 0x0 0x0 0x0 0x0 0x9 0x0 oops 0 methods 0
ciMethodData java/awt/event/ComponentEvent <init> (Ljava/awt/Component;I)V 2 4440 orig 80 0 0 0 0 0 0 0 0 0 0 0 0 0 0 0 0 0 0 0 0 0 0 0 0 0 0 0 0 0 0 0 0 0 0 0 0 0 0 0 0 0 0 0 0 0 0 0 0 0 0 0 0 0 0 0 0 0 0 0 0 0 0 0 0 0 0 0 0 0 0 0 0 0 0 0 0 0 0 0 0 data 9 0x30002 0x1158 0x0 0x0 0x9 0x3 0x1e 0x0 0x0 oops 0 methods 0
ciMethodData java/awt/AWTEvent <init> (Ljava/lang/Object;I)V 2 10240 orig 80 1 0 0 0 0 0 0 0 0 0 0 0 0 0 0 0 0 0 0 0 0 0 0 0 0 0 0 0 0 0 0 0 0 0 0 0 0 0 0 0 1 0 0 0 0 0 0 0 0 0 0 0 0 0 0 0 0 0 0 0 0 0 0 0 0 0 0 0 0 0 0 0 0 0 0 0 0 0 0 0 data 30 0x20002 0x2800 0xb0002 0x2800 0x80000003001c0008 0xa 0x27e1 0x78 0x0 0x60 0xd 0x60 0x0 0x60 0x13 0x60 0x4d0003 0x20 0x18 0x0 0x0 0x0 0x0 0x0 0x0 0x9 0x3 0x1e 0x0 0x0 oops 0 methods 0
ciMethod java/awt/event/WindowEvent <init> (Ljava/awt/Window;ILjava/awt/Window;II)V 72 0 36 0 0
ciMethod java/awt/event/WindowEvent <init> (Ljava/awt/Window;ILjava/awt/Window;)V 10 0 14 0 0
ciMethod java/awt/event/WindowEvent getWindow ()Ljava/awt/Window; 16 0 25 0 0
ciMethod java/awt/event/WindowEvent getOppositeWindow ()Ljava/awt/Window; 10 0 18 0 0
ciMethodData java/awt/Component isEnabled ()Z 2 10981 orig 80 0 0 0 0 0 0 0 0 0 0 0 0 0 0 0 0 0 0 0 0 0 0 0 0 0 0 0 0 0 0 0 0 0 0 0 0 0 0 0 0 0 0 0 0 0 0 0 0 0 0 0 0 0 0 0 0 0 0 0 0 0 0 0 0 0 0 0 0 0 0 0 0 0 0 0 0 0 0 0 0 data 16 0x10005 0x2ae5 0x0 0x0 0x0 0x0 0x0 0x0 0x0 0x0 0x0 0x0 0x0 0x9 0x1 0x0 oops 0 methods 0
ciMethodData java/awt/Component getContainingWindow ()Ljava/awt/Window; 2 1459 orig 80 0 0 0 0 0 0 0 0 0 0 0 0 0 0 0 0 0 0 0 0 0 0 0 0 0 0 0 0 0 0 0 0 0 0 0 0 0 0 0 0 0 0 0 0 0 0 0 0 0 0 0 0 0 0 0 0 0 0 0 0 0 0 0 0 0 0 0 0 0 0 0 0 0 0 0 0 0 0 0 0 data 11 0x10002 0x5b3 0x0 0x0 0x0 0x0 0x0 0x0 0x9 0x1 0x0 oops 0 methods 0
ciMethodData sun/awt/SunToolkit getContainingWindow (Ljava/awt/Component;)Ljava/awt/Window; 2 6494 orig 80 0 0 0 0 0 0 0 0 0 0 0 0 0 0 0 0 0 0 0 0 0 0 0 0 0 0 0 0 0 0 0 0 0 0 0 0 0 0 0 0 0 0 0 0 0 0 0 0 0 0 0 0 0 0 0 0 0 0 0 0 0 0 0 0 0 0 0 0 0 0 0 0 0 0 0 0 0 0 0 0 data 41 0x10007 0x18 0xc8 0x59ee 0x50004 0xffffffffffffbf58 0x0 0x1e149084d88 0xa 0x1e149084e38 0x12 0x80007 0x1946 0x70 0x40a8 0xc0005 0x3be2 0x0 0x1e149084d88 0x16 0x1e149084e38 0x4b0 0x100003 0x40a8 0xffffffffffffff50 0x140104 0x0 0x0 0x1e149c5c858 0x1650 0x1e149c5cc78 0x1ef 0x0 0x0 0x0 0x0 0x0 0x0 0x9 0x1 0x0 oops 6 7 javax/swing/JScrollPane$ScrollBar 9 javax/swing/JScrollPane 18 javax/swing/JScrollPane$ScrollBar 20 javax/swing/JScrollPane 28 driverecovery/MainWindow 30 javax/swing/JDialog methods 0
ciMethod sun/awt/TimedWindowEvent getWhen ()J 40 0 20 0 -1
ciMethodData java/security/AccessControlContext <init> ([Ljava/security/ProtectionDomain;Z)V 1 0 orig 80 0 0 0 0 0 0 0 0 0 0 0 0 0 0 0 0 0 0 0 0 0 0 0 0 0 0 0 0 0 0 0 0 0 0 0 0 0 0 0 0 0 0 0 0 0 0 0 0 0 0 0 0 0 0 0 0 0 0 0 0 0 0 0 0 0 0 0 0 0 0 0 0 0 0 0 0 0 0 0 0 data 11 0x10002 0x0 0x0 0x0 0x0 0x0 0x9 0x3 0x0 0x0 0x0 oops 0 methods 0
ciMethod java/awt/DefaultKeyboardFocusManager$DefaultKeyboardFocusManagerSentEvent <init> (Ljava/awt/AWTEvent;Lsun/awt/AppContext;)V 44 0 22 0 -1
ciMethod java/awt/SentEvent dispatch ()V 88 0 44 0 -1
ciMethodData java/awt/KeyboardFocusManager setGlobalPermanentFocusOwner (Ljava/awt/Component;)V 1 38 orig 80 0 0 0 0 0 0 0 0 0 0 0 0 0 0 0 0 0 0 0 0 0 0 0 0 0 0 0 0 0 0 0 0 0 0 0 0 0 0 0 0 0 0 0 0 0 0 0 0 0 0 0 0 0 0 0 0 0 0 0 0 0 0 0 0 0 0 0 0 0 0 0 0 0 0 0 0 0 0 0 0 data 65 0x50007 0x12 0x78 0x14 0x90005 0x12 0x0 0x1e149c5cdd8 0x1 0x1e149c5ce88 0x1 0xc0007 0x0 0x108 0x14 0x160005 0x26 0x0 0x0 0x0 0x0 0x0 0x1a0005 0x0 0x0 0x1e149c59370 0x26 0x0 0x0 0x240005 0x0 0x0 0x1e149c59370 0x26 0x0 0x0 0x270003 0x26 0x18 0x350002 0x26 0x3d0003 0x26 0x18 0x490007 0x0 0x58 0x26 0x520005 0x0 0x0 0x1e149c59370 0x26 0x0 0x0 0x0 0x0 0x0 0x0 0x0 0x0 0x9 0x2 0x0 0xffffffffffffffff oops 5 7 javax/swing/plaf/metal/MetalFileChooserUI$1 9 sun/swing/FilePane$4 25 java/awt/DefaultKeyboardFocusManager 32 java/awt/DefaultKeyboardFocusManager 51 java/awt/DefaultKeyboardFocusManager methods 0
ciMethodData java/awt/KeyboardFocusManager isAutoFocusTransferEnabled ()Z 1 21 orig 80 0 0 0 0 0 0 0 0 0 0 0 0 0 0 0 0 0 0 0 0 0 0 0 0 0 0 0 0 0 0 0 0 0 0 0 0 0 0 0 0 0 0 0 0 0 0 0 0 0 0 0 0 0 0 0 0 0 0 0 0 0 0 0 0 0 0 0 0 0 0 0 0 0 0 0 0 0 0 0 0 data 30 0x90005 0x0 0x0 0x1e14984d170 0x15 0x0 0x0 0xc0007 0x10 0x78 0x5 0x120007 0x0 0x58 0x5 0x190007 0x0 0x38 0x5 0x1d0003 0x5 0x18 0x0 0x0 0x0 0x0 0x0 0x0 0x9 0x0 oops 1 3 java/util/LinkedList methods 0
ciMethodData java/awt/DefaultKeyboardFocusManager restoreFocus (Ljava/awt/event/FocusEvent;Ljava/awt/Window;)V 1 0 orig 80 0 0 0 0 0 0 0 0 0 0 0 0 0 0 0 0 0 0 0 0 0 0 0 0 0 0 0 0 0 0 0 0 0 0 0 0 0 0 0 0 0 0 0 0 0 0 0 0 0 0 0 0 0 0 0 0 0 0 0 0 0 0 0 0 0 0 0 0 0 0 0 0 0 0 0 0 0 0 0 0 data 107 0x40005 0x0 0x0 0x0 0x0 0x0 0x0 0x70004 0x0 0x0 0x0 0x0 0x0 0x0 0xc0005 0x0 0x0 0x0 0x0 0x0 0x0 0x120007 0x0 0x90 0x0 0x1a0005 0x0 0x0 0x0 0x0 0x0 0x0 0x1d0007 0x0 0x38 0x0 0x200003 0x0 0x1e0 0x240007 0x0 0x90 0x0 0x2c0005 0x0 0x0 0x0 0x0 0x0 0x0 0x2f0007 0x0 0x38 0x0 0x320003 0x0 0x150 0x360005 0x0 0x0 0x0 0x0 0x0 0x0 0x390007 0x0 0xc8 0x0 0x3e0005 0x0 0x0 0x0 0x0 0x0 0x0 0x440005 0x0 0x0 0x0 0x0 0x0 0x0 0x470007 0x0 0x38 0x0 0x4a0003 0x0 0x50 0x4e0005 0x0 0x0 0x0 0x0 0x0 0x0 0x0 0x0 0x0 0x0 0x0 0x0 0x9 0x3 0x0 0x0 0x0 oops 0 methods 0
ciMethodData java/awt/KeyboardFocusManager getGlobalPermanentFocusOwner ()Ljava/awt/Component; 1 36 orig 80 0 0 0 0 0 0 0 0 0 0 0 0 0 0 0 0 0 0 0 0 0 0 0 0 0 0 0 0 0 0 0 0 0 0 0 0 0 0 0 0 0 0 0 0 0 0 0 0 0 0 0 0 0 0 0 0 0 0 0 0 0 0 0 0 0 0 0 0 0 0 0 0 0 0 0 0 0 0 0 0 data 16 0x60005 0x24 0x0 0x0 0x0 0x0 0x0 0x0 0x0 0x0 0x0 0x0 0x0 0x9 0x1 0x0 oops 0 methods 0
ciMethodData java/awt/KeyboardFocusManager getHeavyweight (Ljava/awt/Component;)Ljava/awt/Component; 1 59 orig 80 0 0 0 0 0 0 0 0 0 0 0 0 0 0 0 0 0 0 0 0 0 0 0 0 0 0 0 0 0 0 0 0 0 0 0 0 0 0 0 0 0 0 0 0 0 0 0 0 0 0 0 0 0 0 0 0 0 0 0 0 0 0 0 0 0 0 0 0 0 0 0 0 0 0 0 0 0 0 0 0 data 35 0x10007 0x5 0x40 0x36 0x80007 0x36 0x20 0x0 0x110004 0x0 0x0 0x1e14b6a4e40 0x36 0x0 0x0 0x140007 0x0 0x58 0x36 0x180005 0x36 0x0 0x0 0x0 0x0 0x0 0x0 0x0 0x0 0x0 0x0 0x0 0x9 0x1 0xffffffffffffffff oops 1 11 sun/awt/NullComponentPeer methods 0
ciMethodData java/awt/Component getNativeContainer ()Ljava/awt/Container; 2 1624 orig 80 0 0 0 0 0 0 0 0 0 0 0 0 0 0 0 0 0 0 0 0 0 0 0 0 0 0 0 0 0 0 0 0 0 0 0 0 0 0 0 0 0 0 0 0 0 0 0 0 0 0 0 0 0 0 0 0 0 0 0 0 0 0 0 0 0 0 0 0 0 0 0 0 0 0 0 0 0 0 0 0 data 41 0x10005 0x64f 0x0 0x1e149c5cdd8 0x7 0x1e149c5cf38 0x2 0x60007 0x0 0xc8 0x3b38 0xd0104 0xfffffffffffff9aa 0x0 0x1e14b6a4e40 0x34e0 0x1e14b630e50 0x9 0x100007 0x658 0x70 0x34e0 0x140005 0x2103 0x0 0x1e14b630f00 0x13c3 0x1e14b630fb0 0x1a 0x180003 0x34e0 0xffffffffffffff50 0x0 0x0 0x0 0x0 0x0 0x0 0x9 0x1 0xffffffffffffffff oops 6 3 javax/swing/plaf/metal/MetalFileChooserUI$1 5 javax/swing/plaf/metal/MetalFileChooserUI$3 14 sun/awt/NullComponentPeer 16 sun/awt/windows/WDialogPeer 25 javax/swing/JPanel 27 javax/swing/JFileChooser methods 0
ciMethodData java/awt/KeyboardFocusManager setNativeFocusOwner (Ljava/awt/Component;)V 1 41 orig 80 0 0 0 0 0 0 0 0 0 0 0 0 0 0 0 0 0 0 0 0 0 0 0 0 0 0 0 0 0 0 0 0 0 0 0 0 0 0 0 0 0 0 0 0 0 0 0 0 0 0 0 0 0 0 0 0 0 0 0 0 0 0 0 0 0 0 0 0 0 0 0 0 0 0 0 0 0 0 0 0 data 53 0x60005 0x0 0x0 0x1e149c5c598 0x29 0x0 0x0 0x90007 0x29 0xe8 0x0 0x1b0002 0x0 0x1e0004 0x0 0x0 0x0 0x0 0x0 0x0 0x220002 0x0 0x250004 0x0 0x0 0x0 0x0 0x0 0x0 0x260005 0x0 0x0 0x0 0x0 0x0 0x0 0x2e0005 0x0 0x0 0x1e1496501a0 0x29 0x0 0x0 0x0 0x0 0x0 0x0 0x0 0x0 0x9 0x2 0x0 0xffffffffffffffff oops 2 3 sun/util/logging/PlatformLogger 39 sun/awt/windows/WKeyboardFocusManagerPeer methods 0
ciMethodData java/awt/event/FocusEvent getOppositeComponent ()Ljava/awt/Component; 1 143 orig 80 0 0 0 0 0 0 0 0 0 0 0 0 0 0 0 0 0 0 0 0 0 0 0 0 0 0 0 0 0 0 0 0 0 0 0 0 0 0 0 0 0 0 0 0 0 0 0 0 0 0 0 0 0 0 0 0 0 0 0 0 0 0 0 0 0 0 0 0 0 0 0 0 0 0 0 0 0 0 0 0 data 24 0x40007 0x6c 0x20 0x23 0xd0002 0x6c 0x100002 0x6c 0x130007 0x0 0x38 0x6c 0x1a0003 0x6c 0x18 0x0 0x0 0x0 0x0 0x0 0x0 0x9 0x1 0x0 oops 0 methods 0
ciMethodData java/awt/KeyboardFocusManager setMostRecentFocusOwner (Ljava/awt/Window;Ljava/awt/Component;)V 1 48 orig 80 0 0 0 0 0 0 0 0 0 0 0 0 0 0 0 0 0 0 0 0 0 0 0 0 0 0 0 0 0 0 0 0 0 0 0 0 0 0 0 0 0 0 0 0 0 0 0 0 0 0 0 0 0 0 0 0 0 0 0 0 0 0 0 0 0 0 0 0 0 0 0 0 0 0 0 0 0 0 0 0 data 23 0x30007 0x5 0x30 0x2b 0xb0002 0x2b 0x140005 0x0 0x0 0x1e14b8dde08 0x30 0x0 0x0 0x0 0x0 0x0 0x0 0x0 0x0 0x9 0x2 0xffffffffffffffff 0x0 oops 1 9 java/util/WeakHashMap methods 0
ciMethodData java/awt/DefaultKeyboardFocusManager restoreFocus (Ljava/awt/Component;Z)Z 1 0 orig 80 0 0 0 0 0 0 0 0 0 0 0 0 0 0 0 0 0 0 0 0 0 0 0 0 0 0 0 0 0 0 0 0 0 0 0 0 0 0 0 0 0 0 0 0 0 0 0 0 0 0 0 0 0 0 0 0 0 0 0 0 0 0 0 0 0 0 0 0 0 0 0 0 0 0 0 0 0 0 0 0 data 18 0x40005 0x0 0x0 0x0 0x0 0x0 0x0 0x0 0x0 0x0 0x0 0x0 0x0 0x9 0x3 0x300 0xffffffffffffffff 0x0 oops 0 methods 0
ciMethodData java/awt/DefaultKeyboardFocusManager doRestoreFocus (Ljava/awt/Component;Ljava/awt/Component;Z)Z 1 0 orig 80 0 0 0 0 0 0 0 0 0 0 0 0 0 0 0 0 0 0 0 0 0 0 0 0 0 0 0 0 0 0 0 0 0 0 0 0 0 0 0 0 0 0 0 0 0 0 0 0 0 0 0 0 0 0 0 0 0 0 0 0 0 0 0 0 0 0 0 0 0 0 0 0 0 0 0 0 0 0 0 0 data 103 0x50007 0x0 0x128 0x0 0x90005 0x0 0x0 0x0 0x0 0x0 0x0 0xc0007 0x0 0xd0 0x0 0x100005 0x0 0x0 0x0 0x0 0x0 0x0 0x130007 0x0 0x78 0x0 0x1b0005 0x0 0x0 0x0 0x0 0x0 0x0 0x210007 0x0 0x20 0x0 0x280007 0x0 0x88 0x0 0x2c0005 0x0 0x0 0x0 0x0 0x0 0x0 0x300002 0x0 0x330007 0x0 0x20 0x0 0x3e0005 0x0 0x0 0x0 0x0 0x0 0x0 0x450007 0x0 0x98 0x0 0x4b0007 0x0 0x78 0x0 0x530005 0x0 0x0 0x0 0x0 0x0 0x0 0x560007 0x0 0x20 0x0 0x5c0007 0x0 0x58 0x0 0x600005 0x0 0x0 0x0 0x0 0x0 0x0 0x0 0x0 0x0 0x0 0x0 0x0 0x9 0x4 0x300 0xffffffffffffffff 0x0 0x0 oops 0 methods 0
ciMethodData java/awt/DefaultKeyboardFocusManager dispatchEvent (Ljava/awt/AWTEvent;)Z 2 5121 orig 80 0 0 0 0 0 0 0 0 0 0 0 0 0 0 0 0 0 0 0 0 0 0 0 0 0 0 0 0 0 0 0 0 0 0 0 0 0 0 0 0 0 0 0 0 0 0 0 0 0 0 0 0 0 0 0 0 0 0 0 0 0 0 0 0 0 0 0 0 0 0 0 0 0 0 0 0 0 0 0 0 data 1492 0x60005 0x0 0x0 0x1e149c5c598 0x1401 0x0 0x0 0x90007 0x1401 0x148 0x0 0xd0004 0x0 0x0 0x0 0x0 0x0 0x0 0x100007 0x0 0x78 0x0 0x140004 0x0 0x0 0x0 0x0 0x0 0x0 0x170007 0x0 0x98 0x0 0x1e0002 0x0 0x21000a 0x0 0x3 0x0 0x0 0x1e17f9b36b8 0x260005 0x0 0x0 0x0 0x0 0x0 0x0 0x2a0005 0xd67 0x0 0x1e149c5c648 0x671 0x1e149c5c6f8 0x29 0x2d0008 0x14 0x139e 0x2b68 0x4 0xb90 0x5 0x2138 0x6 0xb0 0x7 0x2368 0xa 0x2b30 0xd 0x2b30 0xd 0x2b30 0x14 0xe58 0x15 0x1ac0 0x820004 0x0 0x0 0x1e149c5c7a8 0x6 0x0 0x0 0x850005 0x6 0x0 0x0 0x0 0x0 0x0 0x880007 0x6 0x38 0x0 0x8b0003 0x0 0x2a28 0x8f0004 0x0 0x0 0x1e149c5c7a8 0x6 0x0 0x0 0x940005 0x0 0x0 0x1e149c59370 0x6 0x0 0x0 0x990005 0x0 0x0 0x1e149c5c7a8 0x6 0x0 0x0 0xa10007 0x6 0x38 0x0 0xa40003 0x0 0x2948 0xa90005 0x6 0x0 0x0 0x0 0x0 0x0 0xac0007 0x0 0xd0 0x6 0xb10005 0x0 0x0 0x1e149c5c858 0x5 0x1e149c5c908 0x1 0xb40007 0x0 0x78 0x6 0xb90005 0x0 0x0 0x1e149c5c858 0x5 0x1e149c5c908 0x1 0xbc0007 0x6 0x70 0x0 0xc10005 0x0 0x0 0x0 0x0 0x0 0x0 0xc40003 0x0 0x27f0 0xc80007 0x6 0xd0 0x0 0xd60002 0x0 0xd90002 0x0 0xe00007 0x0 0x90 0x0 0xe50005 0x0 0x0 0x0 0x0 0x0 0x0 0xea0005 0x0 0x0 0x0 0x0 0x0 0x0 0xf00005 0x6 0x0 0x0 0x0 0x0 0x0 0xf60005 0x0 0x0 0x1e149c59370 0x6 0x0 0x0 0xff0007 0x2 0xe8 0x4 0x10f0002 0x4 0x1120002 0x4 0x1190005 0x0 0x0 0x1e149c59370 0x4 0x0 0x0 0x11c0007 0x4 0x70 0x0 0x1210005 0x0 0x0 0x0 0x0 0x0 0x0 0x1240003 0x0 0x25c8 0x12a0005 0x0 0x0 0x1e149c59370 0x6 0x0 0x0 0x1300005 0x0 0x0 0x1e149c59370 0x6 0x0 0x0 0x1330007 0x6 0x70 0x0 0x1380005 0x0 0x0 0x0 0x0 0x0 0x0 0x13b0003 0x0 0x24e8 0x1420007 0x0 0x3e8 0x6 0x1470002 0x6 0x1500007 0x6 0x58 0x0 0x1590007 0x0 0x38 0x0 0x15d0003 0x0 0x18 0x1650007 0x5 0xe8 0x1 0x16a0005 0x1 0x0 0x0 0x0 0x0 0x0 0x16d0007 0x0 0x90 0x1 0x1720005 0x0 0x0 0x1e149c5c908 0x1 0x0 0x0 0x1770005 0x0 0x0 0x1e149c5c9b8 0x1 0x0 0x0 0x1880005 0x0 0x0 0x1e149c5c858 0x5 0x1e149c5c908 0x1 0x1900003 0x6 0x18 0x1a10005 0x0 0x0 0x1e149c5c598 0x6 0x0 0x0 0x1a40007 0x6 0xc8 0x0 0x1b50004 0x0 0x0 0x0 0x0 0x0 0x0 0x1ba0004 0x0 0x0 0x0 0x0 0x0 0x0 0x1bb0005 0x0 0x0 0x0 0x0 0x0 0x0 0x1c00007 0x1 0xb0 0x5 0x1c70007 0x5 0x58 0x0 0x1ce0007 0x0 0x38 0x0 0x1d40003 0x0 0x18 0x1da0005 0x3 0x0 0x1e149c5ca68 0x1 0x1e149c5cb18 0x1 0x1e00007 0x0 0x78 0x6 0x1e70007 0x5 0x58 0x1 0x1ef0005 0x0 0x0 0x1e149c5cbc8 0x1 0x0 0x0 0x1fc0005 0x0 0x0 0x1e17f9b4728 0x6 0x0 0x0 0x1ff0104 0x0 0x0 0x1e149c5cc78 0x1 0x1e149c5c858 0x1 0x2070005 0x0 0x0 0x1e149c5c7a8 0x6 0x0 0x0 0x20a0007 0x6 0x30 0x0 0x2180002 0x0 0x2200005 0x6 0x0 0x0 0x0 0x0 0x0 0x2250004 0x0 0x0 0x1e149c5cd28 0x4 0x0 0x0 0x22a0005 0x0 0x0 0x1e149c59370 0x4 0x0 0x0 0x22f0005 0x0 0x0 0x1e149c5cd28 0x4 0x0 0x0 0x2370007 0x4 0x38 0x0 0x23a0003 0x0 0x1f10 0x23e0007 0x3 0x108 0x1 0x24c0002 0x1 0x24f0002 0x1 0x2560007 0x1 0x58 0x0 0x25b0005 0x0 0x0 0x0 0x0 0x0 0x0 0x25f0005 0x0 0x0 0x1e149c59370 0x1 0x0 0x0 0x2620007 0x1 0x38 0x0 0x2650003 0x0 0x1e08 0x26b0005 0x0 0x0 0x1e149c59370 0x4 0x0 0x0 0x2710005 0x0 0x0 0x1e149c59370 0x4 0x0 0x0 0x2740007 0x4 0x38 0x0 0x2770003 0x0 0x1d60 0x27e0005 0x4 0x0 0x0 0x0 0x0 0x0 0x2880004 0x0 0x0 0x1e149c5c6f8 0x14 0x0 0x0 0x28d0005 0x0 0x0 0x1e149c59370 0x14 0x0 0x0 0x2920005 0x0 0x0 0x1e149c5c6f8 0x14 0x0 0x0 0x29a0007 0x14 0x138 0x0 0x2a30005 0x0 0x0 0x0 0x0 0x0 0x0 0x2a60007 0x0 0x90 0x0 0x2b60004 0x0 0x0 0x0 0x0 0x0 0x0 0x2b70005 0x0 0x0 0x0 0x0 0x0 0x0 0x2c00005 0x0 0x0 0x0 0x0 0x0 0x0 0x2c30003 0x0 0x1b48 0x2c70007 0x14 0x198 0x0 0x2d40005 0x0 0x0 0x0 0x0 0x0 0x0 0x2da0005 0x0 0x0 0x0 0x0 0x0 0x0 0x2dd0002 0x0 0x2e00002 0x0 0x2e70007 0x0 0xe8 0x0 0x2ec0005 0x0 0x0 0x0 0x0 0x0 0x0 0x2f00005 0x0 0x0 0x0 0x0 0x0 0x0 0x2f30007 0x0 0x58 0x0 0x2f80005 0x0 0x0 0x0 0x0 0x0 0x0 0x2fd0002 0x14 0x3030005 0x0 0x0 0x1e149c59370 0x14 0x0 0x0 0x30a0007 0x0 0x108 0x14 0x3110007 0x14 0xe8 0x0 0x3210002 0x0 0x3240002 0x0 0x32b0005 0x0 0x0 0x0 0x0 0x0 0x0 0x32e0007 0x0 0x70 0x0 0x3370005 0x0 0x0 0x0 0x0 0x0 0x0 0x33a0003 0x0 0x1860 0x33f0005 0x12 0x0 0x1e149c5cdd8 0x1 0x1e149c5ce88 0x1 0x3420007 0x0 0x160 0x14 0x3470005 0x12 0x0 0x1e149c5cdd8 0x1 0x1e149c5ce88 0x1 0x34a0007 0x0 0x108 0x14 0x34f0005 0x12 0x0 0x1e149c5cdd8 0x1 0x1e149c5ce88 0x1 0x3520007 0x14 0x1e8 0x0 0x3560005 0x0 0x0 0x0 0x0 0x0 0x0 0x35c0005 0x0 0x0 0x0 0x0 0x0 0x0 0x35f0007 0x0 0x158 0x0 0x3680005 0x0 0x0 0x0 0x0 0x0 0x0 0x36b0002 0x0 0x36e0007 0x0 0x1668 0x0 0x3730007 0x0 0x70 0x0 0x37a0005 0x0 0x0 0x0 0x0 0x0 0x0 0x37d0003 0x0 0x50 0x3840005 0x0 0x0 0x0 0x0 0x0 0x0 0x38a0002 0x0 0x38d0003 0x0 0x1590 0x3930005 0x0 0x0 0x1e149c59370 0x14 0x0 0x0 0x3990005 0x0 0x0 0x1e149c59370 0x14 0x0 0x0 0x39c0007 0x14 0xd8 0x0 0x3a50005 0x0 0x0 0x0 0x0 0x0 0x0 0x3a80002 0x0 0x3ab0007 0x0 0x14a0 0x0 0x3b20005 0x0 0x0 0x0 0x0 0x0 0x0 0x3b50003 0x0 0x1448 0x3b90005 0x0 0x0 0x1e149c5c6f8 0x14 0x0 0x0 0x3bc0007 0x0 0x168 0x14 0x3c20005 0x0 0x0 0x1e149c59370 0x14 0x0 0x0 0x3c80005 0x0 0x0 0x1e149c59370 0x14 0x0 0x0 0x3cb0007 0x14 0xd8 0x0 0x3d40005 0x0 0x0 0x0 0x0 0x0 0x0 0x3d70002 0x0 0x3da0007 0x0 0x1300 0x0 0x3e10005 0x0 0x0 0x0 0x0 0x0 0x0 0x3e40003 0x0 0x12a8 0x3ea0002 0x14 0x3ed0005 0x0 0x0 0x1e149c59370 0x14 0x0 0x0 0x3f40005 0x0 0x0 0x1e17f9b4728 0x14 0x0 0x0 0x3f70104 0x0 0x0 0x1e149c5cf38 0x1 0x1e149c5cdd8 0x1 0x3fe0007 0x5 0xf8 0xf 0x4040005 0x0 0x0 0x1e149c5c6f8 0xf 0x0 0x0 0x4070007 0xe 0xa0 0x1 0x4140005 0x0 0x0 0x1e149c5c6f8 0x1 0x0 0x0 0x41a0005 0x1 0x0 0x0 0x0 0x0 0x0 0x41d0002 0x1 0x42a0005 0x14 0x0 0x0 0x0 0x0 0x0 0x42f0004 0x0 0x0 0x1e149c5c6f8 0x15 0x0 0x0 0x4340005 0x0 0x0 0x1e149c59370 0x15 0x0 0x0 0x4390007 0x15 0x100 0x0 0x4420005 0x0 0x0 0x0 0x0 0x0 0x0 0x4450007 0x0 0xfe0 0x0 0x4550004 0x0 0x0 0x0 0x0 0x0 0x0 0x4560005 0x0 0x0 0x0 0x0 0x0 0x0 0x4590003 0x0 0xf50 0x45e0005 0x0 0x0 0x1e149c5c6f8 0x15 0x0 0x0 0x4610007 0x15 0x100 0x0 0x46a0005 0x0 0x0 0x0 0x0 0x0 0x0 0x46d0007 0x0 0xea8 0x0 0x47d0004 0x0 0x0 0x0 0x0 0x0 0x0 0x47e0005 0x0 0x0 0x0 0x0 0x0 0x0 0x4810003 0x0 0xe18 0x4860005 0x0 0x0 0x1e149c59370 0x15 0x0 0x0 0x48a0005 0x0 0x0 0x1e149c59370 0x15 0x0 0x0 0x48d0007 0x15 0x70 0x0 0x4930005 0x0 0x0 0x0 0x0 0x0 0x0 0x4970003 0x0 0xd38 0x49b0005 0x0 0x0 0x1e149c5c6f8 0x15 0x0 0x0 0x49e0007 0x5 0x100 0x10 0x4a30005 0x0 0x0 0x1e149c59370 0x10 0x0 0x0 0x4a70005 0x0 0x0 0x1e149c59370 0x10 0x0 0x0 0x4aa0007 0x10 0x100 0x0 0x4b00005 0x0 0x0 0x0 0x0 0x0 0x0 0x4b40003 0x0 0xc00 0x4b80005 0x2 0x0 0x1e149c5cb18 0x1 0x1e149c5cfe8 0x2 0x4bf0007 0x0 0x58 0x5 0x4c50005 0x0 0x0 0x1e149c5c858 0x5 0x0 0x0 0x4cb0005 0x0 0x0 0x1e149c59370 0x15 0x0 0x0 0x4d00005 0x0 0x0 0x1e149c5c6f8 0x15 0x0 0x0 0x4d50005 0x0 0x0 0x1e149c5c6f8 0x15 0x0 0x0 0x4d80007 0x6 0x48 0xf 0x4e00002 0xf 0x4e30003 0xf 0x18 0x4ef0005 0x15 0x0 0x0 0x0 0x0 0x0 0x4f40004 0x0 0x0 0x1e149c5cd28 0x5 0x0 0x0 0x4f90005 0x0 0x0 0x1e149c59370 0x5 0x0 0x0 0x4fe0007 0x5 0x38 0x0 0x5010003 0x0 0x9a0 0x5060005 0x0 0x0 0x1e149c5cd28 0x5 0x0 0x0 0x5090007 0x5 0x38 0x0 0x50c0003 0x0 0x930 0x5110005 0x0 0x0 0x1e149c59370 0x5 0x0 0x0 0x5150005 0x0 0x0 0x1e149c59370 0x5 0x0 0x0 0x5180007 0x5 0x38 0x0 0x51b0003 0x0 0x888 0x5200005 0x0 0x0 0x1e149c5cd28 0x5 0x0 0x0 0x5260005 0x5 0x0 0x0 0x0 0x0 0x0 0x52c0004 0x0 0x0 0x1e149c5c7a8 0x7 0x0 0x0 0x52f0005 0x7 0x0 0x0 0x0 0x0 0x0 0x5320007 0x7 0x38 0x0 0x5350003 0x0 0x770 0x5390004 0x0 0x0 0x1e149c5c7a8 0x7 0x0 0x0 0x53e0005 0x0 0x0 0x1e149c59370 0x7 0x0 0x0 0x5430005 0x0 0x0 0x1e149c5c7a8 0x7 0x0 0x0 0x5490005 0x0 0x0 0x1e149c59370 0x7 0x0 0x0 0x54f0005 0x0 0x0 0x1e149c5c7a8 0x7 0x0 0x0 0x55a0005 0x0 0x0 0x1e149c5c598 0x7 0x0 0x0 0x55d0007 0x7 0x138 0x0 0x56e0004 0x0 0x0 0x0 0x0 0x0 0x0 0x5720004 0x0 0x0 0x0 0x0 0x0 0x0 0x5770004 0x0 0x0 0x0 0x0 0x0 0x0 0x57c0004 0x0 0x0 0x0 0x0 0x0 0x0 0x57d0005 0x0 0x0 0x0 0x0 0x0 0x0 0x5810007 0x7 0x38 0x0 0x5840003 0x0 0x4b0 0x58b0007 0x0 0x78 0x7 0x5920007 0x1 0x58 0x6 0x5980007 0x6 0x38 0x0 0x59b0003 0x0 0x438 0x59f0005 0x0 0x0 0x1e149c59370 0x7 0x0 0x0 0x5a60007 0x1 0x110 0x6 0x5ae0007 0x4 0xb0 0x2 0x5b30005 0x0 0x0 0x1e149c5c908 0x1 0x1e149c5c858 0x1 0x5ba0007 0x1 0x58 0x1 0x5bf0005 0x0 0x0 0x1e149c5c908 0x1 0x0 0x0 0x5c60007 0x2 0x20 0x4 0x5de0002 0x6 0x5e10002 0x6 0x5e70005 0x0 0x0 0x1e149c59370 0x7 0x0 0x0 0x5eb0005 0x0 0x0 0x1e149c59370 0x7 0x0 0x0 0x5ee0007 0x7 0x70 0x0 0x5f50005 0x0 0x0 0x0 0x0 0x0 0x0 0x5f90003 0x0 0x210 0x5fe0005 0x0 0x0 0x1e149c5c7a8 0x7 0x0 0x0 0x6040007 0x4 0x48 0x3 0x60c0002 0x3 0x60f0003 0x3 0x18 0x61b0005 0x7 0x0 0x0 0x0 0x0 0x0 0x6210007 0x3 0x140 0x4 0x6260007 0x0 0x120 0x4 0x6350002 0x4 0x6380002 0x4 0x63d0005 0x0 0x0 0x1e149c59370 0x4 0x0 0x0 0x6400007 0x4 0xa8 0x0 0x6470005 0x0 0x0 0x0 0x0 0x0 0x0 0x64b0003 0x0 0x50 0x6510005 0x24 0x0 0x0 0x0 0x0 0x0 0x0 0x0 0x0 0x0 0x0 0x0 0x0 0x0 0x0 0x0 0x0 0x0 0x0 0x0 0x0 0x0 0x0 0x0 0x0 0x0 0x0 0x0 0x0 0x0 0x0 0x0 0x0 0x0 0x0 0x0 0x0 0x0 0x0 0x0 0x0 0x0 0x0 0x0 0x0 0x0 0x0 0x0 0x0 0x0 0x9 0x2 0x0 0x0 oops 90 3 sun/util/logging/PlatformLogger 40 java/lang/String 51 java/awt/event/MouseEvent 53 java/awt/event/FocusEvent 80 sun/awt/TimedWindowEvent 101 sun/awt/TimedWindowEvent 108 java/awt/DefaultKeyboardFocusManager 115 sun/awt/TimedWindowEvent 140 driverecovery/MainWindow 142 javax/swing/JWindow 151 driverecovery/MainWindow 153 javax/swing/JWindow 205 java/awt/DefaultKeyboardFocusManager 220 java/awt/DefaultKeyboardFocusManager 241 java/awt/DefaultKeyboardFocusManager 248 java/awt/DefaultKeyboardFocusManager 301 javax/swing/JWindow 308 javax/swing/LayoutFocusTraversalPolicy 315 driverecovery/MainWindow 317 javax/swing/JWindow 325 sun/util/logging/PlatformLogger 372 driverecovery/ConfigPanel$16 374 driverecovery/ConfigPanel$9 387 driverecovery/ConfigPanel$12 394 java/lang/ref/WeakReference 401 javax/swing/JDialog 403 driverecovery/MainWindow 408 sun/awt/TimedWindowEvent 428 java/awt/event/WindowEvent 435 java/awt/DefaultKeyboardFocusManager 442 java/awt/event/WindowEvent 475 java/awt/DefaultKeyboardFocusManager 489 java/awt/DefaultKeyboardFocusManager 496 java/awt/DefaultKeyboardFocusManager 517 java/awt/event/FocusEvent 524 java/awt/DefaultKeyboardFocusManager 531 java/awt/event/FocusEvent 630 java/awt/DefaultKeyboardFocusManager 670 javax/swing/plaf/metal/MetalFileChooserUI$1 672 sun/swing/FilePane$4 681 javax/swing/plaf/metal/MetalFileChooserUI$1 683 sun/swing/FilePane$4 692 javax/swing/plaf/metal/MetalFileChooserUI$1 694 sun/swing/FilePane$4 760 java/awt/DefaultKeyboardFocusManager 767 java/awt/DefaultKeyboardFocusManager 801 java/awt/event/FocusEvent 812 java/awt/DefaultKeyboardFocusManager 819 java/awt/DefaultKeyboardFocusManager 855 java/awt/DefaultKeyboardFocusManager 862 java/lang/ref/WeakReference 869 javax/swing/plaf/metal/MetalFileChooserUI$3 871 javax/swing/plaf/metal/MetalFileChooserUI$1 880 java/awt/event/FocusEvent 891 java/awt/event/FocusEvent 914 java/awt/event/FocusEvent 921 java/awt/DefaultKeyboardFocusManager 960 java/awt/event/FocusEvent 999 java/awt/DefaultKeyboardFocusManager 1006 java/awt/DefaultKeyboardFocusManager 1027 java/awt/event/FocusEvent 1038 java/awt/DefaultKeyboardFocusManager 1045 java/awt/DefaultKeyboardFocusManager 1066 driverecovery/ConfigPanel$9 1068 driverecovery/ConfigPanel$17 1077 driverecovery/MainWindow 1084 java/awt/DefaultKeyboardFocusManager 1091 java/awt/event/FocusEvent 1098 java/awt/event/FocusEvent 1121 java/awt/event/WindowEvent 1128 java/awt/DefaultKeyboardFocusManager 1142 java/awt/event/WindowEvent 1156 java/awt/DefaultKeyboardFocusManager 1163 java/awt/DefaultKeyboardFocusManager 1177 java/awt/event/WindowEvent 1191 sun/awt/TimedWindowEvent 1212 sun/awt/TimedWindowEvent 1219 java/awt/DefaultKeyboardFocusManager 1226 sun/awt/TimedWindowEvent 1233 java/awt/DefaultKeyboardFocusManager 1240 sun/awt/TimedWindowEvent 1247 sun/util/logging/PlatformLogger 1315 java/awt/DefaultKeyboardFocusManager 1330 javax/swing/JWindow 1332 driverecovery/MainWindow 1341 javax/swing/JWindow 1356 java/awt/DefaultKeyboardFocusManager 1363 java/awt/DefaultKeyboardFocusManager 1384 sun/awt/TimedWindowEvent 1419 java/awt/DefaultKeyboardFocusManager methods 0
ciMethodData java/awt/KeyboardFocusManager getGlobalActiveWindow ()Ljava/awt/Window; 1 40 orig 80 0 0 0 0 0 0 0 0 0 0 0 0 0 0 0 0 0 0 0 0 0 0 0 0 0 0 0 0 0 0 0 0 0 0 0 0 0 0 0 0 0 0 0 0 0 0 0 0 0 0 0 0 0 0 0 0 0 0 0 0 0 0 0 0 0 0 0 0 0 0 0 0 0 0 0 0 0 0 0 0 data 16 0x60005 0x28 0x0 0x0 0x0 0x0 0x0 0x0 0x0 0x0 0x0 0x0 0x0 0x9 0x1 0x0 oops 0 methods 0
ciMethodData java/awt/KeyboardFocusManager checkKFMSecurity ()V 2 3879 orig 80 0 0 0 0 0 0 0 0 0 0 0 0 0 0 0 0 0 0 0 0 0 0 0 0 0 0 0 0 0 0 0 0 0 0 0 0 0 0 0 0 0 0 0 0 0 0 0 0 0 0 0 0 0 0 0 0 0 0 0 0 0 0 0 0 0 0 0 0 0 0 0 0 0 0 0 0 0 0 0 0 data 17 0x10002 0xf27 0x40007 0xf27 0x30 0x0 0x70002 0x0 0x0 0x0 0x0 0x0 0x0 0x0 0x9 0x1 0x0 oops 0 methods 0
ciMethodData java/awt/event/WindowEvent getWindow ()Ljava/awt/Window; 1 17 orig 80 0 0 0 0 0 0 0 0 0 0 0 0 0 0 0 0 0 0 0 0 0 0 0 0 0 0 0 0 0 0 0 0 0 0 0 0 0 0 0 0 0 0 0 0 0 0 0 0 0 0 0 0 0 0 0 0 0 0 0 0 0 0 0 0 0 0 0 0 0 0 0 0 0 0 0 0 0 0 0 0 data 30 0x40004 0x0 0x0 0x1e149c5cc78 0x1 0x1e149c5c858 0xe 0x70007 0x0 0x70 0x11 0xe0004 0x0 0x0 0x1e149c5cc78 0x1 0x1e149c5c858 0xe 0x110003 0x11 0x18 0x0 0x0 0x0 0x0 0x0 0x0 0x9 0x1 0x0 oops 4 3 javax/swing/JDialog 5 driverecovery/MainWindow 14 javax/swing/JDialog 16 driverecovery/MainWindow methods 0
ciMethodData java/awt/event/WindowEvent <init> (Ljava/awt/Window;ILjava/awt/Window;)V 1 9 orig 80 0 0 0 0 0 0 0 0 0 0 0 0 0 0 0 0 0 0 0 0 0 0 0 0 0 0 0 0 0 0 0 0 0 0 0 0 0 0 0 0 0 0 0 0 0 0 0 0 0 0 0 0 0 0 0 0 0 0 0 0 0 0 0 0 0 0 0 0 0 0 0 0 0 0 0 0 0 0 0 0 data 10 0x60002 0x9 0x0 0x0 0x9 0x4 0x3e 0x0 0x0 0x0 oops 0 methods 0
ciMethodData java/awt/DefaultKeyboardFocusManager sendMessage (Ljava/awt/Component;Ljava/awt/AWTEvent;)Z 1 15 orig 80 0 0 0 0 0 0 0 0 0 0 0 0 0 0 0 0 0 0 0 0 0 0 0 0 0 0 0 0 0 0 0 0 0 0 0 0 0 0 0 0 0 0 0 0 0 0 0 0 0 0 0 0 0 0 0 0 0 0 0 0 0 0 0 0 0 0 0 0 0 0 0 0 0 0 0 0 0 0 0 0 data 138 0x50002 0xf 0x140002 0xf 0x1b0007 0x0 0x70 0xf 0x200005 0x0 0x0 0x1e14b122a80 0xf 0x0 0x0 0x230003 0xf 0x388 0x270005 0x0 0x0 0x0 0x0 0x0 0x0 0x2a0007 0x0 0x20 0x0 0x320002 0x0 0x350002 0x0 0x380007 0x0 0x200 0x0 0x3b0002 0x0 0x3e0004 0x0 0x0 0x0 0x0 0x0 0x0 0x410007 0x0 0xc8 0x0 0x440002 0x0 0x470004 0x0 0x0 0x0 0x0 0x0 0x0 0x580002 0x0 0x5b0005 0x0 0x0 0x0 0x0 0x0 0x0 0x5e0003 0x0 0x1e0 0x640007 0x0 0x1c8 0x0 0x6e0002 0x0 0x750005 0x0 0x0 0x0 0x0 0x0 0x0 0x7d0005 0x0 0x0 0x0 0x0 0x0 0x0 0x800003 0x0 0x18 0x850003 0x0 0x110 0x930007 0x0 0xe0 0x0 0x970005 0x0 0x0 0x0 0x0 0x0 0x0 0x9a0007 0x0 0x88 0x0 0xa20005 0x0 0x0 0x0 0x0 0x0 0x0 0xa50003 0x0 0xffffffffffffff50 0xaa0003 0x0 0x18 0xb00003 0x0 0x18 0x0 0x0 0x0 0x0 0x0 0x0 0x9 0x2 0x0 0x0 oops 1 11 java/awt/DefaultKeyboardFocusManager$DefaultKeyboardFocusManagerSentEvent methods 0
ciMethodData java/awt/KeyboardFocusManager setGlobalActiveWindow (Ljava/awt/Window;)V 1 9 orig 80 0 0 0 0 0 0 0 0 0 0 0 0 0 0 0 0 0 0 0 0 0 0 0 0 0 0 0 0 0 0 0 0 0 0 0 0 0 0 0 0 0 0 0 0 0 0 0 0 0 0 0 0 0 0 0 0 0 0 0 0 0 0 0 0 0 0 0 0 0 0 0 0 0 0 0 0 0 0 0 0 data 74 0x60005 0x9 0x0 0x0 0x0 0x0 0x0 0xa0005 0x0 0x0 0x1e149c59370 0x9 0x0 0x0 0x140005 0x0 0x0 0x1e149c5c598 0x9 0x0 0x0 0x170007 0x9 0xb8 0x0 0x1e0002 0x0 0x220002 0x0 0x25000a 0x0 0x5 0x0 0x0 0x1 0x0 0x0 0x2a0005 0x0 0x0 0x0 0x0 0x0 0x0 0x330005 0x0 0x0 0x1e149c59370 0x9 0x0 0x0 0x360003 0x9 0x18 0x440003 0x9 0x18 0x540005 0x0 0x0 0x1e149c59370 0x9 0x0 0x0 0x0 0x0 0x0 0x0 0x0 0x0 0x9 0x2 0x0 0xffffffffffffffff oops 4 10 java/awt/DefaultKeyboardFocusManager 17 sun/util/logging/PlatformLogger 47 java/awt/DefaultKeyboardFocusManager 60 java/awt/DefaultKeyboardFocusManager methods 0
ciMethodData java/awt/DefaultKeyboardFocusManager typeAheadAssertions (Ljava/awt/Component;Ljava/awt/AWTEvent;)Z 1 99 orig 80 0 0 0 0 0 0 0 0 0 0 0 0 0 0 0 0 0 0 0 0 0 0 0 0 0 0 0 0 0 0 0 0 0 0 0 0 0 0 0 0 0 0 0 0 0 0 0 0 0 0 0 0 0 0 0 0 0 0 0 0 0 0 0 0 0 0 0 0 0 0 0 0 0 0 0 0 0 0 0 0 data 307 0x10005 0x63 0x0 0x0 0x0 0x0 0x0 0x50005 0x2d 0x0 0x1e149c5c6f8 0x29 0x1e149c5c7a8 0xd 0x80008 0xa 0x2b 0x850 0xa 0x60 0xd 0x60 0xd 0x60 0x14 0x360 0x350004 0x0 0x0 0x1e14984c1a0 0x24 0x0 0x0 0x420007 0x0 0x278 0x24 0x490005 0x0 0x0 0x1e14984d170 0x24 0x0 0x0 0x4c0007 0x24 0x220 0x0 0x530005 0x0 0x0 0x0 0x0 0x0 0x0 0x560004 0x0 0x0 0x0 0x0 0x0 0x0 0x5c0005 0x0 0x0 0x0 0x0 0x0 0x0 0x650007 0x0 0x158 0x0 0x6e0005 0x0 0x0 0x0 0x0 0x0 0x0 0x710007 0x0 0xc8 0x0 0x810004 0x0 0x0 0x0 0x0 0x0 0x0 0x860004 0x0 0x0 0x0 0x0 0x0 0x0 0x870005 0x0 0x0 0x0 0x0 0x0 0x0 0x8f0005 0x0 0x0 0x0 0x0 0x0 0x0 0x9a0003 0x24 0x18 0xa70005 0x24 0x0 0x0 0x0 0x0 0x0 0xb10005 0x0 0x0 0x1e149c5c598 0x14 0x0 0x0 0xb40007 0x14 0x90 0x0 0xc40004 0x0 0x0 0x0 0x0 0x0 0x0 0xc50005 0x0 0x0 0x0 0x0 0x0 0x0 0xc90005 0x0 0x0 0x1e149c59370 0x14 0x0 0x0 0xd50005 0x14 0x0 0x0 0x0 0x0 0x0 0xd80007 0x0 0x1f8 0x14 0xdf0005 0x0 0x0 0x1e14984d170 0x14 0x0 0x0 0xe60005 0x0 0x0 0x1e149852448 0x28 0x0 0x0 0xeb0007 0x13 0x150 0x15 0xf00005 0x0 0x0 0x1e149852448 0x15 0x0 0x0 0xf50004 0x0 0x0 0x1e14984d738 0x15 0x0 0x0 0xfc0007 0x1 0x38 0x14 0x1020003 0x14 0x50 0x1070007 0x0 0x38 0x1 0x10a0003 0x1 0x68 0x10f0005 0x0 0x0 0x1e149852448 0x14 0x0 0x0 0x1140003 0x14 0xfffffffffffffe90 0x1170003 0x14 0xe0 0x1200005 0x0 0x0 0x0 0x0 0x0 0x0 0x1230007 0x0 0x90 0x0 0x1330004 0x0 0x0 0x0 0x0 0x0 0x0 0x1340005 0x0 0x0 0x0 0x0 0x0 0x0 0x1390003 0x14 0x18 0x1490005 0x0 0x0 0x1e149c5c598 0x14 0x0 0x0 0x14d0005 0x0 0x0 0x1e149c59370 0x14 0x0 0x0 0x1530005 0x14 0x0 0x0 0x0 0x0 0x0 0x1570005 0x14 0x0 0x0 0x0 0x0 0x0 0x15f0005 0x2b 0x0 0x0 0x0 0x0 0x0 0x0 0x0 0x0 0x0 0x0 0x0 0x0 0x0 0x0 0x0 0x0 0x0 0x0 0x0 0x0 0x9 0x3 0x0 0x0 0x0 oops 13 10 java/awt/event/FocusEvent 12 sun/awt/TimedWindowEvent 29 java/awt/event/KeyEvent 40 java/util/LinkedList 125 sun/util/logging/PlatformLogger 150 java/awt/DefaultKeyboardFocusManager 168 java/util/LinkedList 175 java/util/LinkedList$ListItr 186 java/util/LinkedList$ListItr 193 java/awt/DefaultKeyboardFocusManager$TypeAheadMarker 214 java/util/LinkedList$ListItr 255 sun/util/logging/PlatformLogger 262 java/awt/DefaultKeyboardFocusManager methods 0
ciMethodData java/awt/AWTEvent setSource (Ljava/lang/Object;)V 1 69 orig 80 0 0 0 0 0 0 0 0 0 0 0 0 0 0 0 0 0 0 0 0 0 0 0 0 0 0 0 0 0 0 0 0 0 0 0 0 0 0 0 0 0 0 0 0 0 0 0 0 0 0 0 0 0 0 0 0 0 0 0 0 0 0 0 0 0 0 0 0 0 0 0 0 0 0 0 0 0 0 0 0 data 68 0x50007 0x24 0x20 0x21 0xc0004 0x0 0x0 0x1e14b6a4d90 0x24 0x0 0x0 0xf0007 0x0 0xe8 0x24 0x130004 0x0 0x0 0x1e14b6a4d90 0x24 0x0 0x0 0x180007 0x0 0x90 0x1d4 0x1f0004 0xffffffffffffffdc 0x0 0x1e14b6a4e40 0x1b0 0x1e14b6a4ef0 0x24 0x220007 0x24 0x38 0x1b0 0x2a0003 0x1b0 0xffffffffffffff88 0x370007 0x0 0x78 0x24 0x420007 0x0 0x58 0x24 0x480005 0x24 0x0 0x0 0x0 0x0 0x0 0x4d0003 0x24 0x18 0x0 0x0 0x0 0x0 0x0 0x0 0x9 0x2 0xffffffffffffffff 0x0 oops 4 7 driverecovery/ConfigPanel$15 18 driverecovery/ConfigPanel$15 29 sun/awt/NullComponentPeer 31 sun/awt/windows/WFramePeer methods 0
ciMethodData java/awt/DefaultKeyboardFocusManager repostIfFollowsKeyEvents (Ljava/awt/event/WindowEvent;)Z 1 13 orig 80 0 0 0 0 0 0 0 0 0 0 0 0 0 0 0 0 0 0 0 0 0 0 0 0 0 0 0 0 0 0 0 0 0 0 0 0 0 0 0 0 0 0 0 0 0 0 0 0 0 0 0 0 0 0 0 0 0 0 0 0 0 0 0 0 0 0 0 0 0 0 0 0 0 0 0 0 0 0 0 0 data 141 0x10004 0x0 0x0 0x1e149c5c7a8 0xd 0x0 0x0 0x40007 0xd 0x20 0x0 0xa0004 0x0 0x0 0x1e149c5c7a8 0xd 0x0 0x0 0xf0005 0x0 0x0 0x1e149c5c7a8 0xd 0x0 0x0 0x1c0005 0x0 0x0 0x1e14984d170 0xd 0x0 0x0 0x1f0007 0x0 0x38 0xd 0x230003 0xd 0x88 0x2a0005 0x0 0x0 0x0 0x0 0x0 0x0 0x2d0004 0x0 0x0 0x0 0x0 0x0 0x0 0x340007 0xd 0x258 0x0 0x3a0005 0x0 0x0 0x0 0x0 0x0 0x0 0x3e0007 0x0 0x200 0x0 0x450005 0x0 0x0 0x0 0x0 0x0 0x0 0x480007 0x0 0x38 0x0 0x4c0003 0x0 0x88 0x530005 0x0 0x0 0x0 0x0 0x0 0x0 0x560004 0x0 0x0 0x0 0x0 0x0 0x0 0x5d0007 0x0 0x100 0x0 0x650005 0x0 0x0 0x0 0x0 0x0 0x0 0x6c0007 0x0 0xa8 0x0 0x710005 0x0 0x0 0x0 0x0 0x0 0x0 0x740007 0x0 0x50 0x0 0x770002 0x0 0x7f0002 0x0 0x820002 0x0 0x8d0003 0xd 0x18 0x0 0x0 0x0 0x0 0x0 0x0 0x9 0x2 0x0 0x0 oops 4 3 sun/awt/TimedWindowEvent 14 sun/awt/TimedWindowEvent 21 sun/awt/TimedWindowEvent 28 java/util/LinkedList methods 0
ciMethodData java/awt/KeyboardFocusManager getGlobalFocusedWindow ()Ljava/awt/Window; 1 57 orig 80 0 0 0 0 0 0 0 0 0 0 0 0 0 0 0 0 0 0 0 0 0 0 0 0 0 0 0 0 0 0 0 0 0 0 0 0 0 0 0 0 0 0 0 0 0 0 0 0 0 0 0 0 0 0 0 0 0 0 0 0 0 0 0 0 0 0 0 0 0 0 0 0 0 0 0 0 0 0 0 0 data 16 0x60005 0x39 0x0 0x0 0x0 0x0 0x0 0x0 0x0 0x0 0x0 0x0 0x0 0x9 0x1 0x0 oops 0 methods 0
ciMethodData java/awt/Window isFocusableWindow ()Z 1 47 orig 80 0 0 0 0 0 0 0 0 0 0 0 0 0 0 0 0 0 0 0 0 0 0 0 0 0 0 0 0 0 0 0 0 0 0 0 0 0 0 0 0 0 0 0 0 0 0 0 0 0 0 0 0 0 0 0 0 0 0 0 0 0 0 0 0 0 0 0 0 0 0 0 0 0 0 0 0 0 0 0 0 data 110 0x10005 0x2a 0x0 0x1e149c5cc78 0x2 0x1e14b839718 0x3 0x40007 0x2c 0x20 0x3 0xa0004 0xfffffffffffffff6 0x0 0x1e149c5cc78 0x2 0x1e149c5c858 0x22 0xd0007 0x22 0x78 0xa 0x110004 0xfffffffffffffff8 0x0 0x1e149c5cc78 0x2 0x1e149c5c908 0x8 0x140007 0x8 0x20 0x2 0x1a0005 0x0 0x0 0x1e149c5c908 0x8 0x0 0x0 0x1e0005 0x0 0x0 0x1e149c5c9b8 0x8 0x0 0x0 0x210007 0x8 0x20 0x0 0x270005 0x0 0x0 0x1e149c5c908 0x8 0x0 0x0 0x2c0007 0x0 0x158 0x8 0x300004 0x0 0x0 0x1e149c5c858 0x8 0x0 0x0 0x330007 0x8 0x78 0x0 0x370004 0x0 0x0 0x0 0x0 0x0 0x0 0x3a0007 0x0 0x58 0x0 0x3e0005 0x0 0x0 0x1e149c5c858 0x8 0x0 0x0 0x430005 0x0 0x0 0x0 0x0 0x0 0x0 0x470003 0x0 0xfffffffffffffec0 0x0 0x0 0x0 0x0 0x0 0x0 0x9 0x1 0x0 oops 11 3 javax/swing/JDialog 5 javax/swing/Popup$HeavyWeightWindow 14 javax/swing/JDialog 16 driverecovery/MainWindow 25 javax/swing/JDialog 27 javax/swing/JWindow 36 javax/swing/JWindow 43 javax/swing/LayoutFocusTraversalPolicy 54 javax/swing/JWindow 65 driverecovery/MainWindow 87 driverecovery/MainWindow methods 0
ciMethodData java/awt/KeyboardFocusManager setGlobalFocusOwner (Ljava/awt/Component;)V 1 41 orig 80 0 0 0 0 0 0 0 0 0 0 0 0 0 0 0 0 0 0 0 0 0 0 0 0 0 0 0 0 0 0 0 0 0 0 0 0 0 0 0 0 0 0 0 0 0 0 0 0 0 0 0 0 0 0 0 0 0 0 0 0 0 0 0 0 0 0 0 0 0 0 0 0 0 0 0 0 0 0 0 0 data 136 0x50007 0x15 0x78 0x14 0x90005 0x12 0x0 0x1e149c5cdd8 0x1 0x1e149c5ce88 0x1 0xc0007 0x0 0x340 0x14 0x160005 0x29 0x0 0x0 0x0 0x0 0x0 0x1a0005 0x0 0x0 0x1e149c59370 0x29 0x0 0x0 0x230005 0x0 0x0 0x1e149c59370 0x29 0x0 0x0 0x260003 0x29 0x18 0x340007 0x15 0x248 0x14 0x380005 0x0 0x0 0x1e149c59370 0x14 0x0 0x0 0x3b0007 0x2 0xb0 0x12 0x400005 0x0 0x0 0x1e149c59370 0x12 0x0 0x0 0x430005 0x10 0x0 0x1e149c5cdd8 0x1 0x1e149c5ce88 0x1 0x460007 0x11 0x160 0x1 0x4a0005 0x1 0x0 0x1e149c5ca68 0x1 0x1e149c5cbc8 0x1 0x510007 0x3 0xb0 0x0 0x550004 0x0 0x0 0x0 0x0 0x0 0x0 0x580007 0x0 0x58 0x0 0x5c0004 0x0 0x0 0x0 0x0 0x0 0x0 0x630007 0x0 0x58 0x3 0x690005 0x0 0x0 0x1e149c59370 0x3 0x0 0x0 0x710003 0x29 0x18 0x7d0007 0x0 0x58 0x29 0x850005 0x0 0x0 0x1e149c59370 0x29 0x0 0x0 0x0 0x0 0x0 0x0 0x0 0x0 0x9 0x2 0x0 0xffffffffffffffff oops 12 7 javax/swing/plaf/metal/MetalFileChooserUI$1 9 sun/swing/FilePane$4 25 java/awt/DefaultKeyboardFocusManager 32 java/awt/DefaultKeyboardFocusManager 46 java/awt/DefaultKeyboardFocusManager 57 java/awt/DefaultKeyboardFocusManager 64 javax/swing/plaf/metal/MetalFileChooserUI$1 66 sun/swing/FilePane$4 75 driverecovery/ConfigPanel$16 77 driverecovery/ConfigPanel$12 108 java/awt/DefaultKeyboardFocusManager 122 java/awt/DefaultKeyboardFocusManager methods 0
ciMethodData java/awt/KeyboardFocusManager setGlobalFocusedWindow (Ljava/awt/Window;)V 1 13 orig 80 0 0 0 0 0 0 0 0 0 0 0 0 0 0 0 0 0 0 0 0 0 0 0 0 0 0 0 0 0 0 0 0 0 0 0 0 0 0 0 0 0 0 0 0 0 0 0 0 0 0 0 0 0 0 0 0 0 0 0 0 0 0 0 0 0 0 0 0 0 0 0 0 0 0 0 0 0 0 0 0 data 63 0x50007 0x7 0x78 0x6 0x90005 0x6 0x0 0x0 0x0 0x0 0x0 0xc0007 0x0 0xf8 0x6 0x160005 0xd 0x0 0x0 0x0 0x0 0x0 0x1a0005 0x0 0x0 0x1e149c59370 0xd 0x0 0x0 0x240005 0x0 0x0 0x1e149c59370 0xd 0x0 0x0 0x270003 0xd 0x18 0x390003 0xd 0x18 0x450007 0x0 0x58 0xd 0x4e0005 0x0 0x0 0x1e149c59370 0xd 0x0 0x0 0x0 0x0 0x0 0x0 0x0 0x0 0x9 0x2 0x0 0xffffffffffffffff oops 3 25 java/awt/DefaultKeyboardFocusManager 32 java/awt/DefaultKeyboardFocusManager 49 java/awt/DefaultKeyboardFocusManager methods 0
ciMethodData java/awt/DefaultKeyboardFocusManager getOwningFrameDialog (Ljava/awt/Window;)Ljava/awt/Window; 1 6 orig 80 0 0 0 0 0 0 0 0 0 0 0 0 0 0 0 0 0 0 0 0 0 0 0 0 0 0 0 0 0 0 0 0 0 0 0 0 0 0 0 0 0 0 0 0 0 0 0 0 0 0 0 0 0 0 0 0 0 0 0 0 0 0 0 0 0 0 0 0 0 0 0 0 0 0 0 0 0 0 0 0 data 53 0x10007 0x0 0x158 0x7 0x50004 0xffffffffffffffff 0x0 0x1e149c5c858 0x6 0x0 0x0 0x80007 0x6 0x100 0x1 0xc0004 0xffffffffffffffff 0x0 0x0 0x0 0x0 0x0 0xf0007 0x0 0xa8 0x1 0x130005 0x0 0x0 0x1e149c5c908 0x1 0x0 0x0 0x160004 0x0 0x0 0x1e149c5c858 0x1 0x0 0x0 0x1a0003 0x1 0xfffffffffffffec0 0x0 0x0 0x0 0x0 0x0 0x0 0x9 0x2 0x0 0x0 oops 3 7 driverecovery/MainWindow 29 javax/swing/JWindow 36 driverecovery/MainWindow methods 0
ciMethodData java/awt/DefaultKeyboardFocusManager restoreFocus (Ljava/awt/event/WindowEvent;)V 1 0 orig 80 0 0 0 0 0 0 0 0 0 0 0 0 0 0 0 0 0 0 0 0 0 0 0 0 0 0 0 0 0 0 0 0 0 0 0 0 0 0 0 0 0 0 0 0 0 0 0 0 0 0 0 0 0 0 0 0 0 0 0 0 0 0 0 0 0 0 0 0 0 0 0 0 0 0 0 0 0 0 0 0 data 81 0x40005 0x0 0x0 0x0 0x0 0x0 0x0 0x70004 0x0 0x0 0x0 0x0 0x0 0x0 0xc0007 0x0 0x90 0x0 0x130005 0x0 0x0 0x0 0x0 0x0 0x0 0x160007 0x0 0x38 0x0 0x190003 0x0 0x150 0x1d0005 0x0 0x0 0x0 0x0 0x0 0x0 0x200007 0x0 0xc8 0x0 0x250005 0x0 0x0 0x0 0x0 0x0 0x0 0x2a0005 0x0 0x0 0x0 0x0 0x0 0x0 0x2d0007 0x0 0x38 0x0 0x300003 0x0 0x50 0x340005 0x0 0x0 0x0 0x0 0x0 0x0 0x0 0x0 0x0 0x0 0x0 0x0 0x9 0x2 0x0 0x0 oops 0 methods 0
ciMethodData java/awt/KeyboardFocusManager getMostRecentFocusOwner (Ljava/awt/Window;)Ljava/awt/Component; 1 245 orig 80 0 0 0 0 0 0 0 0 0 0 0 0 0 0 0 0 0 0 0 0 0 0 0 0 0 0 0 0 0 0 0 0 0 0 0 0 0 0 0 0 0 0 0 0 0 0 0 0 0 0 0 0 0 0 0 0 0 0 0 0 0 0 0 0 0 0 0 0 0 0 0 0 0 0 0 0 0 0 0 0 data 44 0x40005 0x0 0x0 0x1e14b8dde08 0xf5 0x0 0x0 0x90104 0x0 0x0 0x1e17f9b4728 0x98 0x0 0x0 0xe0007 0x98 0x38 0x5d 0x120003 0x5d 0x88 0x160005 0x0 0x0 0x1e17f9b4728 0x98 0x0 0x0 0x190004 0x0 0x0 0x1e149c5cf38 0x2 0x1e149c5cdd8 0x6 0x0 0x0 0x0 0x0 0x0 0x0 0x9 0x1 0xffffffffffffffff oops 5 3 java/util/WeakHashMap 10 java/lang/ref/WeakReference 24 java/lang/ref/WeakReference 31 javax/swing/plaf/metal/MetalFileChooserUI$3 33 javax/swing/plaf/metal/MetalFileChooserUI$1 methods 0
ciMethodData java/awt/Container getFocusTraversalPolicy ()Ljava/awt/FocusTraversalPolicy; 1 15 orig 80 0 0 0 0 0 0 0 0 0 0 0 0 0 0 0 0 0 0 0 0 0 0 0 0 0 0 0 0 0 0 0 0 0 0 0 0 0 0 0 0 0 0 0 0 0 0 0 0 0 0 0 0 0 0 0 0 0 0 0 0 0 0 0 0 0 0 0 0 0 0 0 0 0 0 0 0 0 0 0 0 data 62 0x10005 0xf 0x0 0x0 0x0 0x0 0x0 0x40007 0x0 0x78 0xf 0x80005 0x0 0x0 0x1e149c5c858 0x5 0x1e149c5c908 0xa 0xb0007 0xf 0x20 0x0 0x160007 0x0 0x20 0xf 0x1c0005 0x0 0x0 0x0 0x0 0x0 0x0 0x210007 0x0 0x58 0x0 0x250005 0x0 0x0 0x0 0x0 0x0 0x0 0x290002 0x0 0x2c0005 0x0 0x0 0x0 0x0 0x0 0x0 0x0 0x0 0x0 0x0 0x0 0x0 0x9 0x1 0xffffffffffffffff oops 2 14 driverecovery/MainWindow 16 javax/swing/JWindow methods 0
ciMethodData java/awt/FocusTraversalPolicy getInitialComponent (Ljava/awt/Window;)Ljava/awt/Component; 1 2 orig 80 0 0 0 0 0 0 0 0 0 0 0 0 0 0 0 0 0 0 0 0 0 0 0 0 0 0 0 0 0 0 0 0 0 0 0 0 0 0 0 0 0 0 0 0 0 0 0 0 0 0 0 0 0 0 0 0 0 0 0 0 0 0 0 0 0 0 0 0 0 0 0 0 0 0 0 0 0 0 0 0 data 38 0x10007 0x2 0x30 0x0 0xa0002 0x0 0x100005 0x0 0x0 0x1e149c5c9b8 0x2 0x0 0x0 0x150007 0x2 0x78 0x0 0x190005 0x0 0x0 0x0 0x0 0x0 0x0 0x1c0007 0x0 0x20 0x0 0x0 0x0 0x0 0x0 0x0 0x0 0x9 0x2 0xffffffffffffffff 0xffffffffffffffff oops 1 9 javax/swing/LayoutFocusTraversalPolicy methods 0
ciMethodData java/awt/Window setTemporaryLostComponent (Ljava/awt/Component;)Ljava/awt/Component; 1 11 orig 80 0 0 0 0 0 0 0 0 0 0 0 0 0 0 0 0 0 0 0 0 0 0 0 0 0 0 0 0 0 0 0 0 0 0 0 0 0 0 0 0 0 0 0 0 0 0 0 0 0 0 0 0 0 0 0 0 0 0 0 0 0 0 0 0 0 0 0 0 0 0 0 0 0 0 0 0 0 0 0 0 data 28 0x60007 0x6 0x78 0x5 0xa0005 0x5 0x0 0x0 0x0 0x0 0x0 0xd0007 0x0 0x38 0x5 0x150003 0xb 0x18 0x0 0x0 0x0 0x0 0x0 0x0 0x9 0x2 0xffffffff80000000 0x0 oops 0 methods 0
ciMethodData sun/util/logging/PlatformLogger finer (Ljava/lang/String;[Ljava/lang/Object;)V 1 0 orig 80 0 0 0 0 0 0 0 0 0 0 0 0 0 0 0 0 0 0 0 0 0 0 0 0 0 0 0 0 0 0 0 0 0 0 0 0 0 0 0 0 0 0 0 0 0 0 0 0 0 0 0 0 0 0 0 0 0 0 0 0 0 0 0 0 0 0 0 0 0 0 0 0 0 0 0 0 0 0 0 0 data 18 0x90005 0x0 0x0 0x0 0x0 0x0 0x0 0x0 0x0 0x0 0x0 0x0 0x0 0x9 0x3 0x0 0xffffffffffffffff 0xffffffffffffffff oops 0 methods 0
ciMethodData java/awt/event/WindowEvent getOppositeWindow ()Ljava/awt/Window; 1 13 orig 80 0 0 0 0 0 0 0 0 0 0 0 0 0 0 0 0 0 0 0 0 0 0 0 0 0 0 0 0 0 0 0 0 0 0 0 0 0 0 0 0 0 0 0 0 0 0 0 0 0 0 0 0 0 0 0 0 0 0 0 0 0 0 0 0 0 0 0 0 0 0 0 0 0 0 0 0 0 0 0 0 data 24 0x40007 0x6 0x20 0x7 0xd0002 0x6 0x100002 0x6 0x130007 0x0 0x38 0x6 0x1a0003 0x6 0x18 0x0 0x0 0x0 0x0 0x0 0x0 0x9 0x1 0x0 oops 0 methods 0
ciMethodData sun/util/logging/PlatformLogger fine (Ljava/lang/String;[Ljava/lang/Object;)V 1 0 orig 80 0 0 0 0 0 0 0 0 0 0 0 0 0 0 0 0 0 0 0 0 0 0 0 0 0 0 0 0 0 0 0 0 0 0 0 0 0 0 0 0 0 0 0 0 0 0 0 0 0 0 0 0 0 0 0 0 0 0 0 0 0 0 0 0 0 0 0 0 0 0 0 0 0 0 0 0 0 0 0 0 data 18 0x90005 0x0 0x0 0x0 0x0 0x0 0x0 0x0 0x0 0x0 0x0 0x0 0x0 0x9 0x3 0x0 0xffffffffffffffff 0xffffffffffffffff oops 0 methods 0
ciMethodData java/awt/KeyboardFocusManager getGlobalFocusOwner ()Ljava/awt/Component; 2 3645 orig 80 0 0 0 0 0 0 0 0 0 0 0 0 0 0 0 0 0 0 0 0 0 0 0 0 0 0 0 0 0 0 0 0 0 0 0 0 0 0 0 0 0 0 0 0 0 0 0 0 0 0 0 0 0 0 0 0 0 0 0 0 0 0 0 0 0 0 0 0 0 0 0 0 0 0 0 0 0 0 0 0 data 16 0x60005 0xe3d 0x0 0x0 0x0 0x0 0x0 0x0 0x0 0x0 0x0 0x0 0x0 0x9 0x1 0x0 oops 0 methods 0
ciMethodData java/awt/Window getMostRecentFocusOwner ()Ljava/awt/Component; 1 1 orig 80 0 0 0 0 0 0 0 0 0 0 0 0 0 0 0 0 0 0 0 0 0 0 0 0 0 0 0 0 0 0 0 0 0 0 0 0 0 0 0 0 0 0 0 0 0 0 0 0 0 0 0 0 0 0 0 0 0 0 0 0 0 0 0 0 0 0 0 0 0 0 0 0 0 0 0 0 0 0 0 0 data 61 0x10005 0x0 0x0 0x1e149c5c908 0x1 0x0 0x0 0x40007 0x1 0x58 0x0 0x80005 0x0 0x0 0x0 0x0 0x0 0x0 0xd0002 0x1 0x120007 0x1 0x20 0x0 0x180005 0x1 0x0 0x0 0x0 0x0 0x0 0x1b0007 0x0 0xa8 0x1 0x1f0005 0x0 0x0 0x1e149c5c908 0x1 0x0 0x0 0x230005 0x0 0x0 0x1e149c5c9b8 0x1 0x0 0x0 0x260003 0x1 0x18 0x0 0x0 0x0 0x0 0x0 0x0 0x9 0x1 0x0 oops 3 3 javax/swing/JWindow 38 javax/swing/JWindow 45 javax/swing/LayoutFocusTraversalPolicy methods 0
ciMethodData java/awt/event/FocusEvent <init> (Ljava/awt/Component;IZLjava/awt/Component;Ljava/awt/event/FocusEvent$Cause;)V 1 80 orig 80 0 0 0 0 0 0 0 0 0 0 0 0 0 0 0 0 0 0 0 0 0 0 0 0 0 0 0 0 0 0 0 0 0 0 0 0 0 0 0 0 0 0 0 0 0 0 0 0 0 0 0 0 0 0 0 0 0 0 0 0 0 0 0 0 0 0 0 0 0 0 0 0 0 0 0 0 0 0 0 0 data 22 0x30002 0x50 0x80007 0x50 0x30 0x0 0x110002 0x0 0x0 0x0 0x0 0x0 0x0 0x0 0x9 0x6 0x3e 0x0 0x0 0x0 0x0 0x0 oops 0 methods 0
ciMethodData java/awt/DefaultKeyboardFocusManager restoreFocus (Ljava/awt/Window;Ljava/awt/Component;Z)Z 1 0 orig 80 0 0 0 0 0 0 0 0 0 0 0 0 0 0 0 0 0 0 0 0 0 0 0 0 0 0 0 0 0 0 0 0 0 0 0 0 0 0 0 0 0 0 0 0 0 0 0 0 0 0 0 0 0 0 0 0 0 0 0 0 0 0 0 0 0 0 0 0 0 0 0 0 0 0 0 0 0 0 0 0 data 105 0x60002 0x0 0xd0007 0x0 0x280 0x0 0x130007 0x0 0x260 0x0 0x170002 0x0 0x1b0005 0x0 0x0 0x0 0x0 0x0 0x0 0x1e0007 0x0 0x1a0 0x0 0x230005 0x0 0x0 0x0 0x0 0x0 0x0 0x260007 0x0 0x78 0x0 0x2b0005 0x0 0x0 0x0 0x0 0x0 0x0 0x2e0007 0x0 0x58 0x0 0x330005 0x0 0x0 0x0 0x0 0x0 0x0 0x3a0007 0x0 0xf0 0x0 0x400007 0x0 0xd0 0x0 0x490005 0x0 0x0 0x0 0x0 0x0 0x0 0x4c0007 0x0 0x20 0x0 0x5c0005 0x0 0x0 0x0 0x0 0x0 0x0 0x5f0007 0x0 0x20 0x0 0x650007 0x0 0x58 0x0 0x690005 0x0 0x0 0x0 0x0 0x0 0x0 0x0 0x0 0x0 0x0 0x0 0x0 0x9 0x4 0x300 0xffffffffffffffff 0x0 0x0 oops 0 methods 0
ciMethodData java/awt/event/ComponentEvent getComponent ()Ljava/awt/Component; 2 1987 orig 80 0 0 0 0 0 0 0 0 0 0 0 0 0 0 0 0 0 0 0 0 0 0 0 0 0 0 0 0 0 0 0 0 0 0 0 0 0 0 0 0 0 0 0 0 0 0 0 0 0 0 0 0 0 0 0 0 0 0 0 0 0 0 0 0 0 0 0 0 0 0 0 0 0 0 0 0 0 0 0 0 data 30 0x40004 0x0 0x0 0x1e14b630fb0 0x2 0x1e149c5cdd8 0x18 0x70007 0x0 0x70 0x7c3 0xe0004 0x0 0x0 0x1e14b630fb0 0x2 0x1e149c5cdd8 0x18 0x110003 0x7c3 0x18 0x0 0x0 0x0 0x0 0x0 0x0 0x9 0x1 0x0 oops 4 3 javax/swing/JFileChooser 5 javax/swing/plaf/metal/MetalFileChooserUI$1 14 javax/swing/JFileChooser 16 javax/swing/plaf/metal/MetalFileChooserUI$1 methods 0
ciMethodData java/awt/DefaultKeyboardFocusManager dequeueKeyEvents (JLjava/awt/Component;)V 1 3 orig 80 0 0 0 0 0 0 0 0 0 0 0 0 0 0 0 0 0 0 0 0 0 0 0 0 0 0 0 0 0 0 0 0 0 0 0 0 0 0 0 0 0 0 0 0 0 0 0 0 0 0 0 0 0 0 0 0 0 0 0 0 0 0 0 0 0 0 0 0 0 0 0 0 0 0 0 0 0 0 0 0 data 151 0x10007 0x3 0x20 0x0 0xb0005 0x0 0x0 0x1e149c5c598 0x3 0x0 0x0 0xe0007 0x3 0xd8 0x0 0x1e0002 0x0 0x210004 0x0 0x0 0x0 0x0 0x0 0x0 0x250004 0x0 0x0 0x0 0x0 0x0 0x0 0x260005 0x0 0x0 0x0 0x0 0x0 0x0 0x300007 0x0 0x70 0x3 0x370005 0x0 0x0 0x1e14984d170 0x3 0x0 0x0 0x3a0003 0x3 0x18 0x3e0005 0x0 0x0 0x1e14984d170 0x3 0x0 0x0 0x460007 0x3 0x140 0x0 0x4b0005 0x0 0x0 0x0 0x0 0x0 0x0 0x500007 0x0 0x228 0x0 0x550005 0x0 0x0 0x0 0x0 0x0 0x0 0x5a0004 0x0 0x0 0x0 0x0 0x0 0x0 0x650007 0x0 0xffffffffffffff38 0x0 0x6a0005 0x0 0x0 0x0 0x0 0x0 0x0 0x720005 0x0 0x0 0x1e149852448 0x3 0x0 0x0 0x770007 0x3 0x108 0x0 0x7c0005 0x0 0x0 0x0 0x0 0x0 0x0 0x810004 0x0 0x0 0x0 0x0 0x0 0x0 0x8c0007 0x0 0xffffffffffffff38 0x0 0x960007 0x0 0xffffffffffffff18 0x0 0x9b0005 0x0 0x0 0x0 0x0 0x0 0x0 0x0 0x0 0x0 0x0 0x0 0x0 0x9 0x4 0x0 0x0 0x0 0x0 oops 4 7 sun/util/logging/PlatformLogger 45 java/util/LinkedList 55 java/util/LinkedList 102 java/util/LinkedList$ListItr methods 0
ciMethodData java/awt/Component isFocusable ()Z 1 654 orig 80 0 0 0 0 0 0 0 0 0 0 0 0 0 0 0 0 0 0 0 0 0 0 0 0 0 0 0 0 0 0 0 0 0 0 0 0 0 0 0 0 0 0 0 0 0 0 0 0 0 0 0 0 0 0 0 0 0 0 0 0 0 0 0 0 0 0 0 0 0 0 0 0 0 0 0 0 0 0 0 0 data 16 0x10005 0x287 0x0 0x1e149c5cdd8 0x5 0x1e14aef01d0 0x2 0x0 0x0 0x0 0x0 0x0 0x0 0x9 0x1 0x0 oops 2 3 javax/swing/plaf/metal/MetalFileChooserUI$1 5 com/formdev/flatlaf/ui/FlatComboBoxUI$FlatComboPopup methods 0
ciMethodData java/awt/KeyboardFocusManager getFocusOwner ()Ljava/awt/Component; 2 1024 orig 80 0 0 0 0 0 0 0 0 0 0 0 0 0 0 0 0 0 0 0 0 0 0 0 0 0 0 0 0 0 0 0 0 0 0 0 0 0 0 0 0 0 0 0 0 0 0 0 0 0 0 0 0 0 0 0 0 0 0 0 0 0 0 0 0 0 0 0 0 0 0 0 0 0 0 0 0 0 0 0 0 data 22 0x80007 0x387 0x20 0x79 0x150002 0x387 0x180007 0x0 0x38 0x387 0x1e0003 0x387 0x18 0x0 0x0 0x0 0x0 0x0 0x0 0x9 0x1 0x0 oops 0 methods 0
ciMethodData java/awt/KeyboardFocusManager getPermanentFocusOwner ()Ljava/awt/Component; 1 332 orig 80 0 0 0 0 0 0 0 0 0 0 0 0 0 0 0 0 0 0 0 0 0 0 0 0 0 0 0 0 0 0 0 0 0 0 0 0 0 0 0 0 0 0 0 0 0 0 0 0 0 0 0 0 0 0 0 0 0 0 0 0 0 0 0 0 0 0 0 0 0 0 0 0 0 0 0 0 0 0 0 0 data 22 0x80007 0xf9 0x20 0x53 0x150002 0xf9 0x180007 0x0 0x38 0xf9 0x1e0003 0xf9 0x18 0x0 0x0 0x0 0x0 0x0 0x0 0x9 0x1 0x0 oops 0 methods 0
ciMethodData java/awt/KeyboardFocusManager getActiveWindow ()Ljava/awt/Window; 1 9 orig 80 0 0 0 0 0 0 0 0 0 0 0 0 0 0 0 0 0 0 0 0 0 0 0 0 0 0 0 0 0 0 0 0 0 0 0 0 0 0 0 0 0 0 0 0 0 0 0 0 0 0 0 0 0 0 0 0 0 0 0 0 0 0 0 0 0 0 0 0 0 0 0 0 0 0 0 0 0 0 0 0 data 22 0x80007 0x5 0x20 0x4 0x150002 0x5 0x180007 0x0 0x38 0x5 0x1e0003 0x5 0x18 0x0 0x0 0x0 0x0 0x0 0x0 0x9 0x1 0x0 oops 0 methods 0
ciMethod java/awt/KeyboardFocusManager$2 <init> (Ljava/awt/KeyboardFocusManager;)V 4 0 2 0 -1
ciMethod java/security/DomainCombiner combine ([Ljava/security/ProtectionDomain;[Ljava/security/ProtectionDomain;)[Ljava/security/ProtectionDomain; 0 0 1 0 -1
compile java/awt/DefaultKeyboardFocusManager dispatchEvent (Ljava/awt/AWTEvent;)Z -1 4 inline 91 0 -1 0 java/awt/DefaultKeyboardFocusManager dispatchEvent (Ljava/awt/AWTEvent;)Z 1 6 0 sun/util/logging/PlatformLogger isLoggable (Lsun/util/logging/PlatformLogger$Level;)Z 2 17 0 sun/util/logging/internal/LoggingProviderImpl$JULWrapper isLoggable (Lsun/util/logging/PlatformLogger$Level;)Z 3 5 0 sun/util/logging/internal/LoggingProviderImpl$JULWrapper toJUL (Lsun/util/logging/PlatformLogger$Level;)Ljava/util/logging/Level; 4 35 0 java/lang/Enum ordinal ()I 3 8 0 java/util/logging/Logger isLoggable (Ljava/util/logging/Level;)Z 4 9 0 java/util/logging/Level intValue ()I 2 17 0 jdk/internal/logger/AbstractLoggerWrapper isLoggable (Lsun/util/logging/PlatformLogger$Level;)Z 3 1 0 jdk/internal/logger/LazyLoggers$LazyLoggerWrapper platformProxy ()Lsun/util/logging/PlatformLogger$Bridge; 4 4 0 jdk/internal/logger/LazyLoggers$LazyLoggerAccessor platform ()Lsun/util/logging/PlatformLogger$Bridge; 3 20 0 sun/util/logging/internal/LoggingProviderImpl$JULWrapper isLoggable (Lsun/util/logging/PlatformLogger$Level;)Z 4 5 0 sun/util/logging/internal/LoggingProviderImpl$JULWrapper toJUL (Lsun/util/logging/PlatformLogger$Level;)Ljava/util/logging/Level; 5 35 0 java/lang/Enum ordinal ()I 4 8 0 java/util/logging/Logger isLoggable (Ljava/util/logging/Level;)Z 5 9 0 java/util/logging/Level intValue ()I 1 42 0 java/awt/AWTEvent getID ()I 1 1179 0 java/awt/event/FocusEvent isTemporary ()Z 1 1208 0 java/awt/Component getContainingWindow ()Ljava/awt/Window; 2 1 0 sun/awt/SunToolkit getContainingWindow (Ljava/awt/Component;)Ljava/awt/Window; 3 12 0 java/awt/Component getParent ()Ljava/awt/Container; 4 1 0 java/awt/Component getParent_NoClientCode ()Ljava/awt/Container; 1 1248 0 java/lang/ref/WeakReference <init> (Ljava/lang/Object;)V 2 2 0 java/lang/ref/Reference <init> (Ljava/lang/Object;)V 3 3 0 java/lang/ref/Reference <init> (Ljava/lang/Object;Ljava/lang/ref/ReferenceQueue;)V 4 1 0 java/lang/Object <init> ()V 1 724 0 java/awt/event/FocusEvent isTemporary ()Z 1 730 0 java/awt/event/FocusEvent getCause ()Ljava/awt/event/FocusEvent$Cause; 1 752 0 java/awt/event/FocusEvent isTemporary ()Z 1 831 0 java/awt/Component isFocusable ()Z 1 847 0 java/awt/Component isEnabled ()Z 2 1 0 java/awt/Component isEnabledImpl ()Z 1 854 0 java/awt/event/FocusEvent getCause ()Ljava/awt/event/FocusEvent$Cause; 1 953 0 java/awt/event/FocusEvent isTemporary ()Z 1 1044 0 java/awt/event/FocusEvent isTemporary ()Z 1 1050 0 java/awt/event/FocusEvent getCause ()Ljava/awt/event/FocusEvent$Cause; 1 1053 0 java/awt/event/FocusEvent <init> (Ljava/awt/Component;IZLjava/awt/Component;Ljava/awt/event/FocusEvent$Cause;)V 2 3 0 java/awt/event/ComponentEvent <init> (Ljava/awt/Component;I)V 3 3 0 java/awt/AWTEvent <init> (Ljava/lang/Object;I)V 4 2 0 java/util/EventObject <init> (Ljava/lang/Object;)V 5 1 0 java/lang/Object <init> ()V 4 11 0 java/security/AccessController getContext ()Ljava/security/AccessControlContext; 5 14 0 java/security/AccessControlContext <init> ([Ljava/security/ProtectionDomain;Z)V 6 1 0 java/lang/Object <init> ()V 5 19 0 java/security/AccessControlContext optimize ()Ljava/security/AccessControlContext; 1 1459 0 java/awt/Window getTemporaryLostComponent ()Ljava/awt/Component; 1 1502 0 java/awt/event/FocusEvent <init> (Ljava/awt/Component;IZLjava/awt/Component;Ljava/awt/event/FocusEvent$Cause;)V 2 3 0 java/awt/event/ComponentEvent <init> (Ljava/awt/Component;I)V 3 3 0 java/awt/AWTEvent <init> (Ljava/lang/Object;I)V 4 2 0 java/util/EventObject <init> (Ljava/lang/Object;)V 5 1 0 java/lang/Object <init> ()V 4 11 0 java/security/AccessController getContext ()Ljava/security/AccessControlContext; 5 14 0 java/security/AccessControlContext <init> ([Ljava/security/ProtectionDomain;Z)V 6 1 0 java/lang/Object <init> ()V 5 19 0 java/security/AccessControlContext optimize ()Ljava/security/AccessControlContext; 1 1548 0 java/lang/ref/WeakReference <init> (Ljava/lang/Object;)V 2 2 0 java/lang/ref/Reference <init> (Ljava/lang/Object;)V 3 3 0 java/lang/ref/Reference <init> (Ljava/lang/Object;Ljava/lang/ref/ReferenceQueue;)V 4 1 0 java/lang/Object <init> ()V 1 1589 0 java/awt/event/WindowEvent <init> (Ljava/awt/Window;ILjava/awt/Window;)V 2 6 0 java/awt/event/WindowEvent <init> (Ljava/awt/Window;ILjava/awt/Window;II)V 3 3 0 java/awt/event/ComponentEvent <init> (Ljava/awt/Component;I)V 4 3 0 java/awt/AWTEvent <init> (Ljava/lang/Object;I)V 5 2 0 java/util/EventObject <init> (Ljava/lang/Object;)V 6 1 0 java/lang/Object <init> ()V 5 11 0 java/security/AccessController getContext ()Ljava/security/AccessControlContext; 6 14 0 java/security/AccessControlContext <init> ([Ljava/security/ProtectionDomain;Z)V 7 1 0 java/lang/Object <init> ()V 6 19 0 java/security/AccessControlContext optimize ()Ljava/security/AccessControlContext; 1 177 0 java/awt/Component isVisible ()Z 2 1 0 java/awt/Component isVisible_NoClientCode ()Z 1 271 0 java/awt/event/WindowEvent <init> (Ljava/awt/Window;ILjava/awt/Window;)V 2 6 0 java/awt/event/WindowEvent <init> (Ljava/awt/Window;ILjava/awt/Window;II)V 3 3 0 java/awt/event/ComponentEvent <init> (Ljava/awt/Component;I)V 4 3 0 java/awt/AWTEvent <init> (Ljava/lang/Object;I)V 5 2 0 java/util/EventObject <init> (Ljava/lang/Object;)V 6 1 0 java/lang/Object <init> ()V 5 11 0 java/security/AccessController getContext ()Ljava/security/AccessControlContext; 6 14 0 java/security/AccessControlContext <init> ([Ljava/security/ProtectionDomain;Z)V 7 1 0 java/lang/Object <init> ()V 6 19 0 java/security/AccessControlContext optimize ()Ljava/security/AccessControlContext; 1 1286 0 java/util/EventObject getSource ()Ljava/lang/Object; 1 588 0 java/awt/event/WindowEvent <init> (Ljava/awt/Window;ILjava/awt/Window;)V 2 6 0 java/awt/event/WindowEvent <init> (Ljava/awt/Window;ILjava/awt/Window;II)V 3 3 0 java/awt/event/ComponentEvent <init> (Ljava/awt/Component;I)V 4 3 0 java/awt/AWTEvent <init> (Ljava/lang/Object;I)V 5 2 0 java/util/EventObject <init> (Ljava/lang/Object;)V 6 1 0 java/lang/Object <init> ()V 5 11 0 java/security/AccessController getContext ()Ljava/security/AccessControlContext; 6 14 0 java/security/AccessControlContext <init> ([Ljava/security/ProtectionDomain;Z)V 7 1 0 java/lang/Object <init> ()V 6 19 0 java/security/AccessControlContext optimize ()Ljava/security/AccessControlContext;
