version 2
JvmtiExport can_access_local_variables 0
JvmtiExport can_hotswap_or_post_breakpoint 0
JvmtiExport can_post_on_exceptions 0
# 669 ciObject found
instanceKlass com/google/api/client/http/javanet/NetHttpRequest
ciInstanceKlass java/lang/Cloneable 1 0 7 100 1 100 1 1 1
instanceKlass io/opencensus/trace/CurrentSpanUtils$1
# instanceKlass java/lang/invoke/LambdaForm$MH+0x000001f404002000
# instanceKlass java/lang/invoke/LambdaForm$MH+0x000001f404149c00
# instanceKlass java/lang/invoke/LambdaForm$MH+0x000001f404149800
# instanceKlass java/lang/invoke/LambdaForm$MH+0x000001f40415e400
# instanceKlass java/lang/invoke/LambdaForm$DMH+0x000001f40415e000
# instanceKlass java/lang/invoke/LambdaForm$MH+0x000001f404180c00
# instanceKlass java/lang/invoke/LambdaForm$MH+0x000001f404180800
# instanceKlass java/lang/invoke/LambdaForm$MH+0x000001f404186400
# instanceKlass java/lang/invoke/LambdaForm$MH+0x000001f404186000
# instanceKlass java/lang/invoke/LambdaForm$MH+0x000001f404187400
# instanceKlass java/lang/invoke/LambdaForm$MH+0x000001f404187000
# instanceKlass java/lang/invoke/LambdaForm$DMH+0x000001f4041a8400
# instanceKlass java/lang/invoke/LambdaForm$MH+0x000001f4041a8000
# instanceKlass java/lang/invoke/LambdaForm$DMH+0x000001f40401b400
instanceKlass com/google/api/services/drive/Drive$Permissions
# instanceKlass java/lang/invoke/LambdaForm$MH+0x000001f40401b000
# instanceKlass java/lang/invoke/LambdaForm$MH+0x000001f404219c00
# instanceKlass java/lang/invoke/LambdaForm$MH+0x000001f404219800
# instanceKlass java/lang/invoke/LambdaForm$DMH+0x000001f404412400
# instanceKlass java/lang/invoke/LambdaForm$MH+0x000001f404412000
# instanceKlass java/lang/invoke/LambdaForm$MH+0x000001f40444ac00
# instanceKlass java/lang/invoke/LambdaForm$MH+0x000001f40444a800
# instanceKlass java/lang/invoke/LambdaForm$MH+0x000001f40444c400
# instanceKlass java/lang/invoke/LambdaForm$DMH+0x000001f40444c000
# instanceKlass java/lang/invoke/LambdaForm$MH+0x000001f404459c00
# instanceKlass java/lang/invoke/LambdaForm$MH+0x000001f404459800
# instanceKlass java/lang/invoke/LambdaForm$MH+0x000001f40445ac00
# instanceKlass java/lang/invoke/LambdaForm$MH+0x000001f40445a800
# instanceKlass java/lang/invoke/LambdaForm$MH+0x000001f40445b400
# instanceKlass java/lang/invoke/LambdaForm$MH+0x000001f40445b000
# instanceKlass java/lang/invoke/LambdaForm$MH+0x000001f404001400
# instanceKlass java/lang/invoke/LambdaForm$MH+0x000001f404001c00
# instanceKlass java/lang/invoke/LambdaForm$MH+0x000001f404014800
# instanceKlass java/lang/invoke/LambdaForm$MH+0x000001f4040c8800
# instanceKlass java/lang/invoke/LambdaForm$MH+0x000001f4040c9800
# instanceKlass java/lang/invoke/LambdaForm$MH+0x000001f404148000
# instanceKlass java/lang/invoke/LambdaForm$MH+0x000001f404148800
# instanceKlass java/lang/invoke/LambdaForm$MH+0x000001f404158000
# instanceKlass java/lang/invoke/LambdaForm$MH+0x000001f40415a800
# instanceKlass java/lang/invoke/LambdaForm$MH+0x000001f40415c000
# instanceKlass java/lang/invoke/LambdaForm$MH+0x000001f40415d800
# instanceKlass java/lang/invoke/LambdaForm$MH+0x000001f40415f000
# instanceKlass java/lang/invoke/LambdaForm$DMH+0x000001f40415f800
# instanceKlass java/lang/invoke/LambdaForm$DMH+0x000001f404180400
# instanceKlass java/lang/invoke/LambdaForm$DMH+0x000001f404181c00
# instanceKlass java/lang/invoke/LambdaForm$DMH+0x000001f404182800
# instanceKlass java/lang/invoke/LambdaForm$DMH+0x000001f404185000
# instanceKlass java/lang/invoke/LambdaForm$DMH+0x000001f404188400
# instanceKlass java/lang/invoke/LambdaForm$MH+0x000001f404188800
# instanceKlass java/lang/invoke/LambdaForm$MH+0x000001f404189000
# instanceKlass java/lang/invoke/LambdaForm$MH+0x000001f4041a8800
# instanceKlass java/lang/invoke/LambdaForm$MH+0x000001f40421cc00
# instanceKlass java/lang/invoke/LambdaForm$MH+0x000001f40421d000
# instanceKlass java/lang/invoke/LambdaForm$MH+0x000001f40428d400
# instanceKlass java/lang/invoke/LambdaForm$MH+0x000001f404000400
# instanceKlass java/lang/invoke/LambdaForm$MH+0x000001f4040cac00
# instanceKlass java/lang/invoke/LambdaForm$MH+0x000001f404185c00
# instanceKlass java/lang/invoke/LambdaForm$MH+0x000001f404019800
# instanceKlass java/lang/invoke/LambdaForm$MH+0x000001f40401a400
# instanceKlass java/lang/invoke/LambdaForm$MH+0x000001f40401ac00
# instanceKlass java/lang/invoke/LambdaForm$MH+0x000001f404411c00
# instanceKlass java/lang/invoke/LambdaForm$MH+0x000001f404418800
# instanceKlass java/lang/invoke/LambdaForm$MH+0x000001f40444b000
# instanceKlass java/lang/invoke/LambdaForm$MH+0x000001f40444bc00
# instanceKlass java/lang/invoke/LambdaForm$MH+0x000001f40444cc00
# instanceKlass java/lang/invoke/LambdaForm$MH+0x000001f404459400
# instanceKlass java/lang/invoke/LambdaForm$DMH+0x000001f40428c000
# instanceKlass java/lang/invoke/LambdaForm$DMH+0x000001f40428e000
# instanceKlass java/lang/invoke/LambdaForm$MH+0x000001f404388000
# instanceKlass java/lang/invoke/LambdaForm$MH+0x000001f404388c00
# instanceKlass java/lang/invoke/LambdaForm$MH+0x000001f40438b400
# instanceKlass java/lang/invoke/LambdaForm$MH+0x000001f40438c000
# instanceKlass java/lang/invoke/LambdaForm$MH+0x000001f40438c800
# instanceKlass java/lang/invoke/LambdaForm$MH+0x000001f40439c800
# instanceKlass java/lang/invoke/LambdaForm$MH+0x000001f404218400
# instanceKlass java/lang/invoke/LambdaForm$MH+0x000001f404218c00
# instanceKlass java/lang/invoke/LambdaForm$MH+0x000001f404219400
# instanceKlass java/lang/invoke/LambdaForm$DMH+0x000001f40421a800
instanceKlass com/google/api/services/reports/Reports$Activities
instanceKlass io/opencensus/trace/AutoValue_EndSpanOptions$1
instanceKlass io/grpc/Context$1
# instanceKlass java/lang/invoke/LambdaForm$DMH+0x000001f404485400
# instanceKlass java/lang/invoke/LambdaForm$MH+0x000001f404485000
# instanceKlass java/lang/invoke/LambdaForm$MH+0x000001f404484c00
# instanceKlass java/lang/invoke/LambdaForm$DMH+0x000001f404484800
# instanceKlass java/lang/invoke/LambdaForm$MH+0x000001f404484400
# instanceKlass java/lang/invoke/LambdaForm$MH+0x000001f404484000
# instanceKlass java/lang/invoke/LambdaForm$DMH+0x000001f404483c00
instanceKlass  @bci driverecovery/DriveRecoveryService queryLastKnownParent_Layer1 (Ljava/lang/String;)Ljava/lang/String; 92 <appendix> argL0 ; # driverecovery/DriveRecoveryService$$Lambda+0x000001f40447c630
instanceKlass  @bci driverecovery/DriveRecoveryService checkFolder (Ldriverecovery/DriveRecoveryService$FolderInfo;Ljava/lang/String;)Ldriverecovery/DriveRecoveryService$FolderReport; 734 <appendix> member <vmtarget> ; # driverecovery/DriveRecoveryService$$Lambda+0x000001f40447c3d8
instanceKlass  @bci driverecovery/DriveRecoveryService moveFileToFolder (Ljava/lang/String;Ljava/util/List;Ljava/lang/String;Lcom/google/api/services/drive/Drive;)Ldriverecovery/DriveRecoveryService$MoveResult; 513 <adapter> ; # java/lang/invoke/LambdaForm$MH+0x000001f404483800
# instanceKlass java/lang/invoke/LambdaForm$DMH+0x000001f404483400
instanceKlass  @bci driverecovery/DriveRecoveryService moveFileToFolder (Ljava/lang/String;Ljava/util/List;Ljava/lang/String;Lcom/google/api/services/drive/Drive;)Ldriverecovery/DriveRecoveryService$MoveResult; 513 <appendix> form vmentry <vmtarget> ; # java/lang/invoke/LambdaForm$MH+0x000001f404483000
# instanceKlass java/lang/invoke/LambdaForm$MH+0x000001f404482c00
instanceKlass  @bci driverecovery/DriveRecoveryService moveFileToFolder (Ljava/lang/String;Ljava/util/List;Ljava/lang/String;Lcom/google/api/services/drive/Drive;)Ldriverecovery/DriveRecoveryService$MoveResult; 513 <appendix> form names 9 function resolvedHandle form vmentry <vmtarget> ; # java/lang/invoke/LambdaForm$DMH+0x000001f404482800
instanceKlass  @bci driverecovery/DriveRecoveryService moveFileToFolder (Ljava/lang/String;Ljava/util/List;Ljava/lang/String;Lcom/google/api/services/drive/Drive;)Ldriverecovery/DriveRecoveryService$MoveResult; 513 <appendix> argL3 form vmentry <vmtarget> ; # java/lang/invoke/LambdaForm$MH+0x000001f404482400
# instanceKlass java/lang/invoke/LambdaForm$MH+0x000001f404482000
instanceKlass  @bci driverecovery/DriveRecoveryService moveFileToFolder (Ljava/lang/String;Ljava/util/List;Ljava/lang/String;Lcom/google/api/services/drive/Drive;)Ldriverecovery/DriveRecoveryService$MoveResult; 513 <appendix> argL3 form names 7 function resolvedHandle form vmentry <vmtarget> ; # java/lang/invoke/LambdaForm$DMH+0x000001f404481c00
# instanceKlass java/lang/invoke/LambdaForm$MH+0x000001f404481800
# instanceKlass java/lang/invoke/LambdaForm$MH+0x000001f404481400
# instanceKlass java/lang/invoke/LambdaForm$MH+0x000001f404481000
instanceKlass  @bci driverecovery/DriveRecoveryService moveFileToFolder (Ljava/lang/String;Ljava/util/List;Ljava/lang/String;Lcom/google/api/services/drive/Drive;)Ldriverecovery/DriveRecoveryService$MoveResult; 513 <appendix> form names 13 function resolvedHandle form vmentry <vmtarget> ; # java/lang/invoke/LambdaForm$DMH+0x000001f404480c00
instanceKlass  @bci driverecovery/DriveRecoveryService moveFileToFolder (Ljava/lang/String;Ljava/util/List;Ljava/lang/String;Lcom/google/api/services/drive/Drive;)Ldriverecovery/DriveRecoveryService$MoveResult; 513 <appendix> argL1 form vmentry <vmtarget> ; # java/lang/invoke/LambdaForm$MH+0x000001f404480800
# instanceKlass java/lang/invoke/LambdaForm$MH+0x000001f404480400
# instanceKlass java/lang/invoke/LambdaForm$MH+0x000001f404480000
# instanceKlass java/lang/invoke/LambdaForm$MH+0x000001f40447bc00
instanceKlass  @bci jdk/internal/reflect/MethodHandleIntegerFieldAccessorImpl getInt (Ljava/lang/Object;)I 20 <adapter> ; # java/lang/invoke/LambdaForm$MH+0x000001f40447b800
# instanceKlass java/lang/invoke/LambdaForm$MH+0x000001f40447b400
instanceKlass  @bci jdk/internal/reflect/MethodHandleIntegerFieldAccessorImpl setInt (Ljava/lang/Object;I)V 41 <adapter> ; # java/lang/invoke/LambdaForm$MH+0x000001f40447b000
# instanceKlass java/lang/invoke/LambdaForm$MH+0x000001f40447ac00
# instanceKlass java/lang/invoke/LambdaForm$BMH+0x000001f40447a800
# instanceKlass java/lang/invoke/LambdaForm$MH+0x000001f40447a400
instanceKlass com/google/api/client/http/HttpResponseException$Builder
instanceKlass sun/net/www/protocol/http/HttpURLConnection$10
instanceKlass  @bci driverecovery/DriveRecoveryService handleFoundFolder (Ljava/lang/String;Lcom/google/api/services/drive/model/File;Ljava/lang/String;Ljava/lang/String;Ljava/lang/String;Ldriverecovery/DriveRecoveryService$MoveResult;Ljava/lang/String;)Ldriverecovery/DriveRecoveryService$MoveResult; 509 <appendix> member <vmtarget> ; # driverecovery/DriveRecoveryService$$Lambda+0x000001f4044735e0
instanceKlass  @bci driverecovery/DriveRecoveryService handleFoundFolder (Ljava/lang/String;Lcom/google/api/services/drive/model/File;Ljava/lang/String;Ljava/lang/String;Ljava/lang/String;Ldriverecovery/DriveRecoveryService$MoveResult;Ljava/lang/String;)Ldriverecovery/DriveRecoveryService$MoveResult; 368 <appendix> member <vmtarget> ; # driverecovery/DriveRecoveryService$$Lambda+0x000001f404473388
# instanceKlass java/lang/invoke/LambdaForm$MH+0x000001f40447a000
instanceKlass io/opencensus/trace/AutoValue_MessageEvent$1
instanceKlass  @bci java/util/concurrent/ConcurrentLinkedQueue clear ()V 1 <appendix> argL0 ; # java/util/concurrent/ConcurrentLinkedQueue$$Lambda+0x000001f4043bd558
instanceKlass  @bci sun/security/util/MemoryCache$QueueCacheEntry clear ()V 4 <appendix> argL0 ; # sun/security/util/MemoryCache$QueueCacheEntry$$Lambda+0x000001f4043bd328
instanceKlass  @cpi sun/security/util/MemoryCache$QueueCacheEntry 137 form vmentry <vmtarget> ; # java/lang/invoke/LambdaForm$DMH+0x000001f404479c00
# instanceKlass java/lang/invoke/LambdaForm$MH+0x000001f404479800
# instanceKlass java/lang/invoke/LambdaForm$MH+0x000001f404479400
# instanceKlass java/lang/invoke/LambdaForm$MH+0x000001f404479000
# instanceKlass java/lang/invoke/LambdaForm$DMH+0x000001f404478c00
# instanceKlass java/lang/invoke/LambdaForm$MH+0x000001f404478800
# instanceKlass java/lang/invoke/LambdaForm$MH+0x000001f404478400
# instanceKlass java/lang/invoke/LambdaForm$MH+0x000001f404478000
# instanceKlass java/lang/invoke/LambdaForm$MH+0x000001f404471c00
# instanceKlass java/lang/invoke/LambdaForm$DMH+0x000001f404471800
instanceKlass driverecovery/DriveRecoveryService$CurrentStatus
instanceKlass com/google/api/client/http/EmptyContent
instanceKlass  @bci driverecovery/DriveRecoveryService handleFoundFile (Ljava/lang/String;Lcom/google/api/services/drive/model/File;Ljava/lang/String;Ljava/lang/String;Ljava/lang/String;Ljava/util/Set;Ldriverecovery/DriveRecoveryService$MoveResult;Ljava/lang/String;)Ldriverecovery/DriveRecoveryService$MoveResult; 564 <appendix> member <vmtarget> ; # driverecovery/DriveRecoveryService$$Lambda+0x000001f404472aa8
instanceKlass  @bci driverecovery/DriveRecoveryService handleFoundFile (Ljava/lang/String;Lcom/google/api/services/drive/model/File;Ljava/lang/String;Ljava/lang/String;Ljava/lang/String;Ljava/util/Set;Ldriverecovery/DriveRecoveryService$MoveResult;Ljava/lang/String;)Ldriverecovery/DriveRecoveryService$MoveResult; 292 <appendix> member <vmtarget> ; # driverecovery/DriveRecoveryService$$Lambda+0x000001f404472850
instanceKlass java/util/Collections$UnmodifiableList$1
instanceKlass com/google/common/base/NullnessCasts
instanceKlass com/google/common/base/AbstractIterator$1
instanceKlass com/google/common/base/AbstractIterator
instanceKlass com/google/common/base/Splitter$1
instanceKlass com/google/common/base/CharMatcher
instanceKlass com/google/common/base/Predicate
instanceKlass com/google/common/base/Splitter$Strategy
instanceKlass com/google/common/base/Splitter
instanceKlass driverecovery/DriveRecoveryService$MoveResult
# instanceKlass java/lang/invoke/LambdaForm$MH+0x000001f404471400
# instanceKlass java/lang/invoke/LambdaForm$DMH+0x000001f404471000
# instanceKlass java/lang/invoke/LambdaForm$DMH+0x000001f404470c00
instanceKlass java/util/concurrent/ForkJoinTask
instanceKlass  @bci sun/security/util/MemoryCache put (Ljava/lang/Object;Ljava/lang/Object;Z)V 126 <appendix> argL2 form vmentry <vmtarget> ; # java/lang/invoke/LambdaForm$MH+0x000001f404470800
instanceKlass java/lang/invoke/MethodHandleImpl$CountingWrapper$1
instanceKlass java/awt/font/NumericShaper
# instanceKlass java/lang/invoke/LambdaForm$MH+0x000001f404470400
# instanceKlass java/lang/invoke/LambdaForm$MH+0x000001f404470000
# instanceKlass java/lang/invoke/LambdaForm$MH+0x000001f40446fc00
# instanceKlass java/lang/invoke/LambdaForm$DMH+0x000001f40446f800
# instanceKlass java/lang/invoke/LambdaForm$MH+0x000001f40446f400
# instanceKlass java/lang/invoke/LambdaForm$MH+0x000001f40446f000
# instanceKlass java/lang/invoke/LambdaForm$MH+0x000001f40446ec00
# instanceKlass java/lang/invoke/LambdaForm$MH+0x000001f40446e800
# instanceKlass java/lang/invoke/LambdaForm$MH+0x000001f40446e400
# instanceKlass java/lang/invoke/LambdaForm$DMH+0x000001f40446e000
# instanceKlass java/lang/invoke/LambdaForm$MH+0x000001f40446dc00
# instanceKlass java/lang/invoke/LambdaForm$MH+0x000001f40446d800
# instanceKlass java/lang/invoke/LambdaForm$DMH+0x000001f40446d400
# instanceKlass java/lang/invoke/LambdaForm$MH+0x000001f40446d000
# instanceKlass java/lang/invoke/LambdaForm$DMH+0x000001f40446cc00
# instanceKlass java/lang/invoke/LambdaForm$MH+0x000001f40446c800
# instanceKlass java/lang/invoke/LambdaForm$DMH+0x000001f40446c400
# instanceKlass java/lang/invoke/LambdaForm$MH+0x000001f40446c000
# instanceKlass java/lang/invoke/LambdaForm$MH+0x000001f40446bc00
# instanceKlass java/lang/invoke/LambdaForm$MH+0x000001f40446b800
# instanceKlass java/lang/invoke/LambdaForm$MH+0x000001f40446b400
# instanceKlass java/lang/invoke/LambdaForm$MH+0x000001f40446b000
# instanceKlass java/lang/invoke/LambdaForm$MH+0x000001f40446ac00
# instanceKlass java/lang/invoke/LambdaForm$MH+0x000001f40446a800
# instanceKlass java/lang/invoke/LambdaForm$MH+0x000001f40446a400
# instanceKlass java/lang/invoke/LambdaForm$MH+0x000001f40446a000
# instanceKlass java/lang/invoke/LambdaForm$MH+0x000001f404469c00
# instanceKlass java/lang/invoke/LambdaForm$MH+0x000001f404469800
# instanceKlass java/lang/invoke/LambdaForm$MH+0x000001f404469400
# instanceKlass java/lang/invoke/LambdaForm$MH+0x000001f404469000
# instanceKlass java/lang/invoke/LambdaForm$MH+0x000001f404468c00
# instanceKlass java/lang/invoke/LambdaForm$MH+0x000001f404468800
# instanceKlass java/lang/invoke/LambdaForm$MH+0x000001f404468400
# instanceKlass java/lang/invoke/LambdaForm$MH+0x000001f404468000
# instanceKlass java/lang/invoke/LambdaForm$MH+0x000001f404463c00
# instanceKlass java/lang/invoke/LambdaForm$DMH+0x000001f404463800
instanceKlass  @bci sun/awt/windows/WToolkit windowsSettingChange ()V 39 <appendix> member <vmtarget> ; # sun/awt/windows/WToolkit$$Lambda+0x000001f4043bc6c8
instanceKlass javax/swing/RepaintManager$DisplayChangedRunnable
instanceKlass java/util/WeakHashMap$HashIterator
instanceKlass  @bci sun/awt/windows/WToolkit displayChanged ()V 0 <appendix> argL0 ; # sun/awt/windows/WToolkit$$Lambda+0x000001f4043bbdb8
# instanceKlass java/lang/invoke/LambdaForm$MH+0x000001f404463400
# instanceKlass java/lang/invoke/LambdaForm$MH+0x000001f404463000
# instanceKlass java/lang/invoke/LambdaForm$MH+0x000001f404462c00
# instanceKlass java/lang/invoke/LambdaForm$DMH+0x000001f404462800
# instanceKlass java/lang/invoke/LambdaForm$MH+0x000001f404462400
# instanceKlass java/lang/invoke/LambdaForm$MH+0x000001f404462000
# instanceKlass java/lang/invoke/LambdaForm$MH+0x000001f404461c00
# instanceKlass java/lang/invoke/LambdaForm$MH+0x000001f404461800
# instanceKlass java/lang/invoke/LambdaForm$DMH+0x000001f404461400
# instanceKlass java/lang/invoke/LambdaForm$MH+0x000001f404461000
# instanceKlass java/lang/invoke/LambdaForm$MH+0x000001f404460c00
# instanceKlass java/lang/invoke/LambdaForm$MH+0x000001f404460800
# instanceKlass java/lang/invoke/LambdaForm$DMH+0x000001f404460400
# instanceKlass java/lang/invoke/LambdaForm$MH+0x000001f404460000
# instanceKlass java/lang/invoke/LambdaForm$DMH+0x000001f40445fc00
# instanceKlass java/lang/invoke/LambdaForm$MH+0x000001f40445f800
# instanceKlass java/lang/invoke/LambdaForm$DMH+0x000001f40445f400
# instanceKlass java/lang/invoke/LambdaForm$MH+0x000001f40445f000
# instanceKlass java/lang/invoke/LambdaForm$DMH+0x000001f40445ec00
# instanceKlass java/lang/invoke/LambdaForm$MH+0x000001f40445e800
# instanceKlass java/lang/invoke/LambdaForm$MH+0x000001f40445e400
# instanceKlass java/lang/invoke/LambdaForm$MH+0x000001f40445e000
# instanceKlass java/lang/invoke/LambdaForm$DMH+0x000001f40445dc00
instanceKlass  @bci driverecovery/DriveRecoveryService getAllFilesInSubfolders (Ljava/util/Set;Ljava/lang/String;)Ljava/util/Set; 55 <appendix> argL0 ; # driverecovery/DriveRecoveryService$$Lambda+0x000001f404447870
# instanceKlass java/lang/invoke/LambdaForm$MH+0x000001f40445d800
# instanceKlass java/lang/invoke/LambdaForm$MH+0x000001f40445d400
# instanceKlass java/lang/invoke/LambdaForm$DMH+0x000001f40445d000
# instanceKlass java/lang/invoke/LambdaForm$MH+0x000001f40445cc00
# instanceKlass java/lang/invoke/LambdaForm$MH+0x000001f40445c800
# instanceKlass java/lang/invoke/LambdaForm$DMH+0x000001f40445c400
instanceKlass driverecovery/DriveRecoveryService$SubFolderInfo
instanceKlass  @bci driverecovery/DriveRecoveryService checkFolder (Ldriverecovery/DriveRecoveryService$FolderInfo;Ljava/lang/String;)Ldriverecovery/DriveRecoveryService$FolderReport; 385 <appendix> argL0 ; # driverecovery/DriveRecoveryService$$Lambda+0x000001f404447420
instanceKlass  @bci driverecovery/DriveRecoveryService checkFolder (Ldriverecovery/DriveRecoveryService$FolderInfo;Ljava/lang/String;)Ldriverecovery/DriveRecoveryService$FolderReport; 375 <appendix> argL0 ; # driverecovery/DriveRecoveryService$$Lambda+0x000001f4044471d0
instanceKlass  @bci driverecovery/DriveRecoveryService checkFolder (Ldriverecovery/DriveRecoveryService$FolderInfo;Ljava/lang/String;)Ldriverecovery/DriveRecoveryService$FolderReport; 324 <appendix> form vmentry <vmtarget> ; # java/lang/invoke/LambdaForm$MH+0x000001f40445c000
instanceKlass  @bci driverecovery/DriveRecoveryService checkFolder (Ldriverecovery/DriveRecoveryService$FolderInfo;Ljava/lang/String;)Ldriverecovery/DriveRecoveryService$FolderReport; 324 <appendix> form names 5 function resolvedHandle form vmentry <vmtarget> ; # java/lang/invoke/LambdaForm$DMH+0x000001f40445bc00
instanceKlass  @bci driverecovery/DriveRecoveryService checkFolder (Ldriverecovery/DriveRecoveryService$FolderInfo;Ljava/lang/String;)Ldriverecovery/DriveRecoveryService$FolderReport; 324 <appendix> argL3 form vmentry <vmtarget> ; # java/lang/invoke/LambdaForm$MH+0x000001f40445b800
instanceKlass  @bci driverecovery/DriveRecoveryService checkFolder (Ldriverecovery/DriveRecoveryService$FolderInfo;Ljava/lang/String;)Ldriverecovery/DriveRecoveryService$FolderReport; 324 <appendix> form names 9 function resolvedHandle form vmentry <vmtarget> ; # java/lang/invoke/LambdaForm$DMH+0x000001f40445a400
instanceKlass  @bci driverecovery/DriveRecoveryService checkFolder (Ldriverecovery/DriveRecoveryService$FolderInfo;Ljava/lang/String;)Ldriverecovery/DriveRecoveryService$FolderReport; 324 <appendix> argL1 form vmentry <vmtarget> ; # java/lang/invoke/LambdaForm$MH+0x000001f40445a000
instanceKlass  @bci driverecovery/DriveRecoveryService processActivityForFolders (Lcom/google/api/services/driveactivity/v2/model/DriveActivity;Ljava/lang/String;Ljava/util/Map;)V 856 <appendix> argL0 ; # driverecovery/DriveRecoveryService$$Lambda+0x000001f404446f80
# instanceKlass java/lang/invoke/LambdaForm$MH+0x000001f404459000
# instanceKlass java/lang/invoke/LambdaForm$MH+0x000001f404458c00
# instanceKlass java/lang/invoke/LambdaForm$MH+0x000001f404458800
# instanceKlass java/lang/invoke/LambdaForm$MH+0x000001f404458400
# instanceKlass java/lang/invoke/LambdaForm$MH+0x000001f404458000
# instanceKlass java/lang/invoke/LambdaForm$DMH+0x000001f404457c00
# instanceKlass java/lang/invoke/LambdaForm$DMH+0x000001f404457800
# instanceKlass java/lang/invoke/LambdaForm$MH+0x000001f404457400
# instanceKlass java/lang/invoke/LambdaForm$MH+0x000001f404457000
# instanceKlass java/lang/invoke/LambdaForm$MH+0x000001f404456c00
# instanceKlass java/lang/invoke/LambdaForm$MH+0x000001f404456800
# instanceKlass java/lang/invoke/LambdaForm$DMH+0x000001f404456400
# instanceKlass java/lang/invoke/LambdaForm$MH+0x000001f404456000
# instanceKlass java/lang/invoke/LambdaForm$MH+0x000001f404455c00
# instanceKlass java/lang/invoke/LambdaForm$MH+0x000001f404455800
# instanceKlass java/lang/invoke/LambdaForm$MH+0x000001f404455400
# instanceKlass java/lang/invoke/LambdaForm$DMH+0x000001f404455000
# instanceKlass java/lang/invoke/LambdaForm$MH+0x000001f404454c00
# instanceKlass java/lang/invoke/LambdaForm$DMH+0x000001f404454800
# instanceKlass java/lang/invoke/LambdaForm$MH+0x000001f404454400
# instanceKlass java/lang/invoke/LambdaForm$DMH+0x000001f404454000
# instanceKlass java/lang/invoke/LambdaForm$MH+0x000001f404453c00
# instanceKlass java/lang/invoke/LambdaForm$DMH+0x000001f404453800
# instanceKlass java/lang/invoke/LambdaForm$MH+0x000001f404453400
# instanceKlass java/lang/invoke/LambdaForm$DMH+0x000001f404453000
# instanceKlass java/lang/invoke/LambdaForm$MH+0x000001f404452c00
# instanceKlass java/lang/invoke/LambdaForm$MH+0x000001f404452800
# instanceKlass java/lang/invoke/LambdaForm$MH+0x000001f404452400
# instanceKlass java/lang/invoke/LambdaForm$MH+0x000001f404452000
# instanceKlass java/lang/invoke/LambdaForm$MH+0x000001f404451c00
# instanceKlass java/lang/invoke/LambdaForm$MH+0x000001f404451800
# instanceKlass java/lang/invoke/LambdaForm$DMH+0x000001f404451400
# instanceKlass java/lang/invoke/LambdaForm$MH+0x000001f404451000
# instanceKlass java/lang/invoke/LambdaForm$MH+0x000001f404450c00
# instanceKlass java/lang/invoke/LambdaForm$MH+0x000001f404450800
# instanceKlass java/lang/invoke/LambdaForm$DMH+0x000001f404450400
# instanceKlass java/lang/invoke/LambdaForm$DMH+0x000001f404450000
# instanceKlass java/lang/invoke/LambdaForm$MH+0x000001f40444fc00
# instanceKlass java/lang/invoke/LambdaForm$MH+0x000001f40444f800
# instanceKlass java/lang/invoke/LambdaForm$MH+0x000001f40444f400
# instanceKlass java/lang/invoke/LambdaForm$DMH+0x000001f40444f000
# instanceKlass java/lang/invoke/LambdaForm$DMH+0x000001f40444ec00
# instanceKlass java/lang/invoke/LambdaForm$MH+0x000001f40444e800
# instanceKlass java/lang/invoke/LambdaForm$DMH+0x000001f40444e400
instanceKlass driverecovery/DriveRecoveryService$FileInfo
instanceKlass  @bci driverecovery/DriveRecoveryService checkFolder (Ldriverecovery/DriveRecoveryService$FolderInfo;Ljava/lang/String;)Ldriverecovery/DriveRecoveryService$FolderReport; 2827 <appendix> argL0 ; # driverecovery/DriveRecoveryService$$Lambda+0x000001f404446b30
instanceKlass  @bci driverecovery/DriveRecoveryService checkFolder (Ldriverecovery/DriveRecoveryService$FolderInfo;Ljava/lang/String;)Ldriverecovery/DriveRecoveryService$FolderReport; 2817 <appendix> argL0 ; # driverecovery/DriveRecoveryService$$Lambda+0x000001f4044468e0
instanceKlass  @bci driverecovery/DriveRecoveryService checkFolder (Ldriverecovery/DriveRecoveryService$FolderInfo;Ljava/lang/String;)Ldriverecovery/DriveRecoveryService$FolderReport; 2766 <adapter> ; # java/lang/invoke/LambdaForm$MH+0x000001f40444e000
# instanceKlass java/lang/invoke/LambdaForm$DMH+0x000001f40444dc00
instanceKlass  @bci driverecovery/DriveRecoveryService checkFolder (Ldriverecovery/DriveRecoveryService$FolderInfo;Ljava/lang/String;)Ldriverecovery/DriveRecoveryService$FolderReport; 2766 <appendix> form vmentry <vmtarget> ; # java/lang/invoke/LambdaForm$MH+0x000001f40444d800
instanceKlass  @bci driverecovery/DriveRecoveryService checkFolder (Ldriverecovery/DriveRecoveryService$FolderInfo;Ljava/lang/String;)Ldriverecovery/DriveRecoveryService$FolderReport; 2766 <appendix> form names 6 function resolvedHandle form vmentry <vmtarget> ; # java/lang/invoke/LambdaForm$DMH+0x000001f40444d400
instanceKlass  @bci driverecovery/DriveRecoveryService checkFolder (Ldriverecovery/DriveRecoveryService$FolderInfo;Ljava/lang/String;)Ldriverecovery/DriveRecoveryService$FolderReport; 2766 <appendix> argL3 form vmentry <vmtarget> ; # java/lang/invoke/LambdaForm$MH+0x000001f40444d000
instanceKlass  @bci driverecovery/DriveRecoveryService checkFolder (Ldriverecovery/DriveRecoveryService$FolderInfo;Ljava/lang/String;)Ldriverecovery/DriveRecoveryService$FolderReport; 2766 <appendix> argL3 form names 7 function resolvedHandle form vmentry <vmtarget> ; # java/lang/invoke/LambdaForm$DMH+0x000001f40444c800
instanceKlass  @bci driverecovery/DriveRecoveryService checkFolder (Ldriverecovery/DriveRecoveryService$FolderInfo;Ljava/lang/String;)Ldriverecovery/DriveRecoveryService$FolderReport; 2766 <appendix> form names 10 function resolvedHandle form vmentry <vmtarget> ; # java/lang/invoke/LambdaForm$DMH+0x000001f40444b800
instanceKlass  @bci driverecovery/DriveRecoveryService checkFolder (Ldriverecovery/DriveRecoveryService$FolderInfo;Ljava/lang/String;)Ldriverecovery/DriveRecoveryService$FolderReport; 2766 <appendix> argL1 form vmentry <vmtarget> ; # java/lang/invoke/LambdaForm$MH+0x000001f40444b400
instanceKlass  @bci driverecovery/DriveRecoveryService processActivity (Lcom/google/api/services/driveactivity/v2/model/DriveActivity;Ljava/lang/String;Ljava/util/Map;)V 801 <appendix> argL0 ; # driverecovery/DriveRecoveryService$$Lambda+0x000001f404446690
# instanceKlass java/lang/invoke/LambdaForm$MH+0x000001f40444a400
# instanceKlass java/lang/invoke/LambdaForm$MH+0x000001f40444a000
# instanceKlass java/lang/invoke/LambdaForm$DMH+0x000001f404449c00
# instanceKlass java/lang/invoke/LambdaForm$DMH+0x000001f404449800
# instanceKlass java/lang/invoke/LambdaForm$MH+0x000001f404449400
# instanceKlass java/lang/invoke/LambdaForm$MH+0x000001f404449000
# instanceKlass java/lang/invoke/LambdaForm$DMH+0x000001f404448c00
instanceKlass  @bci driverecovery/DriveRecoveryService checkFolder (Ldriverecovery/DriveRecoveryService$FolderInfo;Ljava/lang/String;)Ldriverecovery/DriveRecoveryService$FolderReport; 2505 <appendix> argL0 ; # driverecovery/DriveRecoveryService$$Lambda+0x000001f404446450
instanceKlass  @bci driverecovery/DriveRecoveryService checkFolder (Ldriverecovery/DriveRecoveryService$FolderInfo;Ljava/lang/String;)Ldriverecovery/DriveRecoveryService$FolderReport; 2475 <appendix> argL0 ; # driverecovery/DriveRecoveryService$$Lambda+0x000001f404446210
instanceKlass  @bci driverecovery/DriveRecoveryService getCurrentFilesInFolder (Ljava/lang/String;Ljava/lang/String;)Ljava/util/List; 81 <appendix> argL0 ; # driverecovery/DriveRecoveryService$$Lambda+0x000001f404445fc0
instanceKlass  @bci driverecovery/DriveRecoveryService getFilesFromActivity (Ljava/lang/String;Ljava/lang/String;)Ljava/util/List; 316 <appendix> argL0 ; # driverecovery/DriveRecoveryService$$Lambda+0x000001f404445d70
instanceKlass  @bci driverecovery/DriveRecoveryService getFilesFromActivity (Ljava/lang/String;Ljava/lang/String;)Ljava/util/List; 218 <appendix> argL0 ; # driverecovery/DriveRecoveryService$$Lambda+0x000001f404445ad8
# instanceKlass java/lang/invoke/LambdaForm$MH+0x000001f404448800
# instanceKlass java/lang/invoke/LambdaForm$DMH+0x000001f404448400
# instanceKlass java/lang/invoke/LambdaForm$DMH+0x000001f404448000
instanceKlass  @bci driverecovery/DriveRecoveryService checkFolder (Ldriverecovery/DriveRecoveryService$FolderInfo;Ljava/lang/String;)Ldriverecovery/DriveRecoveryService$FolderReport; 114 <appendix> argL0 ; # driverecovery/DriveRecoveryService$$Lambda+0x000001f404445898
instanceKlass  @bci driverecovery/DriveRecoveryService getDirectSubfolderIds (Ljava/lang/String;Ljava/lang/String;)Ljava/util/Set; 76 <appendix> member <vmtarget> ; # driverecovery/DriveRecoveryService$$Lambda+0x000001f404445660
instanceKlass  @bci driverecovery/DriveRecoveryService getDirectSubFoldersFromActivity (Ljava/lang/String;Ljava/lang/String;)Ljava/util/List; 198 <appendix> argL0 ; # driverecovery/DriveRecoveryService$$Lambda+0x000001f404445410
instanceKlass driverecovery/DriveRecoveryService$FileHistory
instanceKlass  @bci driverecovery/DriveRecoveryService getDirectSubFoldersFromActivity (Ljava/lang/String;Ljava/lang/String;)Ljava/util/List; 135 <appendix> argL0 ; # driverecovery/DriveRecoveryService$$Lambda+0x000001f404444f68
instanceKlass java/util/zip/Deflater$DeflaterZStreamRef
instanceKlass java/util/zip/Deflater
instanceKlass com/google/api/client/http/HttpEncodingStreamingContent
# instanceKlass java/lang/invoke/LambdaForm$DMH+0x000001f40443c000
instanceKlass com/google/api/services/driveactivity/v2/DriveActivity$Activity
instanceKlass java/text/CalendarBuilder
instanceKlass driverecovery/DriveRecoveryService$FolderReport
instanceKlass  @bci driverecovery/DriveRecoveryService processUserDrive (Ljava/lang/String;)V 124 <appendix> form vmentry <vmtarget> ; # java/lang/invoke/LambdaForm$DMH+0x000001f404437800
instanceKlass  @bci driverecovery/DriveRecoveryService processUserDrive (Ljava/lang/String;)V 124 <appendix> member <vmtarget> ; # driverecovery/DriveRecoveryService$$Lambda+0x000001f40441bae8
instanceKlass  @cpi driverecovery/DriveRecoveryService 2676 form vmentry <vmtarget> ; # java/lang/invoke/LambdaForm$DMH+0x000001f404437400
instanceKlass  @bci sun/awt/datatransfer/SunClipboard lostOwnershipLater (Lsun/awt/AppContext;)V 18 <appendix> member <vmtarget> ; # sun/awt/datatransfer/SunClipboard$$Lambda+0x000001f4043fb870
# instanceKlass java/lang/invoke/LambdaForm$MH+0x000001f404437000
# instanceKlass java/lang/invoke/LambdaForm$DMH+0x000001f404436c00
# instanceKlass java/lang/invoke/LambdaForm$MH+0x000001f404436800
# instanceKlass java/lang/invoke/LambdaForm$MH+0x000001f404436400
# instanceKlass java/lang/invoke/LambdaForm$MH+0x000001f404436000
# instanceKlass java/lang/invoke/LambdaForm$MH+0x000001f404435c00
# instanceKlass java/lang/invoke/LambdaForm$MH+0x000001f404435800
# instanceKlass java/lang/invoke/LambdaForm$MH+0x000001f404435400
# instanceKlass java/lang/invoke/LambdaForm$MH+0x000001f404435000
# instanceKlass java/lang/invoke/LambdaForm$MH+0x000001f404434c00
# instanceKlass java/lang/invoke/LambdaForm$MH+0x000001f404434800
# instanceKlass java/lang/invoke/LambdaForm$MH+0x000001f404434400
# instanceKlass java/lang/invoke/LambdaForm$MH+0x000001f404434000
# instanceKlass java/lang/invoke/LambdaForm$MH+0x000001f404433c00
# instanceKlass java/lang/invoke/LambdaForm$MH+0x000001f404433800
# instanceKlass java/lang/invoke/LambdaForm$MH+0x000001f404433400
# instanceKlass java/lang/invoke/LambdaForm$MH+0x000001f404433000
# instanceKlass java/lang/invoke/LambdaForm$MH+0x000001f404432c00
# instanceKlass java/lang/invoke/LambdaForm$MH+0x000001f404432800
# instanceKlass java/lang/invoke/LambdaForm$MH+0x000001f404432400
# instanceKlass java/lang/invoke/LambdaForm$MH+0x000001f404432000
# instanceKlass java/lang/invoke/LambdaForm$MH+0x000001f404431c00
# instanceKlass java/lang/invoke/LambdaForm$MH+0x000001f404431800
# instanceKlass java/lang/invoke/LambdaForm$MH+0x000001f404431400
# instanceKlass java/lang/invoke/LambdaForm$MH+0x000001f404431000
# instanceKlass java/lang/invoke/LambdaForm$MH+0x000001f404430c00
# instanceKlass java/lang/invoke/LambdaForm$MH+0x000001f404430800
# instanceKlass java/lang/invoke/LambdaForm$MH+0x000001f404430400
# instanceKlass java/lang/invoke/LambdaForm$MH+0x000001f404430000
# instanceKlass java/lang/invoke/LambdaForm$MH+0x000001f40442fc00
# instanceKlass java/lang/invoke/LambdaForm$MH+0x000001f40442f800
# instanceKlass java/lang/invoke/LambdaForm$MH+0x000001f40442f400
# instanceKlass java/lang/invoke/LambdaForm$MH+0x000001f40442f000
# instanceKlass java/lang/invoke/LambdaForm$MH+0x000001f40442ec00
# instanceKlass java/lang/invoke/LambdaForm$MH+0x000001f40442e800
# instanceKlass java/lang/invoke/LambdaForm$MH+0x000001f40442e400
# instanceKlass java/lang/invoke/LambdaForm$MH+0x000001f40442e000
# instanceKlass java/lang/invoke/LambdaForm$MH+0x000001f40442dc00
# instanceKlass java/lang/invoke/LambdaForm$MH+0x000001f40442d800
# instanceKlass java/lang/invoke/LambdaForm$MH+0x000001f40442d400
# instanceKlass java/lang/invoke/LambdaForm$MH+0x000001f40442d000
# instanceKlass java/lang/invoke/LambdaForm$MH+0x000001f40442cc00
# instanceKlass java/lang/invoke/LambdaForm$MH+0x000001f40442c800
# instanceKlass java/lang/invoke/LambdaForm$MH+0x000001f40442c400
# instanceKlass java/lang/invoke/LambdaForm$MH+0x000001f40442c000
# instanceKlass java/lang/invoke/LambdaForm$MH+0x000001f40442bc00
# instanceKlass java/lang/invoke/LambdaForm$MH+0x000001f40442b800
# instanceKlass java/lang/invoke/LambdaForm$MH+0x000001f40442b400
# instanceKlass java/lang/invoke/LambdaForm$MH+0x000001f40442b000
# instanceKlass java/lang/invoke/LambdaForm$MH+0x000001f40442ac00
# instanceKlass java/lang/invoke/LambdaForm$MH+0x000001f40442a800
# instanceKlass java/lang/invoke/LambdaForm$MH+0x000001f40442a400
# instanceKlass java/lang/invoke/LambdaForm$MH+0x000001f40442a000
# instanceKlass java/lang/invoke/LambdaForm$MH+0x000001f404429c00
# instanceKlass java/lang/invoke/LambdaForm$MH+0x000001f404429800
# instanceKlass java/lang/invoke/LambdaForm$MH+0x000001f404429400
# instanceKlass java/lang/invoke/LambdaForm$MH+0x000001f404429000
# instanceKlass java/lang/invoke/LambdaForm$MH+0x000001f404428c00
# instanceKlass java/lang/invoke/LambdaForm$MH+0x000001f404428800
# instanceKlass java/lang/invoke/LambdaForm$MH+0x000001f404428400
# instanceKlass java/lang/invoke/LambdaForm$MH+0x000001f404428000
# instanceKlass java/lang/invoke/LambdaForm$MH+0x000001f404427c00
# instanceKlass java/lang/invoke/LambdaForm$MH+0x000001f404427800
instanceKlass sun/nio/cs/ArrayEncoder
instanceKlass sun/datatransfer/DataFlavorUtil$IndexOrderComparator
instanceKlass sun/awt/datatransfer/TransferableProxy
instanceKlass javax/swing/plaf/basic/BasicTransferable
instanceKlass javax/swing/text/DefaultHighlighter$HighlightInfo
# instanceKlass java/lang/invoke/LambdaForm$MH+0x000001f404427400
# instanceKlass java/lang/invoke/LambdaForm$MH+0x000001f404427000
# instanceKlass java/lang/invoke/LambdaForm$MH+0x000001f404426c00
# instanceKlass java/lang/invoke/LambdaForm$MH+0x000001f404426800
# instanceKlass java/lang/invoke/LambdaForm$MH+0x000001f404426400
# instanceKlass java/lang/invoke/LambdaForm$MH+0x000001f404426000
# instanceKlass java/lang/invoke/LambdaForm$MH+0x000001f404425c00
# instanceKlass java/lang/invoke/LambdaForm$MH+0x000001f404425800
# instanceKlass java/lang/invoke/LambdaForm$MH+0x000001f404425400
# instanceKlass java/lang/invoke/LambdaForm$MH+0x000001f404425000
# instanceKlass java/lang/invoke/LambdaForm$MH+0x000001f404424c00
# instanceKlass java/lang/invoke/LambdaForm$MH+0x000001f404424800
# instanceKlass java/lang/invoke/LambdaForm$MH+0x000001f404424400
# instanceKlass java/lang/invoke/LambdaForm$MH+0x000001f404424000
# instanceKlass java/lang/invoke/LambdaForm$MH+0x000001f404423c00
# instanceKlass java/lang/invoke/LambdaForm$MH+0x000001f404423800
# instanceKlass java/lang/invoke/LambdaForm$MH+0x000001f404423400
# instanceKlass java/lang/invoke/LambdaForm$MH+0x000001f404423000
# instanceKlass java/lang/invoke/LambdaForm$MH+0x000001f404422c00
# instanceKlass java/lang/invoke/LambdaForm$MH+0x000001f404422800
# instanceKlass java/lang/invoke/LambdaForm$MH+0x000001f404422400
# instanceKlass java/lang/invoke/LambdaForm$MH+0x000001f404422000
# instanceKlass java/lang/invoke/LambdaForm$MH+0x000001f404421c00
# instanceKlass java/lang/invoke/LambdaForm$MH+0x000001f404421800
# instanceKlass java/lang/invoke/LambdaForm$MH+0x000001f404421400
# instanceKlass java/lang/invoke/LambdaForm$MH+0x000001f404421000
# instanceKlass java/lang/invoke/LambdaForm$MH+0x000001f404420c00
instanceKlass com/google/api/client/json/CustomizeJsonParser
# instanceKlass java/lang/invoke/LambdaForm$MH+0x000001f404420800
# instanceKlass java/lang/invoke/LambdaForm$MH+0x000001f404420400
# instanceKlass java/lang/invoke/LambdaForm$DMH+0x000001f404420000
instanceKlass driverecovery/DriveRecoveryService$FolderInfo
# instanceKlass java/lang/invoke/LambdaForm$DMH+0x000001f404419c00
# instanceKlass java/lang/invoke/LambdaForm$MH+0x000001f404419800
instanceKlass com/google/api/services/drive/Drive$Files
instanceKlass java/util/concurrent/Semaphore
instanceKlass org/apache/poi/ss/usermodel/Workbook
instanceKlass driverecovery/DriveRecoveryService
instanceKlass sun/font/CMap$UVS
instanceKlass sun/font/DelegatingShape
instanceKlass java/awt/font/GraphicAttribute
instanceKlass java/awt/font/CharArrayIterator
instanceKlass java/awt/font/StyledParagraph
instanceKlass jdk/internal/icu/text/BidiBase$TextAttributeConstants
instanceKlass java/awt/font/TextMeasurer
instanceKlass java/awt/font/LineBreakMeasurer
instanceKlass java/util/DualPivotQuicksort
instanceKlass jdk/internal/icu/text/BidiLine
instanceKlass sun/font/BidiUtils
instanceKlass jdk/internal/icu/text/UTF16
instanceKlass jdk/internal/icu/text/BidiBase$Point
instanceKlass jdk/internal/icu/text/BidiBase$InsertPoints
instanceKlass jdk/internal/icu/text/BidiRun
instanceKlass  @bci driverecovery/DriveRecoveryService lambda$processUserDrive$0 (Ljava/util/concurrent/atomic/AtomicInteger;Ljava/util/List;Ldriverecovery/DriveRecoveryService$FolderInfo;Ljava/lang/String;Ljava/util/concurrent/atomic/AtomicInteger;)V 28 <adapter> ; # java/lang/invoke/LambdaForm$MH+0x000001f404419400
# instanceKlass java/lang/invoke/LambdaForm$DMH+0x000001f404419000
instanceKlass  @bci driverecovery/DriveRecoveryService lambda$processUserDrive$0 (Ljava/util/concurrent/atomic/AtomicInteger;Ljava/util/List;Ldriverecovery/DriveRecoveryService$FolderInfo;Ljava/lang/String;Ljava/util/concurrent/atomic/AtomicInteger;)V 28 <appendix> form vmentry <vmtarget> ; # java/lang/invoke/LambdaForm$MH+0x000001f404418c00
instanceKlass  @bci driverecovery/DriveRecoveryService lambda$processUserDrive$0 (Ljava/util/concurrent/atomic/AtomicInteger;Ljava/util/List;Ldriverecovery/DriveRecoveryService$FolderInfo;Ljava/lang/String;Ljava/util/concurrent/atomic/AtomicInteger;)V 28 <appendix> form names 7 function resolvedHandle form vmentry <vmtarget> ; # java/lang/invoke/LambdaForm$DMH+0x000001f404418400
instanceKlass  @bci driverecovery/DriveRecoveryService lambda$processUserDrive$0 (Ljava/util/concurrent/atomic/AtomicInteger;Ljava/util/List;Ldriverecovery/DriveRecoveryService$FolderInfo;Ljava/lang/String;Ljava/util/concurrent/atomic/AtomicInteger;)V 28 <appendix> argL3 form vmentry <vmtarget> ; # java/lang/invoke/LambdaForm$MH+0x000001f404418000
instanceKlass  @bci driverecovery/DriveRecoveryService lambda$processUserDrive$0 (Ljava/util/concurrent/atomic/AtomicInteger;Ljava/util/List;Ldriverecovery/DriveRecoveryService$FolderInfo;Ljava/lang/String;Ljava/util/concurrent/atomic/AtomicInteger;)V 28 <appendix> form names 11 function resolvedHandle form vmentry <vmtarget> ; # java/lang/invoke/LambdaForm$DMH+0x000001f404412c00
instanceKlass  @bci driverecovery/DriveRecoveryService lambda$processUserDrive$0 (Ljava/util/concurrent/atomic/AtomicInteger;Ljava/util/List;Ldriverecovery/DriveRecoveryService$FolderInfo;Ljava/lang/String;Ljava/util/concurrent/atomic/AtomicInteger;)V 28 <appendix> argL1 form vmentry <vmtarget> ; # java/lang/invoke/LambdaForm$MH+0x000001f404412800
instanceKlass  @bci driverecovery/RunPanel onProgressUpdate (IIII)V 6 <adapter> ; # java/lang/invoke/LambdaForm$MH+0x000001f404411800
# instanceKlass java/lang/invoke/LambdaForm$DMH+0x000001f404411400
instanceKlass  @bci driverecovery/RunPanel onProgressUpdate (IIII)V 6 <appendix> form vmentry <vmtarget> ; # java/lang/invoke/LambdaForm$DMH+0x000001f404411000
instanceKlass  @bci driverecovery/RunPanel onProgressUpdate (IIII)V 6 <appendix> member <vmtarget> ; # driverecovery/RunPanel$$Lambda+0x000001f404414000
instanceKlass  @cpi driverecovery/RunPanel 1058 form vmentry <vmtarget> ; # java/lang/invoke/LambdaForm$DMH+0x000001f404410c00
instanceKlass  @bci driverecovery/RunPanel onUserStart (Ljava/lang/String;II)V 4 <adapter> ; # java/lang/invoke/LambdaForm$MH+0x000001f404410800
instanceKlass  @bci driverecovery/RunPanel onUserStart (Ljava/lang/String;II)V 4 <appendix> form vmentry <vmtarget> ; # java/lang/invoke/LambdaForm$DMH+0x000001f404410400
instanceKlass java/text/DontCareFieldPosition$1
instanceKlass  @bci driverecovery/RunPanel onUserStart (Ljava/lang/String;II)V 4 <appendix> member <vmtarget> ; # driverecovery/RunPanel$$Lambda+0x000001f40440fc50
instanceKlass  @cpi driverecovery/RunPanel 1043 form vmentry <vmtarget> ; # java/lang/invoke/LambdaForm$DMH+0x000001f404410000
instanceKlass  @bci sun/util/locale/provider/JRELocaleProviderAdapter getDateFormatSymbolsProvider ()Ljava/text/spi/DateFormatSymbolsProvider; 8 <appendix> member <vmtarget> ; # sun/util/locale/provider/JRELocaleProviderAdapter$$Lambda+0x800000064
instanceKlass java/text/DateFormatSymbols
instanceKlass java/util/Calendar$Builder
instanceKlass  @bci sun/util/locale/provider/JRELocaleProviderAdapter getCalendarProvider ()Lsun/util/spi/CalendarProvider; 8 <appendix> member <vmtarget> ; # sun/util/locale/provider/JRELocaleProviderAdapter$$Lambda+0x800000062
instanceKlass  @bci driverecovery/MainWindow doStartRun (Ljava/util/List;)V 537 <appendix> member <vmtarget> ; # driverecovery/MainWindow$$Lambda+0x000001f40440fa28
instanceKlass  @bci driverecovery/RunPanel setRunning (Z)V 2 <appendix> member <vmtarget> ; # driverecovery/RunPanel$$Lambda+0x000001f40440f800
instanceKlass  @bci driverecovery/RunPanel resetProgress ()V 1 <appendix> member <vmtarget> ; # driverecovery/RunPanel$$Lambda+0x000001f404407d18
instanceKlass  @bci driverecovery/RunPanel appendLog (Ljava/lang/String;Ldriverecovery/ProgressTracker$LogLevel;)V 3 <appendix> member <vmtarget> ; # driverecovery/RunPanel$$Lambda+0x000001f4044075a0
instanceKlass  @bci com/formdev/flatlaf/ui/FlatTableUI$1 focusLost (Ljava/awt/event/FocusEvent;)V 6 <appendix> member <vmtarget> ; # com/formdev/flatlaf/ui/FlatTableUI$1$$Lambda+0x000001f404407180
instanceKlass  @bci com/formdev/flatlaf/ui/FlatTableCellBorder getLineColor ()Ljava/awt/Color; 11 <appendix> argL0 ; # com/formdev/flatlaf/ui/FlatTableCellBorder$$Lambda+0x000001f404406f40
instanceKlass  @bci com/formdev/flatlaf/ui/FlatTableCellBorder$Selected paintBorder (Ljava/awt/Component;Ljava/awt/Graphics;IIII)V 1 <appendix> argL0 ; # com/formdev/flatlaf/ui/FlatTableCellBorder$Selected$$Lambda+0x000001f404406d00
instanceKlass javax/swing/DefaultCellEditor$EditorDelegate
instanceKlass javax/swing/JTable$CellEditorRemover
instanceKlass javax/swing/DefaultRowSorter$Row
instanceKlass javax/swing/RowFilter$Entry
instanceKlass javax/swing/RowFilter
instanceKlass javax/swing/JTable$ModelChange
instanceKlass javax/swing/SwingWorker$4
# instanceKlass java/lang/invoke/LambdaForm$MH+0x000001f40440f400
# instanceKlass java/lang/invoke/LambdaForm$MH+0x000001f40440f000
# instanceKlass java/lang/invoke/LambdaForm$MH+0x000001f40440ec00
# instanceKlass java/lang/invoke/LambdaForm$MH+0x000001f40440e800
# instanceKlass java/lang/invoke/LambdaForm$MH+0x000001f40440e400
# instanceKlass java/lang/invoke/LambdaForm$MH+0x000001f40440e000
# instanceKlass java/lang/invoke/LambdaForm$MH+0x000001f40440dc00
# instanceKlass java/lang/invoke/LambdaForm$MH+0x000001f40440d800
# instanceKlass java/lang/invoke/LambdaForm$MH+0x000001f40440d400
# instanceKlass java/lang/invoke/LambdaForm$MH+0x000001f40440d000
# instanceKlass java/lang/invoke/LambdaForm$MH+0x000001f40440cc00
# instanceKlass java/lang/invoke/LambdaForm$MH+0x000001f40440c800
# instanceKlass java/lang/invoke/LambdaForm$MH+0x000001f40440c400
# instanceKlass java/lang/invoke/LambdaForm$MH+0x000001f40440c000
# instanceKlass java/lang/invoke/LambdaForm$MH+0x000001f40440bc00
# instanceKlass java/lang/invoke/LambdaForm$MH+0x000001f40440b800
# instanceKlass java/lang/invoke/LambdaForm$MH+0x000001f40440b400
# instanceKlass java/lang/invoke/LambdaForm$MH+0x000001f40440b000
# instanceKlass java/lang/invoke/LambdaForm$MH+0x000001f40440ac00
# instanceKlass java/lang/invoke/LambdaForm$MH+0x000001f40440a800
# instanceKlass java/lang/invoke/LambdaForm$MH+0x000001f40440a400
# instanceKlass java/lang/invoke/LambdaForm$DMH+0x000001f40440a000
# instanceKlass java/lang/invoke/LambdaForm$MH+0x000001f404409c00
# instanceKlass java/lang/invoke/LambdaForm$MH+0x000001f404409800
# instanceKlass java/lang/invoke/LambdaForm$MH+0x000001f404409400
# instanceKlass java/lang/invoke/LambdaForm$MH+0x000001f404409000
# instanceKlass java/lang/invoke/LambdaForm$DMH+0x000001f404408c00
instanceKlass com/google/api/client/util/DateTime$Rfc3339ParseResult
instanceKlass  @bci sun/util/cldr/CLDRLocaleProviderAdapter getCalendarDataProvider ()Ljava/util/spi/CalendarDataProvider; 8 <appendix> member <vmtarget> ; # sun/util/cldr/CLDRLocaleProviderAdapter$$Lambda+0x800000061
instanceKlass sun/util/locale/provider/CalendarDataUtility$CalendarWeekParameterGetter
instanceKlass com/google/api/client/json/JsonPolymorphicTypeMap
# instanceKlass java/lang/invoke/LambdaForm$MH+0x000001f404408800
instanceKlass com/google/api/client/googleapis/services/AbstractGoogleClientRequest$1
instanceKlass com/google/api/client/http/GZipEncoding
instanceKlass com/google/api/client/googleapis/MethodOverride
instanceKlass com/google/api/client/http/HttpExecuteInterceptor
# instanceKlass java/lang/invoke/LambdaForm$MH+0x000001f404408400
# instanceKlass java/lang/invoke/LambdaForm$MH+0x000001f404408000
instanceKlass com/google/common/collect/Platform
instanceKlass com/google/common/collect/ObjectArrays
instanceKlass com/google/common/collect/Maps$EntryTransformer
instanceKlass com/google/common/base/Converter
instanceKlass com/google/common/collect/SortedMapDifference
instanceKlass com/google/common/collect/MapDifference
instanceKlass com/google/common/collect/Maps
instanceKlass com/google/common/util/concurrent/ImmediateFuture
instanceKlass sun/security/ssl/PreSharedKeyExtension$SHPreSharedKeySpec
instanceKlass sun/security/ssl/SSLEngineOutputRecord$RecordMemo
instanceKlass sun/security/ssl/SSLEngineOutputRecord$HandshakeFragment
instanceKlass sun/security/ssl/PreSharedKeyExtension$CHPreSharedKeySpec
instanceKlass sun/security/ssl/PreSharedKeyExtension$PskIdentity
instanceKlass com/google/api/client/http/UriTemplate
instanceKlass com/google/api/client/googleapis/services/AbstractGoogleClientRequest$ApiClientVersion
instanceKlass com/google/api/client/googleapis/media/MediaHttpDownloader
instanceKlass com/google/api/client/googleapis/media/MediaHttpUploader
instanceKlass com/google/api/client/googleapis/batch/BatchCallback
instanceKlass com/google/api/client/http/HttpResponseInterceptor
instanceKlass com/google/api/client/http/HttpEncoding
instanceKlass com/google/api/services/directory/Directory$Users
instanceKlass com/google/common/base/CommonPattern
instanceKlass com/google/common/base/Platform$JdkPatternCompiler
instanceKlass com/google/common/base/PatternCompiler
instanceKlass com/google/common/base/Platform
instanceKlass com/google/common/base/Strings
instanceKlass com/google/api/client/util/Strings
instanceKlass com/google/auth/http/HttpCredentialsAdapter
instanceKlass com/google/api/client/util/SslUtils
instanceKlass sun/security/util/PBEUtil
instanceKlass  @bci sun/security/pkcs12/PKCS12KeyStore engineLoad (Ljava/io/InputStream;[C)V 844 <adapter> ; # java/lang/invoke/LambdaForm$MH+0x000001f40439dc00
# instanceKlass java/lang/invoke/LambdaForm$DMH+0x000001f40439d800
instanceKlass  @bci sun/security/pkcs12/PKCS12KeyStore engineLoad (Ljava/io/InputStream;[C)V 844 <appendix> form vmentry <vmtarget> ; # java/lang/invoke/LambdaForm$DMH+0x000001f40439d400
instanceKlass  @bci sun/security/pkcs12/PKCS12KeyStore engineLoad (Ljava/io/InputStream;[C)V 844 <appendix> member <vmtarget> ; # sun/security/pkcs12/PKCS12KeyStore$$Lambda+0x000001f4043af200
instanceKlass  @cpi sun/security/pkcs12/PKCS12KeyStore 1796 form vmentry <vmtarget> ; # java/lang/invoke/LambdaForm$DMH+0x000001f40439d000
instanceKlass sun/security/pkcs12/MacData
# instanceKlass java/lang/invoke/LambdaForm$DMH+0x000001f40439cc00
instanceKlass java/security/PKCS12Attribute
instanceKlass java/security/KeyStore$Entry$Attribute
instanceKlass sun/security/pkcs12/PKCS12KeyStore$Entry
instanceKlass javax/crypto/spec/RC2ParameterSpec
instanceKlass javax/crypto/interfaces/PBEKey
instanceKlass  @bci com/sun/crypto/provider/PBEKey <init> (Ljavax/crypto/spec/PBEKeySpec;Ljava/lang/String;Z)V 150 <appendix> member <vmtarget> ; # com/sun/crypto/provider/PBEKey$$Lambda+0x000001f4043ad818
instanceKlass com/sun/crypto/provider/PBEKey
instanceKlass javax/crypto/SecretKeyFactorySpi
instanceKlass javax/crypto/SecretKeyFactory
instanceKlass javax/crypto/spec/PBEKeySpec
instanceKlass com/sun/crypto/provider/PKCS12PBECipherCore
instanceKlass  @bci sun/security/pkcs12/PKCS12KeyStore engineLoad (Ljava/io/InputStream;[C)V 592 <appendix> member <vmtarget> ; # sun/security/pkcs12/PKCS12KeyStore$$Lambda+0x000001f4043abc88
instanceKlass sun/security/pkcs12/PKCS12KeyStore$RetryWithZero
instanceKlass javax/crypto/spec/PBEParameterSpec
instanceKlass sun/security/pkcs/ContentInfo
instanceKlass com/google/api/client/googleapis/GoogleUtils
instanceKlass com/google/api/client/http/javanet/NetHttpTransport$Builder
instanceKlass java/lang/ProcessEnvironment$CheckedEntry
instanceKlass java/lang/ProcessEnvironment$CheckedEntrySet$1
instanceKlass java/lang/ProcessEnvironment$EntryComparator
instanceKlass java/lang/ProcessEnvironment$NameComparator
instanceKlass com/google/api/client/googleapis/mtls/MtlsUtils$DefaultMtlsProvider$SystemEnvironmentProvider
instanceKlass com/google/api/client/googleapis/mtls/MtlsUtils$DefaultMtlsProvider$EnvironmentProvider
instanceKlass com/google/api/client/googleapis/mtls/MtlsUtils$DefaultMtlsProvider
instanceKlass com/google/api/client/googleapis/mtls/MtlsProvider
instanceKlass com/google/api/client/googleapis/mtls/MtlsUtils
instanceKlass com/google/api/client/googleapis/javanet/GoogleNetHttpTransport
instanceKlass com/google/api/client/googleapis/services/GoogleClientRequestInitializer
instanceKlass com/google/api/client/googleapis/services/AbstractGoogleClient
instanceKlass com/google/api/client/googleapis/services/AbstractGoogleClient$Builder
instanceKlass javax/swing/SwingWorker$SwingWorkerPropertyChangeSupport$1
instanceKlass javax/swing/SwingWorker$6
instanceKlass javax/swing/SwingWorker$5
instanceKlass javax/swing/SwingWorker$1
instanceKlass sun/swing/AccumulativeRunnable
instanceKlass javax/swing/SwingWorker
# instanceKlass java/lang/invoke/LambdaForm$MH+0x000001f404393c00
instanceKlass sun/security/ssl/Alert$AlertConsumer
instanceKlass  @bci driverecovery/ConfigPanel showCalendarPopup (Ljavax/swing/JComponent;)V 331 <appendix> member <vmtarget> ; # driverecovery/ConfigPanel$$Lambda+0x000001f404396e50
instanceKlass sun/awt/windows/TranslucentWindowPainter
instanceKlass sun/util/locale/provider/CalendarDataUtility$CalendarFieldValueNameGetter
instanceKlass sun/util/resources/LocaleData$2
instanceKlass java/util/concurrent/atomic/AtomicMarkableReference$Pair
instanceKlass java/util/concurrent/atomic/AtomicMarkableReference
instanceKlass sun/util/resources/Bundles$2
instanceKlass sun/util/resources/LocaleData$LocaleDataResourceBundleProvider
instanceKlass java/util/spi/ResourceBundleProvider
instanceKlass sun/util/locale/provider/CalendarNameProviderImpl$LengthBasedComparator
instanceKlass  @bci sun/util/locale/provider/JRELocaleProviderAdapter getCalendarNameProvider ()Ljava/util/spi/CalendarNameProvider; 8 <appendix> member <vmtarget> ; # sun/util/locale/provider/JRELocaleProviderAdapter$$Lambda+0x000001f4043a49f8
instanceKlass  @bci sun/util/cldr/CLDRLocaleProviderAdapter getCalendarNameProvider ()Ljava/util/spi/CalendarNameProvider; 8 <appendix> member <vmtarget> ; # sun/util/cldr/CLDRLocaleProviderAdapter$$Lambda+0x000001f4043a4300
instanceKlass sun/util/locale/provider/CalendarDataUtility$CalendarFieldValueNamesMapGetter
instanceKlass  @bci driverecovery/ConfigPanel buildCalPanel (Ljava/time/LocalDate;Ldriverecovery/ConfigPanel$DateCallback;)Ljavax/swing/JPanel; 230 <appendix> member <vmtarget> ; # driverecovery/ConfigPanel$$Lambda+0x000001f404396c28
instanceKlass  @bci driverecovery/ConfigPanel buildCalPanel (Ljava/time/LocalDate;Ldriverecovery/ConfigPanel$DateCallback;)Ljavax/swing/JPanel; 217 <appendix> member <vmtarget> ; # driverecovery/ConfigPanel$$Lambda+0x000001f404396a00
instanceKlass  @bci driverecovery/ConfigPanel buildCalPanel (Ljava/time/LocalDate;Ldriverecovery/ConfigPanel$DateCallback;)Ljavax/swing/JPanel; 205 <appendix> form vmentry <vmtarget> ; # java/lang/invoke/LambdaForm$DMH+0x000001f404393800
instanceKlass  @bci driverecovery/ConfigPanel buildCalPanel (Ljava/time/LocalDate;Ldriverecovery/ConfigPanel$DateCallback;)Ljavax/swing/JPanel; 205 <appendix> member <vmtarget> ; # driverecovery/ConfigPanel$$Lambda+0x000001f4043967d8
instanceKlass  @cpi driverecovery/ConfigPanel 1474 form vmentry <vmtarget> ; # java/lang/invoke/LambdaForm$DMH+0x000001f404393400
instanceKlass  @bci driverecovery/ConfigPanel renderCalGrid (Ljava/time/LocalDate;Ljava/time/LocalDate;Ldriverecovery/ConfigPanel$DateCallback;)Ljavax/swing/JPanel; 378 <appendix> member <vmtarget> ; # driverecovery/ConfigPanel$$Lambda+0x000001f4043965b0
instanceKlass  @bci driverecovery/ConfigPanel buildCalPanel (Ljava/time/LocalDate;Ldriverecovery/ConfigPanel$DateCallback;)Ljavax/swing/JPanel; 185 <appendix> member <vmtarget> ; # driverecovery/ConfigPanel$$Lambda+0x000001f4043960c8
instanceKlass java/time/YearMonth
instanceKlass  @bci driverecovery/ConfigPanel showCalendarPopup (Ljavax/swing/JComponent;)V 149 <appendix> member <vmtarget> ; # driverecovery/ConfigPanel$$Lambda+0x000001f404395be0
instanceKlass java/time/temporal/TemporalQueries$7
instanceKlass java/time/temporal/TemporalQueries$6
instanceKlass java/time/temporal/TemporalQueries$5
instanceKlass java/time/temporal/TemporalQueries$4
instanceKlass java/time/temporal/TemporalQueries$3
instanceKlass java/time/temporal/TemporalQueries$2
instanceKlass java/time/temporal/TemporalQueries$1
instanceKlass java/time/temporal/TemporalQueries
instanceKlass  @bci java/util/regex/Pattern CIRange (II)Ljava/util/regex/Pattern$CharPredicate; 2 <appendix> member <vmtarget> ; # java/util/regex/Pattern$$Lambda+0x000001f4043a3710
instanceKlass  @bci java/util/regex/Pattern SingleI (II)Ljava/util/regex/Pattern$BmpCharPredicate; 2 <appendix> member <vmtarget> ; # java/util/regex/Pattern$$Lambda+0x000001f4043a3480
instanceKlass java/time/format/Parsed
instanceKlass java/time/format/DateTimeParseContext
instanceKlass java/text/ParsePosition
instanceKlass  @bci java/time/LocalDate parse (Ljava/lang/CharSequence;Ljava/time/format/DateTimeFormatter;)Ljava/time/LocalDate; 9 <appendix> argL0 ; # java/time/LocalDate$$Lambda+0x000001f4043a2bd0
instanceKlass  @bci driverecovery/ConfigPanel lambda$4 (Ljava/lang/String;Ljava/lang/String;Ljavax/swing/JLabel;Ljavax/swing/JButton;)V 118 <appendix> member <vmtarget> ; # driverecovery/ConfigPanel$$Lambda+0x000001f4043959b8
instanceKlass com/google/common/util/concurrent/AbstractFuture$Failure
instanceKlass com/google/common/util/concurrent/AbstractFuture$Cancellation
instanceKlass com/google/common/util/concurrent/AbstractFuture$SetFuture
instanceKlass com/google/common/util/concurrent/Uninterruptibles
instanceKlass com/google/common/collect/CollectPreconditions
instanceKlass com/google/common/collect/ImmutableMap$Builder
instanceKlass com/google/auth/oauth2/OAuth2Credentials$OAuthValue
instanceKlass com/google/auth/oauth2/AccessToken
instanceKlass sun/net/www/http/KeepAliveEntry
instanceKlass sun/net/www/http/KeepAliveCache$1
instanceKlass com/google/common/io/ByteArrayDataOutput
instanceKlass com/google/common/io/ByteArrayDataInput
instanceKlass com/google/common/io/ByteStreams
instanceKlass com/google/api/client/http/GzipSupport
instanceKlass io/opencensus/trace/Status
instanceKlass io/opencensus/trace/EndSpanOptions$Builder
instanceKlass io/opencensus/trace/EndSpanOptions
instanceKlass com/google/api/client/http/HttpStatusCodes
instanceKlass com/google/api/client/util/ArrayValueMap
instanceKlass  @bci jdk/internal/reflect/MethodHandleObjectFieldAccessorImpl set (Ljava/lang/Object;Ljava/lang/Object;)V 41 <adapter> ; # java/lang/invoke/LambdaForm$MH+0x000001f404393000
# instanceKlass java/lang/invoke/LambdaForm$DMH+0x000001f404392c00
instanceKlass java/util/Collections$UnmodifiableMap$UnmodifiableEntrySet$UnmodifiableEntry
instanceKlass java/util/Collections$UnmodifiableMap$UnmodifiableEntrySet$1
instanceKlass sun/net/www/http/Hurryable
instanceKlass  @bci sun/security/util/MemoryCache put (Ljava/lang/Object;Ljava/lang/Object;Z)V 126 <adapter> ; # java/lang/invoke/LambdaForm$MH+0x000001f404392800
instanceKlass  @bci sun/security/util/MemoryCache put (Ljava/lang/Object;Ljava/lang/Object;Z)V 126 <appendix> form vmentry <vmtarget> ; # java/lang/invoke/LambdaForm$MH+0x000001f404392400
instanceKlass  @bci sun/security/util/MemoryCache put (Ljava/lang/Object;Ljava/lang/Object;Z)V 126 <appendix> form names 4 function resolvedHandle form vmentry <vmtarget> ; # java/lang/invoke/LambdaForm$DMH+0x000001f404392000
instanceKlass  @bci sun/security/util/MemoryCache put (Ljava/lang/Object;Ljava/lang/Object;Z)V 126 <appendix> argL4 form vmentry <vmtarget> ; # java/lang/invoke/LambdaForm$MH+0x000001f404391c00
instanceKlass  @bci sun/security/util/MemoryCache put (Ljava/lang/Object;Ljava/lang/Object;Z)V 126 <appendix> argL4 form names 4 function resolvedHandle form vmentry <vmtarget> ; # java/lang/invoke/LambdaForm$DMH+0x000001f404391800
instanceKlass  @bci sun/security/util/MemoryCache put (Ljava/lang/Object;Ljava/lang/Object;Z)V 126 <appendix> argL1 form vmentry <vmtarget> ; # java/lang/invoke/LambdaForm$MH+0x000001f404390c00
instanceKlass  @bci sun/security/util/MemoryCache put (Ljava/lang/Object;Ljava/lang/Object;Z)V 126 <appendix> form names 9 function resolvedHandle form vmentry <vmtarget> ; # java/lang/invoke/LambdaForm$DMH+0x000001f404390800
# instanceKlass java/lang/invoke/LambdaForm$MH+0x000001f404390400
instanceKlass  @bci sun/security/util/MemoryCache put (Ljava/lang/Object;Ljava/lang/Object;Z)V 126 <appendix> argL0 form vmentry <vmtarget> ; # java/lang/invoke/LambdaForm$MH+0x000001f404390000
# instanceKlass java/lang/invoke/LambdaForm$MH+0x000001f40438fc00
# instanceKlass java/lang/invoke/LambdaForm$DMH+0x000001f40438f800
instanceKlass java/lang/invoke/MethodHandleImpl$TableSwitchCacheKey
# instanceKlass java/lang/invoke/LambdaForm$MH+0x000001f40438f400
# instanceKlass java/lang/invoke/LambdaForm$MH+0x000001f40438f000
# instanceKlass java/lang/invoke/LambdaForm$MH+0x000001f40438ec00
# instanceKlass java/lang/invoke/LambdaForm$MH+0x000001f40438e800
instanceKlass java/lang/invoke/MethodHandleImpl$Makers$2
instanceKlass java/lang/invoke/MethodHandleImpl$Makers$1
instanceKlass java/lang/invoke/MethodHandleImpl$Makers
instanceKlass  @bci sun/security/util/MemoryCache put (Ljava/lang/Object;Ljava/lang/Object;Z)V 126 <appendix> form names 11 function resolvedHandle form vmentry <vmtarget> ; # java/lang/invoke/LambdaForm$MH+0x000001f40438dc00
instanceKlass  @bci sun/security/util/MemoryCache put (Ljava/lang/Object;Ljava/lang/Object;Z)V 126 <appendix> form names 11 function resolvedHandle form names 5 function resolvedHandle form vmentry <vmtarget> ; # java/lang/invoke/LambdaForm$DMH+0x000001f40438d800
instanceKlass java/lang/invoke/MethodHandleImpl$LoopClauses
instanceKlass java/lang/invoke/MethodHandleImpl$CasesHolder
# instanceKlass java/lang/invoke/LambdaForm$MH+0x000001f40438d400
# instanceKlass java/lang/invoke/LambdaForm$MH+0x000001f40438d000
instanceKlass java/util/ReverseOrderListView
# instanceKlass java/lang/invoke/LambdaForm$MH+0x000001f40438cc00
instanceKlass  @bci java/lang/runtime/SwitchBootstraps typeSwitch (Ljava/lang/invoke/MethodHandles$Lookup;Ljava/lang/String;Ljava/lang/invoke/MethodType;[Ljava/lang/Object;)Ljava/lang/invoke/CallSite; 90 <appendix> argL0 ; # java/lang/runtime/SwitchBootstraps$$Lambda+0x000001f4043fdeb8
instanceKlass java/lang/invoke/DirectMethodHandle$1
# instanceKlass java/lang/invoke/LambdaForm$DMH+0x000001f40438c400
instanceKlass java/lang/runtime/SwitchBootstraps$EnumMap
# instanceKlass java/lang/invoke/LambdaForm$DMH+0x000001f40438bc00
# instanceKlass java/lang/invoke/LambdaForm$DMH+0x000001f40438b800
instanceKlass java/lang/runtime/SwitchBootstraps$ResolvedEnumLabel
instanceKlass java/lang/constant/DynamicConstantDesc
# instanceKlass java/lang/invoke/LambdaForm$DMH+0x000001f40438b000
# instanceKlass java/lang/invoke/LambdaForm$MH+0x000001f40438ac00
# instanceKlass java/lang/invoke/LambdaForm$DMH+0x000001f40438a800
# instanceKlass java/lang/invoke/LambdaForm$MH+0x000001f40438a400
# instanceKlass java/lang/invoke/LambdaForm$MH+0x000001f40438a000
# instanceKlass java/lang/invoke/LambdaForm$MH+0x000001f404389c00
# instanceKlass java/lang/invoke/LambdaForm$DMH+0x000001f404389800
# instanceKlass java/lang/invoke/LambdaForm$DMH+0x000001f404389400
instanceKlass java/lang/invoke/MethodHandleImpl$ArrayAccessor
# instanceKlass java/lang/invoke/LambdaForm$MH+0x000001f404389000
# instanceKlass java/lang/invoke/LambdaForm$DMH+0x000001f404388800
instanceKlass  @bci java/lang/invoke/BootstrapMethodInvoker invoke (Ljava/lang/Class;Ljava/lang/invoke/MethodHandle;Ljava/lang/String;Ljava/lang/Object;Ljava/lang/Object;Ljava/lang/Class;)Ljava/lang/Object; 211 <adapter> ; # java/lang/invoke/LambdaForm$MH+0x000001f404388400
instanceKlass java/lang/runtime/SwitchBootstraps
instanceKlass sun/net/www/protocol/http/AuthCacheValue
instanceKlass sun/security/ssl/TransportContext$NotifyHandshake$1
instanceKlass sun/security/ssl/TransportContext$NotifyHandshake
instanceKlass com/sun/crypto/provider/GaloisCounterMode$EncryptOp
instanceKlass sun/security/ssl/SSLBasicKeyDerivation$SecretSizeSpec
instanceKlass sun/security/ssl/SSLBasicKeyDerivation
instanceKlass sun/security/ssl/Finished$1
instanceKlass sun/security/ssl/Finished$T13VerifyDataGenerator
instanceKlass sun/security/ssl/Finished$T12VerifyDataGenerator
instanceKlass sun/security/ssl/Finished$T10VerifyDataGenerator
instanceKlass sun/security/ssl/Finished$S30VerifyDataGenerator
instanceKlass sun/security/ssl/Finished$VerifyDataGenerator
instanceKlass sun/security/ssl/X509Authentication$X509Credentials
instanceKlass sun/security/util/MemoryCache$QueueCacheEntry
instanceKlass sun/security/util/AnchorCertificates$1
instanceKlass sun/security/util/AnchorCertificates
instanceKlass sun/security/validator/ChunghwaTLSPolicy
instanceKlass sun/security/validator/CamerfirmaTLSPolicy
instanceKlass sun/security/validator/EntrustTLSPolicy
instanceKlass sun/security/validator/SymantecTLSPolicy
instanceKlass java/util/RegularEnumSet$EnumSetIterator
instanceKlass sun/security/validator/CADistrustPolicy$5
instanceKlass java/security/cert/PKIXCertPathValidatorResult
instanceKlass java/security/cert/CertPathValidatorResult
instanceKlass sun/security/util/math/IntegerModuloP$MultiplicativeInverser$Secp256R1Field
instanceKlass  @bci sun/security/ec/ECDSASignature engineVerify ([B)Z 37 <appendix> member <vmtarget> ; # sun/security/ec/ECDSASignature$$Lambda+0x000001f404386b38
instanceKlass  @bci sun/security/ec/ECDSAOperations forParameters (Ljava/security/spec/ECParameterSpec;)Ljava/util/Optional; 7 <appendix> member <vmtarget> ; # sun/security/ec/ECDSAOperations$$Lambda+0x000001f4043868f0
instanceKlass sun/security/ec/ECDSAOperations
instanceKlass sun/security/util/SignatureUtil
instanceKlass java/security/interfaces/DSAPublicKey
instanceKlass java/security/interfaces/DSAKey
instanceKlass sun/security/util/Length
instanceKlass sun/security/provider/certpath/CertPathConstraintsParameters
instanceKlass sun/security/util/ConstraintsParameters
instanceKlass sun/security/provider/certpath/PKIXMasterCertPathValidator
instanceKlass sun/security/provider/certpath/PolicyNodeImpl
instanceKlass java/security/cert/PolicyNode
instanceKlass sun/security/util/DisabledAlgorithmConstraints$CertPathHolder
instanceKlass  @bci sun/security/x509/X509CertImpl getFingerprint (Ljava/lang/String;Lsun/security/util/Debug;)Ljava/lang/String; 7 <appendix> member <vmtarget> ; # sun/security/x509/X509CertImpl$$Lambda+0x000001f4043f3688
instanceKlass sun/security/util/UntrustedCertificates$1
instanceKlass sun/security/util/UntrustedCertificates
instanceKlass java/security/cert/X509CertSelector
instanceKlass java/security/cert/CertSelector
instanceKlass sun/security/provider/certpath/PKIX$ValidatorParams
instanceKlass sun/security/provider/certpath/PKIX
instanceKlass java/security/cert/CertPath
instanceKlass java/security/cert/CertPathValidatorSpi
instanceKlass java/security/cert/CertPathValidator
instanceKlass java/security/cert/PKIXCertPathChecker
instanceKlass java/security/cert/CertPathChecker
instanceKlass java/security/Timestamp
instanceKlass sun/security/ssl/SSLAlgorithmConstraints$SupportedSignatureAlgorithmConstraints
instanceKlass jdk/internal/icu/impl/NormalizerImpl$ReorderingBuffer
instanceKlass jdk/internal/icu/impl/NormalizerImpl$UTF16Plus
instanceKlass jdk/internal/icu/util/CodePointTrie$Data
instanceKlass jdk/internal/icu/util/CodePointMap
instanceKlass jdk/internal/icu/impl/NormalizerImpl$IsAcceptable
instanceKlass jdk/internal/icu/impl/NormalizerImpl
instanceKlass jdk/internal/icu/impl/Norm2AllModes$Norm2AllModesSingleton
instanceKlass jdk/internal/icu/impl/Norm2AllModes$NFKCSingleton
instanceKlass jdk/internal/icu/impl/Norm2AllModes
instanceKlass jdk/internal/icu/text/Normalizer2
instanceKlass jdk/internal/icu/text/NormalizerBase$ModeImpl
instanceKlass jdk/internal/icu/text/NormalizerBase$NFKDModeImpl
instanceKlass jdk/internal/icu/text/NormalizerBase$1
instanceKlass jdk/internal/icu/text/NormalizerBase$Mode
instanceKlass jdk/internal/icu/text/NormalizerBase
instanceKlass java/text/Normalizer
instanceKlass sun/security/pkcs/SignerInfo
instanceKlass sun/security/pkcs/PKCS9Attribute
instanceKlass sun/security/x509/AVAKeyword
instanceKlass java/security/cert/PKIXParameters
instanceKlass java/security/cert/CertPathParameters
instanceKlass sun/security/provider/certpath/CertPathHelper
instanceKlass java/security/cert/TrustAnchor
instanceKlass sun/security/x509/NetscapeCertTypeExtension$MapEntry
instanceKlass sun/security/validator/EndEntityChecker
instanceKlass sun/security/validator/Validator
instanceKlass javax/net/ssl/SSLEngine
instanceKlass sun/security/ssl/CertificateMessage$CertificateEntry
instanceKlass com/sun/crypto/provider/GaloisCounterMode$DecryptOp
instanceKlass com/sun/crypto/provider/GaloisCounterMode$GCMOperation
instanceKlass com/sun/crypto/provider/GHASH
instanceKlass com/sun/crypto/provider/GCM
instanceKlass com/sun/crypto/provider/GaloisCounterMode$GCMEngine
instanceKlass javax/crypto/spec/GCMParameterSpec
instanceKlass sun/security/ssl/ChangeCipherSpec$T13ChangeCipherSpecConsumer
instanceKlass sun/security/ssl/ChangeCipherSpec$T10ChangeCipherSpecProducer
instanceKlass sun/security/ssl/ChangeCipherSpec$T10ChangeCipherSpecConsumer
instanceKlass sun/security/ssl/ChangeCipherSpec
instanceKlass javax/crypto/spec/IvParameterSpec
instanceKlass sun/security/ssl/SSLTrafficKeyDerivation$T13TrafficKeyDerivation
instanceKlass sun/security/ssl/SSLTrafficKeyDerivation$1
instanceKlass sun/security/ssl/SSLTrafficKeyDerivation$T13TrafficKeyDerivationGenerator
instanceKlass sun/security/ssl/SSLTrafficKeyDerivation$T12TrafficKeyDerivationGenerator
instanceKlass sun/security/ssl/SSLTrafficKeyDerivation$T10TrafficKeyDerivationGenerator
instanceKlass sun/security/ssl/SSLTrafficKeyDerivation$S30TrafficKeyDerivationGenerator
instanceKlass sun/security/ssl/SSLKeyDerivationGenerator
instanceKlass sun/security/ssl/SSLSecretDerivation
instanceKlass javax/crypto/MacSpi
instanceKlass javax/crypto/Mac
instanceKlass sun/security/ssl/HKDF
instanceKlass  @bci javax/crypto/spec/SecretKeySpec <clinit> ()V 0 <appendix> argL0 ; # javax/crypto/spec/SecretKeySpec$$Lambda+0x000001f4043e2958
instanceKlass jdk/internal/access/JavaxCryptoSpecAccess
instanceKlass javax/crypto/spec/SecretKeySpec
instanceKlass  @bci sun/security/ec/XDHKeyAgreement engineDoPhase (Ljava/security/Key;Z)Ljava/security/Key; 70 <appendix> argL0 ; # sun/security/ec/XDHKeyAgreement$$Lambda+0x000001f404386478
instanceKlass  @bci sun/security/ec/XDHKeyAgreement initImpl (Ljava/security/Key;)V 66 <appendix> argL0 ; # sun/security/ec/XDHKeyAgreement$$Lambda+0x000001f404386258
instanceKlass  @bci sun/security/ec/XDHKeyAgreement initImpl (Ljava/security/Key;)V 38 <appendix> argL0 ; # sun/security/ec/XDHKeyAgreement$$Lambda+0x000001f404386018
instanceKlass  @bci sun/security/ec/XDHKeyAgreement initImpl (Ljava/security/Key;)V 22 <appendix> argL0 ; # sun/security/ec/XDHKeyAgreement$$Lambda+0x000001f404385dd8
instanceKlass javax/crypto/SecretKey
instanceKlass javax/crypto/KeyAgreementSpi
instanceKlass sun/security/ssl/KAKeyDerivation
instanceKlass sun/security/ssl/XDHKeyExchange$XDHEKAGenerator
instanceKlass sun/security/ssl/XDHKeyExchange
instanceKlass  @bci sun/security/ec/XDHKeyFactory generatePublicImpl (Ljava/security/spec/KeySpec;)Ljava/security/PublicKey; 65 <appendix> argL0 ; # sun/security/ec/XDHKeyFactory$$Lambda+0x000001f404385958
instanceKlass  @bci sun/security/ec/XDHKeyFactory generatePublicImpl (Ljava/security/spec/KeySpec;)Ljava/security/PublicKey; 51 <appendix> argL0 ; # sun/security/ec/XDHKeyFactory$$Lambda+0x000001f404385718
instanceKlass java/security/spec/XECPublicKeySpec
instanceKlass sun/security/ssl/XDHKeyExchange$XDHECredentials
instanceKlass sun/security/ssl/NamedGroupCredentials
instanceKlass sun/security/ssl/KeyShareExtension$SHKeyShareSpec
instanceKlass sun/security/ssl/HandshakeHash$CloneableHash
instanceKlass sun/security/ssl/HandshakeHash$T13HandshakeHash
instanceKlass sun/security/ssl/SupportedVersionsExtension$SHSupportedVersionsSpec
instanceKlass sun/security/ssl/TransportContext$1
instanceKlass sun/security/ssl/Plaintext
instanceKlass sun/security/ssl/OutputRecord$T13PaddingHolder
instanceKlass sun/security/ssl/KeyShareExtension$CHKeyShareSpec
instanceKlass sun/security/util/math/IntegerModuloP$MultiplicativeInverser$Secp256R1
instanceKlass sun/security/ec/ECOperations$PointMultiplier$Default
instanceKlass sun/security/ec/ECOperations$PointMultiplier$Secp256R1GeneratorMultiplier$P256
instanceKlass sun/security/ec/ECOperations$PointMultiplier$Secp256R1GeneratorMultiplier
instanceKlass sun/security/ec/ECOperations$PointMultiplier
instanceKlass  @bci sun/security/ec/ECPrivateKeyImpl calculatePublicKey ()Ljava/security/PublicKey; 9 <appendix> argL0 ; # sun/security/ec/ECPrivateKeyImpl$$Lambda+0x000001f4043837c8
instanceKlass sun/security/util/ArrayUtil
instanceKlass java/security/interfaces/ECPrivateKey
instanceKlass sun/security/ec/ECOperations
instanceKlass sun/security/ssl/ECDHKeyExchange$ECDHEPossession
instanceKlass sun/security/ssl/KeyShareExtension$KeyShareEntry
instanceKlass sun/security/ssl/XDHKeyExchange$1
instanceKlass java/security/interfaces/XECPrivateKey
instanceKlass java/security/interfaces/XECPublicKey
instanceKlass java/security/interfaces/XECKey
instanceKlass java/security/KeyPair
instanceKlass sun/security/util/math/IntegerModuloP$MultiplicativeInverser$Default
instanceKlass sun/security/util/math/IntegerModuloP$MultiplicativeInverser
instanceKlass sun/security/util/math/MutableIntegerModuloP
instanceKlass sun/security/ec/XECOperations
instanceKlass sun/security/ec/XECParameters
instanceKlass  @bci sun/security/ec/XDHKeyPairGenerator initialize (Ljava/security/spec/AlgorithmParameterSpec;Ljava/security/SecureRandom;)V 0 <appendix> argL0 ; # sun/security/ec/XDHKeyPairGenerator$$Lambda+0x000001f404382558
instanceKlass sun/security/ssl/XDHKeyExchange$XDHEPossession
instanceKlass sun/security/ssl/ECDHKeyExchange$ECDHEXDHKAGenerator
instanceKlass sun/security/ssl/ECDHKeyExchange$ECDHEKAGenerator
instanceKlass sun/security/ssl/ECDHKeyExchange$ECDHKAGenerator
instanceKlass sun/security/ssl/ECDHKeyExchange$ECDHEPossessionGenerator
instanceKlass sun/security/ssl/ECDHKeyExchange
instanceKlass sun/security/ssl/DHKeyExchange$DHEKAGenerator
instanceKlass sun/security/ssl/DHKeyExchange$DHEPossessionGenerator
instanceKlass sun/security/ssl/DHKeyExchange
instanceKlass sun/security/ssl/RSAKeyExchange$RSAKAGenerator
instanceKlass sun/security/ssl/RSAKeyExchange$EphemeralRSAPossessionGenerator
instanceKlass sun/security/ssl/RSAKeyExchange
instanceKlass sun/security/ssl/SSLKeyExchange$T13KeyAgreement
instanceKlass sun/security/ssl/SSLKeyAgreement
instanceKlass sun/security/ssl/SSLPossessionGenerator
instanceKlass sun/security/ssl/SSLKeyExchange
instanceKlass sun/security/ssl/SSLHandshakeBinding
instanceKlass sun/security/ssl/SSLKeyAgreementGenerator
instanceKlass sun/security/ssl/PskKeyExchangeModesExtension$PskKeyExchangeModesSpec
instanceKlass sun/security/ssl/SupportedVersionsExtension$CHSupportedVersionsSpec
instanceKlass sun/security/ssl/SignatureAlgorithmsExtension$SignatureSchemesSpec
instanceKlass  @bci sun/security/util/DisabledAlgorithmConstraints permits (Ljava/lang/String;Ljava/util/Set;)Z 20 <appendix> member <vmtarget> ; # sun/security/util/DisabledAlgorithmConstraints$$Lambda+0x000001f4043d8290
instanceKlass sun/security/ssl/ExtendedMasterSecretExtension$ExtendedMasterSecretSpec
instanceKlass sun/security/ssl/CertStatusExtension$CertStatusRequestV2Spec
instanceKlass sun/security/ssl/ECPointFormatsExtension$ECPointFormatsSpec
instanceKlass sun/security/ssl/SupportedGroupsExtension$SupportedGroupsSpec
instanceKlass sun/security/ssl/CertStatusExtension$CertStatusRequest
instanceKlass sun/security/ssl/CertStatusExtension$CertStatusRequestSpec
instanceKlass sun/security/ssl/ServerNameExtension$CHServerNamesSpec
instanceKlass sun/security/ssl/SSLExtension$SSLExtensionSpec
instanceKlass sun/security/ssl/SSLExtension$ClientExtensions
instanceKlass sun/security/ssl/PreSharedKeyExtension$SHPreSharedKeyStringizer
instanceKlass sun/security/ssl/PreSharedKeyExtension$SHPreSharedKeyAbsence
instanceKlass sun/security/ssl/PreSharedKeyExtension$SHPreSharedKeyConsumer
instanceKlass sun/security/ssl/PreSharedKeyExtension$SHPreSharedKeyProducer
instanceKlass sun/security/ssl/PreSharedKeyExtension$CHPreSharedKeyStringizer
instanceKlass sun/security/ssl/PreSharedKeyExtension$CHPreSharedKeyOnTradeAbsence
instanceKlass sun/security/ssl/PreSharedKeyExtension$CHPreSharedKeyUpdate
instanceKlass sun/security/ssl/PreSharedKeyExtension$CHPreSharedKeyOnLoadAbsence
instanceKlass sun/security/ssl/PreSharedKeyExtension$CHPreSharedKeyConsumer
instanceKlass sun/security/ssl/PreSharedKeyExtension$CHPreSharedKeyProducer
instanceKlass sun/security/ssl/PreSharedKeyExtension
instanceKlass sun/security/ssl/RenegoInfoExtension$RenegotiationInfoStringizer
instanceKlass sun/security/ssl/RenegoInfoExtension$SHRenegotiationInfoAbsence
instanceKlass sun/security/ssl/RenegoInfoExtension$SHRenegotiationInfoConsumer
instanceKlass sun/security/ssl/RenegoInfoExtension$SHRenegotiationInfoProducer
instanceKlass sun/security/ssl/RenegoInfoExtension$CHRenegotiationInfoAbsence
instanceKlass sun/security/ssl/RenegoInfoExtension$CHRenegotiationInfoConsumer
instanceKlass sun/security/ssl/RenegoInfoExtension$CHRenegotiationInfoProducer
instanceKlass sun/security/ssl/RenegoInfoExtension
instanceKlass sun/security/ssl/KeyShareExtension$HRRKeyShareStringizer
instanceKlass sun/security/ssl/KeyShareExtension$HRRKeyShareReproducer
instanceKlass sun/security/ssl/KeyShareExtension$HRRKeyShareConsumer
instanceKlass sun/security/ssl/KeyShareExtension$HRRKeyShareProducer
instanceKlass sun/security/ssl/KeyShareExtension$SHKeyShareStringizer
instanceKlass sun/security/ssl/KeyShareExtension$SHKeyShareAbsence
instanceKlass sun/security/ssl/KeyShareExtension$SHKeyShareConsumer
instanceKlass sun/security/ssl/KeyShareExtension$SHKeyShareProducer
instanceKlass sun/security/ssl/KeyShareExtension$CHKeyShareStringizer
instanceKlass sun/security/ssl/KeyShareExtension$CHKeyShareOnTradeAbsence
instanceKlass sun/security/ssl/KeyShareExtension$CHKeyShareConsumer
instanceKlass sun/security/ssl/KeyShareExtension$CHKeyShareProducer
instanceKlass sun/security/ssl/KeyShareExtension
instanceKlass sun/security/ssl/CertSignAlgsExtension$CertSignatureSchemesStringizer
instanceKlass sun/security/ssl/CertSignAlgsExtension$CRCertSignatureSchemesUpdate
instanceKlass sun/security/ssl/CertSignAlgsExtension$CRCertSignatureSchemesConsumer
instanceKlass sun/security/ssl/CertSignAlgsExtension$CRCertSignatureSchemesProducer
instanceKlass sun/security/ssl/CertSignAlgsExtension$CHCertSignatureSchemesUpdate
instanceKlass sun/security/ssl/CertSignAlgsExtension$CHCertSignatureSchemesConsumer
instanceKlass sun/security/ssl/CertSignAlgsExtension$CHCertSignatureSchemesProducer
instanceKlass sun/security/ssl/CertSignAlgsExtension
instanceKlass sun/security/ssl/CertificateAuthoritiesExtension$CertificateAuthoritiesStringizer
instanceKlass sun/security/ssl/CertificateAuthoritiesExtension$CRCertificateAuthoritiesConsumer
instanceKlass sun/security/ssl/CertificateAuthoritiesExtension$CRCertificateAuthoritiesProducer
instanceKlass sun/security/ssl/CertificateAuthoritiesExtension$CHCertificateAuthoritiesConsumer
instanceKlass sun/security/ssl/CertificateAuthoritiesExtension$CHCertificateAuthoritiesProducer
instanceKlass sun/security/ssl/CertificateAuthoritiesExtension
instanceKlass sun/security/ssl/PskKeyExchangeModesExtension$PskKeyExchangeModesStringizer
instanceKlass sun/security/ssl/PskKeyExchangeModesExtension$PskKeyExchangeModesOnTradeAbsence
instanceKlass sun/security/ssl/PskKeyExchangeModesExtension$PskKeyExchangeModesOnLoadAbsence
instanceKlass sun/security/ssl/PskKeyExchangeModesExtension$PskKeyExchangeModesConsumer
instanceKlass sun/security/ssl/PskKeyExchangeModesExtension$PskKeyExchangeModesProducer
instanceKlass sun/security/ssl/PskKeyExchangeModesExtension
instanceKlass sun/security/ssl/CookieExtension$CookieStringizer
instanceKlass sun/security/ssl/CookieExtension$HRRCookieReproducer
instanceKlass sun/security/ssl/CookieExtension$HRRCookieConsumer
instanceKlass sun/security/ssl/CookieExtension$HRRCookieProducer
instanceKlass sun/security/ssl/CookieExtension$CHCookieUpdate
instanceKlass sun/security/ssl/CookieExtension$CHCookieConsumer
instanceKlass sun/security/ssl/CookieExtension$CHCookieProducer
instanceKlass sun/security/ssl/CookieExtension
instanceKlass sun/security/ssl/SupportedVersionsExtension$HRRSupportedVersionsReproducer
instanceKlass sun/security/ssl/SupportedVersionsExtension$HRRSupportedVersionsConsumer
instanceKlass sun/security/ssl/SupportedVersionsExtension$HRRSupportedVersionsProducer
instanceKlass sun/security/ssl/SupportedVersionsExtension$SHSupportedVersionsStringizer
instanceKlass sun/security/ssl/SupportedVersionsExtension$SHSupportedVersionsConsumer
instanceKlass sun/security/ssl/SupportedVersionsExtension$SHSupportedVersionsProducer
instanceKlass sun/security/ssl/SupportedVersionsExtension$CHSupportedVersionsStringizer
instanceKlass sun/security/ssl/SupportedVersionsExtension$CHSupportedVersionsConsumer
instanceKlass sun/security/ssl/SupportedVersionsExtension$CHSupportedVersionsProducer
instanceKlass sun/security/ssl/SupportedVersionsExtension
instanceKlass sun/security/ssl/SignatureAlgorithmsExtension$SignatureSchemesStringizer
instanceKlass sun/security/ssl/SignatureAlgorithmsExtension$CRSignatureSchemesUpdate
instanceKlass sun/security/ssl/SignatureAlgorithmsExtension$CRSignatureSchemesAbsence
instanceKlass sun/security/ssl/SignatureAlgorithmsExtension$CRSignatureSchemesConsumer
instanceKlass sun/security/ssl/SignatureAlgorithmsExtension$CRSignatureSchemesProducer
instanceKlass sun/security/ssl/SignatureAlgorithmsExtension$CHSignatureSchemesOnTradeAbsence
instanceKlass sun/security/ssl/SignatureAlgorithmsExtension$CHSignatureSchemesUpdate
instanceKlass sun/security/ssl/SignatureAlgorithmsExtension$CHSignatureSchemesOnLoadAbsence
instanceKlass sun/security/ssl/SignatureAlgorithmsExtension$CHSignatureSchemesConsumer
instanceKlass sun/security/ssl/SignatureAlgorithmsExtension$CHSignatureSchemesProducer
instanceKlass sun/security/ssl/SignatureAlgorithmsExtension
instanceKlass sun/security/ssl/SessionTicketExtension$SessionTicketStringizer
instanceKlass sun/security/ssl/SessionTicketExtension$T12SHSessionTicketConsumer
instanceKlass sun/security/ssl/SessionTicketExtension$T12SHSessionTicketProducer
instanceKlass sun/security/ssl/SessionTicketExtension$T12CHSessionTicketConsumer
instanceKlass sun/security/ssl/SessionTicketExtension$T12CHSessionTicketProducer
instanceKlass sun/security/ssl/SessionTicketExtension
instanceKlass sun/security/ssl/ExtendedMasterSecretExtension$ExtendedMasterSecretStringizer
instanceKlass sun/security/ssl/ExtendedMasterSecretExtension$SHExtendedMasterSecretAbsence
instanceKlass sun/security/ssl/ExtendedMasterSecretExtension$SHExtendedMasterSecretConsumer
instanceKlass sun/security/ssl/ExtendedMasterSecretExtension$SHExtendedMasterSecretProducer
instanceKlass sun/security/ssl/ExtendedMasterSecretExtension$CHExtendedMasterSecretAbsence
instanceKlass sun/security/ssl/ExtendedMasterSecretExtension$CHExtendedMasterSecretConsumer
instanceKlass sun/security/ssl/ExtendedMasterSecretExtension$CHExtendedMasterSecretProducer
instanceKlass sun/security/ssl/ExtendedMasterSecretExtension
instanceKlass  @bci sun/security/ssl/AlpnExtension <clinit> ()V 100 <appendix> argL0 ; # sun/security/ssl/AlpnExtension$$Lambda+0x000001f4043c94a0
instanceKlass sun/security/ssl/AlpnExtension$AlpnStringizer
instanceKlass sun/security/ssl/AlpnExtension$SHAlpnAbsence
instanceKlass sun/security/ssl/AlpnExtension$SHAlpnConsumer
instanceKlass sun/security/ssl/AlpnExtension$SHAlpnProducer
instanceKlass sun/security/ssl/AlpnExtension$CHAlpnAbsence
instanceKlass sun/security/ssl/AlpnExtension$CHAlpnConsumer
instanceKlass sun/security/ssl/AlpnExtension$CHAlpnProducer
instanceKlass sun/security/ssl/AlpnExtension
instanceKlass sun/security/ssl/ECPointFormatsExtension$ECPointFormatsStringizer
instanceKlass sun/security/ssl/ECPointFormatsExtension$SHECPointFormatsConsumer
instanceKlass sun/security/ssl/ECPointFormatsExtension$CHECPointFormatsConsumer
instanceKlass sun/security/ssl/ECPointFormatsExtension$CHECPointFormatsProducer
instanceKlass sun/security/ssl/ECPointFormatsExtension
instanceKlass sun/security/ssl/SupportedGroupsExtension$EESupportedGroupsConsumer
instanceKlass sun/security/ssl/SupportedGroupsExtension$EESupportedGroupsProducer
instanceKlass sun/security/ssl/SupportedGroupsExtension$SupportedGroupsStringizer
instanceKlass sun/security/ssl/SupportedGroupsExtension$CHSupportedGroupsOnTradeAbsence
instanceKlass sun/security/ssl/SupportedGroupsExtension$CHSupportedGroupsConsumer
instanceKlass sun/security/ssl/SupportedGroupsExtension$CHSupportedGroupsProducer
instanceKlass sun/security/ssl/SupportedGroupsExtension
instanceKlass sun/security/ssl/CertStatusExtension$CertStatusRespStringizer
instanceKlass sun/security/ssl/CertStatusExtension$CertStatusRequestsStringizer
instanceKlass sun/security/ssl/CertStatusExtension$SHCertStatusReqV2Consumer
instanceKlass sun/security/ssl/CertStatusExtension$SHCertStatusReqV2Producer
instanceKlass sun/security/ssl/CertStatusExtension$CHCertStatusReqV2Consumer
instanceKlass sun/security/ssl/CertStatusExtension$CHCertStatusReqV2Producer
instanceKlass sun/security/ssl/CertStatusExtension$CertStatusRequestStringizer
instanceKlass sun/security/ssl/CertStatusExtension$CTCertStatusResponseConsumer
instanceKlass sun/security/ssl/CertStatusExtension$CTCertStatusResponseProducer
instanceKlass sun/security/ssl/CertStatusExtension$SHCertStatusReqConsumer
instanceKlass sun/security/ssl/CertStatusExtension$SHCertStatusReqProducer
instanceKlass sun/security/ssl/CertStatusExtension$CHCertStatusReqConsumer
instanceKlass sun/security/ssl/CertStatusExtension$CHCertStatusReqProducer
instanceKlass sun/security/ssl/CertStatusExtension
instanceKlass sun/security/ssl/MaxFragExtension$MaxFragLenStringizer
instanceKlass sun/security/ssl/MaxFragExtension$EEMaxFragmentLengthUpdate
instanceKlass sun/security/ssl/MaxFragExtension$EEMaxFragmentLengthConsumer
instanceKlass sun/security/ssl/MaxFragExtension$EEMaxFragmentLengthProducer
instanceKlass sun/security/ssl/MaxFragExtension$SHMaxFragmentLengthUpdate
instanceKlass sun/security/ssl/MaxFragExtension$SHMaxFragmentLengthConsumer
instanceKlass sun/security/ssl/MaxFragExtension$SHMaxFragmentLengthProducer
instanceKlass sun/security/ssl/MaxFragExtension$CHMaxFragmentLengthConsumer
instanceKlass sun/security/ssl/MaxFragExtension$CHMaxFragmentLengthProducer
instanceKlass sun/security/ssl/MaxFragExtension
instanceKlass sun/security/ssl/ServerNameExtension$EEServerNameConsumer
instanceKlass sun/security/ssl/ServerNameExtension$EEServerNameProducer
instanceKlass sun/security/ssl/ServerNameExtension$SHServerNamesStringizer
instanceKlass sun/security/ssl/ServerNameExtension$SHServerNameConsumer
instanceKlass sun/security/ssl/ServerNameExtension$SHServerNameProducer
instanceKlass sun/security/ssl/ServerNameExtension$CHServerNamesStringizer
instanceKlass sun/security/ssl/ServerNameExtension$CHServerNameConsumer
instanceKlass sun/security/ssl/SSLExtension$ExtensionConsumer
instanceKlass sun/security/ssl/ServerNameExtension$CHServerNameProducer
instanceKlass sun/security/ssl/ServerNameExtension
instanceKlass sun/security/ssl/SSLStringizer
instanceKlass sun/security/ssl/SSLExtensions
instanceKlass sun/security/ssl/SSLHandshake$HandshakeMessage
instanceKlass sun/security/ssl/RandomCookie
instanceKlass java/lang/Byte$ByteCache
instanceKlass sun/security/util/KeyUtil
instanceKlass sun/security/ssl/SSLKeyDerivation
instanceKlass sun/security/ssl/SSLCredentials
instanceKlass sun/security/ssl/NamedGroupPossession
instanceKlass sun/security/ssl/SSLPossession
instanceKlass sun/security/ssl/HandshakeContext
instanceKlass sun/security/ssl/SSLConfiguration$1
instanceKlass javax/net/ssl/SSLParameters
instanceKlass jdk/internal/icu/impl/UCharacterProperty$IsAcceptable
instanceKlass jdk/internal/icu/impl/UCharacterProperty$IntProperty
instanceKlass jdk/internal/icu/impl/UCharacterProperty
instanceKlass jdk/internal/icu/util/VersionInfo
instanceKlass jdk/internal/icu/impl/Trie
instanceKlass jdk/internal/icu/text/StringPrep$StringPrepTrieImpl
instanceKlass jdk/internal/icu/impl/Trie$DataManipulate
instanceKlass jdk/internal/icu/impl/StringPrepDataReader
instanceKlass jdk/internal/icu/text/StringPrep
instanceKlass java/net/IDN
instanceKlass javax/net/ssl/SNIServerName
instanceKlass sun/security/ssl/DTLSRecord
instanceKlass sun/security/ssl/SessionId
instanceKlass java/security/spec/MGF1ParameterSpec
instanceKlass sun/security/ec/ParametersMap$1
instanceKlass  @bci sun/security/ec/ed/EdDSAParameters <clinit> ()V 268 <appendix> argL0 ; # sun/security/ec/ed/EdDSAParameters$$Lambda+0x000001f404381988
instanceKlass sun/security/ec/ed/EdDSAParameters$SHAKE256DigesterFactory
instanceKlass sun/security/ec/point/ProjectivePoint
instanceKlass  @bci sun/security/ec/ed/EdDSAParameters <clinit> ()V 117 <appendix> argL0 ; # sun/security/ec/ed/EdDSAParameters$$Lambda+0x000001f404380fc0
instanceKlass sun/security/ec/ed/EdDSAParameters$Digester
instanceKlass sun/security/ec/ed/EdDSAParameters$SHA512DigesterFactory
instanceKlass sun/security/ec/point/ExtendedHomogeneousPoint
instanceKlass sun/security/ec/point/AffinePoint
instanceKlass sun/security/util/math/intpoly/IntegerPolynomial$Limb
instanceKlass sun/security/util/math/SmallValue
instanceKlass sun/security/ec/point/MutablePoint
instanceKlass sun/security/ec/point/ImmutablePoint
instanceKlass sun/security/ec/point/Point
instanceKlass sun/security/util/math/intpoly/IntegerPolynomial$Element
instanceKlass sun/security/util/math/ImmutableIntegerModuloP
instanceKlass sun/security/util/math/IntegerModuloP
instanceKlass sun/security/util/math/intpoly/IntegerPolynomial
instanceKlass sun/security/ec/ParametersMap
instanceKlass sun/security/ec/ed/EdECOperations
instanceKlass sun/security/ec/ed/EdDSAParameters$DigesterFactory
instanceKlass sun/security/util/math/IntegerFieldModuloP
instanceKlass sun/security/ec/ed/EdDSAParameters
instanceKlass  @bci sun/security/ec/ed/EdDSASignature <init> (Ljava/security/spec/NamedParameterSpec;)V 27 <appendix> argL0 ; # sun/security/ec/ed/EdDSASignature$$Lambda+0x000001f40433ad78
instanceKlass java/security/spec/EdDSAParameterSpec
instanceKlass sun/security/ec/ed/EdDSASignature$MessageAccumulator
instanceKlass javax/net/ssl/ExtendedSSLSession
instanceKlass javax/net/ssl/SSLSession
instanceKlass javax/crypto/spec/DHParameterSpec
instanceKlass sun/security/ssl/PredefinedDHParameterSpecs$1
instanceKlass sun/security/ssl/PredefinedDHParameterSpecs
instanceKlass com/sun/security/sasl/Provider$1
instanceKlass  @bci sun/security/provider/certpath/ldap/JdkLDAP <init> ()V 15 <appendix> member <vmtarget> ; # sun/security/provider/certpath/ldap/JdkLDAP$$Lambda+0x000001f4043767d0
instanceKlass  @bci sun/security/pkcs11/SunPKCS11 register (Lsun/security/pkcs11/SunPKCS11$Descriptor;)V 27 <appendix> argL0 ; # sun/security/pkcs11/SunPKCS11$$Lambda+0x000001f404339e20
instanceKlass sun/security/pkcs11/SunPKCS11$Descriptor
instanceKlass javax/security/auth/callback/CallbackHandler
instanceKlass sun/security/mscapi/SunMSCAPI$2
instanceKlass java/lang/foreign/MemorySegment
instanceKlass sun/security/mscapi/SunMSCAPI$1
instanceKlass sun/security/ssl/NamedGroup$SupportedGroups
instanceKlass sun/security/ssl/SSLConfiguration$CustomizedClientSignatureSchemes
instanceKlass javax/crypto/KeyGeneratorSpi
instanceKlass javax/crypto/KeyGenerator
instanceKlass sun/security/ssl/SSLConfiguration
instanceKlass sun/security/ssl/SSLCipher$SSLWriteCipher
instanceKlass sun/security/ssl/KeyUpdate$KeyUpdateProducer
instanceKlass sun/security/ssl/KeyUpdate$KeyUpdateConsumer
instanceKlass sun/security/ssl/KeyUpdate$KeyUpdateKickstartProducer
instanceKlass sun/security/ssl/KeyUpdate
instanceKlass sun/security/ssl/CertificateStatus$CertificateStatusAbsence
instanceKlass sun/security/ssl/HandshakeAbsence
instanceKlass sun/security/ssl/CertificateStatus$CertificateStatusProducer
instanceKlass sun/security/ssl/CertificateStatus$CertificateStatusConsumer
instanceKlass sun/security/ssl/CertificateStatus
instanceKlass sun/security/ssl/Finished$T13FinishedProducer
instanceKlass sun/security/ssl/Finished$T13FinishedConsumer
instanceKlass sun/security/ssl/Finished$T12FinishedProducer
instanceKlass sun/security/ssl/Finished$T12FinishedConsumer
instanceKlass sun/security/ssl/Finished
instanceKlass sun/security/ssl/ClientKeyExchange$ClientKeyExchangeProducer
instanceKlass sun/security/ssl/ClientKeyExchange$ClientKeyExchangeConsumer
instanceKlass sun/security/ssl/ClientKeyExchange
instanceKlass sun/security/ssl/CertificateVerify$T13CertificateVerifyProducer
instanceKlass sun/security/ssl/CertificateVerify$T13CertificateVerifyConsumer
instanceKlass sun/security/ssl/CertificateVerify$T12CertificateVerifyProducer
instanceKlass sun/security/ssl/CertificateVerify$T12CertificateVerifyConsumer
instanceKlass sun/security/ssl/CertificateVerify$T10CertificateVerifyProducer
instanceKlass sun/security/ssl/CertificateVerify$T10CertificateVerifyConsumer
instanceKlass sun/security/ssl/CertificateVerify$S30CertificateVerifyProducer
instanceKlass sun/security/ssl/CertificateVerify$S30CertificateVerifyConsumer
instanceKlass sun/security/ssl/CertificateVerify
instanceKlass sun/security/ssl/ServerHelloDone$ServerHelloDoneProducer
instanceKlass sun/security/ssl/ServerHelloDone$ServerHelloDoneConsumer
instanceKlass sun/security/ssl/ServerHelloDone
instanceKlass sun/security/ssl/CertificateRequest$T13CertificateRequestProducer
instanceKlass sun/security/ssl/CertificateRequest$T13CertificateRequestConsumer
instanceKlass sun/security/ssl/CertificateRequest$T12CertificateRequestProducer
instanceKlass sun/security/ssl/CertificateRequest$T12CertificateRequestConsumer
instanceKlass sun/security/ssl/CertificateRequest$T10CertificateRequestProducer
instanceKlass sun/security/ssl/CertificateRequest$T10CertificateRequestConsumer
instanceKlass sun/security/ssl/CertificateRequest
instanceKlass sun/security/ssl/ServerKeyExchange$ServerKeyExchangeProducer
instanceKlass sun/security/ssl/ServerKeyExchange$ServerKeyExchangeConsumer
instanceKlass sun/security/ssl/ServerKeyExchange
instanceKlass sun/security/ssl/CertificateMessage$T13CertificateProducer
instanceKlass sun/security/ssl/CertificateMessage$T13CertificateConsumer
instanceKlass sun/security/ssl/CertificateMessage$T12CertificateProducer
instanceKlass sun/security/ssl/CertificateMessage$T12CertificateConsumer
instanceKlass sun/security/ssl/CertificateMessage
instanceKlass sun/security/ssl/EncryptedExtensions$EncryptedExtensionsConsumer
instanceKlass sun/security/ssl/EncryptedExtensions$EncryptedExtensionsProducer
instanceKlass sun/security/ssl/EncryptedExtensions
instanceKlass sun/security/ssl/NewSessionTicket$T12NewSessionTicketProducer
instanceKlass sun/security/ssl/NewSessionTicket$T13NewSessionTicketProducer
instanceKlass sun/security/ssl/NewSessionTicket$T12NewSessionTicketConsumer
instanceKlass sun/security/ssl/NewSessionTicket$T13NewSessionTicketConsumer
instanceKlass sun/security/ssl/NewSessionTicket
instanceKlass sun/security/ssl/HelloVerifyRequest$HelloVerifyRequestProducer
instanceKlass sun/security/ssl/HelloVerifyRequest$HelloVerifyRequestConsumer
instanceKlass sun/security/ssl/HelloVerifyRequest
instanceKlass sun/security/ssl/ServerHello$T13HelloRetryRequestConsumer
instanceKlass sun/security/ssl/ServerHello$T13ServerHelloConsumer
instanceKlass sun/security/ssl/ServerHello$T12ServerHelloConsumer
instanceKlass sun/security/ssl/ServerHello$T13HelloRetryRequestReproducer
instanceKlass sun/security/ssl/ServerHello$T13HelloRetryRequestProducer
instanceKlass sun/security/ssl/ServerHello$T13ServerHelloProducer
instanceKlass sun/security/ssl/ServerHello$T12ServerHelloProducer
instanceKlass sun/security/ssl/ServerHello$ServerHelloConsumer
instanceKlass sun/security/ssl/ServerHello
instanceKlass sun/security/ssl/ClientHello$D13ClientHelloConsumer
instanceKlass sun/security/ssl/ClientHello$D12ClientHelloConsumer
instanceKlass sun/security/ssl/ClientHello$T13ClientHelloConsumer
instanceKlass sun/security/ssl/ClientHello$T12ClientHelloConsumer
instanceKlass sun/security/ssl/HandshakeConsumer
instanceKlass sun/security/ssl/ClientHello$ClientHelloProducer
instanceKlass sun/security/ssl/ClientHello$ClientHelloConsumer
instanceKlass sun/security/ssl/ClientHello$ClientHelloKickstartProducer
instanceKlass sun/security/ssl/ClientHello
instanceKlass sun/security/ssl/HelloRequest$HelloRequestProducer
instanceKlass sun/security/ssl/HelloRequest$HelloRequestConsumer
instanceKlass sun/security/ssl/HelloRequest$HelloRequestKickstartProducer
instanceKlass sun/security/ssl/SSLProducer
instanceKlass sun/security/ssl/HelloRequest
instanceKlass sun/security/ssl/HandshakeProducer
instanceKlass sun/security/ssl/SSLConsumer
instanceKlass sun/security/ssl/Authenticator$MacImpl
instanceKlass sun/security/ssl/Authenticator$MAC
instanceKlass sun/security/ssl/Authenticator
instanceKlass sun/security/ssl/SSLCipher$SSLReadCipher
instanceKlass sun/security/ssl/InputRecord
instanceKlass sun/security/ssl/SSLRecord
instanceKlass sun/security/ssl/Record
instanceKlass sun/security/ssl/TransportContext
instanceKlass sun/security/ssl/ConnectionContext
instanceKlass sun/security/ssl/HandshakeHash$CacheOnlyHash
instanceKlass sun/security/ssl/HandshakeHash$TranscriptHash
instanceKlass sun/security/ssl/HandshakeHash
instanceKlass sun/security/ssl/SSLTransport
instanceKlass sun/net/www/http/KeepAliveKey
instanceKlass sun/net/NetworkClient$1
instanceKlass sun/net/NetworkClient
instanceKlass javax/net/ssl/HandshakeCompletedListener
instanceKlass sun/net/www/protocol/http/HttpURLConnection$7
instanceKlass io/opencensus/trace/MessageEvent$Builder
instanceKlass io/grpc/PersistentHashArrayMappedTrie$Leaf
instanceKlass io/opencensus/trace/CurrentSpanUtils$ScopeInSpan
instanceKlass com/google/api/client/util/escape/Platform
instanceKlass com/google/api/client/util/IOUtils
instanceKlass com/google/api/client/http/javanet/NetHttpRequest$DefaultOutputWriter
instanceKlass com/google/api/client/http/javanet/NetHttpRequest$OutputWriter
instanceKlass java/net/ResponseCache
instanceKlass sun/net/www/protocol/http/HttpURLConnection$3
instanceKlass java/net/CookieHandler
instanceKlass sun/net/www/protocol/http/HttpURLConnection$2
instanceKlass sun/net/util/ProxyUtil
instanceKlass  @bci sun/net/www/protocol/http/AuthCacheImpl getAuthCacheFor (Ljava/net/Authenticator;)Lsun/net/www/protocol/http/AuthCacheImpl; 4 <appendix> argL0 ; # sun/net/www/protocol/http/AuthCacheImpl$$Lambda+0x000001f404362510
instanceKlass java/net/Authenticator
instanceKlass sun/net/www/protocol/http/AuthCacheImpl
instanceKlass sun/net/www/protocol/http/AuthCache
instanceKlass  @bci sun/net/www/protocol/http/HttpURLConnection getNetProperty (Ljava/lang/String;)Ljava/lang/String; 1 <appendix> member <vmtarget> ; # sun/net/www/protocol/http/HttpURLConnection$$Lambda+0x000001f404361c60
instanceKlass  @bci sun/security/ssl/SSLContextImpl engineInit ([Ljavax/net/ssl/KeyManager;[Ljavax/net/ssl/TrustManager;Ljava/security/SecureRandom;)V 57 <appendix> argL0 ; # sun/security/ssl/SSLContextImpl$$Lambda+0x000001f404360968
instanceKlass javax/net/ssl/X509ExtendedKeyManager
instanceKlass javax/net/ssl/X509KeyManager
instanceKlass javax/net/ssl/KeyManager
instanceKlass javax/net/ssl/KeyManagerFactorySpi
instanceKlass  @bci javax/net/ssl/KeyManagerFactory getDefaultAlgorithm ()Ljava/lang/String; 0 <appendix> argL0 ; # javax/net/ssl/KeyManagerFactory$$Lambda+0x000001f40435f5c8
instanceKlass javax/net/ssl/KeyManagerFactory
instanceKlass sun/security/ssl/SSLContextImpl$DefaultManagersHolder$1
instanceKlass javax/net/ssl/X509ExtendedTrustManager
instanceKlass javax/net/ssl/X509TrustManager
instanceKlass javax/net/ssl/TrustManager
instanceKlass sun/security/validator/TrustStoreUtil
instanceKlass sun/awt/shell/Win32ShellFolder2$FolderDisposer$1
instanceKlass sun/security/x509/RFC822Name
instanceKlass sun/security/x509/AccessDescription
instanceKlass sun/security/util/HostnameChecker
instanceKlass sun/security/x509/DNSName
instanceKlass sun/security/x509/URIName
instanceKlass sun/security/x509/GeneralName
instanceKlass sun/security/x509/DistributionPoint
instanceKlass java/security/cert/PolicyQualifierInfo
instanceKlass sun/security/x509/CertificatePolicyId
instanceKlass sun/security/x509/PolicyInformation
instanceKlass sun/security/x509/GeneralNames
instanceKlass java/security/interfaces/ECPublicKey
instanceKlass jdk/internal/event/EventHelper$ThreadTrackHolder
instanceKlass java/util/jar/JarFile$ThreadTrackHolder
instanceKlass jdk/internal/event/EventHelper
instanceKlass sun/security/util/MemoryCache$CacheEntry
instanceKlass sun/security/x509/KeyIdentifier
instanceKlass sun/security/x509/OIDMap$OIDInfo
instanceKlass sun/security/x509/PKIXExtensions
instanceKlass sun/security/x509/OIDMap
instanceKlass sun/security/x509/Extension
instanceKlass java/security/cert/Extension
instanceKlass sun/security/x509/CertificateExtensions
instanceKlass sun/security/util/BitArray
instanceKlass sun/security/x509/X509Key
instanceKlass sun/security/x509/CertificateX509Key
instanceKlass sun/security/x509/CertificateValidity
instanceKlass sun/security/x509/AVA
instanceKlass sun/security/x509/RDN
instanceKlass javax/security/auth/x500/X500Principal
instanceKlass  @bci sun/security/x509/X500Name <clinit> ()V 153 <appendix> argL0 ; # sun/security/x509/X500Name$$Lambda+0x000001f404357568
instanceKlass sun/security/x509/X500Name
instanceKlass sun/security/x509/GeneralNameInterface
instanceKlass sun/security/x509/CertificateAlgorithmId
instanceKlass sun/security/x509/SerialNumber
instanceKlass sun/security/x509/CertificateSerialNumber
instanceKlass sun/security/x509/CertificateVersion
instanceKlass sun/security/x509/X509CertInfo
instanceKlass sun/security/util/Cache$EqualByteArray
instanceKlass sun/security/util/IOUtils
instanceKlass java/security/cert/CertificateFactorySpi
instanceKlass java/security/cert/CertificateFactory
instanceKlass sun/security/provider/JavaKeyStore$TrustedCertEntry
instanceKlass sun/security/action/OpenFileInputStreamAction
instanceKlass  @bci sun/security/util/KeyStoreDelegator <init> (Ljava/lang/String;Ljava/lang/Class;Ljava/lang/String;Ljava/lang/Class;)V 4 <appendix> argL0 ; # sun/security/util/KeyStoreDelegator$$Lambda+0x000001f404354b18
instanceKlass java/security/KeyStoreSpi
instanceKlass  @bci java/security/KeyStore getDefaultType ()Ljava/lang/String; 0 <appendix> argL0 ; # java/security/KeyStore$$Lambda+0x000001f404353810
instanceKlass java/security/KeyStore
instanceKlass sun/security/ssl/TrustStoreManager$TrustStoreDescriptor$1
instanceKlass sun/security/util/FilePaths
instanceKlass sun/security/ssl/TrustStoreManager$TrustStoreDescriptor
instanceKlass sun/security/ssl/TrustStoreManager$TrustAnchorManager
instanceKlass sun/security/ssl/TrustStoreManager
instanceKlass javax/net/ssl/TrustManagerFactorySpi
instanceKlass  @bci javax/net/ssl/TrustManagerFactory getDefaultAlgorithm ()Ljava/lang/String; 0 <appendix> argL0 ; # javax/net/ssl/TrustManagerFactory$$Lambda+0x000001f4043522e8
instanceKlass javax/net/ssl/TrustManagerFactory
instanceKlass sun/security/ssl/SSLContextImpl$DefaultManagersHolder
instanceKlass sun/security/util/Cache
instanceKlass sun/security/ssl/SSLSessionContextImpl
instanceKlass javax/net/ssl/SSLSessionContext
instanceKlass sun/security/ssl/EphemeralKeyManager$EphemeralKeyPair
instanceKlass sun/security/ssl/EphemeralKeyManager
instanceKlass sun/security/ssl/SSLContextImpl$CustomizedSSLProtocols
instanceKlass java/security/spec/NamedParameterSpec
instanceKlass sun/security/util/ECKeySizeParameterSpec
instanceKlass java/security/AlgorithmParametersSpi
instanceKlass java/security/AlgorithmParameters
instanceKlass sun/security/util/ECUtil
instanceKlass java/security/KeyPairGeneratorSpi
instanceKlass javax/crypto/KeyAgreement
instanceKlass java/security/interfaces/ECKey
instanceKlass sun/security/ssl/JsseJce$EcAvailability
instanceKlass sun/security/ssl/SSLAlgorithmDecomposer$1
instanceKlass sun/security/ssl/Utilities
instanceKlass sun/security/ssl/JsseJce
instanceKlass sun/security/ssl/NamedGroup$XDHScheme
instanceKlass sun/security/ssl/NamedGroup$FFDHEScheme
instanceKlass sun/security/ssl/NamedGroup$ECDHEScheme
instanceKlass sun/security/ssl/NamedGroup$NamedGroupScheme
instanceKlass sun/security/ssl/SSLCipher$1
instanceKlass sun/security/ssl/SSLCipher$T13CC20P1305WriteCipherGenerator
instanceKlass sun/security/ssl/SSLCipher$T12CC20P1305WriteCipherGenerator
instanceKlass sun/security/ssl/SSLCipher$T13CC20P1305ReadCipherGenerator
instanceKlass sun/security/ssl/SSLCipher$T12CC20P1305ReadCipherGenerator
instanceKlass sun/security/ssl/SSLCipher$T13GcmWriteCipherGenerator
instanceKlass sun/security/ssl/SSLCipher$T13GcmReadCipherGenerator
instanceKlass sun/security/ssl/SSLCipher$T12GcmWriteCipherGenerator
instanceKlass sun/security/ssl/SSLCipher$T12GcmReadCipherGenerator
instanceKlass com/sun/crypto/provider/AESConstants
instanceKlass  @bci javax/crypto/JceSecurityManager <clinit> ()V 67 <appendix> argL0 ; # javax/crypto/JceSecurityManager$$Lambda+0x000001f404349348
instanceKlass  @bci javax/crypto/JceSecurityManager <clinit> ()V 49 <appendix> argL0 ; # javax/crypto/JceSecurityManager$$Lambda+0x000001f404349128
instanceKlass javax/crypto/JceSecurityManager
instanceKlass sun/security/ssl/SSLCipher$T11BlockWriteCipherGenerator
instanceKlass sun/security/ssl/SSLCipher$T11BlockReadCipherGenerator
instanceKlass com/sun/crypto/provider/PKCS5Padding
instanceKlass com/sun/crypto/provider/Padding
instanceKlass com/sun/crypto/provider/FeedbackCipher
instanceKlass com/sun/crypto/provider/SymmetricCipher
instanceKlass com/sun/crypto/provider/DESConstants
instanceKlass com/sun/crypto/provider/CipherCore
instanceKlass sun/security/ssl/SSLCipher$T10BlockWriteCipherGenerator
instanceKlass sun/security/ssl/SSLCipher$T10BlockReadCipherGenerator
instanceKlass javax/crypto/CipherSpi
instanceKlass javax/crypto/ProviderVerifier
instanceKlass java/lang/Class$Holder
instanceKlass javax/crypto/JceSecurity$3
instanceKlass javax/crypto/JceSecurity$2
instanceKlass javax/crypto/CryptoPolicyParser$CryptoPermissionEntry
instanceKlass javax/crypto/CryptoPolicyParser$GrantEntry
instanceKlass javax/crypto/CryptoPolicyParser
instanceKlass java/nio/file/Files$1
instanceKlass sun/nio/fs/WindowsFileSystem$2
instanceKlass java/nio/file/PathMatcher
instanceKlass sun/nio/fs/Globs
instanceKlass sun/nio/fs/WindowsFileSystemProvider$1
instanceKlass javax/crypto/JceSecurity$1
instanceKlass javax/crypto/JceSecurity
instanceKlass sun/security/jca/ServiceId
instanceKlass javax/crypto/Cipher$Transform
instanceKlass javax/crypto/Cipher
instanceKlass sun/security/ssl/SSLCipher$StreamWriteCipherGenerator
instanceKlass sun/security/ssl/SSLCipher$StreamReadCipherGenerator
instanceKlass sun/security/ssl/SSLCipher$NullWriteCipherGenerator
instanceKlass sun/security/ssl/SSLCipher$WriteCipherGenerator
instanceKlass sun/security/ssl/SSLCipher$NullReadCipherGenerator
instanceKlass sun/security/ssl/SSLCipher$ReadCipherGenerator
instanceKlass  @bci java/util/stream/MatchOps makeRef (Ljava/util/function/Predicate;Ljava/util/stream/MatchOps$MatchKind;)Ljava/util/stream/TerminalOp; 20 <appendix> member <vmtarget> ; # java/util/stream/MatchOps$$Lambda+0x000001f4043413e0
instanceKlass java/util/stream/MatchOps$BooleanTerminalSink
instanceKlass java/util/stream/MatchOps$MatchOp
instanceKlass java/util/stream/MatchOps
instanceKlass  @bci sun/security/util/DisabledAlgorithmConstraints checkDisabledPatterns (Ljava/lang/String;)Z 17 <appendix> member <vmtarget> ; # sun/security/util/DisabledAlgorithmConstraints$$Lambda+0x000001f404340648
instanceKlass java/time/ZonedDateTime
instanceKlass java/time/chrono/ChronoZonedDateTime
instanceKlass sun/security/util/DisabledAlgorithmConstraints$Constraints$Holder
instanceKlass sun/security/util/DisabledAlgorithmConstraints$Constraint
instanceKlass sun/security/util/DisabledAlgorithmConstraints$Constraints
instanceKlass sun/security/util/AbstractAlgorithmConstraints$1
instanceKlass sun/security/util/AlgorithmDecomposer
instanceKlass sun/security/ssl/SSLAlgorithmConstraints
instanceKlass sun/security/ssl/SSLLogger
instanceKlass  @bci sun/security/ssl/SunJSSE registerAlgorithms ()V 1 <appendix> member <vmtarget> ; # sun/security/ssl/SunJSSE$$Lambda+0x000001f4042bbad0
instanceKlass java/security/spec/ECFieldF2m
instanceKlass java/security/spec/ECParameterSpec
instanceKlass java/security/spec/ECPoint
instanceKlass java/security/spec/EllipticCurve
instanceKlass java/security/spec/ECFieldFp
instanceKlass java/security/spec/ECField
instanceKlass sun/security/util/CurveDB
instanceKlass sun/security/ec/SunEC$1
instanceKlass org/jcp/xml/dsig/internal/dom/XMLDSigRI$2
instanceKlass org/jcp/xml/dsig/internal/dom/XMLDSigRI$1
instanceKlass sun/security/smartcardio/SunPCSC$1
instanceKlass com/sun/security/sasl/gsskerb/JdkSASL$1
instanceKlass  @bci sun/security/jgss/SunProvider <init> ()V 15 <appendix> member <vmtarget> ; # sun/security/jgss/SunProvider$$Lambda+0x000001f4043346f0
instanceKlass sun/security/jca/ProviderConfig$ProviderLoader
instanceKlass sun/security/jca/ProviderConfig$3
instanceKlass javax/net/ssl/SSLContextSpi
instanceKlass javax/net/ssl/SSLContext
instanceKlass  @bci javax/net/ssl/SSLSocketFactory getSecurityProperty (Ljava/lang/String;)Ljava/lang/String; 1 <appendix> member <vmtarget> ; # javax/net/ssl/SSLSocketFactory$$Lambda+0x000001f4042b8ff8
instanceKlass javax/net/ssl/SSLSocketFactory$DefaultFactoryHolder
instanceKlass javax/net/SocketFactory
instanceKlass javax/net/ssl/HttpsURLConnection$DefaultHostnameVerifier
instanceKlass javax/net/ssl/HostnameVerifier
instanceKlass java/net/spi/URLStreamHandlerProvider
instanceKlass java/net/URL$1
instanceKlass java/net/URL$2
instanceKlass jdk/internal/misc/ThreadTracker
instanceKlass java/net/URL$ThreadTrackHolder
instanceKlass io/opencensus/trace/AttributeValue
instanceKlass io/opencensus/trace/SpanId
instanceKlass io/opencensus/trace/TraceId
instanceKlass io/opencensus/trace/SpanContext
instanceKlass io/opencensus/trace/BaseMessageEvent
instanceKlass io/grpc/Context$Key
instanceKlass io/opencensus/trace/unsafe/ContextUtils
instanceKlass io/opencensus/trace/unsafe/ContextHandleImpl
instanceKlass java/util/concurrent/atomic/AtomicReference
instanceKlass io/grpc/Context$Storage
instanceKlass io/grpc/Context$LazyStorage
instanceKlass io/grpc/Context$ParentListener
instanceKlass io/grpc/PersistentHashArrayMappedTrie$Node
instanceKlass io/grpc/PersistentHashArrayMappedTrie
instanceKlass io/grpc/Context$CancellationListener
instanceKlass io/grpc/Context
instanceKlass io/opencensus/trace/ContextHandle
instanceKlass io/opencensus/trace/unsafe/ContextManagerImpl
instanceKlass io/opencensus/trace/ContextManager
instanceKlass io/opencensus/trace/unsafe/ContextHandleUtils
instanceKlass io/opencensus/common/Scope
instanceKlass io/opencensus/common/NonThrowingCloseable
instanceKlass io/opencensus/trace/CurrentSpanUtils
instanceKlass com/google/api/client/http/HttpBackOffIOExceptionHandler
instanceKlass  @bci com/google/auth/oauth2/ServiceAccountCredentials refreshAccessToken ()Lcom/google/auth/oauth2/AccessToken; 175 <appendix> argL0 ; # com/google/auth/oauth2/ServiceAccountCredentials$$Lambda+0x000001f40432e988
instanceKlass com/google/api/client/http/HttpResponse
instanceKlass com/google/api/client/http/HttpBackOffUnsuccessfulResponseHandler$BackOffRequired$2
instanceKlass com/google/api/client/http/HttpBackOffUnsuccessfulResponseHandler$BackOffRequired$1
instanceKlass com/google/api/client/http/HttpBackOffUnsuccessfulResponseHandler$BackOffRequired
instanceKlass com/google/api/client/http/HttpBackOffUnsuccessfulResponseHandler
instanceKlass com/google/api/client/util/ExponentialBackOff
instanceKlass com/google/api/client/util/NanoClock$1
instanceKlass com/google/api/client/util/NanoClock
instanceKlass com/google/api/client/util/ExponentialBackOff$Builder
instanceKlass io/opencensus/trace/Tracestate$Builder
instanceKlass io/opencensus/trace/Tracestate
instanceKlass io/opencensus/trace/TraceOptions$Builder
instanceKlass io/opencensus/trace/TraceOptions
instanceKlass io/opencensus/trace/propagation/TextFormat
instanceKlass io/opencensus/contrib/http/util/HttpPropagationUtil
instanceKlass io/opencensus/trace/SpanBuilder
instanceKlass io/opencensus/trace/Span
instanceKlass io/opencensus/trace/Tracer
instanceKlass io/opencensus/internal/Utils
instanceKlass io/opencensus/trace/export/SampledSpanStore$PerSpanNameSummary
instanceKlass io/opencensus/trace/export/SampledSpanStore
instanceKlass io/opencensus/trace/export/ExportComponent
instanceKlass io/opencensus/common/Clock
instanceKlass io/opencensus/trace/TraceComponent
instanceKlass io/opencensus/trace/Tracing
instanceKlass io/opencensus/trace/propagation/TextFormat$Setter
instanceKlass com/google/api/client/http/OpenCensusUtils
instanceKlass com/google/api/client/util/Sleeper$1
instanceKlass com/google/api/client/util/Sleeper
instanceKlass com/google/api/client/http/LowLevelHttpResponse
instanceKlass com/google/api/client/http/HttpHeaders$ParseHeaderState
instanceKlass com/google/api/client/http/HttpRequest
instanceKlass java/net/URLDecoder
instanceKlass com/google/api/client/util/escape/CharEscapers
instanceKlass  @bci java/util/regex/Pattern DOT ()Ljava/util/regex/Pattern$CharPredicate; 0 <appendix> argL0 ; # java/util/regex/Pattern$$Lambda+0x000001f4042b60b0
instanceKlass com/google/api/client/util/escape/Escaper
instanceKlass com/google/api/client/http/HttpRequestFactory
instanceKlass  @bci java/util/regex/Pattern ALL ()Ljava/util/regex/Pattern$CharPredicate; 0 <appendix> argL0 ; # java/util/regex/Pattern$$Lambda+0x000001f4042b5bf0
instanceKlass  @bci java/util/regex/Pattern and (Ljava/util/regex/Pattern$CharPredicate;Ljava/util/regex/Pattern$CharPredicate;Z)Ljava/util/regex/Pattern$CharPredicate; 14 <appendix> member <vmtarget> ; # java/util/regex/Pattern$$Lambda+0x000001f4042b5988
instanceKlass  @bci java/util/regex/Pattern negate (Ljava/util/regex/Pattern$CharPredicate;)Ljava/util/regex/Pattern$CharPredicate; 1 <appendix> member <vmtarget> ; # java/util/regex/Pattern$$Lambda+0x800000030
instanceKlass  @bci java/util/regex/CharPredicates ctype (I)Ljava/util/regex/Pattern$CharPredicate; 1 <appendix> member <vmtarget> ; # java/util/regex/CharPredicates$$Lambda+0x000001f4042b56f8
instanceKlass  @bci java/util/regex/CharPredicates range (II)Ljava/util/regex/Pattern$CharPredicate; 2 <appendix> member <vmtarget> ; # java/util/regex/CharPredicates$$Lambda+0x000001f4042b5468
instanceKlass  @bci java/util/regex/CharPredicates ASCII_WORD ()Ljava/util/regex/Pattern$BmpCharPredicate; 0 <appendix> argL0 ; # java/util/regex/CharPredicates$$Lambda+0x000001f4042b51d8
instanceKlass com/google/api/client/http/HttpMediaType
instanceKlass com/google/api/client/http/UrlEncodedParser
instanceKlass com/google/api/client/http/AbstractHttpContent
instanceKlass sun/security/rsa/RSACore$BlindingRandomPair
instanceKlass java/math/MutableBigInteger
instanceKlass sun/security/jca/JCAUtil$CachedSecureRandomHolder
instanceKlass sun/security/jca/JCAUtil
instanceKlass sun/security/rsa/RSACore$BlindingParameters
instanceKlass  @bci sun/security/rsa/RSACore getBlindingRandomPair (Ljava/math/BigInteger;Ljava/math/BigInteger;Ljava/math/BigInteger;)Lsun/security/rsa/RSACore$BlindingRandomPair; 10 <appendix> argL0 ; # sun/security/rsa/RSACore$$Lambda+0x000001f4042b40a8
instanceKlass sun/security/util/ByteArrayTagOrder
instanceKlass sun/security/util/ByteArrayLexOrder
instanceKlass sun/security/rsa/RSAPadding
instanceKlass sun/security/rsa/RSACore
instanceKlass java/security/interfaces/RSAPublicKey
instanceKlass java/security/PublicKey
instanceKlass java/security/Signature$1
instanceKlass jdk/internal/access/JavaSecuritySignatureAccess
instanceKlass java/security/SignatureSpi
instanceKlass com/google/api/client/util/StringUtils
instanceKlass com/google/api/client/util/ArrayMap$Entry
# instanceKlass java/lang/invoke/LambdaForm$MH+0x000001f404324c00
# instanceKlass java/lang/invoke/LambdaForm$MH+0x000001f404324800
instanceKlass com/google/api/client/json/JsonString
instanceKlass com/google/api/client/util/DataMap$Entry
# instanceKlass java/lang/invoke/LambdaForm$MH+0x000001f404324400
# instanceKlass java/lang/invoke/LambdaForm$MH+0x000001f404324000
instanceKlass com/google/api/client/util/ArrayMap$EntryIterator
instanceKlass com/google/api/client/util/DataMap$EntryIterator
instanceKlass com/google/api/client/util/GenericData$EntryIterator
instanceKlass com/google/api/client/json/webtoken/JsonWebToken
instanceKlass com/google/common/base/Joiner
instanceKlass com/google/api/client/util/Joiner
instanceKlass java/util/IdentityHashMap$EntryIterator$Entry
instanceKlass com/google/common/base/ExtraObjectsMethodsForWeb
instanceKlass com/google/api/client/util/Objects
instanceKlass com/google/common/base/Ascii
instanceKlass com/google/auth/oauth2/OAuth2Credentials$AsyncRefreshResult
instanceKlass com/google/common/util/concurrent/Futures$CallbackListener
instanceKlass com/google/common/util/concurrent/GwtFuturesCatchingSpecialization
instanceKlass com/google/auth/oauth2/OAuth2Credentials$RefreshTask$1
instanceKlass com/google/common/util/concurrent/ExecutionList$RunnableExecutorPair
instanceKlass com/google/common/util/concurrent/ListeningScheduledExecutorService
instanceKlass com/google/common/util/concurrent/ListeningExecutorService
instanceKlass com/google/common/util/concurrent/MoreExecutors
instanceKlass com/google/auth/oauth2/OAuth2Credentials$RefreshTaskListener
instanceKlass com/google/common/util/concurrent/AbstractFuture$Waiter
instanceKlass com/google/common/util/concurrent/AbstractFuture$Listener
instanceKlass com/google/common/util/concurrent/AbstractFuture$UnsafeAtomicHelper$1
instanceKlass sun/misc/Unsafe
instanceKlass com/google/common/util/concurrent/AbstractFuture$AtomicHelper
instanceKlass com/google/common/util/concurrent/internal/InternalFutureFailureAccess
instanceKlass com/google/common/util/concurrent/ExecutionList
instanceKlass com/google/auth/oauth2/OAuth2Credentials$1
instanceKlass com/google/common/collect/Hashing
instanceKlass com/google/common/base/MoreObjects
instanceKlass com/google/common/collect/PeekingIterator
instanceKlass com/google/common/collect/Iterators
instanceKlass com/google/common/base/Function
instanceKlass com/google/common/collect/Iterables
instanceKlass com/google/common/collect/ImmutableSet$SetBuilderImpl
instanceKlass com/google/api/client/util/Clock$1
instanceKlass com/google/api/client/util/Clock
instanceKlass sun/security/rsa/RSAUtil
instanceKlass sun/security/util/DerInputStream
instanceKlass sun/security/util/DerValue
instanceKlass sun/security/pkcs/PKCS8Key
instanceKlass sun/security/util/InternalPrivateKey
instanceKlass java/security/interfaces/RSAPrivateCrtKey
instanceKlass java/security/interfaces/RSAPrivateKey
instanceKlass java/security/interfaces/RSAKey
instanceKlass java/security/PrivateKey
instanceKlass javax/security/auth/Destroyable
instanceKlass java/security/spec/PSSParameterSpec
instanceKlass java/security/spec/AlgorithmParameterSpec
instanceKlass sun/security/util/ObjectIdentifier
instanceKlass sun/security/x509/AlgorithmId
instanceKlass sun/security/util/DerEncoder
instanceKlass java/security/spec/RSAPrivateKeySpec
instanceKlass java/security/spec/RSAPublicKeySpec
instanceKlass java/security/KeyFactorySpi
instanceKlass sun/security/rsa/SunRsaSignEntries
instanceKlass sun/security/jca/ProviderList$ServiceList$1
instanceKlass java/security/KeyFactory
instanceKlass java/security/Key
instanceKlass java/security/cert/X509Extension
instanceKlass com/google/api/client/util/SecurityUtils
instanceKlass  @bci java/security/spec/EncodedKeySpec <clinit> ()V 0 <appendix> argL0 ; # java/security/spec/EncodedKeySpec$$Lambda+0x000001f4042ab5c8
instanceKlass jdk/internal/access/JavaSecuritySpecAccess
instanceKlass java/security/spec/EncodedKeySpec
instanceKlass com/google/common/math/IntMath$1
instanceKlass com/google/common/math/MathPreconditions
instanceKlass com/google/common/math/IntMath
instanceKlass com/google/common/io/BaseEncoding$Alphabet
instanceKlass com/google/common/io/ByteSink
instanceKlass com/google/common/io/ByteSource
instanceKlass com/google/common/io/BaseEncoding
instanceKlass com/google/api/client/util/Base64
instanceKlass com/google/api/client/util/PemReader$Section
instanceKlass com/google/api/client/util/PemReader
instanceKlass com/google/api/client/util/Key
instanceKlass com/google/api/client/util/FieldInfo
instanceKlass com/google/api/client/util/ClassInfo$1
instanceKlass com/google/api/client/util/ClassInfo
instanceKlass com/google/api/client/util/Types
instanceKlass com/google/api/client/json/JsonParser$1
instanceKlass com/google/api/client/util/DateTime
instanceKlass java/math/MathContext
instanceKlass com/google/api/client/util/Data
instanceKlass com/google/api/client/json/gson/GsonParser$1
instanceKlass com/google/api/client/util/Sets
instanceKlass com/google/api/client/json/JsonObjectParser$Builder
instanceKlass com/google/api/client/json/JsonObjectParser
instanceKlass com/google/common/base/Preconditions
instanceKlass com/google/api/client/util/Preconditions
instanceKlass com/google/api/client/json/gson/GsonFactory$InstanceHolder
instanceKlass com/google/api/client/json/JsonParser
instanceKlass com/google/api/client/json/JsonGenerator
instanceKlass com/google/auth/oauth2/OAuth2Utils$DefaultHttpTransportFactory
instanceKlass com/google/api/client/http/javanet/DefaultConnectionFactory
instanceKlass com/google/api/client/http/LowLevelHttpRequest
instanceKlass com/google/api/client/http/javanet/ConnectionFactory
instanceKlass java/security/spec/KeySpec
instanceKlass com/google/auth/http/HttpTransportFactory
instanceKlass com/google/auth/oauth2/OAuth2Utils
instanceKlass com/google/auth/oauth2/DefaultCredentialsProvider
instanceKlass com/google/common/collect/AbstractMapEntry
instanceKlass com/google/common/collect/UnmodifiableIterator
instanceKlass com/google/common/collect/BiMap
instanceKlass com/google/common/collect/ImmutableMap
instanceKlass com/google/auth/Retryable
instanceKlass com/google/api/client/http/HttpIOExceptionHandler
instanceKlass com/google/api/client/http/HttpUnsuccessfulResponseHandler
instanceKlass com/google/api/client/util/BackOff
instanceKlass com/google/api/client/util/ObjectParser
instanceKlass com/google/api/client/http/HttpContent
instanceKlass com/google/api/client/util/StreamingContent
instanceKlass com/google/auth/oauth2/OAuth2Credentials$Builder
instanceKlass com/google/common/util/concurrent/ListenableFuture
instanceKlass com/google/common/util/concurrent/FutureCallback
instanceKlass com/google/auth/oauth2/JwtProvider
instanceKlass com/google/auth/oauth2/IdTokenProvider
instanceKlass com/google/auth/ServiceAccountSigner
instanceKlass  @bci driverecovery/ConfigPanel lambda$3 (Ljavax/swing/JLabel;Ljavax/swing/JButton;Ljava/awt/event/ActionEvent;)V 110 <appendix> member <vmtarget> ; # driverecovery/ConfigPanel$$Lambda+0x000001f4043026d8
instanceKlass sun/datatransfer/DataFlavorUtil$RMI
instanceKlass sun/datatransfer/DataFlavorUtil$DataFlavorComparator
instanceKlass sun/awt/datatransfer/ClipboardTransferable$DataFactory
instanceKlass  @bci sun/awt/datatransfer/ClipboardTransferable <init> (Lsun/awt/datatransfer/SunClipboard;)V 71 <appendix> member <vmtarget> ; # sun/awt/datatransfer/ClipboardTransferable$$Lambda+0x000001f4042a7620
instanceKlass java/util/AbstractMap$SimpleEntry
instanceKlass java/util/Collections$ReverseComparator2
instanceKlass java/util/Collections$ReverseComparator
instanceKlass sun/datatransfer/DataFlavorUtil$CharsetComparator
instanceKlass sun/datatransfer/DataFlavorUtil$StandardEncodingsHolder
instanceKlass  @bci java/awt/datatransfer/SystemFlavorMap initSystemFlavorMap ()V 13 <appendix> argL0 ; # java/awt/datatransfer/SystemFlavorMap$$Lambda+0x000001f4042a5c20
instanceKlass sun/awt/Mutex
instanceKlass sun/awt/datatransfer/ToolkitThreadBlockedHandler
instanceKlass java/awt/datatransfer/MimeType
instanceKlass java/awt/datatransfer/MimeTypeParameterList
instanceKlass sun/awt/datatransfer/DataTransferer
instanceKlass sun/awt/datatransfer/ClipboardTransferable
instanceKlass java/awt/datatransfer/Clipboard
instanceKlass javax/swing/TransferHandler$TransferAction$2
instanceKlass javax/swing/TransferHandler$TransferAction$1
instanceKlass javax/swing/JComponent$ActionStandin
instanceKlass javax/swing/JComponent$IntVector
instanceKlass javax/swing/JComponent$KeyboardState
instanceKlass sun/awt/DebugSettings
instanceKlass java/awt/font/TextHitInfo
instanceKlass sun/awt/windows/WInputMethod$1
instanceKlass  @bci com/formdev/flatlaf/ui/FlatListUI$1 focusLost (Ljava/awt/event/FocusEvent;)V 6 <appendix> member <vmtarget> ; # com/formdev/flatlaf/ui/FlatListUI$1$$Lambda+0x000001f4043024b0
instanceKlass com/google/gson/internal/Primitives
instanceKlass com/google/gson/internal/LinkedTreeMap$Node
instanceKlass com/google/gson/internal/LinkedTreeMap$1
instanceKlass com/google/gson/internal/bind/TypeAdapters$35
instanceKlass com/google/gson/internal/JsonReaderInternalAccess
instanceKlass java/lang/reflect/WildcardType
instanceKlass com/google/gson/internal/$Gson$Types
instanceKlass com/google/gson/reflect/TypeToken
instanceKlass com/google/gson/internal/bind/ReflectiveTypeAdapterFactory$BoundField
instanceKlass com/google/gson/internal/bind/ReflectiveTypeAdapterFactory
instanceKlass com/google/gson/internal/bind/JsonAdapterAnnotationTypeAdapterFactory
instanceKlass com/google/gson/internal/bind/MapTypeAdapterFactory
instanceKlass com/google/gson/internal/bind/CollectionTypeAdapterFactory
instanceKlass com/google/gson/internal/bind/ArrayTypeAdapter$1
instanceKlass com/google/gson/internal/sql/SqlTimestampTypeAdapter$1
instanceKlass com/google/gson/internal/sql/SqlTimeTypeAdapter$1
instanceKlass com/google/gson/internal/sql/SqlDateTypeAdapter$1
instanceKlass com/google/gson/internal/bind/DefaultDateTypeAdapter$DateType
instanceKlass com/google/gson/internal/sql/SqlTypesSupport
instanceKlass com/google/gson/internal/bind/DateTypeAdapter$1
instanceKlass java/util/concurrent/atomic/AtomicLongArray
instanceKlass com/google/gson/internal/bind/NumberTypeAdapter$1
instanceKlass com/google/gson/internal/bind/ObjectTypeAdapter$1
instanceKlass com/google/gson/internal/bind/TypeAdapters$29
instanceKlass com/google/gson/internal/bind/TypeAdapters$33
instanceKlass java/util/Calendar
instanceKlass java/util/UUID
instanceKlass com/google/gson/internal/bind/TypeAdapters$34
instanceKlass java/util/concurrent/atomic/AtomicIntegerArray
instanceKlass com/google/gson/internal/bind/TypeAdapters$32
instanceKlass com/google/gson/internal/bind/TypeAdapters$31
instanceKlass com/google/gson/internal/bind/TypeAdapters
instanceKlass com/google/gson/internal/ObjectConstructor
instanceKlass com/google/gson/internal/ConstructorConstructor
instanceKlass com/google/gson/internal/Excluder
instanceKlass com/google/gson/TypeAdapterFactory
instanceKlass com/google/gson/TypeAdapter
instanceKlass com/google/gson/stream/JsonWriter
instanceKlass com/google/gson/JsonElement
instanceKlass com/google/gson/ToNumberStrategy
instanceKlass com/google/gson/FieldNamingStrategy
instanceKlass com/google/gson/stream/JsonReader
instanceKlass com/google/gson/Gson
instanceKlass java/awt/Window$1DisposeAction
instanceKlass sun/awt/SunToolkit$1
instanceKlass java/awt/KeyboardFocusManager$2
instanceKlass java/security/DomainCombiner
instanceKlass  @bci com/formdev/flatlaf/ui/FlatListCellBorder getLineColor ()Ljava/awt/Color; 11 <appendix> argL0 ; # com/formdev/flatlaf/ui/FlatListCellBorder$$Lambda+0x000001f40428b1c0
instanceKlass  @bci com/formdev/flatlaf/ui/FlatListCellBorder$Selected paintBorder (Ljava/awt/Component;Ljava/awt/Graphics;IIII)V 1 <appendix> argL0 ; # com/formdev/flatlaf/ui/FlatListCellBorder$Selected$$Lambda+0x000001f40428acd0
instanceKlass java/awt/KeyboardFocusManager$4
# instanceKlass java/lang/invoke/LambdaForm$MH+0x000001f404292400
# instanceKlass java/lang/invoke/LambdaForm$MH+0x000001f404292000
# instanceKlass java/lang/invoke/LambdaForm$MH+0x000001f404291c00
# instanceKlass java/lang/invoke/LambdaForm$MH+0x000001f404291800
# instanceKlass java/lang/invoke/LambdaForm$MH+0x000001f404291400
# instanceKlass java/lang/invoke/LambdaForm$MH+0x000001f404291000
# instanceKlass java/lang/invoke/LambdaForm$MH+0x000001f404290c00
# instanceKlass java/lang/invoke/LambdaForm$MH+0x000001f404290800
# instanceKlass java/lang/invoke/LambdaForm$MH+0x000001f404290400
instanceKlass  @bci com/formdev/flatlaf/ui/FlatToolBarUI paintButtonGroup (Ljava/awt/Graphics;)V 171 <appendix> member <vmtarget> ; # com/formdev/flatlaf/ui/FlatToolBarUI$$Lambda+0x000001f40428a788
instanceKlass  @cpi com/formdev/flatlaf/ui/FlatToolBarUI 420 form vmentry <vmtarget> ; # java/lang/invoke/LambdaForm$DMH+0x000001f404290000
instanceKlass sun/swing/FilePane$DelayedSelectionUpdater
instanceKlass  @bci java/util/Vector removeAll (Ljava/util/Collection;)Z 7 <appendix> member <vmtarget> ; # java/util/Vector$$Lambda+0x000001f4042a0480
instanceKlass java/awt/Event
instanceKlass javax/swing/plaf/basic/BasicPopupMenuUI$MouseGrabber$2
instanceKlass javax/swing/Autoscroller
instanceKlass  @bci com/formdev/flatlaf/ui/FlatPopupFactory getHeavyWeightPopup (Ljava/awt/Component;Ljava/awt/Component;II)Ljavax/swing/Popup; 76 <adapter> ; # java/lang/invoke/LambdaForm$MH+0x000001f40428fc00
# instanceKlass java/lang/invoke/LambdaForm$DMH+0x000001f40428f800
# instanceKlass java/lang/invoke/LambdaForm$DMH+0x000001f40428f400
instanceKlass sun/nio/fs/WindowsChannelFactory$2
instanceKlass sun/nio/fs/WindowsPath$1
instanceKlass  @bci com/formdev/flatlaf/util/NativeLibrary deleteTemporaryFiles (Ljava/nio/file/Path;)V 17 <appendix> argL0 ; # com/formdev/flatlaf/util/NativeLibrary$$Lambda+0x000001f40428a568
instanceKlass com/formdev/flatlaf/util/NativeLibrary
instanceKlass com/formdev/flatlaf/ui/FlatNativeLibrary
instanceKlass com/formdev/flatlaf/ui/FlatNativeWindowsLibrary
instanceKlass  @bci com/formdev/flatlaf/SubMenuUsabilityHelper stateChanged (Ljavax/swing/event/ChangeEvent;)V 40 <appendix> member <vmtarget> ; # com/formdev/flatlaf/SubMenuUsabilityHelper$$Lambda+0x000001f404289d20
instanceKlass javax/swing/plaf/basic/BasicPopupMenuUI$MouseGrabber$1
# instanceKlass java/lang/invoke/LambdaForm$DMH+0x000001f40428f000
instanceKlass javax/swing/text/JTextComponent$InputMethodRequestsHandler
instanceKlass sun/font/StandardGlyphVector$GlyphStrike
instanceKlass  @bci sun/awt/image/MultiResolutionToolkitImage getResolutionVariantObserver (Ljava/awt/Image;Ljava/awt/image/ImageObserver;IIIIZ)Ljava/awt/image/ImageObserver; 20 <appendix> form vmentry <vmtarget> ; # java/lang/invoke/LambdaForm$DMH+0x000001f40428ec00
instanceKlass  @bci sun/awt/image/MultiResolutionToolkitImage getResolutionVariantObserver (Ljava/awt/Image;Ljava/awt/image/ImageObserver;IIIIZ)Ljava/awt/image/ImageObserver; 20 <appendix> member <vmtarget> ; # sun/awt/image/MultiResolutionToolkitImage$$Lambda+0x000001f4042f8a88
instanceKlass  @cpi sun/awt/image/MultiResolutionToolkitImage 151 form vmentry <vmtarget> ; # java/lang/invoke/LambdaForm$DMH+0x000001f40428e800
instanceKlass sun/awt/image/MultiResolutionToolkitImage$ObserverCache
instanceKlass sun/awt/ModalExclude
instanceKlass java/awt/WaitDispatchSupport$4
instanceKlass java/awt/WaitDispatchSupport$2
instanceKlass java/awt/WaitDispatchSupport$1
instanceKlass java/awt/WaitDispatchSupport$5
instanceKlass java/awt/WaitDispatchSupport
instanceKlass java/awt/SecondaryLoop
instanceKlass  @bci java/awt/Dialog show ()V 205 <appendix> argL0 ; # java/awt/Dialog$$Lambda+0x000001f4042f7730
instanceKlass  @bci java/awt/Dialog show ()V 189 <appendix> member <vmtarget> ; # java/awt/Dialog$$Lambda+0x000001f4042f7508
instanceKlass java/awt/ModalEventFilter$1
instanceKlass java/awt/peer/FileDialogPeer
instanceKlass javax/swing/plaf/basic/BasicDirectoryModel$DoChangeContents
instanceKlass java/util/AbstractList$SubList$1
instanceKlass javax/swing/plaf/basic/BasicDirectoryModel$FilesLoader$1
instanceKlass sun/awt/shell/Win32ShellFolder2$ColumnComparator$1
instanceKlass sun/awt/shell/ShellFolder$1
instanceKlass  @bci com/formdev/flatlaf/ui/FlatToolBarBorder getBorderInsets (Ljava/awt/Component;Ljava/awt/Insets;)Ljava/awt/Insets; 1 <appendix> argL0 ; # com/formdev/flatlaf/ui/FlatToolBarBorder$$Lambda+0x000001f404289ae0
instanceKlass java/awt/peer/DialogPeer
instanceKlass javax/swing/KeyboardManager$ComponentKeyStrokePair
instanceKlass sun/awt/shell/Win32ShellFolderManager2$ComInvoker$2
instanceKlass javax/swing/plaf/basic/BasicDirectoryModel$FilesLoader
instanceKlass javax/swing/plaf/basic/BasicDirectoryModel$1
instanceKlass sun/awt/shell/Win32ShellFolder2$15
instanceKlass sun/awt/shell/Win32ShellFolder2$11
instanceKlass sun/awt/shell/Win32ShellFolder2$18
instanceKlass sun/awt/shell/Win32ShellFolder2$5
instanceKlass sun/awt/shell/Win32ShellFolder2$9
instanceKlass sun/awt/shell/Win32ShellFolder2$ColumnComparator
instanceKlass sun/awt/shell/Win32ShellFolder2$16
instanceKlass sun/awt/shell/Win32ShellFolderManager2$1
instanceKlass  @bci com/formdev/flatlaf/ui/FlatListCellBorder getBorderInsets (Ljava/awt/Component;Ljava/awt/Insets;)Ljava/awt/Insets; 1 <appendix> argL0 ; # com/formdev/flatlaf/ui/FlatListCellBorder$$Lambda+0x000001f4042898a0
instanceKlass sun/swing/FilePane$Handler
instanceKlass javax/swing/JList$ListSelectionHandler
instanceKlass javax/swing/plaf/basic/BasicFileChooserUI$Handler
instanceKlass sun/swing/FilePane$DetailsTableRowSorter$1
instanceKlass sun/swing/FilePane$DirectoriesFirstComparatorWrapper
instanceKlass javax/swing/RowSorter$SortKey
instanceKlass sun/swing/FilePane$DetailsTableRowSorter$2
instanceKlass sun/awt/shell/ShellFolderColumnInfo
instanceKlass sun/swing/FilePane$5
instanceKlass javax/swing/plaf/metal/MetalFileChooserUI$5
instanceKlass  @bci com/formdev/flatlaf/ui/FlatFileChooserUI$FlatShortcutsPanel <init> (Ljavax/swing/JFileChooser;)V 347 <appendix> member <vmtarget> ; # com/formdev/flatlaf/ui/FlatFileChooserUI$FlatShortcutsPanel$$Lambda+0x000001f404289678
instanceKlass  @cpi com/formdev/flatlaf/ui/FlatFileChooserUI$FlatShortcutsPanel 248 form vmentry <vmtarget> ; # java/lang/invoke/LambdaForm$DMH+0x000001f40428e400
instanceKlass com/formdev/flatlaf/util/ScaledImageIcon
instanceKlass java/awt/MediaEntry
instanceKlass sun/awt/shell/Win32ShellFolder2$14
instanceKlass java/awt/MediaTracker
instanceKlass javax/swing/ImageIcon$2
instanceKlass javax/swing/ImageIcon$1
instanceKlass java/awt/image/MultiResolutionImage
instanceKlass  @bci sun/awt/shell/Win32ShellFolder2 getIcon (II)Ljava/awt/Image; 8 <appendix> member <vmtarget> ; # sun/awt/shell/Win32ShellFolder2$$Lambda+0x000001f4042e5ae8
# instanceKlass java/lang/invoke/LambdaForm$DMH+0x000001f40428d000
# instanceKlass java/lang/invoke/LambdaForm$MH+0x000001f40428cc00
# instanceKlass java/lang/invoke/LambdaForm$DMH+0x000001f40428c800
instanceKlass java/lang/invoke/ClassSpecializer$Factory$1Var
# instanceKlass java/lang/invoke/LambdaForm$DMH+0x000001f40428c400
instanceKlass sun/invoke/util/ValueConversions$1
instanceKlass sun/awt/shell/Win32ShellFolder2$13
instanceKlass sun/awt/shell/Win32ShellFolder2$8
instanceKlass sun/awt/shell/Win32ShellFolder2$10
instanceKlass sun/awt/shell/Win32ShellFolder2$4
instanceKlass sun/awt/shell/Win32ShellFolder2$2
instanceKlass sun/awt/shell/Win32ShellFolder2$12
instanceKlass com/formdev/flatlaf/ui/JavaCompatibility2
instanceKlass  @bci com/formdev/flatlaf/ui/FlatToolBarUI applyStyle (Ljava/lang/Object;)V 17 <appendix> member <vmtarget> ; # com/formdev/flatlaf/ui/FlatToolBarUI$$Lambda+0x000001f404288fe0
instanceKlass javax/swing/plaf/basic/BasicToolBarUI$ToolBarContListener
instanceKlass  @bci com/formdev/flatlaf/ui/FlatToolBarUI createPropertyListener ()Ljava/beans/PropertyChangeListener; 5 <appendix> member <vmtarget> ; # com/formdev/flatlaf/ui/FlatToolBarUI$$Lambda+0x000001f404288b78
instanceKlass javax/swing/plaf/basic/BasicToolBarUI$Handler
instanceKlass javax/swing/JToolBar$DefaultToolBarLayout
instanceKlass javax/swing/plaf/metal/MetalFileChooserUI$ButtonAreaLayout
instanceKlass javax/swing/plaf/metal/MetalFileChooserUI$2
instanceKlass  @bci com/formdev/flatlaf/ui/FlatToggleButtonUI createUI (Ljavax/swing/JComponent;)Ljavax/swing/plaf/ComponentUI; 9 <appendix> argL0 ; # com/formdev/flatlaf/ui/FlatToggleButtonUI$$Lambda+0x000001f404288000
instanceKlass sun/awt/shell/Win32ShellFolder2$6
instanceKlass sun/awt/shell/Win32ShellFolder2$1
instanceKlass sun/awt/shell/Win32ShellFolder2$FolderDisposer
instanceKlass  @bci sun/awt/shell/Win32ShellFolderManager2$ComInvoker newThread (Ljava/lang/Runnable;)Ljava/lang/Thread; 11 <appendix> member <vmtarget> ; # sun/awt/shell/Win32ShellFolderManager2$ComInvoker$$Lambda+0x000001f4042ddec8
instanceKlass sun/awt/shell/Win32ShellFolderManager2$ComInvoker$1
instanceKlass sun/awt/shell/Win32ShellFolder2$7
instanceKlass sun/awt/shell/ShellFolder$4
instanceKlass sun/awt/shell/ShellFolder$3
instanceKlass  @bci sun/awt/shell/Win32ShellFolderManager2$ComInvoker <init> ()V 35 <appendix> member <vmtarget> ; # sun/awt/shell/Win32ShellFolderManager2$ComInvoker$$Lambda+0x000001f4042dcef0
instanceKlass  @bci sun/awt/shell/Win32ShellFolderManager2$ComInvoker <init> ()V 28 <appendix> member <vmtarget> ; # sun/awt/shell/Win32ShellFolderManager2$ComInvoker$$Lambda+0x000001f4042dccc8
instanceKlass java/util/concurrent/Executors$DefaultThreadFactory
instanceKlass java/util/concurrent/LinkedBlockingQueue$Node
instanceKlass sun/awt/shell/ShellFolder$Invoker
instanceKlass sun/awt/shell/ShellFolderManager
instanceKlass javax/swing/ActionPropertyChangeListener
instanceKlass javax/swing/plaf/metal/MetalFileChooserUI$IndentIcon
instanceKlass javax/swing/KeyboardManager
instanceKlass  @bci com/formdev/flatlaf/ui/FlatComboBoxUI applyStyle (Ljava/lang/Object;)V 17 <appendix> member <vmtarget> ; # com/formdev/flatlaf/ui/FlatComboBoxUI$$Lambda+0x000001f404287cd0
instanceKlass com/formdev/flatlaf/ui/FlatComboBoxUI$FlatKeySelectionManager
instanceKlass javax/swing/plaf/basic/BasicComboBoxUI$DefaultKeySelectionManager
instanceKlass javax/swing/plaf/basic/BasicComboBoxUI$ComboBoxLayoutManager
instanceKlass javax/swing/plaf/basic/BasicComboBoxUI$FocusHandler
instanceKlass  @bci com/formdev/flatlaf/ui/FlatComboBoxUI createPropertyChangeListener ()Ljava/beans/PropertyChangeListener; 7 <appendix> member <vmtarget> ; # com/formdev/flatlaf/ui/FlatComboBoxUI$$Lambda+0x000001f404287100
instanceKlass javax/swing/plaf/basic/BasicComboBoxUI$Handler
instanceKlass javax/swing/plaf/basic/BasicComboBoxEditor
instanceKlass javax/swing/ComboBoxEditor
instanceKlass  @bci com/formdev/flatlaf/ui/FlatComboBoxUI$FlatComboPopup createPropertyChangeListener ()Ljava/beans/PropertyChangeListener; 7 <appendix> member <vmtarget> ; # com/formdev/flatlaf/ui/FlatComboBoxUI$FlatComboPopup$$Lambda+0x000001f404286ed8
instanceKlass com/formdev/flatlaf/ui/FlatComboBoxUI$FlatComboPopup$PopupListCellRenderer
instanceKlass com/formdev/flatlaf/ui/FlatUIUtils$NonUIResourceBorder
instanceKlass javax/swing/plaf/basic/BasicComboPopup$Handler
instanceKlass  @bci com/formdev/flatlaf/ui/FlatListUI applyStyle (Ljava/lang/Object;)V 29 <appendix> member <vmtarget> ; # com/formdev/flatlaf/ui/FlatListUI$$Lambda+0x000001f404286820
instanceKlass  @bci com/formdev/flatlaf/ui/FlatListUI createListSelectionListener ()Ljavax/swing/event/ListSelectionListener; 7 <appendix> member <vmtarget> ; # com/formdev/flatlaf/ui/FlatListUI$$Lambda+0x000001f4042865f8
instanceKlass  @bci com/formdev/flatlaf/ui/FlatListUI createPropertyChangeListener ()Ljava/beans/PropertyChangeListener; 7 <appendix> member <vmtarget> ; # com/formdev/flatlaf/ui/FlatListUI$$Lambda+0x000001f4042863d0
instanceKlass javax/swing/plaf/basic/BasicListUI$Handler
instanceKlass javax/swing/plaf/basic/BasicListUI$FocusHandler
instanceKlass  @bci com/formdev/flatlaf/ui/FlatPopupMenuUI applyStyle (Ljava/lang/Object;)V 7 <appendix> member <vmtarget> ; # com/formdev/flatlaf/ui/FlatPopupMenuUI$$Lambda+0x000001f4042851c8
instanceKlass  @bci com/formdev/flatlaf/ui/FlatPopupMenuUI installListeners ()V 10 <appendix> member <vmtarget> ; # com/formdev/flatlaf/ui/FlatPopupMenuUI$$Lambda+0x000001f404284fa0
instanceKlass javax/swing/plaf/basic/BasicPopupMenuUI$MenuKeyboardHelper
instanceKlass javax/swing/plaf/basic/BasicPopupMenuUI$MouseGrabber
instanceKlass javax/swing/plaf/basic/BasicPopupMenuUI$BasicMenuKeyListener
instanceKlass javax/swing/plaf/basic/BasicPopupMenuUI$BasicPopupMenuListener
instanceKlass javax/swing/plaf/basic/BasicLookAndFeel$1
instanceKlass javax/swing/plaf/basic/BasicLookAndFeel$AWTEventHelper
instanceKlass javax/swing/plaf/basic/BasicComboPopup$EmptyListModelClass
instanceKlass javax/swing/ListCellRenderer
instanceKlass javax/swing/plaf/basic/ComboPopup
instanceKlass javax/swing/JComboBox$KeySelectionManager
instanceKlass javax/swing/AncestorNotifier
instanceKlass javax/swing/JComboBox$1
instanceKlass javax/swing/MutableComboBoxModel
instanceKlass javax/swing/ComboBoxModel
instanceKlass javax/swing/plaf/metal/MetalFileChooserUI$MetalFileChooserUIAccessor
instanceKlass sun/swing/FilePane$FileChooserUIAccessor
instanceKlass sun/swing/FilePane$3
instanceKlass javax/swing/plaf/metal/OceanTheme$6
instanceKlass javax/swing/plaf/metal/OceanTheme$5
instanceKlass javax/swing/plaf/metal/OceanTheme$4
instanceKlass javax/swing/plaf/metal/OceanTheme$3
instanceKlass javax/swing/plaf/metal/OceanTheme$2
instanceKlass javax/swing/plaf/metal/OceanTheme$1
instanceKlass  @bci javax/swing/plaf/metal/OceanTheme addCustomEntriesToTable (Ljavax/swing/UIDefaults;)V 1 <appendix> member <vmtarget> ; # javax/swing/plaf/metal/OceanTheme$$Lambda+0x000001f4042c4020
instanceKlass  @bci javax/swing/plaf/metal/MetalLookAndFeel initComponentDefaults (Ljavax/swing/UIDefaults;)V 12018 <appendix> argL0 ; # javax/swing/plaf/metal/MetalLookAndFeel$$Lambda+0x000001f4042c3b80
instanceKlass  @bci javax/swing/plaf/metal/MetalLookAndFeel initComponentDefaults (Ljavax/swing/UIDefaults;)V 11955 <appendix> argL0 ; # javax/swing/plaf/metal/MetalLookAndFeel$$Lambda+0x000001f4042c3960
instanceKlass  @bci javax/swing/plaf/metal/MetalLookAndFeel initComponentDefaults (Ljavax/swing/UIDefaults;)V 11907 <appendix> argL0 ; # javax/swing/plaf/metal/MetalLookAndFeel$$Lambda+0x000001f4042c3740
instanceKlass  @bci javax/swing/plaf/metal/MetalLookAndFeel initComponentDefaults (Ljavax/swing/UIDefaults;)V 11758 <appendix> argL0 ; # javax/swing/plaf/metal/MetalLookAndFeel$$Lambda+0x000001f4042c3520
instanceKlass  @bci javax/swing/plaf/metal/MetalLookAndFeel initComponentDefaults (Ljavax/swing/UIDefaults;)V 11740 <appendix> argL0 ; # javax/swing/plaf/metal/MetalLookAndFeel$$Lambda+0x000001f4042c3300
instanceKlass  @bci javax/swing/plaf/metal/MetalLookAndFeel initComponentDefaults (Ljavax/swing/UIDefaults;)V 10675 <appendix> argL0 ; # javax/swing/plaf/metal/MetalLookAndFeel$$Lambda+0x000001f4042c30e0
instanceKlass  @bci javax/swing/plaf/metal/MetalLookAndFeel initComponentDefaults (Ljavax/swing/UIDefaults;)V 10657 <appendix> argL0 ; # javax/swing/plaf/metal/MetalLookAndFeel$$Lambda+0x000001f4042c2ec0
instanceKlass  @bci javax/swing/plaf/metal/MetalLookAndFeel initComponentDefaults (Ljavax/swing/UIDefaults;)V 10639 <appendix> argL0 ; # javax/swing/plaf/metal/MetalLookAndFeel$$Lambda+0x000001f4042c2ca0
instanceKlass  @bci javax/swing/plaf/metal/MetalLookAndFeel initComponentDefaults (Ljavax/swing/UIDefaults;)V 10621 <appendix> argL0 ; # javax/swing/plaf/metal/MetalLookAndFeel$$Lambda+0x000001f4042c2a80
instanceKlass  @bci javax/swing/plaf/metal/MetalLookAndFeel initComponentDefaults (Ljavax/swing/UIDefaults;)V 10603 <appendix> argL0 ; # javax/swing/plaf/metal/MetalLookAndFeel$$Lambda+0x000001f4042c2860
instanceKlass  @bci javax/swing/plaf/metal/MetalLookAndFeel initComponentDefaults (Ljavax/swing/UIDefaults;)V 10124 <appendix> argL0 ; # javax/swing/plaf/metal/MetalLookAndFeel$$Lambda+0x000001f4042c2640
instanceKlass  @bci javax/swing/plaf/metal/MetalLookAndFeel initComponentDefaults (Ljavax/swing/UIDefaults;)V 10106 <appendix> argL0 ; # javax/swing/plaf/metal/MetalLookAndFeel$$Lambda+0x000001f4042c2420
instanceKlass  @bci javax/swing/plaf/metal/MetalLookAndFeel initComponentDefaults (Ljavax/swing/UIDefaults;)V 9938 <appendix> argL0 ; # javax/swing/plaf/metal/MetalLookAndFeel$$Lambda+0x000001f4042c2200
instanceKlass  @bci javax/swing/plaf/metal/MetalLookAndFeel initComponentDefaults (Ljavax/swing/UIDefaults;)V 9920 <appendix> argL0 ; # javax/swing/plaf/metal/MetalLookAndFeel$$Lambda+0x000001f4042c1fe0
instanceKlass  @bci javax/swing/plaf/metal/MetalLookAndFeel initComponentDefaults (Ljavax/swing/UIDefaults;)V 9259 <appendix> argL0 ; # javax/swing/plaf/metal/MetalLookAndFeel$$Lambda+0x000001f4042c1dc0
instanceKlass  @bci javax/swing/plaf/metal/MetalLookAndFeel initComponentDefaults (Ljavax/swing/UIDefaults;)V 9241 <appendix> argL0 ; # javax/swing/plaf/metal/MetalLookAndFeel$$Lambda+0x000001f4042c1ba0
instanceKlass  @bci javax/swing/plaf/metal/MetalLookAndFeel initComponentDefaults (Ljavax/swing/UIDefaults;)V 9074 <appendix> argL0 ; # javax/swing/plaf/metal/MetalLookAndFeel$$Lambda+0x000001f4042c1980
instanceKlass  @bci javax/swing/plaf/metal/MetalLookAndFeel initComponentDefaults (Ljavax/swing/UIDefaults;)V 9056 <appendix> argL0 ; # javax/swing/plaf/metal/MetalLookAndFeel$$Lambda+0x000001f4042c1760
instanceKlass  @bci javax/swing/plaf/metal/MetalLookAndFeel initComponentDefaults (Ljavax/swing/UIDefaults;)V 8779 <appendix> argL0 ; # javax/swing/plaf/metal/MetalLookAndFeel$$Lambda+0x000001f4042c1540
instanceKlass  @bci javax/swing/plaf/metal/MetalLookAndFeel initComponentDefaults (Ljavax/swing/UIDefaults;)V 5003 <appendix> member <vmtarget> ; # javax/swing/plaf/metal/MetalLookAndFeel$$Lambda+0x000001f4042c1320
instanceKlass  @bci javax/swing/plaf/metal/MetalLookAndFeel initComponentDefaults (Ljavax/swing/UIDefaults;)V 4983 <appendix> member <vmtarget> ; # javax/swing/plaf/metal/MetalLookAndFeel$$Lambda+0x000001f4042c1100
instanceKlass  @bci javax/swing/plaf/metal/MetalLookAndFeel initComponentDefaults (Ljavax/swing/UIDefaults;)V 4963 <appendix> member <vmtarget> ; # javax/swing/plaf/metal/MetalLookAndFeel$$Lambda+0x000001f4042c0ee0
instanceKlass  @bci javax/swing/plaf/metal/MetalLookAndFeel initComponentDefaults (Ljavax/swing/UIDefaults;)V 4943 <appendix> member <vmtarget> ; # javax/swing/plaf/metal/MetalLookAndFeel$$Lambda+0x000001f4042c0cc0
instanceKlass  @bci javax/swing/plaf/metal/MetalLookAndFeel initComponentDefaults (Ljavax/swing/UIDefaults;)V 4923 <appendix> argL0 ; # javax/swing/plaf/metal/MetalLookAndFeel$$Lambda+0x000001f4042c0aa0
instanceKlass  @bci javax/swing/plaf/metal/MetalLookAndFeel initComponentDefaults (Ljavax/swing/UIDefaults;)V 4887 <appendix> argL0 ; # javax/swing/plaf/metal/MetalLookAndFeel$$Lambda+0x000001f4042c0880
instanceKlass  @bci javax/swing/plaf/metal/MetalLookAndFeel initComponentDefaults (Ljavax/swing/UIDefaults;)V 4869 <appendix> argL0 ; # javax/swing/plaf/metal/MetalLookAndFeel$$Lambda+0x000001f4042c0660
instanceKlass  @bci javax/swing/plaf/metal/MetalLookAndFeel initComponentDefaults (Ljavax/swing/UIDefaults;)V 4851 <appendix> argL0 ; # javax/swing/plaf/metal/MetalLookAndFeel$$Lambda+0x000001f4042c0440
instanceKlass  @bci javax/swing/plaf/metal/MetalLookAndFeel initComponentDefaults (Ljavax/swing/UIDefaults;)V 4833 <appendix> argL0 ; # javax/swing/plaf/metal/MetalLookAndFeel$$Lambda+0x000001f4042c0220
instanceKlass  @bci javax/swing/plaf/metal/MetalLookAndFeel initComponentDefaults (Ljavax/swing/UIDefaults;)V 4204 <appendix> argL0 ; # javax/swing/plaf/metal/MetalLookAndFeel$$Lambda+0x000001f4042c0000
instanceKlass  @bci javax/swing/plaf/metal/MetalLookAndFeel initComponentDefaults (Ljavax/swing/UIDefaults;)V 4186 <appendix> argL0 ; # javax/swing/plaf/metal/MetalLookAndFeel$$Lambda+0x000001f40423fc28
instanceKlass  @bci javax/swing/plaf/metal/MetalLookAndFeel initComponentDefaults (Ljavax/swing/UIDefaults;)V 3874 <appendix> argL0 ; # javax/swing/plaf/metal/MetalLookAndFeel$$Lambda+0x000001f40423fa08
instanceKlass  @bci javax/swing/plaf/metal/MetalLookAndFeel initComponentDefaults (Ljavax/swing/UIDefaults;)V 3858 <appendix> argL0 ; # javax/swing/plaf/metal/MetalLookAndFeel$$Lambda+0x000001f40423f7e8
instanceKlass  @bci javax/swing/plaf/metal/MetalLookAndFeel initComponentDefaults (Ljavax/swing/UIDefaults;)V 3842 <appendix> argL0 ; # javax/swing/plaf/metal/MetalLookAndFeel$$Lambda+0x000001f40423f5c8
instanceKlass  @bci javax/swing/plaf/metal/MetalLookAndFeel initComponentDefaults (Ljavax/swing/UIDefaults;)V 3826 <appendix> argL0 ; # javax/swing/plaf/metal/MetalLookAndFeel$$Lambda+0x000001f40423f3a8
instanceKlass  @bci javax/swing/plaf/metal/MetalLookAndFeel initComponentDefaults (Ljavax/swing/UIDefaults;)V 3810 <appendix> argL0 ; # javax/swing/plaf/metal/MetalLookAndFeel$$Lambda+0x000001f40423f188
instanceKlass  @bci javax/swing/plaf/metal/MetalLookAndFeel initComponentDefaults (Ljavax/swing/UIDefaults;)V 3794 <appendix> argL0 ; # javax/swing/plaf/metal/MetalLookAndFeel$$Lambda+0x000001f40423ef68
instanceKlass  @bci javax/swing/plaf/metal/MetalLookAndFeel initComponentDefaults (Ljavax/swing/UIDefaults;)V 3778 <appendix> argL0 ; # javax/swing/plaf/metal/MetalLookAndFeel$$Lambda+0x000001f40423ed48
instanceKlass  @bci javax/swing/plaf/metal/MetalLookAndFeel initComponentDefaults (Ljavax/swing/UIDefaults;)V 3762 <appendix> argL0 ; # javax/swing/plaf/metal/MetalLookAndFeel$$Lambda+0x000001f40423eb28
instanceKlass  @bci javax/swing/plaf/metal/MetalLookAndFeel initComponentDefaults (Ljavax/swing/UIDefaults;)V 3746 <appendix> argL0 ; # javax/swing/plaf/metal/MetalLookAndFeel$$Lambda+0x000001f40423e908
instanceKlass  @bci javax/swing/plaf/metal/MetalLookAndFeel initComponentDefaults (Ljavax/swing/UIDefaults;)V 3730 <appendix> argL0 ; # javax/swing/plaf/metal/MetalLookAndFeel$$Lambda+0x000001f40423e6e8
instanceKlass  @bci javax/swing/plaf/metal/MetalLookAndFeel initComponentDefaults (Ljavax/swing/UIDefaults;)V 3509 <appendix> argL0 ; # javax/swing/plaf/metal/MetalLookAndFeel$$Lambda+0x000001f40423e4c8
instanceKlass  @bci javax/swing/plaf/metal/MetalLookAndFeel initComponentDefaults (Ljavax/swing/UIDefaults;)V 3399 <appendix> argL0 ; # javax/swing/plaf/metal/MetalLookAndFeel$$Lambda+0x000001f40423e2a8
instanceKlass javax/swing/plaf/metal/MetalLookAndFeel$FontActiveValue
instanceKlass  @bci javax/swing/plaf/metal/MetalLookAndFeel initComponentDefaults (Ljavax/swing/UIDefaults;)V 2174 <appendix> member <vmtarget> ; # javax/swing/plaf/metal/MetalLookAndFeel$$Lambda+0x000001f40423dbf8
instanceKlass  @bci javax/swing/plaf/metal/MetalLookAndFeel initComponentDefaults (Ljavax/swing/UIDefaults;)V 2165 <appendix> member <vmtarget> ; # javax/swing/plaf/metal/MetalLookAndFeel$$Lambda+0x000001f40423d9d0
instanceKlass  @bci javax/swing/plaf/metal/MetalLookAndFeel initComponentDefaults (Ljavax/swing/UIDefaults;)V 2156 <appendix> member <vmtarget> ; # javax/swing/plaf/metal/MetalLookAndFeel$$Lambda+0x000001f40423d7a8
instanceKlass  @bci javax/swing/plaf/metal/MetalLookAndFeel initComponentDefaults (Ljavax/swing/UIDefaults;)V 2147 <appendix> member <vmtarget> ; # javax/swing/plaf/metal/MetalLookAndFeel$$Lambda+0x000001f40423d580
instanceKlass  @bci javax/swing/plaf/metal/MetalLookAndFeel initComponentDefaults (Ljavax/swing/UIDefaults;)V 2138 <appendix> argL0 ; # javax/swing/plaf/metal/MetalLookAndFeel$$Lambda+0x000001f40423d360
instanceKlass  @bci javax/swing/plaf/metal/MetalLookAndFeel initComponentDefaults (Ljavax/swing/UIDefaults;)V 2126 <appendix> argL0 ; # javax/swing/plaf/metal/MetalLookAndFeel$$Lambda+0x000001f40423d140
instanceKlass  @bci javax/swing/plaf/metal/MetalLookAndFeel initComponentDefaults (Ljavax/swing/UIDefaults;)V 2119 <appendix> argL0 ; # javax/swing/plaf/metal/MetalLookAndFeel$$Lambda+0x000001f40423cf20
instanceKlass  @bci javax/swing/plaf/metal/MetalLookAndFeel initComponentDefaults (Ljavax/swing/UIDefaults;)V 2112 <appendix> argL0 ; # javax/swing/plaf/metal/MetalLookAndFeel$$Lambda+0x000001f40423cd00
instanceKlass  @bci javax/swing/plaf/metal/MetalLookAndFeel initComponentDefaults (Ljavax/swing/UIDefaults;)V 2105 <appendix> argL0 ; # javax/swing/plaf/metal/MetalLookAndFeel$$Lambda+0x000001f40423cae0
instanceKlass  @bci javax/swing/plaf/metal/MetalLookAndFeel initComponentDefaults (Ljavax/swing/UIDefaults;)V 2098 <appendix> member <vmtarget> ; # javax/swing/plaf/metal/MetalLookAndFeel$$Lambda+0x000001f40423c8b8
instanceKlass  @bci javax/swing/plaf/metal/MetalLookAndFeel initComponentDefaults (Ljavax/swing/UIDefaults;)V 2089 <appendix> argL0 ; # javax/swing/plaf/metal/MetalLookAndFeel$$Lambda+0x000001f40423c698
instanceKlass  @bci javax/swing/plaf/metal/MetalLookAndFeel initComponentDefaults (Ljavax/swing/UIDefaults;)V 2082 <appendix> argL0 ; # javax/swing/plaf/metal/MetalLookAndFeel$$Lambda+0x000001f40423c478
instanceKlass  @bci javax/swing/plaf/metal/MetalLookAndFeel initComponentDefaults (Ljavax/swing/UIDefaults;)V 2075 <appendix> argL0 ; # javax/swing/plaf/metal/MetalLookAndFeel$$Lambda+0x000001f40423c258
instanceKlass  @bci javax/swing/plaf/metal/MetalLookAndFeel initComponentDefaults (Ljavax/swing/UIDefaults;)V 126 <appendix> argL0 ; # javax/swing/plaf/metal/MetalLookAndFeel$$Lambda+0x000001f40423c038
instanceKlass  @bci javax/swing/plaf/metal/MetalLookAndFeel initComponentDefaults (Ljavax/swing/UIDefaults;)V 119 <appendix> argL0 ; # javax/swing/plaf/metal/MetalLookAndFeel$$Lambda+0x000001f40423be18
instanceKlass  @bci javax/swing/plaf/metal/MetalLookAndFeel initComponentDefaults (Ljavax/swing/UIDefaults;)V 112 <appendix> argL0 ; # javax/swing/plaf/metal/MetalLookAndFeel$$Lambda+0x000001f40423bbf8
instanceKlass javax/swing/plaf/metal/DefaultMetalTheme$FontDelegate
instanceKlass javax/swing/plaf/metal/MetalTheme
instanceKlass javax/swing/AbstractListModel
instanceKlass javax/swing/ListModel
instanceKlass javax/swing/filechooser/FileView
instanceKlass  @bci javax/swing/filechooser/FileSystemView <init> ()V 41 <appendix> member <vmtarget> ; # javax/swing/filechooser/FileSystemView$$Lambda+0x000001f404236fe0
instanceKlass  @bci javax/swing/filechooser/FileSystemView <init> ()V 26 <appendix> member <vmtarget> ; # javax/swing/filechooser/FileSystemView$$Lambda+0x000001f404236db8
instanceKlass javax/swing/filechooser/FileSystemView
instanceKlass javax/swing/JFileChooser$FCHierarchyListener
instanceKlass javax/swing/JFileChooser$WeakPCL
instanceKlass java/awt/LightweightDispatcher$2
instanceKlass java/awt/Toolkit$SelectiveAWTEventListener
instanceKlass java/awt/LightweightDispatcher$1
instanceKlass java/awt/Container$MouseEventTargetFilter
instanceKlass java/awt/Container$EventTargetFilter
instanceKlass java/awt/Cursor$CursorDisposer
instanceKlass java/awt/event/MouseEvent$1
instanceKlass sun/awt/AWTAccessor$MouseEventAccessor
instanceKlass javax/management/openmbean/CompositeDataSupport
# instanceKlass java/lang/invoke/LambdaForm$MH+0x000001f40421d400
# instanceKlass java/lang/invoke/LambdaForm$DMH+0x000001f40421c800
instanceKlass java/text/AttributedString$AttributedStringIterator
instanceKlass java/text/AttributedCharacterIterator
instanceKlass java/text/AttributedString
instanceKlass sun/awt/im/CompositionAreaHandler
instanceKlass  @bci com/formdev/flatlaf/ui/FlatTabbedPaneUI$FlatSelectedTabRepainter repaintSelectedTabs (Ljava/awt/Component;)V 2 <appendix> member <vmtarget> ; # com/formdev/flatlaf/ui/FlatTabbedPaneUI$FlatSelectedTabRepainter$$Lambda+0x000001f404215f58
instanceKlass java/awt/KeyboardFocusManager$3
instanceKlass java/awt/KeyboardFocusManager$LightweightFocusRequest
instanceKlass java/awt/DefaultKeyboardFocusManager$TypeAheadMarker
instanceKlass java/awt/KeyboardFocusManager$HeavyweightFocusRequest
instanceKlass sun/awt/KeyboardFocusManagerPeerImpl$KfmAccessor
instanceKlass java/awt/MultipleGradientPaintContext
instanceKlass java/awt/MultipleGradientPaint
instanceKlass java/lang/FdLibm$Acos
instanceKlass  @bci javax/swing/border/LineBorder paintBorder (Ljava/awt/Component;Ljava/awt/Graphics;IIII)V 10 <appendix> member <vmtarget> ; # javax/swing/border/LineBorder$$Lambda+0x000001f40422e730
instanceKlass  @cpi javax/swing/border/LineBorder 159 form vmentry <vmtarget> ; # java/lang/invoke/LambdaForm$DMH+0x000001f40421bc00
instanceKlass com/sun/java/swing/SwingUtilities3$UnscaledBorderPainter
instanceKlass java/awt/geom/Path2D$Iterator
instanceKlass java/awt/geom/RectIterator
instanceKlass java/awt/geom/EllipseIterator
instanceKlass java/lang/FdLibm
instanceKlass java/lang/FdLibm$Cbrt
instanceKlass sun/java2d/marlin/ArrayCacheConst
instanceKlass java/awt/geom/RoundRectIterator
instanceKlass java/awt/ColorPaintContext
instanceKlass sun/java2d/pipe/AlphaPaintPipe$TileContext
instanceKlass java/awt/GradientPaintContext
instanceKlass java/awt/PaintContext
instanceKlass java/awt/GradientPaint
instanceKlass sun/java2d/marlin/Helpers
instanceKlass java/awt/geom/LineIterator
instanceKlass sun/java2d/marlin/DPQSSorterContext
instanceKlass sun/java2d/marlin/MarlinUtils
instanceKlass sun/java2d/marlin/MergeSort
instanceKlass sun/java2d/marlin/Dasher$LengthIterator
instanceKlass sun/java2d/marlin/Dasher
instanceKlass sun/java2d/marlin/Stroker
instanceKlass sun/java2d/marlin/MarlinTileGenerator
instanceKlass sun/java2d/pipe/AATileGenerator
instanceKlass sun/java2d/marlin/Renderer
instanceKlass sun/java2d/marlin/ArrayCacheIntClean$Reference
instanceKlass  @bci sun/java2d/marlin/OffHeapArray <init> (Ljava/lang/Object;J)V 52 <appendix> member <vmtarget> ; # sun/java2d/marlin/OffHeapArray$$Lambda+0x000001f404227ed0
instanceKlass sun/java2d/marlin/OffHeapArray
instanceKlass sun/java2d/marlin/MarlinCache
instanceKlass sun/java2d/marlin/ArrayCacheInt$Reference
instanceKlass sun/java2d/marlin/Helpers$IndexStack
instanceKlass sun/java2d/marlin/TransformingPathConsumer2D$PathClipFilter
instanceKlass sun/java2d/marlin/TransformingPathConsumer2D$StartFlagPathConsumer2D
instanceKlass sun/java2d/marlin/ArrayCacheByte$Reference
instanceKlass sun/java2d/marlin/ArrayCacheDouble$Reference
instanceKlass sun/java2d/marlin/Helpers$PolyStack
instanceKlass sun/java2d/marlin/TransformingPathConsumer2D$ClosedPathDetector
instanceKlass sun/java2d/marlin/TransformingPathConsumer2D$PathTracer
instanceKlass sun/java2d/marlin/TransformingPathConsumer2D$DeltaTransformFilter
instanceKlass sun/java2d/marlin/TransformingPathConsumer2D$DeltaScaleFilter
instanceKlass sun/java2d/marlin/TransformingPathConsumer2D$Path2DWrapper
instanceKlass sun/java2d/marlin/TransformingPathConsumer2D
instanceKlass sun/java2d/marlin/TransformingPathConsumer2D$CurveClipSplitter
instanceKlass sun/java2d/marlin/TransformingPathConsumer2D$CurveBasicMonotonizer
instanceKlass sun/java2d/marlin/DMarlinRenderingEngine$NormalizingPathIterator
instanceKlass java/awt/geom/PathIterator
instanceKlass sun/java2d/marlin/RendererContext$PathConsumer2DAdapter
instanceKlass sun/java2d/marlin/ArrayCacheByte
instanceKlass sun/java2d/marlin/ArrayCacheDouble
instanceKlass sun/java2d/marlin/ArrayCacheInt
instanceKlass sun/java2d/marlin/ArrayCacheIntClean
instanceKlass sun/java2d/marlin/PathSimplifier
instanceKlass sun/java2d/marlin/CollinearSimplifier
instanceKlass sun/java2d/marlin/DPathConsumer2D
instanceKlass sun/java2d/marlin/Curve
instanceKlass sun/java2d/ReentrantContext
instanceKlass sun/java2d/pipe/ShapeSpanIterator
instanceKlass sun/awt/geom/PathConsumer2D
instanceKlass sun/java2d/pipe/SpanIterator
instanceKlass java/awt/geom/Line2D
instanceKlass sun/java2d/loops/FontInfo
instanceKlass java/awt/PrintGraphics
instanceKlass java/awt/print/PrinterGraphics
instanceKlass  @bci com/formdev/flatlaf/util/JavaCompatibility drawStringUnderlineCharAt (Ljavax/swing/JComponent;Ljava/awt/Graphics;Ljava/lang/String;III)V 200 <adapter> ; # java/lang/invoke/LambdaForm$MH+0x000001f40421b800
# instanceKlass java/lang/invoke/LambdaForm$DMH+0x000001f40421b400
# instanceKlass java/lang/invoke/LambdaForm$DMH+0x000001f40421b000
instanceKlass com/formdev/flatlaf/util/JavaCompatibility
instanceKlass com/formdev/flatlaf/util/HiDPIUtils
instanceKlass sun/awt/image/BufImgSurfaceData$ICMColorData
instanceKlass java/awt/image/BufferedImage$1
instanceKlass java/awt/image/WritableRenderedImage
instanceKlass java/awt/image/RenderedImage
instanceKlass sun/awt/image/NativeLibLoader$1
instanceKlass sun/awt/image/NativeLibLoader
instanceKlass java/awt/image/SampleModel
instanceKlass java/awt/image/DataBuffer$1
instanceKlass sun/awt/image/SunWritableRaster$DataStealer
instanceKlass java/awt/image/DataBuffer
instanceKlass java/awt/image/Raster
instanceKlass sun/java2d/opengl/OGLGraphicsConfig
instanceKlass sun/awt/SunGraphicsCallback
instanceKlass sun/java2d/pipe/hw/AccelSurface
instanceKlass javax/swing/RepaintManager$4
instanceKlass javax/swing/RepaintManager$2$1
instanceKlass javax/swing/RepaintManager$3
instanceKlass java/awt/EventQueue$5
instanceKlass java/awt/SplashScreen
instanceKlass  @bci driverecovery/MainWindow <init> ()V 168 <appendix> argL0 ; # driverecovery/MainWindow$$Lambda+0x000001f404215488
instanceKlass javax/swing/JTable$5
instanceKlass javax/swing/JTable$2
instanceKlass javax/swing/JTable$Resizable3
instanceKlass javax/swing/JTable$Resizable2
instanceKlass  @bci com/formdev/flatlaf/ui/FlatTableCellBorder getBorderInsets (Ljava/awt/Component;Ljava/awt/Insets;)Ljava/awt/Insets; 1 <appendix> argL0 ; # com/formdev/flatlaf/ui/FlatTableCellBorder$$Lambda+0x000001f404215248
instanceKlass java/util/Vector$1
instanceKlass sun/awt/GlobalCursorManager$NativeUpdater
instanceKlass sun/awt/GlobalCursorManager
instanceKlass java/awt/font/TextLine$TextLineMetrics
instanceKlass java/awt/font/GlyphVector
instanceKlass  @bci sun/font/SunLayoutEngine getFacePtr (Lsun/font/Font2D;)J 10 <appendix> argL0 ; # sun/font/SunLayoutEngine$$Lambda+0x000001f404277a28
instanceKlass sun/font/SunLayoutEngine$FaceRef
instanceKlass sun/font/GlyphLayout$LayoutEngineKey
instanceKlass sun/font/GlyphLayout$EngineRecord
instanceKlass sun/font/ScriptRunData
instanceKlass sun/font/FontSubstitution
instanceKlass sun/font/GlyphLayout$SDCache$SDKey
instanceKlass sun/font/GlyphLayout$SDCache
instanceKlass sun/font/FontRunIterator
instanceKlass sun/font/ScriptRun
instanceKlass sun/font/TextRecord
instanceKlass sun/font/GlyphLayout$GVData
instanceKlass sun/font/SunLayoutEngine
instanceKlass sun/font/GlyphLayout$LayoutEngineFactory
instanceKlass sun/font/GlyphLayout$LayoutEngine
instanceKlass sun/font/GlyphLayout
instanceKlass sun/font/AttributeValues$1
instanceKlass sun/font/TextLabel
instanceKlass sun/font/Decoration$Label
instanceKlass sun/font/TextSource
instanceKlass sun/font/TextLineComponent
instanceKlass sun/font/TextLabelFactory
instanceKlass sun/font/Decoration
instanceKlass jdk/internal/icu/impl/Trie2$UTrie2Header
instanceKlass jdk/internal/icu/impl/Trie2$1
instanceKlass jdk/internal/icu/impl/Trie2$ValueMapper
instanceKlass jdk/internal/icu/impl/Trie2
instanceKlass jdk/internal/icu/impl/UBiDiProps$IsAcceptable
instanceKlass jdk/internal/icu/impl/ICUBinary$Authenticate
instanceKlass jdk/internal/icu/impl/ICUBinary$1
instanceKlass jdk/internal/icu/impl/ICUBinary
instanceKlass jdk/internal/icu/impl/UBiDiProps
instanceKlass jdk/internal/icu/lang/UCharacter
instanceKlass jdk/internal/icu/text/BidiBase$ImpTabPair
instanceKlass jdk/internal/icu/text/BidiBase
instanceKlass java/text/Bidi
instanceKlass java/awt/font/TextLine$Function
instanceKlass java/awt/font/TextLine
instanceKlass java/awt/font/LineMetrics
instanceKlass sun/font/CoreMetrics
instanceKlass java/awt/font/TextLayout$CaretPolicy
instanceKlass java/awt/font/TextLayout
instanceKlass javax/swing/Timer$1
instanceKlass java/awt/GridBagLayoutInfo
instanceKlass java/awt/SequencedEvent$2
instanceKlass java/awt/SequencedEvent$1
instanceKlass sun/awt/AWTAccessor$SequencedEventAccessor
instanceKlass  @bci sun/awt/windows/WWindowPeer displayChanged ()V 5 <appendix> member <vmtarget> ; # sun/awt/windows/WWindowPeer$$Lambda+0x000001f40426e788
instanceKlass sun/awt/im/InputMethodAdapter
instanceKlass java/awt/im/spi/InputMethod
instanceKlass java/awt/im/spi/InputMethodContext
instanceKlass java/awt/im/InputMethodRequests
instanceKlass java/awt/im/InputContext
instanceKlass javax/swing/TimerQueue$DelayedTimer
instanceKlass javax/swing/plaf/basic/BasicProgressBarUI$Animator
instanceKlass sun/awt/NullComponentPeer
instanceKlass sun/awt/LightweightPeerHolder
instanceKlass java/awt/peer/LightweightPeer
instanceKlass sun/awt/im/ExecutableInputMethodManager$3
instanceKlass sun/awt/im/InputMethodLocator
instanceKlass sun/awt/windows/WInputMethodDescriptor
instanceKlass java/awt/im/spi/InputMethodDescriptor
instanceKlass sun/awt/im/InputMethodManager
instanceKlass  @bci sun/awt/windows/WToolkit getFontPeer (Ljava/lang/String;I)Ljava/awt/peer/FontPeer; 94 <appendix> form vmentry <vmtarget> ; # java/lang/invoke/LambdaForm$MH+0x000001f40421ac00
instanceKlass  @bci sun/awt/windows/WToolkit getFontPeer (Ljava/lang/String;I)Ljava/awt/peer/FontPeer; 94 <appendix> argL3 form vmentry <vmtarget> ; # java/lang/invoke/LambdaForm$MH+0x000001f40421a400
# instanceKlass java/lang/invoke/LambdaForm$MH+0x000001f40421a000
instanceKlass  @bci sun/awt/windows/WToolkit getFontPeer (Ljava/lang/String;I)Ljava/awt/peer/FontPeer; 94 <appendix> argL1 form vmentry <vmtarget> ; # java/lang/invoke/LambdaForm$MH+0x000001f404219000
# instanceKlass java/lang/invoke/LambdaForm$MH+0x000001f404218800
instanceKlass sun/awt/FontConfiguration$2
instanceKlass sun/awt/NativeLibLoader$1
instanceKlass sun/awt/NativeLibLoader
instanceKlass sun/awt/PlatformFont
instanceKlass java/awt/peer/FontPeer
instanceKlass  @bci java/awt/SystemColor <clinit> ()V 643 <appendix> argL0 ; # java/awt/SystemColor$$Lambda+0x000001f404267098
instanceKlass  @cpi java/awt/SystemColor 241 form vmentry <vmtarget> ; # java/lang/invoke/LambdaForm$DMH+0x000001f404218000
instanceKlass sun/awt/AWTAccessor$SystemColorAccessor
instanceKlass sun/java2d/StateTracker$2
instanceKlass sun/java2d/StateTracker$1
instanceKlass sun/java2d/StateTracker
instanceKlass sun/java2d/SurfaceDataProxy
instanceKlass sun/awt/image/SurfaceManager$FlushableCacheData
instanceKlass sun/java2d/DefaultDisposerRecord
instanceKlass sun/java2d/loops/GraphicsPrimitiveMgr$PrimitiveSpec
instanceKlass sun/java2d/loops/RenderLoops
instanceKlass sun/java2d/windows/GDIRenderer
instanceKlass sun/java2d/loops/GraphicsPrimitiveMgr$2
instanceKlass sun/java2d/loops/GraphicsPrimitiveMgr$1
instanceKlass sun/java2d/loops/GeneralRenderer
instanceKlass sun/java2d/loops/CustomComponent
instanceKlass sun/java2d/pipe/ValidatePipe
instanceKlass java/awt/BasicStroke
instanceKlass java/awt/AlphaComposite
instanceKlass sun/awt/ConstrainableGraphics
instanceKlass sun/java2d/loops/GraphicsPrimitiveMgr
instanceKlass sun/java2d/loops/CompositeType
instanceKlass sun/java2d/loops/GraphicsPrimitiveMgr$GeneralPrimitives
instanceKlass sun/java2d/loops/GraphicsPrimitive
instanceKlass sun/java2d/loops/XORComposite
instanceKlass java/awt/Composite
instanceKlass sun/java2d/pipe/hw/AccelGraphicsConfig
instanceKlass sun/java2d/pipe/hw/BufferedContextProvider
instanceKlass  @bci sun/java2d/d3d/D3DScreenUpdateManager lambda$new$1 ()Ljava/lang/Void; 1 <appendix> member <vmtarget> ; # sun/java2d/d3d/D3DScreenUpdateManager$$Lambda+0x000001f40425ea18
instanceKlass  @bci sun/java2d/d3d/D3DScreenUpdateManager <init> ()V 21 <appendix> member <vmtarget> ; # sun/java2d/d3d/D3DScreenUpdateManager$$Lambda+0x000001f40425e7f0
instanceKlass sun/java2d/ScreenUpdateManager
instanceKlass javax/swing/RepaintManager$2
instanceKlass sun/awt/windows/WComponentPeer$2
instanceKlass sun/awt/im/InputMethodWindow
instanceKlass sun/awt/ExtendedKeyCodes
instanceKlass sun/awt/RepaintArea
instanceKlass sun/awt/windows/WWindowPeer$GuiDisposedListener
instanceKlass sun/awt/windows/WWindowPeer$ActiveWindowListener
instanceKlass java/awt/peer/CanvasPeer
instanceKlass java/awt/peer/PanelPeer
instanceKlass java/awt/peer/FramePeer
instanceKlass java/awt/peer/WindowPeer
instanceKlass java/awt/peer/ContainerPeer
instanceKlass java/awt/event/WindowAdapter
instanceKlass sun/swing/SwingUtilities2$KeyPair
instanceKlass  @bci com/formdev/flatlaf/ui/FlatSplitPaneUI applyStyle (Ljava/lang/Object;)V 7 <appendix> member <vmtarget> ; # com/formdev/flatlaf/ui/FlatSplitPaneUI$$Lambda+0x000001f404213cc0
instanceKlass javax/swing/plaf/basic/BasicSplitPaneUI$Handler
instanceKlass  @bci com/formdev/flatlaf/ui/FlatSplitPaneUI createPropertyChangeListener ()Ljava/beans/PropertyChangeListener; 5 <appendix> member <vmtarget> ; # com/formdev/flatlaf/ui/FlatSplitPaneUI$$Lambda+0x000001f404213a98
instanceKlass javax/swing/plaf/basic/BasicSplitPaneUI$BasicHorizontalLayoutManager
instanceKlass javax/swing/plaf/basic/BasicSplitPaneDivider$DividerLayout
instanceKlass  @bci driverecovery/MainWindow <init> ()V 131 <appendix> member <vmtarget> ; # driverecovery/MainWindow$$Lambda+0x000001f404210228
instanceKlass  @bci driverecovery/MainWindow <init> ()V 118 <appendix> member <vmtarget> ; # driverecovery/MainWindow$$Lambda+0x000001f404210000
instanceKlass  @bci driverecovery/UserListPanel refreshCount ()V 12 <appendix> member <vmtarget> ; # driverecovery/UserListPanel$$Lambda+0x000001f40420fc18
instanceKlass  @cpi driverecovery/UserListPanel 1182 form vmentry <vmtarget> ; # java/lang/invoke/LambdaForm$DMH+0x000001f4041a9c00
instanceKlass  @bci driverecovery/MainWindow <init> ()V 95 <appendix> member <vmtarget> ; # driverecovery/MainWindow$$Lambda+0x000001f40420f9f0
instanceKlass driverecovery/ProgressTracker
instanceKlass  @bci driverecovery/RunPanel buildActionBar ()Ljavax/swing/JPanel; 117 <appendix> member <vmtarget> ; # driverecovery/RunPanel$$Lambda+0x000001f40420f520
instanceKlass  @bci driverecovery/RunPanel buildActionBar ()Ljavax/swing/JPanel; 104 <appendix> member <vmtarget> ; # driverecovery/RunPanel$$Lambda+0x000001f40420f2f8
instanceKlass  @bci com/formdev/flatlaf/ui/FlatTextPaneUI applyStyle (Ljava/lang/Object;)V 23 <appendix> member <vmtarget> ; # com/formdev/flatlaf/ui/FlatTextPaneUI$$Lambda+0x000001f40420ee00
instanceKlass  @bci com/formdev/flatlaf/ui/FlatTextPaneUI installListeners ()V 14 <appendix> member <vmtarget> ; # com/formdev/flatlaf/ui/FlatTextPaneUI$$Lambda+0x000001f40420eba8
instanceKlass  @bci com/formdev/flatlaf/ui/FlatTextPaneUI propertyChange (Ljava/beans/PropertyChangeEvent;)V 38 <appendix> member <vmtarget> ; # com/formdev/flatlaf/ui/FlatTextPaneUI$$Lambda+0x000001f40420e980
instanceKlass javax/swing/text/DefaultStyledDocument$AbstractChangeHandler
instanceKlass  @bci driverecovery/RunPanel buildLog ()Ljavax/swing/JPanel; 277 <appendix> member <vmtarget> ; # driverecovery/RunPanel$$Lambda+0x000001f40420e330
instanceKlass  @bci driverecovery/RunPanel buildLog ()Ljavax/swing/JPanel; 264 <appendix> member <vmtarget> ; # driverecovery/RunPanel$$Lambda+0x000001f40420e108
instanceKlass java/awt/GridBagConstraints
instanceKlass java/awt/GridBagLayout
instanceKlass  @bci driverecovery/RunPanel buildModeBar ()Ljavax/swing/JPanel; 687 <appendix> member <vmtarget> ; # driverecovery/RunPanel$$Lambda+0x000001f40420dee0
instanceKlass  @bci driverecovery/RunPanel buildModeBar ()Ljavax/swing/JPanel; 674 <appendix> member <vmtarget> ; # driverecovery/RunPanel$$Lambda+0x000001f40420dcb8
instanceKlass  @bci driverecovery/RunPanel buildModeBar ()Ljavax/swing/JPanel; 661 <appendix> member <vmtarget> ; # driverecovery/RunPanel$$Lambda+0x000001f40420da90
instanceKlass  @bci driverecovery/RunPanel buildModeBar ()Ljavax/swing/JPanel; 648 <appendix> member <vmtarget> ; # driverecovery/RunPanel$$Lambda+0x000001f40420d868
instanceKlass  @bci driverecovery/UserListPanel refreshCount ()V 12 <appendix> form vmentry <vmtarget> ; # java/lang/invoke/LambdaForm$DMH+0x000001f4041a9800
instanceKlass  @bci driverecovery/RunPanel buildModeBar ()Ljavax/swing/JPanel; 471 <appendix> member <vmtarget> ; # driverecovery/RunPanel$$Lambda+0x000001f40420d640
instanceKlass  @cpi driverecovery/RunPanel 983 form vmentry <vmtarget> ; # java/lang/invoke/LambdaForm$DMH+0x000001f4041a9400
instanceKlass java/text/BreakIterator$BreakIteratorCache
instanceKlass sun/text/SupplementaryCharacterData
instanceKlass sun/text/CompactByteArray
instanceKlass  @bci sun/util/resources/BreakIteratorResourceBundle getResourceAsStream (Ljava/lang/String;)Ljava/io/InputStream; 2 <appendix> member <vmtarget> ; # sun/util/resources/BreakIteratorResourceBundle$$Lambda+0x000001f404252b38
instanceKlass  @bci sun/util/locale/provider/JRELocaleProviderAdapter getBreakIteratorProvider ()Ljava/text/spi/BreakIteratorProvider; 8 <appendix> member <vmtarget> ; # sun/util/locale/provider/JRELocaleProviderAdapter$$Lambda+0x000001f404251fa8
instanceKlass java/text/BreakIterator
instanceKlass  @bci javax/swing/text/html/MuxingAttributeSet getAttribute (Ljava/lang/Object;)Ljava/lang/Object; 77 <appendix> argL0 ; # javax/swing/text/html/MuxingAttributeSet$$Lambda+0x000001f404251628
instanceKlass  @bci javax/swing/text/html/MuxingAttributeSet getAttribute (Ljava/lang/Object;)Ljava/lang/Object; 67 <appendix> argL0 ; # javax/swing/text/html/MuxingAttributeSet$$Lambda+0x000001f4042513d8
instanceKlass  @bci javax/swing/text/html/MuxingAttributeSet getAttribute (Ljava/lang/Object;)Ljava/lang/Object; 57 <appendix> member <vmtarget> ; # javax/swing/text/html/MuxingAttributeSet$$Lambda+0x000001f404251190
instanceKlass javax/swing/text/GlyphView$GlyphPainter
instanceKlass javax/swing/SizeRequirements
instanceKlass javax/swing/text/TabableView
instanceKlass javax/swing/text/FlowView$FlowStrategy
instanceKlass javax/swing/text/html/CSSBorder$StrokePainter
instanceKlass javax/swing/text/html/CSSBorder$SolidPainter
instanceKlass javax/swing/text/html/CSSBorder$NullPainter
instanceKlass javax/swing/text/html/CSSBorder$BorderPainter
instanceKlass javax/swing/text/html/StyleSheet$BoxPainter
instanceKlass javax/swing/text/html/StyleSheet$SearchBuffer
instanceKlass javax/swing/text/html/MuxingAttributeSet
instanceKlass javax/swing/text/DefaultStyledDocument$ElementBuffer$ElemChanges
instanceKlass java/util/Vector$Itr
instanceKlass javax/swing/text/DefaultStyledDocument$ElementSpec
instanceKlass javax/swing/text/html/parser/ContentModelState
instanceKlass javax/swing/text/html/parser/TagStack
instanceKlass javax/swing/text/html/parser/TagElement
instanceKlass javax/swing/text/html/parser/Parser
instanceKlass javax/swing/text/html/HTMLDocument$HTMLReader$TagAction
instanceKlass javax/swing/text/html/HTMLEditorKit$ParserCallback
instanceKlass javax/swing/text/html/parser/AttributeList
instanceKlass javax/swing/text/html/parser/ContentModel
instanceKlass javax/swing/text/html/parser/ParserDelegator$1
instanceKlass javax/swing/text/html/parser/Entity
instanceKlass javax/swing/text/html/parser/Element
instanceKlass javax/swing/text/html/parser/DTD
instanceKlass javax/swing/text/html/parser/DTDConstants
instanceKlass javax/swing/text/html/HTMLEditorKit$Parser
instanceKlass javax/swing/text/DefaultStyledDocument$ElementBuffer
instanceKlass javax/swing/text/StyledDocument
instanceKlass  @bci com/formdev/flatlaf/ui/FlatRadioButtonUI createUI (Ljavax/swing/JComponent;)Ljavax/swing/plaf/ComponentUI; 16 <appendix> argL0 ; # com/formdev/flatlaf/ui/FlatRadioButtonUI$$Lambda+0x000001f404207a00
instanceKlass java/awt/GridLayout
instanceKlass javax/swing/ButtonGroup
instanceKlass  @bci driverecovery/UserListPanel buildManualTab ()Ljavax/swing/JPanel; 205 <appendix> member <vmtarget> ; # driverecovery/UserListPanel$$Lambda+0x000001f404202f80
instanceKlass  @bci com/formdev/flatlaf/ui/FlatTextAreaUI applyStyle (Ljava/lang/Object;)V 23 <appendix> member <vmtarget> ; # com/formdev/flatlaf/ui/FlatTextAreaUI$$Lambda+0x000001f404202d48
instanceKlass  @bci com/formdev/flatlaf/ui/FlatTextAreaUI installListeners ()V 14 <appendix> member <vmtarget> ; # com/formdev/flatlaf/ui/FlatTextAreaUI$$Lambda+0x000001f404202af0
instanceKlass  @bci com/formdev/flatlaf/ui/FlatTextAreaUI propertyChange (Ljava/beans/PropertyChangeEvent;)V 38 <appendix> member <vmtarget> ; # com/formdev/flatlaf/ui/FlatTextAreaUI$$Lambda+0x000001f4042024a0
# instanceKlass java/lang/invoke/LambdaForm$MH+0x000001f4041a9000
instanceKlass  @bci driverecovery/UserListPanel buildCsvTab ()Ljavax/swing/JPanel; 301 <appendix> member <vmtarget> ; # driverecovery/UserListPanel$$Lambda+0x000001f404201e70
instanceKlass  @bci driverecovery/UserListPanel buildCsvTab ()Ljavax/swing/JPanel; 199 <appendix> member <vmtarget> ; # driverecovery/UserListPanel$$Lambda+0x000001f404201c48
instanceKlass  @bci driverecovery/UserListPanel buildCsvTab ()Ljavax/swing/JPanel; 188 <appendix> member <vmtarget> ; # driverecovery/UserListPanel$$Lambda+0x000001f404201a20
instanceKlass  @bci driverecovery/UserListPanel buildCsvTab ()Ljavax/swing/JPanel; 177 <appendix> member <vmtarget> ; # driverecovery/UserListPanel$$Lambda+0x000001f4042017f8
instanceKlass  @bci driverecovery/UserListPanel buildCsvTab ()Ljavax/swing/JPanel; 166 <appendix> member <vmtarget> ; # driverecovery/UserListPanel$$Lambda+0x000001f4042015d0
instanceKlass  @bci driverecovery/UserListPanel buildCsvTab ()Ljavax/swing/JPanel; 155 <appendix> member <vmtarget> ; # driverecovery/UserListPanel$$Lambda+0x000001f4042013a8
instanceKlass javax/accessibility/AccessibleRelationSet
instanceKlass javax/accessibility/AccessibleContext$1
instanceKlass sun/awt/AWTAccessor$AccessibleContextAccessor
instanceKlass javax/accessibility/AccessibleContext
instanceKlass javax/accessibility/AccessibleValue
instanceKlass javax/accessibility/AccessibleComponent
instanceKlass driverecovery/UserListPanel$9
instanceKlass  @bci driverecovery/UserListPanel buildSdkTab ()Ljavax/swing/JPanel; 520 <appendix> member <vmtarget> ; # driverecovery/UserListPanel$$Lambda+0x000001f4041abce0
instanceKlass javax/swing/JTable$SortManager
instanceKlass javax/swing/DefaultRowSorter$ModelWrapper
instanceKlass javax/swing/table/TableRowSorter$ComparableComparator
instanceKlass  @bci com/formdev/flatlaf/ui/FlatTableUI applyStyle (Ljava/lang/Object;)V 29 <appendix> member <vmtarget> ; # com/formdev/flatlaf/ui/FlatTableUI$$Lambda+0x000001f4041abaa8
instanceKlass javax/swing/TransferHandler$DropLocation
instanceKlass  @bci com/formdev/flatlaf/ui/FlatTableUI installListeners ()V 6 <appendix> member <vmtarget> ; # com/formdev/flatlaf/ui/FlatTableUI$$Lambda+0x000001f4041ab5c8
instanceKlass javax/swing/plaf/basic/BasicTableUI$Handler
instanceKlass javax/swing/plaf/basic/BasicTableUI$FocusHandler
instanceKlass com/formdev/flatlaf/ui/FlatTableUI$FlatTablePropertyWatcher
instanceKlass com/formdev/flatlaf/ui/FlatViewportUI$ViewportPainter
instanceKlass javax/swing/AbstractCellEditor
instanceKlass javax/swing/tree/TreeCellEditor
instanceKlass javax/swing/table/TableCellEditor
instanceKlass javax/swing/CellEditor
instanceKlass  @bci com/formdev/flatlaf/ui/FlatTableHeaderUI applyStyle (Ljava/lang/Object;)V 7 <appendix> member <vmtarget> ; # com/formdev/flatlaf/ui/FlatTableHeaderUI$$Lambda+0x000001f4041aa268
instanceKlass  @bci com/formdev/flatlaf/ui/FlatStylingSupport createPropertyChangeListener (Ljavax/swing/JComponent;Ljava/lang/Runnable;Ljava/beans/PropertyChangeListener;)Ljava/beans/PropertyChangeListener; 3 <appendix> member <vmtarget> ; # com/formdev/flatlaf/ui/FlatStylingSupport$$Lambda+0x000001f4041afa98
instanceKlass  @bci com/formdev/flatlaf/ui/FlatTableHeaderUI installListeners ()V 10 <appendix> member <vmtarget> ; # com/formdev/flatlaf/ui/FlatTableHeaderUI$$Lambda+0x000001f4041af870
instanceKlass  @cpi javax/crypto/spec/SecretKeySpec 165 form vmentry <vmtarget> ; # java/lang/invoke/LambdaForm$DMH+0x000001f4041a8c00
instanceKlass javax/swing/plaf/basic/BasicTableHeaderUI$MouseInputHandler
instanceKlass javax/swing/plaf/basic/BasicTableHeaderUI$1
instanceKlass sun/swing/table/DefaultTableCellHeaderRenderer$EmptyIcon
instanceKlass  @bci javax/swing/JTable createDefaultEditors ()V 53 <appendix> argL0 ; # javax/swing/JTable$$Lambda+0x000001f4041b0660
instanceKlass  @bci javax/swing/JTable createDefaultEditors ()V 37 <appendix> argL0 ; # javax/swing/JTable$$Lambda+0x000001f4041b0440
instanceKlass  @bci javax/swing/JTable createDefaultEditors ()V 22 <appendix> argL0 ; # javax/swing/JTable$$Lambda+0x000001f4041b0220
instanceKlass  @bci javax/swing/JTable createDefaultRenderers ()V 134 <appendix> argL0 ; # javax/swing/JTable$$Lambda+0x000001f4041b0000
instanceKlass  @bci javax/swing/JTable createDefaultRenderers ()V 118 <appendix> argL0 ; # javax/swing/JTable$$Lambda+0x000001f4041ffc50
instanceKlass javax/swing/ImageIcon
instanceKlass  @bci javax/swing/JTable createDefaultRenderers ()V 102 <appendix> argL0 ; # javax/swing/JTable$$Lambda+0x000001f4041ff780
instanceKlass  @bci javax/swing/JTable createDefaultRenderers ()V 86 <appendix> argL0 ; # javax/swing/JTable$$Lambda+0x000001f4041ff560
instanceKlass  @bci javax/swing/JTable createDefaultRenderers ()V 70 <appendix> argL0 ; # javax/swing/JTable$$Lambda+0x000001f4041ff340
instanceKlass  @bci javax/swing/JTable createDefaultRenderers ()V 54 <appendix> argL0 ; # javax/swing/JTable$$Lambda+0x000001f4041ff120
instanceKlass  @bci javax/swing/JTable createDefaultRenderers ()V 38 <appendix> argL0 ; # javax/swing/JTable$$Lambda+0x000001f4041fef00
instanceKlass  @bci javax/swing/JTable createDefaultRenderers ()V 23 <appendix> argL0 ; # javax/swing/JTable$$Lambda+0x000001f4041fece0
instanceKlass javax/swing/table/TableColumn
instanceKlass javax/swing/DefaultListSelectionModel
instanceKlass javax/swing/ListSelectionModel
instanceKlass javax/swing/table/DefaultTableColumnModel
instanceKlass javax/swing/table/TableColumnModel
instanceKlass javax/swing/table/TableCellRenderer
instanceKlass  @bci driverecovery/UserListPanel buildSdkTab ()Ljavax/swing/JPanel; 412 <appendix> member <vmtarget> ; # driverecovery/UserListPanel$$Lambda+0x000001f4041adb08
instanceKlass javax/swing/plaf/basic/BasicGraphicsUtils
instanceKlass  @bci com/formdev/flatlaf/ui/FlatProgressBarUI applyStyle (Ljava/lang/Object;)V 7 <appendix> member <vmtarget> ; # com/formdev/flatlaf/ui/FlatProgressBarUI$$Lambda+0x000001f4041ad8d0
instanceKlass  @bci com/formdev/flatlaf/ui/FlatProgressBarUI installListeners ()V 6 <appendix> member <vmtarget> ; # com/formdev/flatlaf/ui/FlatProgressBarUI$$Lambda+0x000001f4041ad6a8
instanceKlass javax/swing/plaf/basic/BasicProgressBarUI$Handler
instanceKlass javax/swing/JProgressBar$ModelListener
instanceKlass  @bci driverecovery/UserListPanel buildSdkTab ()Ljavax/swing/JPanel; 149 <appendix> member <vmtarget> ; # driverecovery/UserListPanel$$Lambda+0x000001f4041ace78
instanceKlass  @bci driverecovery/UserListPanel buildSdkTab ()Ljavax/swing/JPanel; 138 <appendix> member <vmtarget> ; # driverecovery/UserListPanel$$Lambda+0x000001f4041acc50
instanceKlass  @bci com/formdev/flatlaf/ui/FlatSeparatorUI applyStyle (Ljavax/swing/JSeparator;Ljava/lang/Object;)V 8 <appendix> member <vmtarget> ; # com/formdev/flatlaf/ui/FlatSeparatorUI$$Lambda+0x000001f4041ac758
instanceKlass  @bci com/formdev/flatlaf/ui/FlatSeparatorUI createUI (Ljavax/swing/JComponent;)Ljavax/swing/plaf/ComponentUI; 9 <appendix> argL0 ; # com/formdev/flatlaf/ui/FlatSeparatorUI$$Lambda+0x000001f4041ac538
instanceKlass  @bci driverecovery/UserListPanel buildSdkTab ()Ljavax/swing/JPanel; 95 <appendix> member <vmtarget> ; # driverecovery/UserListPanel$$Lambda+0x000001f4041ac000
instanceKlass  @bci com/formdev/flatlaf/ui/FlatTabbedPaneUI$Handler propertyChange (Ljava/beans/PropertyChangeEvent;)V 142 <appendix> member <vmtarget> ; # com/formdev/flatlaf/ui/FlatTabbedPaneUI$Handler$$Lambda+0x000001f4041a7aa0
instanceKlass  @bci com/formdev/flatlaf/ui/FlatTabbedPaneUI applyStyle (Ljava/lang/Object;)V 7 <appendix> member <vmtarget> ; # com/formdev/flatlaf/ui/FlatTabbedPaneUI$$Lambda+0x000001f4041a7868
instanceKlass com/formdev/flatlaf/ui/FlatTabbedPaneUI$FlatSelectedTabRepainter
instanceKlass java/awt/Polygon
instanceKlass com/formdev/flatlaf/ui/FlatUIAction
instanceKlass javax/swing/plaf/basic/BasicTabbedPaneUI$Handler
instanceKlass  @bci com/formdev/flatlaf/ui/FlatTabbedPaneUI$Handler <init> (Lcom/formdev/flatlaf/ui/FlatTabbedPaneUI;)V 11 <appendix> member <vmtarget> ; # com/formdev/flatlaf/ui/FlatTabbedPaneUI$Handler$$Lambda+0x000001f40419fdb0
instanceKlass com/formdev/flatlaf/ui/FlatTabbedPaneUI$Handler
instanceKlass javax/swing/plaf/basic/BasicTabbedPaneUI$TabbedPaneLayout
instanceKlass javax/swing/event/PopupMenuListener
instanceKlass com/formdev/flatlaf/ui/FlatTitlePane$TitleBarCaptionHitTest
instanceKlass javax/swing/JTabbedPane$ModelListener
instanceKlass javax/swing/DefaultSingleSelectionModel
instanceKlass javax/swing/SingleSelectionModel
instanceKlass javax/swing/event/RowSorterListener
instanceKlass javax/swing/event/CellEditorListener
instanceKlass javax/swing/event/ListSelectionListener
instanceKlass javax/swing/event/TableColumnModelListener
instanceKlass javax/swing/event/TableModelListener
instanceKlass javax/swing/table/AbstractTableModel
instanceKlass javax/swing/RowSorter
instanceKlass javax/swing/table/TableModel
instanceKlass  @bci com/formdev/flatlaf/ui/FlatScrollPaneUI applyStyle (Ljava/lang/Object;)V 7 <appendix> member <vmtarget> ; # com/formdev/flatlaf/ui/FlatScrollPaneUI$$Lambda+0x000001f40419a878
instanceKlass com/formdev/flatlaf/ui/FlatScrollPaneUI$Handler
instanceKlass  @bci com/formdev/flatlaf/ui/FlatScrollPaneUI createMouseWheelListener ()Ljava/awt/event/MouseWheelListener; 7 <appendix> member <vmtarget> ; # com/formdev/flatlaf/ui/FlatScrollPaneUI$$Lambda+0x000001f40419a100
instanceKlass  @bci com/formdev/flatlaf/ui/FlatScrollPaneUI createPropertyChangeListener ()Ljava/beans/PropertyChangeListener; 7 <appendix> member <vmtarget> ; # com/formdev/flatlaf/ui/FlatScrollPaneUI$$Lambda+0x000001f404199ed8
instanceKlass javax/swing/plaf/basic/BasicScrollPaneUI$Handler
instanceKlass java/awt/event/ComponentAdapter
instanceKlass  @bci com/formdev/flatlaf/ui/FlatScrollBarUI applyStyle (Ljava/lang/Object;)V 7 <appendix> member <vmtarget> ; # com/formdev/flatlaf/ui/FlatScrollBarUI$$Lambda+0x000001f404199640
instanceKlass javax/swing/plaf/basic/BasicScrollBarUI$ScrollListener
instanceKlass  @bci com/formdev/flatlaf/ui/FlatScrollBarUI createPropertyChangeListener ()Ljava/beans/PropertyChangeListener; 7 <appendix> member <vmtarget> ; # com/formdev/flatlaf/ui/FlatScrollBarUI$$Lambda+0x000001f404199418
instanceKlass javax/swing/plaf/basic/BasicScrollBarUI$Handler
instanceKlass javax/swing/plaf/basic/BasicScrollBarUI$ModelListener
instanceKlass com/formdev/flatlaf/ui/FlatStylingSupport$StyleableLookupProvider
instanceKlass javax/swing/JScrollBar$ModelListener
instanceKlass java/awt/Adjustable
instanceKlass  @bci com/formdev/flatlaf/ui/FlatViewportUI createUI (Ljavax/swing/JComponent;)Ljavax/swing/plaf/ComponentUI; 2 <appendix> argL0 ; # com/formdev/flatlaf/ui/FlatViewportUI$$Lambda+0x000001f404195d30
instanceKlass javax/swing/ViewportLayout
instanceKlass javax/swing/ScrollPaneLayout
instanceKlass  @bci com/formdev/flatlaf/ui/FlatRadioButtonUI applyStyle (Ljavax/swing/AbstractButton;Ljava/lang/Object;)V 8 <appendix> member <vmtarget> ; # com/formdev/flatlaf/ui/FlatRadioButtonUI$$Lambda+0x000001f404195880
instanceKlass javax/swing/plaf/basic/BasicButtonUI$KeyHandler
instanceKlass  @bci com/formdev/flatlaf/ui/FlatCheckBoxUI createUI (Ljavax/swing/JComponent;)Ljavax/swing/plaf/ComponentUI; 16 <appendix> argL0 ; # com/formdev/flatlaf/ui/FlatCheckBoxUI$$Lambda+0x000001f404197d30
instanceKlass  @bci driverecovery/ConfigPanel buildFilterSection ()Ljavax/swing/JPanel; 360 <appendix> member <vmtarget> ; # driverecovery/ConfigPanel$$Lambda+0x000001f404197410
instanceKlass java/time/format/DateTimeFormatterBuilder$2
instanceKlass java/time/LocalDate$1
instanceKlass java/time/format/DateTimePrintContext
instanceKlass  @bci java/time/format/DateTimeFormatter <clinit> ()V 1075 <appendix> argL0 ; # java/time/format/DateTimeFormatter$$Lambda+0x80000000d
instanceKlass  @bci java/time/format/DateTimeFormatter <clinit> ()V 1067 <appendix> argL0 ; # java/time/format/DateTimeFormatter$$Lambda+0x80000000c
instanceKlass java/time/Period
instanceKlass java/time/chrono/ChronoPeriod
instanceKlass java/time/format/DateTimeFormatterBuilder$TextPrinterParser
instanceKlass java/time/format/DateTimeTextProvider$1
instanceKlass java/time/format/DateTimeTextProvider
instanceKlass java/time/format/DateTimeTextProvider$LocaleStore
instanceKlass java/time/format/DateTimeFormatterBuilder$InstantPrinterParser
instanceKlass java/time/format/DateTimeFormatterBuilder$StringLiteralPrinterParser
instanceKlass java/time/format/DateTimeFormatterBuilder$ZoneIdPrinterParser
instanceKlass java/time/format/DateTimeFormatterBuilder$OffsetIdPrinterParser
instanceKlass java/time/format/DecimalStyle
instanceKlass java/time/format/DateTimeFormatterBuilder$CompositePrinterParser
instanceKlass java/time/chrono/AbstractChronology
instanceKlass java/time/chrono/Chronology
instanceKlass java/time/format/DateTimeFormatterBuilder$CharLiteralPrinterParser
instanceKlass java/time/format/DateTimeFormatterBuilder$NumberPrinterParser
instanceKlass java/time/format/DateTimeFormatterBuilder$DateTimePrinterParser
instanceKlass java/time/temporal/JulianFields
instanceKlass java/time/temporal/IsoFields
instanceKlass  @bci java/time/format/DateTimeFormatterBuilder <clinit> ()V 0 <appendix> argL0 ; # java/time/format/DateTimeFormatterBuilder$$Lambda+0x80000000e
instanceKlass java/time/temporal/TemporalQuery
instanceKlass java/time/format/DateTimeFormatterBuilder
instanceKlass java/time/format/DateTimeFormatter
instanceKlass java/time/Instant
instanceKlass java/time/Clock
instanceKlass java/time/InstantSource
instanceKlass  @bci com/formdev/flatlaf/ui/FlatSpinnerUI applyStyle (Ljava/lang/Object;)V 7 <appendix> member <vmtarget> ; # com/formdev/flatlaf/ui/FlatSpinnerUI$$Lambda+0x000001f404193a30
instanceKlass javax/swing/plaf/basic/BasicSpinnerUI$Handler
instanceKlass com/formdev/flatlaf/ui/FlatSpinnerUI$Handler
instanceKlass javax/swing/text/GapContent$UndoPosRef
instanceKlass javax/swing/JSpinner$ModelListener
instanceKlass java/text/FieldPosition$Delegate
instanceKlass java/text/Format$FieldDelegate
instanceKlass javax/swing/text/NavigationFilter$FilterBypass
instanceKlass javax/swing/text/NavigationFilter
instanceKlass javax/swing/text/DocumentFilter
instanceKlass javax/swing/JFormattedTextField$AbstractFormatterFactory
instanceKlass  @bci sun/util/locale/provider/LocaleProviderAdapter toLocaleArray (Ljava/util/Set;)[Ljava/util/Locale; 16 <appendix> argL0 ; # sun/util/locale/provider/LocaleProviderAdapter$$Lambda+0x800000068
instanceKlass  @bci sun/util/locale/provider/LocaleProviderAdapter toLocaleArray (Ljava/util/Set;)[Ljava/util/Locale; 6 <appendix> argL0 ; # sun/util/locale/provider/LocaleProviderAdapter$$Lambda+0x800000067
instanceKlass  @bci sun/util/locale/provider/JRELocaleProviderAdapter getCurrencyNameProvider ()Ljava/util/spi/CurrencyNameProvider; 8 <appendix> member <vmtarget> ; # sun/util/locale/provider/JRELocaleProviderAdapter$$Lambda+0x000001f4041e45b0
instanceKlass java/util/Currency$CurrencyNameGetter
instanceKlass java/util/Currency$OtherCurrencyEntry
instanceKlass java/util/Currency$SpecialCaseEntry
instanceKlass java/util/Currency$1
instanceKlass java/util/Currency
instanceKlass javax/swing/JFormattedTextField$AbstractFormatter
instanceKlass javax/swing/JFormattedTextField$DocumentHandler
instanceKlass java/util/Locale$Builder
instanceKlass sun/util/locale/provider/CalendarDataUtility
instanceKlass  @bci sun/util/locale/provider/JRELocaleProviderAdapter getDecimalFormatSymbolsProvider ()Ljava/text/spi/DecimalFormatSymbolsProvider; 8 <appendix> member <vmtarget> ; # sun/util/locale/provider/JRELocaleProviderAdapter$$Lambda+0x800000065
instanceKlass java/text/DecimalFormatSymbols
instanceKlass java/text/DigitList
instanceKlass java/text/FieldPosition
instanceKlass java/text/Format
instanceKlass sun/util/locale/provider/AvailableLanguageTags
instanceKlass  @bci sun/util/locale/provider/JRELocaleProviderAdapter getNumberFormatProvider ()Ljava/text/spi/NumberFormatProvider; 8 <appendix> member <vmtarget> ; # sun/util/locale/provider/JRELocaleProviderAdapter$$Lambda+0x800000066
instanceKlass javax/swing/AbstractSpinnerModel
instanceKlass javax/swing/JSpinner$DisabledAction
instanceKlass  @bci driverecovery/ConfigPanel buildOutputSection ()Ljavax/swing/JPanel; 87 <appendix> member <vmtarget> ; # driverecovery/ConfigPanel$$Lambda+0x000001f404191340
instanceKlass javax/swing/event/UndoableEditListener
instanceKlass sun/swing/text/UndoableEditLockSupport
instanceKlass javax/swing/text/DefaultCaret$1
instanceKlass  @bci javax/swing/TimerQueue startIfNeeded ()V 33 <appendix> member <vmtarget> ; # javax/swing/TimerQueue$$Lambda+0x000001f4041dd600
instanceKlass javax/swing/TimerQueue
instanceKlass javax/swing/text/AbstractDocument$UndoRedoDocumentEvent
instanceKlass javax/swing/event/DocumentEvent$ElementChange
instanceKlass sun/font/StrikeCache$DisposableStrike
instanceKlass sun/font/FontStrikeDisposer
instanceKlass sun/java2d/Disposer$PollDisposable
instanceKlass sun/font/CMap
instanceKlass sun/font/FontScaler
instanceKlass sun/font/FontStrikeDesc
instanceKlass sun/font/FontDesignMetrics$MetricsKey
instanceKlass java/awt/FontMetrics
instanceKlass javax/swing/text/SegmentCache
instanceKlass javax/swing/text/Utilities
instanceKlass javax/swing/text/Segment
instanceKlass java/text/CharacterIterator
instanceKlass javax/swing/event/DocumentEvent$EventType
instanceKlass javax/swing/event/DocumentEvent
instanceKlass javax/swing/undo/AbstractUndoableEdit
instanceKlass javax/swing/undo/UndoableEdit
instanceKlass  @bci driverecovery/ConfigPanel buildJsonSection ()Ljavax/swing/JPanel; 836 <appendix> member <vmtarget> ; # driverecovery/ConfigPanel$$Lambda+0x000001f404191118
instanceKlass  @cpi sun/awt/datatransfer/ClipboardTransferable 193 form vmentry <vmtarget> ; # java/lang/invoke/LambdaForm$DMH+0x000001f404194000
instanceKlass  @bci driverecovery/ConfigPanel buildJsonSection ()Ljavax/swing/JPanel; 645 <appendix> member <vmtarget> ; # driverecovery/ConfigPanel$$Lambda+0x000001f404190c30
instanceKlass javax/swing/MenuElement
instanceKlass java/awt/event/KeyAdapter
instanceKlass javax/swing/event/MenuKeyListener
instanceKlass java/awt/event/MouseMotionAdapter
instanceKlass javax/swing/ToolTipManager$stillInsideTimerAction
instanceKlass javax/swing/ToolTipManager$outsideTimerAction
instanceKlass javax/swing/ToolTipManager$insideTimerAction
instanceKlass java/awt/event/FocusAdapter
instanceKlass javax/swing/JTextField$ScrollRepainter
instanceKlass javax/swing/DefaultBoundedRangeModel
instanceKlass javax/swing/BoundedRangeModel
instanceKlass  @bci com/formdev/flatlaf/ui/FlatTextFieldUI applyStyle (Ljava/lang/Object;)V 28 <appendix> member <vmtarget> ; # com/formdev/flatlaf/ui/FlatTextFieldUI$$Lambda+0x000001f40418bd68
instanceKlass  @cpi com/formdev/flatlaf/ui/FlatToolBarUI 363 form vmentry <vmtarget> ; # java/lang/invoke/LambdaForm$DMH+0x000001f404189c00
instanceKlass com/formdev/flatlaf/FlatClientProperties
instanceKlass javax/swing/plaf/synth/SynthUI
instanceKlass javax/swing/plaf/synth/SynthConstants
instanceKlass javax/swing/text/JTextComponent$DefaultKeymap
instanceKlass javax/swing/text/Keymap
instanceKlass com/formdev/flatlaf/ui/FlatUIUtils$RepaintFocusListener
instanceKlass javax/swing/text/PlainView$1
instanceKlass javax/swing/text/PlainView$FPMethodItem
instanceKlass javax/swing/text/TabExpander
instanceKlass javax/swing/text/GapContent$StickyPosition
instanceKlass javax/swing/text/Position
instanceKlass javax/swing/text/AbstractDocument$1
instanceKlass javax/swing/text/AbstractDocument$AbstractElement
instanceKlass javax/swing/tree/TreeNode
instanceKlass javax/swing/text/Element
instanceKlass javax/swing/text/GapVector
instanceKlass javax/swing/text/AbstractDocument$Content
instanceKlass javax/swing/text/AbstractDocument
instanceKlass javax/swing/TransferHandler$TransferSupport
instanceKlass javax/swing/TransferHandler$DropHandler
instanceKlass javax/swing/ClientPropertyKey$1
instanceKlass sun/awt/AWTAccessor$ClientPropertyKeyAccessor
instanceKlass javax/swing/text/DefaultHighlighter$SafeDamager
instanceKlass javax/swing/text/Highlighter$Highlight
instanceKlass javax/swing/text/LayeredHighlighter
instanceKlass javax/swing/text/Highlighter
instanceKlass javax/swing/Timer$DoPostEvent
instanceKlass javax/swing/Timer
instanceKlass javax/swing/text/Document
instanceKlass javax/swing/text/DefaultCaret$Handler
instanceKlass java/awt/datatransfer/ClipboardOwner
instanceKlass javax/swing/event/MouseInputListener
instanceKlass javax/swing/plaf/basic/DragRecognitionSupport$BeforeDrag
instanceKlass javax/swing/plaf/basic/BasicTextUI$UpdateHandler
instanceKlass javax/swing/text/View
instanceKlass sun/swing/UIAction
instanceKlass javax/swing/TransferHandler
instanceKlass javax/swing/event/ListDataListener
instanceKlass javax/swing/event/DocumentListener
instanceKlass javax/swing/text/Caret
instanceKlass com/sun/beans/util/Cache$CacheEntry
instanceKlass com/sun/beans/util/Cache
instanceKlass javax/swing/text/JTextComponent$1
instanceKlass sun/swing/SwingAccessor$JTextComponentAccessor
instanceKlass java/awt/datatransfer/SystemFlavorMap$SoftCache
instanceKlass  @bci java/awt/datatransfer/SystemFlavorMap getDefaultFlavorMap ()Ljava/awt/datatransfer/FlavorMap; 3 <appendix> argL0 ; # java/awt/datatransfer/SystemFlavorMap$$Lambda+0x000001f40417fd98
instanceKlass java/awt/datatransfer/DataFlavor
instanceKlass sun/awt/datatransfer/DesktopDatatransferServiceImpl
instanceKlass sun/datatransfer/DataFlavorUtil$DefaultDesktopDatatransferService
instanceKlass sun/datatransfer/DesktopDatatransferService
instanceKlass sun/datatransfer/DataFlavorUtil
instanceKlass java/awt/datatransfer/SystemFlavorMap
instanceKlass java/awt/datatransfer/FlavorTable
instanceKlass java/awt/datatransfer/FlavorMap
instanceKlass java/awt/dnd/DropTargetContext$1
instanceKlass sun/awt/AWTAccessor$DropTargetContextAccessor
instanceKlass java/awt/dnd/DropTargetContext
instanceKlass java/awt/dnd/DropTargetAdapter
instanceKlass java/awt/dnd/DropTarget
instanceKlass  @bci driverecovery/ConfigPanel buildJsonSection ()Ljavax/swing/JPanel; 107 <appendix> member <vmtarget> ; # driverecovery/ConfigPanel$$Lambda+0x000001f40418acb0
instanceKlass  @bci com/formdev/flatlaf/ui/FlatButtonUI applyStyle (Ljavax/swing/AbstractButton;Ljava/lang/Object;)V 8 <appendix> member <vmtarget> ; # com/formdev/flatlaf/ui/FlatButtonUI$$Lambda+0x000001f40418a418
instanceKlass java/beans/VetoableChangeListener
instanceKlass javax/swing/event/AncestorListener
instanceKlass com/formdev/flatlaf/ui/MigLayoutVisualPadding
instanceKlass com/formdev/flatlaf/util/UIScale$1
instanceKlass com/formdev/flatlaf/icons/FlatAbstractIcon
instanceKlass com/formdev/flatlaf/ui/FlatStylingSupport$StyleableBorder
instanceKlass  @bci com/formdev/flatlaf/ui/FlatButtonUI createUI (Ljavax/swing/JComponent;)Ljavax/swing/plaf/ComponentUI; 16 <appendix> argL0 ; # com/formdev/flatlaf/ui/FlatButtonUI$$Lambda+0x000001f40418edc8
instanceKlass javax/swing/plaf/basic/BasicButtonListener
instanceKlass javax/swing/AbstractButton$Handler
instanceKlass javax/swing/DefaultButtonModel
instanceKlass javax/swing/ButtonModel
instanceKlass java/awt/AWTEventMulticaster
instanceKlass java/awt/event/HierarchyBoundsListener
instanceKlass java/awt/event/HierarchyListener
instanceKlass java/awt/event/InputMethodListener
instanceKlass java/awt/event/TextListener
instanceKlass java/awt/event/AdjustmentListener
instanceKlass java/awt/event/ItemListener
instanceKlass java/awt/event/WindowFocusListener
instanceKlass java/awt/event/KeyListener
instanceKlass java/awt/event/FocusListener
instanceKlass java/awt/event/ContainerListener
instanceKlass javax/swing/BoxLayout
instanceKlass driverecovery/Config
instanceKlass  @bci com/formdev/flatlaf/ui/FlatLabelUI applyStyle (Ljavax/swing/JLabel;Ljava/lang/Object;)V 8 <appendix> member <vmtarget> ; # com/formdev/flatlaf/ui/FlatLabelUI$$Lambda+0x000001f40418e000
instanceKlass javax/swing/plaf/basic/BasicHTML
instanceKlass  @bci com/formdev/flatlaf/ui/FlatLabelUI createUI (Ljavax/swing/JComponent;)Ljavax/swing/plaf/ComponentUI; 9 <appendix> argL0 ; # com/formdev/flatlaf/ui/FlatLabelUI$$Lambda+0x000001f40418dde0
instanceKlass javax/swing/BorderFactory
instanceKlass driverecovery/AppConfig
instanceKlass driverecovery/ConfigPanel$DateCallback
instanceKlass com/formdev/flatlaf/ui/FlatNativeWindowBorder
instanceKlass javax/swing/ActionMap
instanceKlass  @bci jdk/internal/reflect/MethodHandleIntegerFieldAccessorImpl getInt (Ljava/lang/Object;)I 11 <adapter> ; # java/lang/invoke/LambdaForm$MH+0x000001f404189800
instanceKlass java/awt/event/KeyEvent$1
instanceKlass sun/awt/AWTAccessor$KeyEventAccessor
instanceKlass java/awt/VKCollection
instanceKlass java/awt/event/WindowStateListener
instanceKlass com/formdev/flatlaf/ui/FlatWindowResizer
instanceKlass java/awt/event/ComponentListener
instanceKlass javax/swing/LayoutComparator
instanceKlass javax/swing/RepaintManager$PaintManager
instanceKlass javax/swing/JRootPane$RootLayout
instanceKlass  @bci com/formdev/flatlaf/ui/FlatPanelUI applyStyle (Ljavax/swing/JPanel;Ljava/lang/Object;)V 8 <appendix> member <vmtarget> ; # com/formdev/flatlaf/ui/FlatPanelUI$$Lambda+0x000001f404157770
instanceKlass com/sun/java/swing/SwingUtilities3
instanceKlass javax/swing/RepaintManager$ProcessingRunnable
instanceKlass  @bci com/formdev/flatlaf/FlatLaf$ActiveFont createValue (Ljavax/swing/UIDefaults;)Ljava/lang/Object; 94 <appendix> argL0 ; # com/formdev/flatlaf/FlatLaf$ActiveFont$$Lambda+0x000001f404157530
instanceKlass java/util/function/IntUnaryOperator
instanceKlass  @bci com/formdev/flatlaf/ui/FlatUIUtils createSharedUI (Ljava/lang/Object;Ljava/util/function/Supplier;)Ljavax/swing/plaf/ComponentUI; 35 <appendix> member <vmtarget> ; # com/formdev/flatlaf/ui/FlatUIUtils$$Lambda+0x000001f4041572e8
instanceKlass  @bci com/formdev/flatlaf/ui/FlatUIUtils createSharedUI (Ljava/lang/Object;Ljava/util/function/Supplier;)Ljavax/swing/plaf/ComponentUI; 22 <appendix> argL0 ; # com/formdev/flatlaf/ui/FlatUIUtils$$Lambda+0x000001f4041570a8
instanceKlass  @bci com/formdev/flatlaf/ui/FlatPanelUI createUI (Ljavax/swing/JComponent;)Ljavax/swing/plaf/ComponentUI; 9 <appendix> argL0 ; # com/formdev/flatlaf/ui/FlatPanelUI$$Lambda+0x000001f404156e88
instanceKlass com/formdev/flatlaf/ui/FlatStylingSupport
instanceKlass java/awt/Stroke
instanceKlass com/formdev/flatlaf/ui/FlatUIUtils
# instanceKlass java/lang/invoke/LambdaForm$MH+0x000001f404189400
instanceKlass java/awt/Graphics
instanceKlass com/formdev/flatlaf/ui/FlatStylingSupport$StyleableUI
instanceKlass java/awt/FlowLayout
instanceKlass java/awt/Window$WindowDisposerRecord
instanceKlass java/awt/BorderLayout
instanceKlass java/awt/LayoutManager2
instanceKlass java/awt/GraphicsConfiguration
instanceKlass sun/awt/image/SurfaceManager$ProxiedGraphicsConfig
instanceKlass sun/java2d/pipe/hw/ContextCapabilities
instanceKlass sun/java2d/d3d/D3DGraphicsDevice$1
instanceKlass sun/java2d/d3d/D3DGraphicsDevice$1Result
instanceKlass sun/java2d/d3d/D3DRenderQueue$1
instanceKlass sun/java2d/pipe/RenderBuffer
instanceKlass sun/java2d/pipe/RenderQueue
instanceKlass java/awt/GraphicsDevice
instanceKlass java/awt/Component$3
instanceKlass java/awt/ComponentOrientation
# instanceKlass java/lang/invoke/LambdaForm$MH+0x000001f404188c00
# instanceKlass java/lang/invoke/LambdaForm$DMH+0x000001f404188000
# instanceKlass java/lang/invoke/LambdaForm$DMH+0x000001f404187c00
# instanceKlass java/lang/invoke/LambdaForm$MH+0x000001f404187800
instanceKlass sun/reflect/misc/Trampoline
instanceKlass sun/reflect/misc/MethodUtil$1
# instanceKlass java/lang/invoke/LambdaForm$MH+0x000001f404186800
# instanceKlass java/lang/invoke/LambdaForm$DMH+0x000001f404185800
instanceKlass javax/management/remote/rmi/RMIConnectionImpl$PrivilegedOperation
# instanceKlass java/lang/invoke/LambdaForm$MH+0x000001f404185400
# instanceKlass java/lang/invoke/LambdaForm$DMH+0x000001f404183c00
instanceKlass sun/invoke/util/ValueConversions$WrapperCache
# instanceKlass java/lang/invoke/LambdaForm$DMH+0x000001f404183800
instanceKlass java/util/stream/IntStream
# instanceKlass java/lang/invoke/LambdaForm$DMH+0x000001f404182c00
instanceKlass sun/rmi/transport/DGCAckHandler$1
instanceKlass  @bci sun/rmi/transport/DGCAckHandler <clinit> ()V 16 <appendix> argL0 ; # sun/rmi/transport/DGCAckHandler$$Lambda+0x000001f404166b98
instanceKlass sun/rmi/transport/DGCAckHandler
instanceKlass  @bci com/sun/jmx/remote/internal/ServerCommunicatorAdmin logtime (Ljava/lang/String;J)V 7 <adapter> ; # java/lang/invoke/LambdaForm$MH+0x000001f404182400
instanceKlass  @bci com/sun/jmx/remote/internal/ServerCommunicatorAdmin logtime (Ljava/lang/String;J)V 7 <appendix> form vmentry <vmtarget> ; # java/lang/invoke/LambdaForm$MH+0x000001f404182000
instanceKlass  @bci com/sun/jmx/remote/internal/ServerCommunicatorAdmin logtime (Ljava/lang/String;J)V 7 <appendix> form names 6 function resolvedHandle form vmentry <vmtarget> ; # java/lang/invoke/LambdaForm$DMH+0x000001f404181800
instanceKlass  @bci com/sun/jmx/remote/internal/ServerCommunicatorAdmin logtime (Ljava/lang/String;J)V 7 <appendix> argL3 form vmentry <vmtarget> ; # java/lang/invoke/LambdaForm$MH+0x000001f404181400
# instanceKlass java/lang/invoke/LambdaForm$MH+0x000001f404181000
instanceKlass  @bci com/sun/jmx/remote/internal/ServerCommunicatorAdmin logtime (Ljava/lang/String;J)V 7 <appendix> form names 10 function resolvedHandle form vmentry <vmtarget> ; # java/lang/invoke/LambdaForm$DMH+0x000001f404180000
instanceKlass  @bci com/sun/jmx/remote/internal/ServerCommunicatorAdmin logtime (Ljava/lang/String;J)V 7 <appendix> argL1 form vmentry <vmtarget> ; # java/lang/invoke/LambdaForm$MH+0x000001f40415fc00
instanceKlass javax/management/remote/NotificationResult
instanceKlass javax/security/auth/Subject
# instanceKlass java/lang/invoke/LambdaForm$MH+0x000001f40415f400
instanceKlass java/rmi/MarshalledObject
instanceKlass  @bci com/sun/jmx/remote/internal/ServerCommunicatorAdmin <init> (J)V 93 <appendix> form vmentry <vmtarget> ; # java/lang/invoke/LambdaForm$MH+0x000001f40415ec00
instanceKlass  @bci com/sun/jmx/remote/internal/ServerCommunicatorAdmin <init> (J)V 93 <appendix> argL3 form vmentry <vmtarget> ; # java/lang/invoke/LambdaForm$MH+0x000001f40415e800
instanceKlass  @bci com/sun/jmx/remote/internal/ServerCommunicatorAdmin <init> (J)V 93 <appendix> argL1 form vmentry <vmtarget> ; # java/lang/invoke/LambdaForm$MH+0x000001f40415dc00
instanceKlass com/sun/jmx/remote/internal/ServerCommunicatorAdmin$Timeout
instanceKlass com/sun/jmx/remote/internal/ServerCommunicatorAdmin
instanceKlass javax/management/remote/rmi/RMIConnectionImpl$3
instanceKlass javax/management/remote/rmi/RMIConnectionImpl$2
instanceKlass javax/management/remote/rmi/RMIConnectionImpl$1
instanceKlass com/sun/jmx/remote/security/SubjectDelegator
instanceKlass javax/management/remote/rmi/RMIConnectionImpl
instanceKlass java/rmi/server/Unreferenced
# instanceKlass java/lang/invoke/LambdaForm$MH+0x000001f40415d400
# instanceKlass java/lang/invoke/LambdaForm$DMH+0x000001f40415d000
instanceKlass  @bci sun/rmi/transport/Transport setContextClassLoader (Ljava/lang/ClassLoader;)V 1 <appendix> member <vmtarget> ; # sun/rmi/transport/Transport$$Lambda+0x000001f404161288
instanceKlass java/io/ObjectStreamClass$5
instanceKlass java/io/ObjectStreamClass$4
instanceKlass java/io/ObjectStreamClass$3
instanceKlass java/io/ObjectStreamClass$MemberSignature
instanceKlass java/io/ObjectStreamClass$1
instanceKlass sun/rmi/server/MarshalOutputStream$1
instanceKlass sun/rmi/transport/SequenceEntry
instanceKlass java/util/concurrent/Executors$RunnableAdapter
instanceKlass java/util/concurrent/Executors
instanceKlass java/util/concurrent/FutureTask$WaitNode
instanceKlass java/util/concurrent/FutureTask
instanceKlass sun/rmi/transport/DGCImpl$1
instanceKlass sun/rmi/transport/DGCImpl$LeaseInfo
instanceKlass java/rmi/dgc/VMID
instanceKlass java/rmi/dgc/Lease
instanceKlass java/io/ObjectInputStream$GetField
instanceKlass java/io/ObjectStreamClass$ExceptionInfo
instanceKlass java/io/ObjectInputStream$Logging
instanceKlass java/io/ObjectInputStream$FilterValues
instanceKlass  @bci sun/rmi/server/LoaderHandler <clinit> ()V 36 <appendix> argL0 ; # sun/rmi/server/LoaderHandler$$Lambda+0x000001f40413ced0
instanceKlass  @bci sun/rmi/server/LoaderHandler <clinit> ()V 0 <appendix> argL0 ; # sun/rmi/server/LoaderHandler$$Lambda+0x000001f40413ccb0
instanceKlass sun/rmi/server/LoaderHandler
instanceKlass java/rmi/server/RMIClassLoader$1
instanceKlass java/rmi/server/RMIClassLoaderSpi
instanceKlass java/rmi/server/RMIClassLoader
instanceKlass  @bci sun/rmi/server/UnicastServerRef unmarshalCustomCallData (Ljava/io/ObjectInput;)V 21 <appendix> member <vmtarget> ; # sun/rmi/server/UnicastServerRef$$Lambda+0x000001f40413bff8
instanceKlass sun/rmi/transport/Transport$1
instanceKlass java/io/ObjectInputStream$ValidationList
instanceKlass java/io/ObjectInputStream$HandleTable$HandleList
instanceKlass java/io/ObjectInputStream$HandleTable
instanceKlass java/rmi/registry/Registry
instanceKlass  @bci sun/rmi/server/MarshalInputStream <clinit> ()V 0 <appendix> argL0 ; # sun/rmi/server/MarshalInputStream$$Lambda+0x000001f40413a7f8
instanceKlass  @bci java/io/ObjectInputStream <clinit> ()V 100 <appendix> argL0 ; # java/io/ObjectInputStream$$Lambda+0x000001f40413a5d8
instanceKlass jdk/internal/access/JavaObjectInputStreamReadString
instanceKlass  @bci java/io/ObjectInputStream <clinit> ()V 92 <appendix> argL0 ; # java/io/ObjectInputStream$$Lambda+0x000001f40413a1b8
instanceKlass  @cpi java/io/ObjectInputStream 1214 form vmentry <vmtarget> ; # java/lang/invoke/LambdaForm$DMH+0x000001f40415bc00
instanceKlass jdk/internal/access/JavaObjectInputStreamAccess
instanceKlass sun/rmi/transport/StreamRemoteCall
instanceKlass java/rmi/server/RemoteCall
instanceKlass sun/rmi/transport/tcp/TCPConnection
instanceKlass sun/rmi/transport/Connection
instanceKlass  @bci sun/rmi/transport/tcp/TCPChannel <clinit> ()V 34 <appendix> argL0 ; # sun/rmi/transport/tcp/TCPChannel$$Lambda+0x000001f404138ae8
instanceKlass  @bci sun/rmi/transport/tcp/TCPChannel <clinit> ()V 17 <appendix> argL0 ; # sun/rmi/transport/tcp/TCPChannel$$Lambda+0x000001f4041388c8
instanceKlass  @bci sun/rmi/transport/tcp/TCPChannel <clinit> ()V 0 <appendix> argL0 ; # sun/rmi/transport/tcp/TCPChannel$$Lambda+0x000001f4041386a8
instanceKlass sun/rmi/transport/tcp/TCPChannel
instanceKlass sun/rmi/transport/Channel
instanceKlass sun/nio/ch/ExtendedSocketOption$1
instanceKlass sun/nio/ch/ExtendedSocketOption
instanceKlass sun/nio/ch/OptionKey
instanceKlass sun/nio/ch/SocketOptionRegistry$LazyInitialization
instanceKlass sun/nio/ch/SocketOptionRegistry$RegistryKey
instanceKlass sun/nio/ch/SocketOptionRegistry
instanceKlass java/net/StandardSocketOptions$StdSocketOption
instanceKlass java/net/StandardSocketOptions
instanceKlass  @bci sun/rmi/transport/tcp/TCPTransport$ConnectionHandler run ()V 29 <appendix> member <vmtarget> ; # sun/rmi/transport/tcp/TCPTransport$ConnectionHandler$$Lambda+0x000001f404136a68
instanceKlass  @bci driverecovery/DriveRecoveryService moveFileToFolder (Ljava/lang/String;Ljava/util/List;Ljava/lang/String;Lcom/google/api/services/drive/Drive;)Ldriverecovery/DriveRecoveryService$MoveResult; 286 <appendix> form vmentry <vmtarget> ; # java/lang/invoke/LambdaForm$MH+0x000001f40415b800
# instanceKlass java/lang/invoke/LambdaForm$MH+0x000001f40415b400
instanceKlass  @bci driverecovery/DriveRecoveryService moveFileToFolder (Ljava/lang/String;Ljava/util/List;Ljava/lang/String;Lcom/google/api/services/drive/Drive;)Ldriverecovery/DriveRecoveryService$MoveResult; 286 <appendix> argL3 form vmentry <vmtarget> ; # java/lang/invoke/LambdaForm$MH+0x000001f40415b000
instanceKlass  @bci driverecovery/DriveRecoveryService moveFileToFolder (Ljava/lang/String;Ljava/util/List;Ljava/lang/String;Lcom/google/api/services/drive/Drive;)Ldriverecovery/DriveRecoveryService$MoveResult; 513 <appendix> argL3 argL2 form vmentry <vmtarget> ; # java/lang/invoke/LambdaForm$MH+0x000001f40415ac00
# instanceKlass java/lang/invoke/LambdaForm$MH+0x000001f40415a400
# instanceKlass java/lang/invoke/LambdaForm$MH+0x000001f40415a000
instanceKlass  @bci driverecovery/DriveRecoveryService moveFileToFolder (Ljava/lang/String;Ljava/util/List;Ljava/lang/String;Lcom/google/api/services/drive/Drive;)Ldriverecovery/DriveRecoveryService$MoveResult; 286 <appendix> argL1 form vmentry <vmtarget> ; # java/lang/invoke/LambdaForm$MH+0x000001f404159c00
# instanceKlass java/lang/invoke/LambdaForm$MH+0x000001f404159800
# instanceKlass java/lang/invoke/LambdaForm$MH+0x000001f404159400
# instanceKlass java/lang/invoke/LambdaForm$MH+0x000001f404159000
instanceKlass sun/rmi/transport/tcp/TCPTransport$ConnectionHandler
instanceKlass sun/management/counter/Units
instanceKlass jdk/internal/agent/ConnectorAddressLink
# instanceKlass java/lang/invoke/LambdaForm$MH+0x000001f404158c00
# instanceKlass java/lang/invoke/LambdaForm$MH+0x000001f404158800
# instanceKlass java/lang/invoke/LambdaForm$MH+0x000001f404158400
instanceKlass java/io/SerialCallbackContext
instanceKlass java/io/ObjectStreamClass$ClassDataSlot
instanceKlass java/io/ObjectStreamClass$FieldReflector
instanceKlass java/io/ObjectStreamClass$FieldReflectorKey
instanceKlass java/io/ObjectInput
instanceKlass jdk/internal/reflect/ClassDefiner$1
instanceKlass jdk/internal/reflect/ClassDefiner
instanceKlass jdk/internal/reflect/MethodAccessorGenerator$1
instanceKlass jdk/internal/reflect/Label$PatchInfo
instanceKlass jdk/internal/reflect/Label
instanceKlass jdk/internal/reflect/UTF8
instanceKlass jdk/internal/reflect/ClassFileAssembler
instanceKlass jdk/internal/reflect/ByteVectorImpl
instanceKlass jdk/internal/reflect/ByteVector
instanceKlass jdk/internal/reflect/ByteVectorFactory
instanceKlass jdk/internal/reflect/AccessorGenerator
instanceKlass jdk/internal/reflect/ClassFileConstants
instanceKlass  @bci jdk/internal/reflect/MethodHandleLongFieldAccessorImpl getLong (Ljava/lang/Object;)J 11 <adapter> ; # java/lang/invoke/LambdaForm$MH+0x000001f404149400
# instanceKlass java/lang/invoke/LambdaForm$DMH+0x000001f404149000
instanceKlass java/io/ObjectStreamClass$2
instanceKlass java/io/ClassCache
instanceKlass java/io/ObjectStreamClass$Caches
instanceKlass java/io/ObjectStreamClass
instanceKlass java/io/ObjectOutputStream$ReplaceTable
instanceKlass java/io/ObjectOutputStream$HandleTable
instanceKlass java/io/ObjectStreamConstants
instanceKlass java/io/ObjectOutput
instanceKlass sun/rmi/server/UnicastServerRef$HashToMethod_Maps$1
instanceKlass sun/rmi/server/WeakClassHashMap$ValueCell
instanceKlass sun/rmi/transport/tcp/TCPTransport$AcceptLoop
instanceKlass sun/rmi/runtime/NewThreadAction$2
instanceKlass sun/rmi/runtime/NewThreadAction$1
instanceKlass sun/rmi/runtime/NewThreadAction
instanceKlass java/util/LinkedList$ListItr
instanceKlass java/net/ServerSocket
instanceKlass sun/rmi/transport/ObjectEndpoint
instanceKlass sun/rmi/transport/DGCImpl$2$1
instanceKlass  @bci java/net/SocketPermissionCollection add (Ljava/security/Permission;)V 69 <appendix> member <vmtarget> ; # java/net/SocketPermissionCollection$$Lambda+0x000001f40412d210
instanceKlass sun/rmi/transport/DGCImpl_Skel
instanceKlass java/rmi/server/Skeleton
instanceKlass java/rmi/server/Operation
instanceKlass  @bci sun/rmi/transport/DGCImpl$2 run ()Ljava/lang/Void; 50 <appendix> argL0 ; # sun/rmi/transport/DGCImpl$2$$Lambda+0x000001f40412c340
instanceKlass java/io/ObjectInputFilter$FilterInfo
instanceKlass sun/rmi/transport/DGCImpl$2
instanceKlass  @bci sun/rmi/transport/DGCImpl <clinit> ()V 89 <appendix> argL0 ; # sun/rmi/transport/DGCImpl$$Lambda+0x000001f40412bcf0
instanceKlass java/util/concurrent/RunnableScheduledFuture
instanceKlass java/util/concurrent/ScheduledFuture
instanceKlass java/util/concurrent/Delayed
instanceKlass java/util/concurrent/RunnableFuture
instanceKlass java/util/concurrent/Future
instanceKlass sun/font/SunFontManager$9
instanceKlass sun/rmi/runtime/RuntimeUtil$1
instanceKlass java/util/concurrent/ScheduledExecutorService
instanceKlass  @bci sun/rmi/runtime/RuntimeUtil <clinit> ()V 10 <appendix> argL0 ; # sun/rmi/runtime/RuntimeUtil$$Lambda+0x000001f4041297b8
instanceKlass sun/rmi/runtime/RuntimeUtil
instanceKlass sun/rmi/runtime/RuntimeUtil$GetInstanceAction
instanceKlass  @bci sun/rmi/transport/DGCImpl <clinit> ()V 43 <appendix> argL0 ; # sun/rmi/transport/DGCImpl$$Lambda+0x000001f404129158
instanceKlass  @bci sun/rmi/transport/DGCImpl <clinit> ()V 26 <appendix> argL0 ; # sun/rmi/transport/DGCImpl$$Lambda+0x000001f404128f38
instanceKlass  @bci sun/rmi/transport/DGCImpl <clinit> ()V 6 <appendix> argL0 ; # sun/rmi/transport/DGCImpl$$Lambda+0x000001f404128d18
instanceKlass sun/rmi/transport/DGCImpl
instanceKlass java/rmi/dgc/DGC
instanceKlass  @bci sun/rmi/transport/ObjectTable <clinit> ()V 0 <appendix> argL0 ; # sun/rmi/transport/ObjectTable$$Lambda+0x000001f4041286c8
instanceKlass sun/rmi/transport/ObjectTable
instanceKlass sun/rmi/transport/Target
instanceKlass javax/management/remote/rmi/RMIConnection
instanceKlass java/rmi/server/RemoteObject
instanceKlass  @bci sun/rmi/transport/tcp/TCPTransport <clinit> ()V 142 <appendix> argL0 ; # sun/rmi/transport/tcp/TCPTransport$$Lambda+0x000001f404126e20
instanceKlass sun/font/SunFontManager$3
instanceKlass java/rmi/server/RMISocketFactory
instanceKlass java/rmi/server/RMIClientSocketFactory
instanceKlass sun/rmi/transport/tcp/TCPTransport$1
instanceKlass java/util/concurrent/LinkedTransferQueue$DualNode
instanceKlass java/util/concurrent/TransferQueue
instanceKlass java/util/concurrent/BlockingQueue
instanceKlass java/util/concurrent/ThreadPoolExecutor$AbortPolicy
instanceKlass java/util/concurrent/RejectedExecutionHandler
instanceKlass  @bci sun/rmi/transport/tcp/TCPTransport <clinit> ()V 59 <appendix> argL0 ; # sun/rmi/transport/tcp/TCPTransport$$Lambda+0x000001f404123dc0
instanceKlass  @bci sun/rmi/transport/tcp/TCPTransport <clinit> ()V 42 <appendix> argL0 ; # sun/rmi/transport/tcp/TCPTransport$$Lambda+0x000001f404123ba0
instanceKlass  @bci sun/rmi/transport/tcp/TCPTransport <clinit> ()V 22 <appendix> argL0 ; # sun/rmi/transport/tcp/TCPTransport$$Lambda+0x000001f404123980
instanceKlass  @bci sun/rmi/transport/Transport getLogLevel ()Ljava/lang/String; 0 <appendix> argL0 ; # sun/rmi/transport/Transport$$Lambda+0x000001f404123760
instanceKlass sun/rmi/transport/Transport
instanceKlass  @bci sun/rmi/transport/tcp/TCPEndpoint getBoolean (Ljava/lang/String;)Z 1 <appendix> member <vmtarget> ; # sun/rmi/transport/tcp/TCPEndpoint$$Lambda+0x000001f4041230a8
instanceKlass java/net/InetAddress$CachedLocalHost
instanceKlass  @bci sun/rmi/transport/tcp/TCPEndpoint getHostnameProperty ()Ljava/lang/String; 0 <appendix> argL0 ; # sun/rmi/transport/tcp/TCPEndpoint$$Lambda+0x000001f404122c70
instanceKlass sun/rmi/transport/tcp/TCPEndpoint
instanceKlass sun/rmi/transport/Endpoint
instanceKlass  @bci java/rmi/server/ObjID useRandomIDs ()Z 0 <appendix> argL0 ; # java/rmi/server/ObjID$$Lambda+0x000001f4041225a8
instanceKlass sun/security/provider/AbstractDrbg$NonceProvider
instanceKlass  @bci sun/security/provider/AbstractDrbg$SeederHolder <clinit> ()V 42 <appendix> member <vmtarget> ; # sun/security/provider/AbstractDrbg$SeederHolder$$Lambda+0x000001f404121c68
instanceKlass  @cpi sun/security/provider/AbstractDrbg$SeederHolder 91 form vmentry <vmtarget> ; # java/lang/invoke/LambdaForm$DMH+0x000001f404148c00
instanceKlass sun/font/SunFontManager$8
instanceKlass java/io/RandomAccessFile$1
instanceKlass java/net/NetworkInterface$1
instanceKlass java/net/DefaultInterface
instanceKlass java/net/InterfaceAddress
instanceKlass sun/font/SunFontManager$11
instanceKlass java/net/NetworkInterface
instanceKlass javax/swing/ScrollPaneConstants
instanceKlass java/awt/datatransfer/Transferable
instanceKlass javax/swing/filechooser/FileFilter
instanceKlass sun/security/provider/ByteArrayAccess$BE
instanceKlass sun/security/provider/ByteArrayAccess
instanceKlass sun/security/provider/SeedGenerator$1
instanceKlass sun/security/util/MessageDigestSpi2
instanceKlass sun/security/jca/GetInstance$Instance
instanceKlass sun/security/jca/GetInstance
instanceKlass sun/security/util/CryptoAlgorithmConstraints$CryptoHolder
instanceKlass sun/security/util/AbstractAlgorithmConstraints
instanceKlass java/security/AlgorithmConstraints
instanceKlass java/security/MessageDigestSpi
instanceKlass javax/swing/SpinnerModel
instanceKlass java/awt/dnd/DropTargetListener
instanceKlass sun/security/provider/SeedGenerator
instanceKlass sun/security/provider/AbstractDrbg$SeederHolder
instanceKlass java/security/DrbgParameters$NextBytes
instanceKlass  @bci sun/security/provider/AbstractDrbg <clinit> ()V 12 <appendix> argL0 ; # sun/security/provider/AbstractDrbg$$Lambda+0x000001f404116c28
instanceKlass  @cpi sun/security/provider/AbstractDrbg 383 form vmentry <vmtarget> ; # java/lang/invoke/LambdaForm$DMH+0x000001f404148400
instanceKlass sun/security/provider/EntropySource
instanceKlass sun/security/provider/AbstractDrbg
instanceKlass javax/swing/Scrollable
instanceKlass java/security/DrbgParameters$Instantiation
instanceKlass java/security/DrbgParameters
instanceKlass sun/security/provider/MoreDrbgParameters
instanceKlass  @bci sun/security/provider/DRBG <init> (Ljava/security/SecureRandomParameters;)V 26 <appendix> argL0 ; # sun/security/provider/DRBG$$Lambda+0x000001f404112e88
instanceKlass java/security/SecureRandomSpi
instanceKlass java/awt/ItemSelectable
instanceKlass javax/swing/text/html/CSS$ShorthandMarginParser
instanceKlass javax/swing/text/StyleContext$KeyEnumeration
instanceKlass javax/swing/text/html/CSS$LengthUnit
instanceKlass javax/swing/text/html/CSSParser
instanceKlass javax/swing/text/html/StyleSheet$CssParser
instanceKlass javax/swing/text/html/CSSParser$CSSParserCallback
instanceKlass javax/swing/text/html/HTMLEditorKit$1
instanceKlass javax/swing/text/html/StyleSheet$SelectorMapping
instanceKlass javax/swing/text/html/CSS$CssValue
instanceKlass javax/swing/text/html/CSS$Value
instanceKlass javax/swing/text/html/CSS$Attribute
instanceKlass javax/swing/text/html/CSS
instanceKlass sun/security/util/SecurityProviderConstants
instanceKlass java/security/Provider$UString
instanceKlass java/security/Provider$Service
instanceKlass sun/security/provider/NativePRNG$NonBlocking
instanceKlass sun/security/provider/NativePRNG$Blocking
instanceKlass sun/security/provider/NativePRNG
instanceKlass sun/security/provider/SunEntries$1
instanceKlass sun/security/provider/SunEntries
instanceKlass javax/swing/text/Position$Bias
instanceKlass java/awt/event/MouseAdapter
instanceKlass java/awt/event/MouseWheelListener
instanceKlass java/awt/event/MouseListener
instanceKlass java/awt/event/MouseMotionListener
instanceKlass java/util/AbstractList$Itr
instanceKlass sun/security/jca/ProviderList$2
instanceKlass javax/swing/text/StyledEditorKit$AttributeTracker
instanceKlass javax/security/auth/login/Configuration$Parameters
instanceKlass java/security/Policy$Parameters
instanceKlass java/security/cert/CertStoreParameters
instanceKlass java/security/SecureRandomParameters
instanceKlass java/security/Provider$EngineDescription
instanceKlass java/security/Provider$ServiceKey
instanceKlass sun/security/jca/ProviderConfig
instanceKlass sun/security/jca/ProviderList
instanceKlass sun/security/jca/Providers
instanceKlass javax/swing/text/html/HTML$Attribute
instanceKlass java/rmi/server/UID
instanceKlass java/rmi/server/ObjID
instanceKlass sun/rmi/transport/LiveRef
instanceKlass sun/rmi/server/WeakClassHashMap
instanceKlass  @bci sun/rmi/server/UnicastServerRef <clinit> ()V 49 <appendix> argL0 ; # sun/rmi/server/UnicastServerRef$$Lambda+0x000001f404102b40
instanceKlass  @bci sun/rmi/server/UnicastServerRef <clinit> ()V 32 <appendix> argL0 ; # sun/rmi/server/UnicastServerRef$$Lambda+0x000001f404102920
instanceKlass  @bci sun/rmi/server/UnicastServerRef <clinit> ()V 0 <appendix> argL0 ; # sun/rmi/server/UnicastServerRef$$Lambda+0x000001f404102700
instanceKlass javax/swing/text/html/HTML
instanceKlass  @bci sun/rmi/server/UnicastRef <clinit> ()V 21 <appendix> argL0 ; # sun/rmi/server/UnicastRef$$Lambda+0x000001f4041022d8
instanceKlass  @bci sun/rmi/server/Util <clinit> ()V 32 <appendix> argL0 ; # sun/rmi/server/Util$$Lambda+0x000001f404101ec0
instanceKlass java/util/logging/StreamHandler$1
instanceKlass java/util/logging/Handler$1
instanceKlass javax/swing/text/html/HTML$Tag
instanceKlass java/util/logging/ErrorManager
instanceKlass jdk/internal/logger/SimpleConsoleLogger$Formatting
instanceKlass  @bci java/util/logging/SimpleFormatter <init> ()V 5 <appendix> argL0 ; # java/util/logging/SimpleFormatter$$Lambda+0x000001f404100bb0
instanceKlass javax/swing/text/LayeredHighlighter$LayerPainter
instanceKlass java/util/logging/Formatter
instanceKlass javax/swing/text/Highlighter$HighlightPainter
instanceKlass javax/swing/event/CaretListener
instanceKlass sun/rmi/runtime/Log$LoggerLog$1
instanceKlass javax/swing/text/html/HTMLEditorKit$HTMLFactory
instanceKlass java/util/logging/Logger$SystemLoggerHelper$1
instanceKlass java/util/logging/Logger$SystemLoggerHelper
instanceKlass sun/rmi/runtime/Log$LoggerLogFactory
instanceKlass sun/rmi/runtime/Log$LogFactory
instanceKlass  @bci sun/rmi/runtime/Log <clinit> ()V 22 <appendix> argL0 ; # sun/rmi/runtime/Log$$Lambda+0x000001f4040cee78
instanceKlass java/awt/Cursor$1
instanceKlass sun/awt/AWTAccessor$CursorAccessor
instanceKlass sun/rmi/runtime/Log
instanceKlass  @bci sun/rmi/server/Util <clinit> ()V 0 <appendix> argL0 ; # sun/rmi/server/Util$$Lambda+0x000001f4040cd970
instanceKlass java/awt/Cursor
instanceKlass sun/rmi/server/Util
instanceKlass sun/rmi/server/UnicastRef
instanceKlass sun/rmi/server/Dispatcher
instanceKlass java/rmi/server/ServerRef
instanceKlass java/rmi/server/RemoteRef
instanceKlass  @bci java/io/ObjectInputFilter$Config$Global <init> (Ljava/lang/String;Z)V 444 <appendix> member <vmtarget> ; # java/io/ObjectInputFilter$Config$Global$$Lambda+0x000001f4040df530
instanceKlass  @bci java/io/ObjectInputFilter$Config$Global <init> (Ljava/lang/String;Z)V 534 <appendix> member <vmtarget> ; # java/io/ObjectInputFilter$Config$Global$$Lambda+0x000001f4040df2e8
instanceKlass java/io/ObjectInputFilter$Config$Global
instanceKlass  @bci java/io/ObjectInputFilter$Config <clinit> ()V 368 <appendix> argL0 ; # java/io/ObjectInputFilter$Config$$Lambda+0x000001f4040de3e8
instanceKlass javax/swing/text/StyledEditorKit$StyledViewFactory
instanceKlass javax/swing/text/ViewFactory
instanceKlass jdk/internal/access/JavaObjectInputFilterAccess
instanceKlass java/io/ObjectInputFilter$Config$BuiltinFilterFactory
instanceKlass  @bci java/io/ObjectInputFilter$Config <clinit> ()V 80 <appendix> argL0 ; # java/io/ObjectInputFilter$Config$$Lambda+0x000001f4040dd688
instanceKlass  @bci driverecovery/DriveRecoveryService processUserDrive (Ljava/lang/String;)V 124 <bsm> form vmentry <vmtarget> ; # java/lang/invoke/LambdaForm$DMH+0x000001f4040cb000
instanceKlass  @bci java/io/ObjectInputFilter$Config <clinit> ()V 56 <appendix> argL0 ; # java/io/ObjectInputFilter$Config$$Lambda+0x000001f4040dc0b8
instanceKlass java/io/ObjectInputFilter
instanceKlass java/io/ObjectInputFilter$Config
instanceKlass javax/management/remote/rmi/RMIServerImpl
instanceKlass javax/management/remote/rmi/RMIServer
instanceKlass java/rmi/Remote
instanceKlass com/sun/jmx/remote/protocol/rmi/ServerProvider
instanceKlass javax/management/remote/JMXConnectorFactory$ProviderFinder
instanceKlass java/util/ServiceLoader$ProviderSpliterator
instanceKlass javax/management/remote/JMXConnectorProvider
instanceKlass  @bci javax/management/remote/JMXConnectorServerFactory getConnectorServerAsService (Ljava/lang/ClassLoader;Ljavax/management/remote/JMXServiceURL;Ljava/util/Map;Ljavax/management/MBeanServer;Ljava/util/function/Predicate;)Ljavax/management/remote/JMXConnectorServer; 3 <appendix> member <vmtarget> ; # javax/management/remote/JMXConnectorServerFactory$$Lambda+0x000001f4040d5ab8
instanceKlass javax/swing/ArrayTable
instanceKlass javax/swing/AbstractAction
instanceKlass javax/management/remote/JMXAddressable
instanceKlass javax/management/remote/JMXConnectorServerMBean
instanceKlass javax/swing/Action
instanceKlass java/awt/event/ActionListener
instanceKlass javax/management/remote/JMXConnectorFactory$ConnectorFactory
instanceKlass  @bci javax/management/remote/JMXConnectorServerFactory newJMXConnectorServer (Ljavax/management/remote/JMXServiceURL;Ljava/util/Map;Ljavax/management/MBeanServer;)Ljavax/management/remote/JMXConnectorServer; 75 <appendix> argL0 ; # javax/management/remote/JMXConnectorServerFactory$$Lambda+0x000001f4040d3c28
instanceKlass javax/management/remote/JMXConnectorFactory$1
instanceKlass javax/management/remote/JMXConnectorFactory
instanceKlass javax/management/remote/JMXConnectorServerProvider
instanceKlass javax/swing/text/EditorKit
instanceKlass com/sun/jmx/remote/util/EnvHelp
instanceKlass javax/management/remote/JMXConnectorServerFactory
instanceKlass sun/management/jmxremote/LocalRMIServerSocketFactory
instanceKlass java/rmi/server/RMIServerSocketFactory
instanceKlass  @bci com/formdev/flatlaf/FlatLaf getDefaults ()Ljavax/swing/UIDefaults; 475 <appendix> argL0 ; # com/formdev/flatlaf/FlatLaf$$Lambda+0x000001f4040c7cb0
instanceKlass java/util/BitSet
instanceKlass javax/management/remote/JMXServiceURL
instanceKlass com/formdev/flatlaf/FlatSystemProperties
instanceKlass  @bci java/util/stream/Collectors joining (Ljava/lang/CharSequence;Ljava/lang/CharSequence;Ljava/lang/CharSequence;)Ljava/util/stream/Collector; 22 <appendix> argL0 ; # java/util/stream/Collectors$$Lambda+0x800000042
instanceKlass com/formdev/flatlaf/util/UIScale
instanceKlass  @bci java/util/stream/Collectors joining (Ljava/lang/CharSequence;Ljava/lang/CharSequence;Ljava/lang/CharSequence;)Ljava/util/stream/Collector; 17 <appendix> argL0 ; # java/util/stream/Collectors$$Lambda+0x800000040
instanceKlass  @bci java/util/stream/Collectors joining (Ljava/lang/CharSequence;Ljava/lang/CharSequence;Ljava/lang/CharSequence;)Ljava/util/stream/Collector; 12 <appendix> argL0 ; # java/util/stream/Collectors$$Lambda+0x80000003d
instanceKlass  @bci java/util/stream/Collectors joining (Ljava/lang/CharSequence;Ljava/lang/CharSequence;Ljava/lang/CharSequence;)Ljava/util/stream/Collector; 7 <appendix> member <vmtarget> ; # java/util/stream/Collectors$$Lambda+0x800000045
instanceKlass  @bci java/lang/Class methodToString (Ljava/lang/String;[Ljava/lang/Class;)Ljava/lang/String; 42 <appendix> argL0 ; # java/lang/Class$$Lambda+0x000001f4040d1c28
instanceKlass jdk/management/jfr/FlightRecorderMXBeanImpl$MXBeanListener
instanceKlass jdk/jfr/FlightRecorderListener
instanceKlass jdk/jfr/FlightRecorder
instanceKlass javax/swing/text/StyleContext$SmallAttributeSet
instanceKlass javax/management/NotificationFilter
instanceKlass javax/management/NotificationListener
instanceKlass jdk/jfr/Recording
instanceKlass javax/swing/text/StyleContext$NamedStyle
instanceKlass javax/swing/text/Style
instanceKlass javax/management/StandardMBean$MBeanInfoSafeAction
instanceKlass javax/swing/text/SimpleAttributeSet$EmptyAttributeSet
instanceKlass javax/swing/text/SimpleAttributeSet
instanceKlass javax/swing/text/MutableAttributeSet
instanceKlass javax/swing/text/AttributeSet
instanceKlass jdk/jfr/internal/management/StreamManager
instanceKlass javax/swing/text/StyleContext$FontKey
instanceKlass javax/swing/text/AttributeSet$ParagraphAttribute
instanceKlass javax/swing/text/AttributeSet$ColorAttribute
instanceKlass javax/swing/text/AttributeSet$FontAttribute
instanceKlass javax/swing/text/AttributeSet$CharacterAttribute
instanceKlass javax/swing/text/StyleConstants
instanceKlass jdk/management/jfr/EventTypeInfo
instanceKlass javax/swing/text/StyleContext
instanceKlass javax/swing/text/AbstractDocument$AttributeContext
instanceKlass jdk/management/jfr/ConfigurationInfo
instanceKlass com/formdev/flatlaf/util/FontUtils
instanceKlass jdk/management/jfr/RecordingInfo
instanceKlass sun/reflect/generics/tree/VoidDescriptor
instanceKlass sun/reflect/generics/tree/LongSignature
instanceKlass jdk/management/jfr/SettingDescriptorInfo$1
instanceKlass jdk/management/jfr/SettingDescriptorInfo
instanceKlass  @bci java/lang/management/DefaultPlatformMBeanProvider$10 nameToMBeanMap ()Ljava/util/Map; 36 <appendix> member <vmtarget> ; # java/lang/management/DefaultPlatformMBeanProvider$10$$Lambda+0x000001f4040fb9d8
instanceKlass sun/management/ManagementFactoryHelper$1
instanceKlass  @bci java/util/stream/Collectors toList ()Ljava/util/stream/Collector; 14 <appendix> argL0 ; # java/util/stream/Collectors$$Lambda+0x000001f4040fb040
instanceKlass  @bci java/util/stream/Collectors toList ()Ljava/util/stream/Collector; 9 <appendix> argL0 ; # java/util/stream/Collectors$$Lambda+0x000001f4040fae10
instanceKlass  @bci java/util/stream/Collectors toList ()Ljava/util/stream/Collector; 4 <appendix> argL0 ; # java/util/stream/Collectors$$Lambda+0x000001f4040fabf0
instanceKlass  @bci sun/management/ManagementFactoryHelper getBufferPoolMXBeans ()Ljava/util/List; 25 <appendix> argL0 ; # sun/management/ManagementFactoryHelper$$Lambda+0x000001f4040fa628
instanceKlass java/lang/management/BufferPoolMXBean
instanceKlass sun/font/TrueTypeFont$DirectoryEntry
instanceKlass sun/nio/ch/FileChannelImpl$3
instanceKlass sun/nio/ch/FileChannelImpl$2
instanceKlass jdk/internal/misc/VM$BufferPoolsHolder
instanceKlass java/nio/channels/spi/AbstractInterruptibleChannel$1
instanceKlass sun/nio/ch/Interruptible
instanceKlass sun/font/TrueTypeFont$1
instanceKlass sun/font/TrueTypeFont$TTDisposerRecord
instanceKlass com/sun/management/VMOption
instanceKlass sun/font/SunFontManager$4
instanceKlass com/sun/management/internal/HotSpotDiagnostic
instanceKlass com/sun/management/HotSpotDiagnosticMXBean
instanceKlass sun/font/SunFontManager$FamilyDescription
instanceKlass sun/awt/Win32FontManager$2
instanceKlass sun/font/FontFamily
instanceKlass com/sun/management/GcInfo
instanceKlass javax/management/openmbean/CompositeDataView
instanceKlass sun/font/CompositeFontDescriptor
instanceKlass sun/font/SunFontManager$FontRegistrationInfo
instanceKlass  @bci jdk/jfr/internal/dcmd/DCmdCheck printHelp ()[Ljava/lang/String; 6 <appendix> argL0 ; # jdk/jfr/internal/dcmd/DCmdCheck$$Lambda+0x000001f4040f6878
instanceKlass java/lang/Short$ShortCache
instanceKlass  @bci jdk/jfr/internal/dcmd/DCmdDump printHelp ()[Ljava/lang/String; 27 <appendix> argL0 ; # jdk/jfr/internal/dcmd/DCmdDump$$Lambda+0x000001f4040f6258
instanceKlass  @bci jdk/jfr/internal/dcmd/DCmdStart printHelp ()[Ljava/lang/String; 26 <appendix> argL0 ; # jdk/jfr/internal/dcmd/DCmdStart$$Lambda+0x000001f4040f6038
instanceKlass sun/awt/FontDescriptor
instanceKlass sun/awt/FontConfiguration
instanceKlass sun/font/SunFontManager$2
instanceKlass sun/awt/Win32FontManager$1
instanceKlass sun/font/GlyphList
instanceKlass sun/font/StrikeCache$1
instanceKlass sun/font/StrikeCache
instanceKlass sun/font/FontStrike
instanceKlass sun/font/CharToGlyphMapper
instanceKlass java/awt/geom/Path2D
instanceKlass java/awt/geom/RectangularShape
instanceKlass java/awt/Shape
instanceKlass sun/font/StrikeMetrics
instanceKlass java/awt/geom/Point2D
instanceKlass sun/font/Font2D
instanceKlass sun/font/FontManagerNativeLibrary$1
instanceKlass sun/font/FontManagerNativeLibrary
instanceKlass sun/font/SunFontManager$1
instanceKlass sun/font/SunFontManager$T1Filter
instanceKlass sun/font/SunFontManager$TTFilter
instanceKlass java/io/FilenameFilter
instanceKlass sun/font/Font2DHandle
instanceKlass sun/font/SunFontManager
instanceKlass sun/font/FontManagerForSGE
instanceKlass sun/font/FontManager
instanceKlass sun/java2d/FontSupport
instanceKlass sun/font/PlatformFontInfo
instanceKlass sun/font/FontManagerFactory
instanceKlass  @bci java/util/regex/CharPredicates ASCII_SPACE ()Ljava/util/regex/Pattern$BmpCharPredicate; 0 <appendix> argL0 ; # java/util/regex/CharPredicates$$Lambda+0x800000025
instanceKlass  @bci jdk/jfr/internal/jfc/model/JFCModel add (Ljdk/jfr/internal/jfc/model/ControlElement;)V 10 <appendix> argL0 ; # jdk/jfr/internal/jfc/model/JFCModel$$Lambda+0x000001f4040ed298
instanceKlass  @bci jdk/jfr/internal/jfc/model/JFCModel <init> (Ljdk/jfr/internal/jfc/model/XmlConfiguration;)V 25 <appendix> argL0 ; # jdk/jfr/internal/jfc/model/JFCModel$$Lambda+0x000001f4040ed068
instanceKlass  @bci driverecovery/DriveRecoveryService checkFolder (Ldriverecovery/DriveRecoveryService$FolderInfo;Ljava/lang/String;)Ldriverecovery/DriveRecoveryService$FolderReport; 324 <adapter> ; # java/lang/invoke/LambdaForm$MH+0x000001f4040ca800
# instanceKlass java/lang/invoke/LambdaForm$DMH+0x000001f4040ca400
instanceKlass  @bci com/formdev/flatlaf/UIDefaultsLoader parseGrayFilter (Ljava/lang/String;)Ljava/lang/Object; 56 <appendix> form vmentry <vmtarget> ; # java/lang/invoke/LambdaForm$DMH+0x000001f4040ca000
instanceKlass  @bci com/formdev/flatlaf/UIDefaultsLoader parseGrayFilter (Ljava/lang/String;)Ljava/lang/Object; 56 <appendix> member <vmtarget> ; # com/formdev/flatlaf/UIDefaultsLoader$$Lambda+0x000001f4040c7480
instanceKlass  @cpi com/formdev/flatlaf/UIDefaultsLoader 1263 form vmentry <vmtarget> ; # java/lang/invoke/LambdaForm$DMH+0x000001f4040c9c00
instanceKlass jdk/jfr/internal/jfc/model/ControlElement
instanceKlass  @bci com/formdev/flatlaf/UIDefaultsLoader parseColorHSLIncreaseDecrease (IZLjava/util/List;Ljava/util/function/Function;)Ljava/lang/Object; 147 <appendix> member <vmtarget> ; # com/formdev/flatlaf/UIDefaultsLoader$$Lambda+0x000001f4040c7258
instanceKlass  @bci com/formdev/flatlaf/UIDefaultsLoader parseScaledDimension (Ljava/lang/String;)Ljavax/swing/UIDefaults$ActiveValue; 6 <appendix> member <vmtarget> ; # com/formdev/flatlaf/UIDefaultsLoader$$Lambda+0x000001f4040c7030
instanceKlass jdk/internal/math/FloatingDecimal$ASCIIToBinaryBuffer
instanceKlass jdk/internal/math/FloatingDecimal$PreparedASCIIToBinaryBuffer
instanceKlass jdk/internal/math/FloatingDecimal$ASCIIToBinaryConverter
instanceKlass jdk/internal/math/FloatingDecimal$BinaryToASCIIBuffer
instanceKlass jdk/internal/math/FloatingDecimal$ExceptionalBinaryToASCIIBuffer
instanceKlass jdk/internal/math/FloatingDecimal$BinaryToASCIIConverter
instanceKlass jdk/internal/math/FloatingDecimal
instanceKlass  @bci com/formdev/flatlaf/UIDefaultsLoader parseScaledInteger (Ljava/lang/String;)Ljavax/swing/UIDefaults$ActiveValue; 9 <appendix> member <vmtarget> ; # com/formdev/flatlaf/UIDefaultsLoader$$Lambda+0x000001f4040c6e10
instanceKlass  @bci com/formdev/flatlaf/UIDefaultsLoader parseColorFade (Ljava/util/List;Ljava/util/function/Function;)Ljava/lang/Object; 92 <appendix> member <vmtarget> ; # com/formdev/flatlaf/UIDefaultsLoader$$Lambda+0x000001f4040c6be8
instanceKlass  @bci com/formdev/flatlaf/UIDefaultsLoader parseBorder (Ljava/lang/String;Ljava/util/function/Function;Ljava/util/List;)Ljava/lang/Object; 155 <adapter> ; # java/lang/invoke/LambdaForm$MH+0x000001f4040c9400
# instanceKlass java/lang/invoke/LambdaForm$DMH+0x000001f4040c9000
instanceKlass  @bci com/formdev/flatlaf/UIDefaultsLoader parseBorder (Ljava/lang/String;Ljava/util/function/Function;Ljava/util/List;)Ljava/lang/Object; 155 <appendix> form vmentry <vmtarget> ; # java/lang/invoke/LambdaForm$DMH+0x000001f4040c8c00
instanceKlass  @bci com/formdev/flatlaf/UIDefaultsLoader parseBorder (Ljava/lang/String;Ljava/util/function/Function;Ljava/util/List;)Ljava/lang/Object; 155 <appendix> member <vmtarget> ; # com/formdev/flatlaf/UIDefaultsLoader$$Lambda+0x000001f4040c69c0
instanceKlass  @cpi com/formdev/flatlaf/UIDefaultsLoader 1119 form vmentry <vmtarget> ; # java/lang/invoke/LambdaForm$DMH+0x000001f4040c8400
instanceKlass java/lang/invoke/MethodHandle$1
instanceKlass com/formdev/flatlaf/util/ColorFunctions$HSLChange
instanceKlass com/formdev/flatlaf/util/ColorFunctions$Fade
instanceKlass  @bci com/formdev/flatlaf/UIDefaultsLoader parseValue (Ljava/lang/String;Ljava/lang/String;Ljava/lang/Class;[Lcom/formdev/flatlaf/UIDefaultsLoader$ValueType;Ljava/util/function/Function;Ljava/util/List;)Ljava/lang/Object; 661 <appendix> member <vmtarget> ; # com/formdev/flatlaf/UIDefaultsLoader$$Lambda+0x000001f4040c6070
instanceKlass java/io/StreamTokenizer
instanceKlass com/formdev/flatlaf/util/HSLColor
instanceKlass com/formdev/flatlaf/util/ColorFunctions$HSLIncreaseDecrease
instanceKlass  @bci com/formdev/flatlaf/UIDefaultsLoader parseInstance (Ljava/lang/String;Ljava/util/function/Function;Ljava/util/List;)Ljava/lang/Object; 3 <appendix> member <vmtarget> ; # com/formdev/flatlaf/UIDefaultsLoader$$Lambda+0x000001f4040c5758
instanceKlass com/formdev/flatlaf/util/ColorFunctions
instanceKlass com/formdev/flatlaf/util/ColorFunctions$Mix
instanceKlass com/formdev/flatlaf/UIDefaultsLoader$1
instanceKlass  @bci com/formdev/flatlaf/UIDefaultsLoader loadDefaultsFromProperties (Ljava/util/List;Ljava/util/List;Ljava/util/Properties;ZLjavax/swing/UIDefaults;)V 1466 <appendix> member <vmtarget> ; # com/formdev/flatlaf/UIDefaultsLoader$$Lambda+0x000001f4040c4ed0
instanceKlass  @bci com/formdev/flatlaf/UIDefaultsLoader loadDefaultsFromProperties (Ljava/util/List;Ljava/util/List;Ljava/util/Properties;ZLjavax/swing/UIDefaults;)V 1457 <appendix> member <vmtarget> ; # com/formdev/flatlaf/UIDefaultsLoader$$Lambda+0x000001f4040c4c88
instanceKlass jdk/jfr/internal/jfc/model/SettingsLog
instanceKlass jdk/jfr/internal/jfc/model/Utilities
instanceKlass jdk/jfr/internal/jfc/model/XmlElement
instanceKlass jdk/internal/util/xml/impl/Input
instanceKlass jdk/internal/org/xml/sax/InputSource
instanceKlass jdk/internal/org/xml/sax/helpers/DefaultHandler
instanceKlass jdk/internal/org/xml/sax/ErrorHandler
instanceKlass jdk/internal/org/xml/sax/ContentHandler
instanceKlass jdk/internal/org/xml/sax/DTDHandler
instanceKlass jdk/internal/org/xml/sax/EntityResolver
instanceKlass jdk/internal/util/xml/impl/Pair
instanceKlass jdk/internal/util/xml/impl/Attrs
instanceKlass jdk/internal/org/xml/sax/Attributes
instanceKlass jdk/internal/util/xml/impl/Parser
instanceKlass jdk/internal/org/xml/sax/Locator
instanceKlass jdk/internal/org/xml/sax/XMLReader
instanceKlass jdk/internal/util/xml/SAXParser
instanceKlass jdk/jfr/internal/jfc/model/Parser
instanceKlass sun/nio/ch/IOStatus
instanceKlass java/nio/channels/NetworkChannel
instanceKlass sun/nio/ch/SelChImpl
instanceKlass sun/nio/ch/Streams
instanceKlass java/nio/channels/Channels
instanceKlass sun/nio/ch/FileChannelImpl$Closer
instanceKlass sun/nio/ch/NativeThreadSet
instanceKlass java/nio/channels/spi/AbstractInterruptibleChannel
instanceKlass java/nio/channels/InterruptibleChannel
instanceKlass java/nio/channels/ScatteringByteChannel
instanceKlass java/nio/channels/GatheringByteChannel
instanceKlass java/nio/channels/SeekableByteChannel
instanceKlass java/nio/channels/ByteChannel
instanceKlass java/nio/channels/WritableByteChannel
instanceKlass java/nio/channels/ReadableByteChannel
instanceKlass java/nio/channels/Channel
instanceKlass sun/nio/fs/WindowsChannelFactory$Flags
instanceKlass sun/nio/fs/WindowsChannelFactory$1
instanceKlass sun/nio/fs/WindowsChannelFactory
instanceKlass sun/nio/fs/WindowsSecurityDescriptor
instanceKlass java/nio/file/attribute/FileAttribute
instanceKlass  @bci jdk/jfr/internal/SecuritySupport newFileInputStream (Ljdk/jfr/internal/SecuritySupport$SafePath;)Ljava/io/InputStream; 1 <appendix> member <vmtarget> ; # jdk/jfr/internal/SecuritySupport$$Lambda+0x000001f4040e0f28
instanceKlass  @bci jdk/jfr/internal/SecuritySupport getFileSize (Ljdk/jfr/internal/SecuritySupport$SafePath;)J 1 <appendix> member <vmtarget> ; # jdk/jfr/internal/SecuritySupport$$Lambda+0x000001f4040e0d00
instanceKlass jdk/jfr/internal/jfc/JFC$KnownConfiguration
instanceKlass jdk/internal/foreign/MemorySessionImpl
instanceKlass java/lang/foreign/MemorySegment$Scope
instanceKlass jdk/jfr/internal/jfc/model/JFCModel
instanceKlass  @bci jdk/jfr/internal/dcmd/DCmdStart jfcOptions ()Ljava/lang/String; 45 <appendix> argL0 ; # jdk/jfr/internal/dcmd/DCmdStart$$Lambda+0x000001f4040e0208
instanceKlass jdk/jfr/internal/jfc/JFC
instanceKlass com/formdev/flatlaf/util/SoftCache
instanceKlass  @bci jdk/jfr/internal/SecuritySupport isDirectory (Ljdk/jfr/internal/SecuritySupport$SafePath;)Z 1 <appendix> member <vmtarget> ; # jdk/jfr/internal/SecuritySupport$$Lambda+0x000001f4040bf980
instanceKlass sun/nio/fs/BasicFileAttributesHolder
instanceKlass sun/nio/fs/WindowsDirectoryStream$WindowsDirectoryIterator
instanceKlass com/formdev/flatlaf/util/ColorFunctions$ColorFunction
instanceKlass sun/nio/fs/WindowsDirectoryStream
instanceKlass java/nio/file/Files$AcceptAllFilter
instanceKlass java/nio/file/DirectoryStream$Filter
instanceKlass jdk/jfr/internal/SecuritySupport$1
instanceKlass  @bci jdk/jfr/internal/SecuritySupport getPredefinedJFCFiles ()Ljava/util/List; 8 <appendix> argL0 ; # jdk/jfr/internal/SecuritySupport$$Lambda+0x000001f4040be208
instanceKlass java/nio/file/DirectoryStream
instanceKlass com/formdev/flatlaf/UIDefaultsLoader
instanceKlass jdk/jfr/internal/consumer/FileAccess
instanceKlass jdk/jfr/internal/SecuritySupport$4
instanceKlass  @bci jdk/jfr/internal/SecuritySupport getPathInProperty (Ljava/lang/String;Ljava/lang/String;)Ljdk/jfr/internal/SecuritySupport$SafePath; 2 <appendix> member <vmtarget> ; # jdk/jfr/internal/SecuritySupport$$Lambda+0x000001f4040bd020
instanceKlass  @cpi jdk/jfr/internal/SecuritySupport 773 form vmentry <vmtarget> ; # java/lang/invoke/LambdaForm$DMH+0x000001f4040c8000
instanceKlass jdk/jfr/internal/SecuritySupport$SafePath
instanceKlass jdk/jfr/internal/SecuritySupport$CallableWithoutCheckException
instanceKlass jdk/internal/event/Event
instanceKlass jdk/jfr/internal/SecuritySupport
instanceKlass  @bci com/formdev/flatlaf/FlatLaf getDefaults ()Ljavax/swing/UIDefaults; 325 <appendix> argL0 ; # com/formdev/flatlaf/FlatLaf$$Lambda+0x000001f4040c4000
instanceKlass  @bci jdk/jfr/internal/dcmd/DCmdStop printHelp ()[Ljava/lang/String; 19 <appendix> argL0 ; # jdk/jfr/internal/dcmd/DCmdStop$$Lambda+0x000001f4040bbef0
instanceKlass java/util/Formattable
instanceKlass java/util/Formatter$Flags
instanceKlass java/util/Formatter$FormatSpecifier
instanceKlass java/util/Formatter$Conversion
instanceKlass java/util/Formatter$FixedString
instanceKlass java/util/Formatter$FormatString
instanceKlass com/formdev/flatlaf/FlatDefaultsAddon
instanceKlass  @bci java/util/regex/Pattern union (Ljava/util/regex/Pattern$CharPredicate;Ljava/util/regex/Pattern$CharPredicate;Z)Ljava/util/regex/Pattern$CharPredicate; 6 <appendix> member <vmtarget> ; # java/util/regex/Pattern$$Lambda+0x800000031
instanceKlass  @bci java/util/regex/Pattern Range (II)Ljava/util/regex/Pattern$CharPredicate; 23 <appendix> member <vmtarget> ; # java/util/regex/Pattern$$Lambda+0x800000029
instanceKlass javax/swing/InputMap
instanceKlass  @bci java/util/regex/CharPredicates ASCII_DIGIT ()Ljava/util/regex/Pattern$BmpCharPredicate; 0 <appendix> argL0 ; # java/util/regex/CharPredicates$$Lambda+0x800000024
instanceKlass com/formdev/flatlaf/FlatInputMaps$LazyInputMapEx
instanceKlass java/util/regex/CharPredicates
instanceKlass java/util/Formatter
instanceKlass  @bci jdk/jfr/internal/dcmd/DCmdView printHelp ()[Ljava/lang/String; 111 <appendix> argL0 ; # jdk/jfr/internal/dcmd/DCmdView$$Lambda+0x000001f4040bb3e0
instanceKlass  @bci com/formdev/flatlaf/FlatInputMaps initBasicInputMaps (Ljavax/swing/UIDefaults;)V 311 <appendix> argL0 ; # com/formdev/flatlaf/FlatInputMaps$$Lambda+0x000001f404013858
instanceKlass  @cpi com/formdev/flatlaf/FlatInputMaps 375 form vmentry <vmtarget> ; # java/lang/invoke/LambdaForm$DMH+0x000001f4040c3c00
instanceKlass java/util/function/BooleanSupplier
instanceKlass com/formdev/flatlaf/FlatInputMaps$LazyModifyInputMap
instanceKlass com/formdev/flatlaf/FlatInputMaps
instanceKlass com/formdev/flatlaf/FlatLaf$ActiveFont
instanceKlass jdk/jfr/internal/util/Columnizer$Column
instanceKlass sun/util/ResourceBundleEnumeration
instanceKlass jdk/jfr/internal/util/Tokenizer
instanceKlass jdk/jfr/internal/query/ViewFile
instanceKlass jdk/jfr/internal/util/Columnizer
instanceKlass jdk/jfr/internal/query/ViewPrinter
instanceKlass java/util/stream/AbstractSpinedBuffer
instanceKlass  @bci java/util/stream/ReferencePipeline toArray ()[Ljava/lang/Object; 1 <appendix> argL0 ; # java/util/stream/ReferencePipeline$$Lambda+0x000001f4040b91c8
instanceKlass java/util/ImmutableCollections$Access$1
instanceKlass jdk/internal/access/JavaUtilCollectionAccess
instanceKlass java/util/ImmutableCollections$Access
instanceKlass java/lang/StringLatin1$LinesSpliterator
instanceKlass com/sun/management/internal/DiagnosticCommandImpl$Wrapper
instanceKlass sun/net/www/MessageHeader
instanceKlass sun/net/www/protocol/jar/JarFileFactory
instanceKlass sun/net/www/protocol/jar/URLJarFile$URLJarFileCloseController
instanceKlass java/net/URLConnection
instanceKlass jdk/jfr/internal/util/Output$LinePrinter
instanceKlass jdk/jfr/internal/util/Output
instanceKlass jdk/jfr/internal/dcmd/AbstractDCmd
instanceKlass com/sun/management/internal/DiagnosticCommandArgumentInfo
instanceKlass com/sun/management/internal/DiagnosticCommandInfo
instanceKlass com/sun/management/internal/DiagnosticCommandImpl$OperationInfoComparator
instanceKlass java/util/ResourceBundle$Control$2
instanceKlass sun/management/ClassLoadingImpl
instanceKlass java/lang/management/ClassLoadingMXBean
instanceKlass javax/swing/UIDefaults$1
instanceKlass javax/management/MBeanInfo$ArrayGettersSafeAction
instanceKlass  @bci javax/swing/plaf/basic/BasicLookAndFeel initComponentDefaults (Ljavax/swing/UIDefaults;)V 10900 <appendix> argL0 ; # javax/swing/plaf/basic/BasicLookAndFeel$$Lambda+0x000001f4040b2a50
instanceKlass javax/management/openmbean/OpenMBeanOperationInfo
instanceKlass  @bci javax/swing/plaf/basic/BasicLookAndFeel initComponentDefaults (Ljavax/swing/UIDefaults;)V 10882 <appendix> argL0 ; # javax/swing/plaf/basic/BasicLookAndFeel$$Lambda+0x000001f4040b2178
instanceKlass  @bci javax/swing/plaf/basic/BasicLookAndFeel initComponentDefaults (Ljavax/swing/UIDefaults;)V 2622 <appendix> argL0 ; # javax/swing/plaf/basic/BasicLookAndFeel$$Lambda+0x000001f4040b1c38
instanceKlass  @bci javax/swing/plaf/basic/BasicLookAndFeel initComponentDefaults (Ljavax/swing/UIDefaults;)V 2604 <appendix> argL0 ; # javax/swing/plaf/basic/BasicLookAndFeel$$Lambda+0x000001f4040b1a18
instanceKlass  @bci javax/swing/plaf/basic/BasicLookAndFeel initComponentDefaults (Ljavax/swing/UIDefaults;)V 2586 <appendix> argL0 ; # javax/swing/plaf/basic/BasicLookAndFeel$$Lambda+0x000001f4040b17f8
instanceKlass  @bci javax/swing/plaf/basic/BasicLookAndFeel initComponentDefaults (Ljavax/swing/UIDefaults;)V 2568 <appendix> argL0 ; # javax/swing/plaf/basic/BasicLookAndFeel$$Lambda+0x000001f4040b15d8
instanceKlass javax/swing/UIDefaults$LazyInputMap
instanceKlass  @bci javax/swing/plaf/basic/BasicLookAndFeel initComponentDefaults (Ljavax/swing/UIDefaults;)V 789 <appendix> argL0 ; # javax/swing/plaf/basic/BasicLookAndFeel$$Lambda+0x000001f4040b1188
instanceKlass  @bci javax/swing/plaf/basic/BasicLookAndFeel initComponentDefaults (Ljavax/swing/UIDefaults;)V 730 <appendix> argL0 ; # javax/swing/plaf/basic/BasicLookAndFeel$$Lambda+0x000001f4040b0f68
instanceKlass  @bci javax/swing/plaf/basic/BasicLookAndFeel initComponentDefaults (Ljavax/swing/UIDefaults;)V 723 <appendix> argL0 ; # javax/swing/plaf/basic/BasicLookAndFeel$$Lambda+0x000001f4040b0d48
instanceKlass  @bci javax/swing/plaf/basic/BasicLookAndFeel initComponentDefaults (Ljavax/swing/UIDefaults;)V 671 <appendix> argL0 ; # javax/swing/plaf/basic/BasicLookAndFeel$$Lambda+0x000001f4040b0b28
instanceKlass  @bci javax/swing/plaf/basic/BasicLookAndFeel initComponentDefaults (Ljavax/swing/UIDefaults;)V 664 <appendix> member <vmtarget> ; # javax/swing/plaf/basic/BasicLookAndFeel$$Lambda+0x000001f4040b0908
instanceKlass  @bci javax/swing/plaf/basic/BasicLookAndFeel initComponentDefaults (Ljavax/swing/UIDefaults;)V 655 <appendix> member <vmtarget> ; # javax/swing/plaf/basic/BasicLookAndFeel$$Lambda+0x000001f4040b03b8
instanceKlass java/util/logging/LogManager$4
instanceKlass  @bci javax/swing/plaf/basic/BasicLookAndFeel initComponentDefaults (Ljavax/swing/UIDefaults;)V 642 <appendix> member <vmtarget> ; # javax/swing/plaf/basic/BasicLookAndFeel$$Lambda+0x000001f4040b0198
instanceKlass  @cpi com/formdev/flatlaf/UIDefaultsLoader 1255 form vmentry <vmtarget> ; # java/lang/invoke/LambdaForm$DMH+0x000001f4040c3800
instanceKlass jdk/internal/logger/BootstrapLogger$BootstrapExecutors
instanceKlass jdk/internal/logger/LoggerFinderLoader
instanceKlass  @bci javax/swing/plaf/basic/BasicLookAndFeel initComponentDefaults (Ljavax/swing/UIDefaults;)V 611 <appendix> argL0 ; # javax/swing/plaf/basic/BasicLookAndFeel$$Lambda+0x000001f4040af910
instanceKlass  @bci java/lang/System$LoggerFinder accessProvider ()Ljava/lang/System$LoggerFinder; 8 <appendix> argL0 ; # java/lang/System$LoggerFinder$$Lambda+0x000001f4040af6f0
instanceKlass  @bci javax/swing/plaf/basic/BasicLookAndFeel initComponentDefaults (Ljavax/swing/UIDefaults;)V 604 <appendix> argL0 ; # javax/swing/plaf/basic/BasicLookAndFeel$$Lambda+0x000001f4040af4d0
instanceKlass  @bci javax/swing/plaf/basic/BasicLookAndFeel initComponentDefaults (Ljavax/swing/UIDefaults;)V 597 <appendix> argL0 ; # javax/swing/plaf/basic/BasicLookAndFeel$$Lambda+0x000001f4040af2b0
instanceKlass  @bci javax/swing/plaf/basic/BasicLookAndFeel initComponentDefaults (Ljavax/swing/UIDefaults;)V 590 <appendix> argL0 ; # javax/swing/plaf/basic/BasicLookAndFeel$$Lambda+0x000001f4040af090
instanceKlass java/util/stream/Streams
instanceKlass java/util/stream/Stream$Builder
instanceKlass java/util/stream/Streams$AbstractStreamBuilderImpl
instanceKlass  @bci java/util/logging/Level$KnownLevel findByName (Ljava/lang/String;Ljava/util/function/Function;)Ljava/util/Optional; 29 <appendix> argL0 ; # java/util/logging/Level$KnownLevel$$Lambda+0x800000022
instanceKlass  @bci javax/swing/plaf/basic/BasicLookAndFeel initComponentDefaults (Ljavax/swing/UIDefaults;)V 583 <appendix> argL0 ; # javax/swing/plaf/basic/BasicLookAndFeel$$Lambda+0x000001f4040aee70
instanceKlass  @bci javax/swing/plaf/basic/BasicLookAndFeel initComponentDefaults (Ljavax/swing/UIDefaults;)V 576 <appendix> argL0 ; # javax/swing/plaf/basic/BasicLookAndFeel$$Lambda+0x000001f4040aec50
instanceKlass  @bci java/util/logging/Level findLevel (Ljava/lang/String;)Ljava/util/logging/Level; 13 <appendix> argL0 ; # java/util/logging/Level$$Lambda+0x800000010
instanceKlass  @bci javax/swing/plaf/basic/BasicLookAndFeel initComponentDefaults (Ljavax/swing/UIDefaults;)V 569 <appendix> argL0 ; # javax/swing/plaf/basic/BasicLookAndFeel$$Lambda+0x000001f4040aea30
instanceKlass java/util/Hashtable$Enumerator
instanceKlass  @bci javax/swing/plaf/basic/BasicLookAndFeel initComponentDefaults (Ljavax/swing/UIDefaults;)V 562 <appendix> argL0 ; # javax/swing/plaf/basic/BasicLookAndFeel$$Lambda+0x000001f4040ae810
instanceKlass javax/swing/plaf/basic/BasicLookAndFeel$2
instanceKlass java/util/Collections$3
instanceKlass  @bci javax/swing/plaf/basic/BasicLookAndFeel initComponentDefaults (Ljavax/swing/UIDefaults;)V 545 <appendix> argL0 ; # javax/swing/plaf/basic/BasicLookAndFeel$$Lambda+0x000001f4040ae3c8
instanceKlass java/util/logging/LogManager$LoggerContext$1
instanceKlass java/util/logging/LogManager$VisitedLoggers
instanceKlass  @bci sun/swing/SwingUtilities2 makeIcon (Ljava/lang/Class;Ljava/lang/Class;Ljava/lang/String;Z)Ljava/lang/Object; 4 <adapter> ; # java/lang/invoke/LambdaForm$MH+0x000001f4040c3400
# instanceKlass java/lang/invoke/LambdaForm$DMH+0x000001f4040c3000
instanceKlass java/util/logging/Logger$ConfigurationData
instanceKlass java/util/logging/Logger$LoggerBundle
instanceKlass java/util/logging/Handler
instanceKlass java/util/logging/LogManager$2
instanceKlass java/util/logging/Logging
instanceKlass java/util/logging/LogManager$LoggingProviderAccess
instanceKlass  @bci sun/swing/SwingUtilities2 makeIcon (Ljava/lang/Class;Ljava/lang/Class;Ljava/lang/String;Z)Ljava/lang/Object; 4 <appendix> form vmentry <vmtarget> ; # java/lang/invoke/LambdaForm$DMH+0x000001f4040c2c00
instanceKlass java/util/logging/LogManager$LogNode
instanceKlass java/util/logging/LogManager$LoggerContext
instanceKlass java/util/logging/LogManager$1
instanceKlass  @bci java/util/logging/Level$KnownLevel add (Ljava/util/logging/Level;)V 49 <appendix> argL0 ; # java/util/logging/Level$KnownLevel$$Lambda+0x800000021
instanceKlass  @bci sun/swing/SwingUtilities2 makeIcon (Ljava/lang/Class;Ljava/lang/Class;Ljava/lang/String;Z)Ljava/lang/Object; 4 <appendix> member <vmtarget> ; # sun/swing/SwingUtilities2$$Lambda+0x000001f4040adb78
instanceKlass  @bci java/util/logging/Level$KnownLevel add (Ljava/util/logging/Level;)V 19 <appendix> argL0 ; # java/util/logging/Level$KnownLevel$$Lambda+0x800000020
instanceKlass java/util/logging/Level
instanceKlass  @cpi sun/swing/SwingUtilities2 1496 form vmentry <vmtarget> ; # java/lang/invoke/LambdaForm$DMH+0x000001f4040c2800
instanceKlass java/util/logging/LoggingMXBean
instanceKlass java/util/logging/Logger
instanceKlass sun/management/ManagementFactoryHelper$PlatformLoggingImpl
instanceKlass java/lang/management/PlatformLoggingMXBean
instanceKlass  @bci javax/swing/plaf/basic/BasicLookAndFeel initComponentDefaults (Ljavax/swing/UIDefaults;)V 398 <appendix> argL0 ; # javax/swing/plaf/basic/BasicLookAndFeel$$Lambda+0x000001f4040ad0a0
instanceKlass  @bci javax/swing/plaf/basic/BasicLookAndFeel initComponentDefaults (Ljavax/swing/UIDefaults;)V 391 <appendix> argL0 ; # javax/swing/plaf/basic/BasicLookAndFeel$$Lambda+0x000001f4040ace80
instanceKlass  @bci javax/swing/plaf/basic/BasicLookAndFeel initComponentDefaults (Ljavax/swing/UIDefaults;)V 384 <appendix> argL0 ; # javax/swing/plaf/basic/BasicLookAndFeel$$Lambda+0x000001f4040acc60
instanceKlass  @bci javax/swing/plaf/basic/BasicLookAndFeel initComponentDefaults (Ljavax/swing/UIDefaults;)V 377 <appendix> form vmentry <vmtarget> ; # java/lang/invoke/LambdaForm$DMH+0x000001f4040c2400
instanceKlass  @bci javax/swing/plaf/basic/BasicLookAndFeel initComponentDefaults (Ljavax/swing/UIDefaults;)V 377 <appendix> member <vmtarget> ; # javax/swing/plaf/basic/BasicLookAndFeel$$Lambda+0x000001f4040aca38
instanceKlass javax/swing/border/AbstractBorder
instanceKlass  @bci javax/swing/plaf/basic/BasicLookAndFeel initComponentDefaults (Ljavax/swing/UIDefaults;)V 349 <appendix> member <vmtarget> ; # javax/swing/plaf/basic/BasicLookAndFeel$$Lambda+0x000001f4040ac0c8
instanceKlass  @bci javax/swing/plaf/basic/BasicLookAndFeel initComponentDefaults (Ljavax/swing/UIDefaults;)V 340 <appendix> argL0 ; # javax/swing/plaf/basic/BasicLookAndFeel$$Lambda+0x000001f4040abea8
instanceKlass  @bci javax/swing/plaf/basic/BasicLookAndFeel initComponentDefaults (Ljavax/swing/UIDefaults;)V 333 <appendix> argL0 ; # javax/swing/plaf/basic/BasicLookAndFeel$$Lambda+0x000001f4040abc88
instanceKlass  @bci javax/swing/plaf/basic/BasicLookAndFeel initComponentDefaults (Ljavax/swing/UIDefaults;)V 326 <appendix> argL0 ; # javax/swing/plaf/basic/BasicLookAndFeel$$Lambda+0x000001f4040aba68
instanceKlass  @bci javax/swing/plaf/basic/BasicLookAndFeel initComponentDefaults (Ljavax/swing/UIDefaults;)V 319 <appendix> argL0 ; # javax/swing/plaf/basic/BasicLookAndFeel$$Lambda+0x000001f4040ab848
instanceKlass sun/management/CompilationImpl
instanceKlass java/lang/management/CompilationMXBean
instanceKlass  @bci javax/swing/plaf/basic/BasicLookAndFeel initComponentDefaults (Ljavax/swing/UIDefaults;)V 312 <appendix> argL0 ; # javax/swing/plaf/basic/BasicLookAndFeel$$Lambda+0x000001f4040ab1b8
instanceKlass sun/management/VMManagementImpl$1
instanceKlass  @bci javax/swing/plaf/basic/BasicLookAndFeel initComponentDefaults (Ljavax/swing/UIDefaults;)V 47 <appendix> argL0 ; # javax/swing/plaf/basic/BasicLookAndFeel$$Lambda+0x000001f4040aab58
instanceKlass  @bci javax/swing/plaf/basic/BasicLookAndFeel initComponentDefaults (Ljavax/swing/UIDefaults;)V 40 <appendix> argL0 ; # javax/swing/plaf/basic/BasicLookAndFeel$$Lambda+0x000001f4040aa938
instanceKlass  @bci javax/swing/plaf/basic/BasicLookAndFeel initComponentDefaults (Ljavax/swing/UIDefaults;)V 33 <appendix> argL0 ; # javax/swing/plaf/basic/BasicLookAndFeel$$Lambda+0x000001f4040aa718
instanceKlass  @bci javax/swing/plaf/basic/BasicLookAndFeel initComponentDefaults (Ljavax/swing/UIDefaults;)V 26 <appendix> argL0 ; # javax/swing/plaf/basic/BasicLookAndFeel$$Lambda+0x000001f4040aa4f8
instanceKlass  @bci javax/swing/plaf/basic/BasicLookAndFeel initComponentDefaults (Ljavax/swing/UIDefaults;)V 19 <appendix> argL0 ; # javax/swing/plaf/basic/BasicLookAndFeel$$Lambda+0x000001f4040aa2d8
instanceKlass javax/swing/UIDefaults$LazyValue
instanceKlass java/lang/management/MemoryUsage
instanceKlass  @bci com/formdev/flatlaf/FlatLaf initialize ()V 167 <appendix> argL0 ; # com/formdev/flatlaf/FlatLaf$$Lambda+0x000001f404012d68
instanceKlass sun/invoke/util/VerifyAccess$1
instanceKlass sun/management/Sensor
instanceKlass java/util/EventListenerProxy
instanceKlass sun/management/MemoryPoolImpl
instanceKlass java/lang/management/MemoryPoolMXBean
instanceKlass  @bci com/formdev/flatlaf/FlatLaf initialize ()V 106 <appendix> member <vmtarget> ; # com/formdev/flatlaf/FlatLaf$$Lambda+0x000001f404012b40
instanceKlass com/formdev/flatlaf/SubMenuUsabilityHelper
instanceKlass javax/swing/MenuSelectionManager
instanceKlass sun/management/Util
instanceKlass com/formdev/flatlaf/MnemonicHandler
instanceKlass javax/swing/event/ChangeListener
instanceKlass  @bci java/util/stream/Collectors uniqKeysMapMerger ()Ljava/util/function/BinaryOperator; 0 <appendix> argL0 ; # java/util/stream/Collectors$$Lambda+0x000001f4040a5e68
instanceKlass  @bci java/util/stream/Collectors uniqKeysMapAccumulator (Ljava/util/function/Function;Ljava/util/function/Function;)Ljava/util/function/BiConsumer; 2 <appendix> member <vmtarget> ; # java/util/stream/Collectors$$Lambda+0x000001f4040a5c30
instanceKlass  @bci java/util/stream/Collectors toMap (Ljava/util/function/Function;Ljava/util/function/Function;)Ljava/util/stream/Collector; 4 <appendix> argL0 ; # java/util/stream/Collectors$$Lambda+0x000001f4040a5a10
instanceKlass  @bci java/util/function/Function identity ()Ljava/util/function/Function; 0 <appendix> argL0 ; # java/util/function/Function$$Lambda+0x000001f4040a57d0
instanceKlass  @bci java/lang/management/DefaultPlatformMBeanProvider$5 nameToMBeanMap ()Ljava/util/Map; 21 <appendix> argL0 ; # java/lang/management/DefaultPlatformMBeanProvider$5$$Lambda+0x000001f4040a5590
instanceKlass  @bci java/lang/management/DefaultPlatformMBeanProvider$5 nameToMBeanMap ()Ljava/util/Map; 11 <appendix> member <vmtarget> ; # java/lang/management/DefaultPlatformMBeanProvider$5$$Lambda+0x000001f4040a5338
instanceKlass  @bci sun/security/util/MemoryCache put (Ljava/lang/Object;Ljava/lang/Object;Z)V 126 <appendix> argL0 form names 4 function resolvedHandle form vmentry <vmtarget> ; # java/lang/invoke/LambdaForm$DMH+0x000001f4040c2000
instanceKlass javax/swing/Popup
instanceKlass javax/swing/PopupFactory$1
instanceKlass sun/swing/SwingAccessor$PopupFactoryAccessor
instanceKlass com/formdev/flatlaf/util/StringUtils
instanceKlass java/util/ArrayList$ArrayListSpliterator
instanceKlass com/sun/management/GarbageCollectorMXBean
instanceKlass java/lang/management/GarbageCollectorMXBean
instanceKlass java/lang/management/MemoryManagerMXBean
instanceKlass java/lang/management/MemoryMXBean
instanceKlass java/util/StringTokenizer
instanceKlass com/formdev/flatlaf/util/SystemInfo
instanceKlass javax/management/DescriptorKey
instanceKlass javax/swing/JComponent$2
instanceKlass javax/swing/JComponent$1
instanceKlass sun/swing/SwingAccessor$JComponentAccessor
instanceKlass java/util/LinkedList$Node
instanceKlass javax/swing/UIManager$2
instanceKlass sun/awt/KeyboardFocusManagerPeerImpl
instanceKlass java/awt/peer/KeyboardFocusManagerPeer
instanceKlass java/lang/annotation/Target
instanceKlass javax/swing/KeyStroke$1
instanceKlass sun/swing/SwingAccessor$KeyStrokeAccessor
# instanceKlass java/lang/invoke/LambdaForm$MH+0x000001f4040c1c00
instanceKlass java/awt/AWTKeyStroke
instanceKlass java/awt/FocusTraversalPolicy
instanceKlass java/awt/DefaultKeyboardFocusManager$2
instanceKlass java/awt/DefaultKeyboardFocusManager$1
instanceKlass sun/awt/AWTAccessor$DefaultKeyboardFocusManagerAccessor
instanceKlass java/lang/reflect/Proxy$ProxyBuilder$1
instanceKlass java/awt/KeyboardFocusManager$1
instanceKlass sun/awt/AWTAccessor$KeyboardFocusManagerAccessor
instanceKlass jdk/internal/org/objectweb/asm/Edge
instanceKlass java/awt/KeyboardFocusManager
instanceKlass java/awt/KeyEventPostProcessor
instanceKlass java/awt/KeyEventDispatcher
instanceKlass  @bci java/lang/reflect/ProxyGenerator addProxyMethod (Ljava/lang/reflect/Method;Ljava/lang/Class;)V 23 <appendix> argL0 ; # java/lang/reflect/ProxyGenerator$$Lambda+0x000001f40409cde0
instanceKlass  @bci java/lang/reflect/ProxyGenerator addProxyMethod (Ljava/lang/reflect/ProxyGenerator$ProxyMethod;)V 10 <appendix> argL0 ; # java/lang/reflect/ProxyGenerator$$Lambda+0x000001f40409cba0
instanceKlass sun/awt/PaintEventDispatcher
instanceKlass sun/awt/SunDisplayChanger
instanceKlass java/util/StringJoiner
instanceKlass java/lang/reflect/ProxyGenerator$ProxyMethod
instanceKlass sun/java2d/SurfaceManagerFactory
instanceKlass  @bci java/lang/reflect/Proxy getLoader (Ljava/lang/Module;)Ljava/lang/ClassLoader; 6 <appendix> member <vmtarget> ; # java/lang/reflect/Proxy$$Lambda+0x000001f40409b9b8
instanceKlass  @bci java/lang/WeakPairMap computeIfAbsent (Ljava/lang/Object;Ljava/lang/Object;Ljava/util/function/BiFunction;)Ljava/lang/Object; 18 <appendix> member <vmtarget> ; # java/lang/WeakPairMap$$Lambda+0x000001f40409b560
instanceKlass  @bci java/lang/Module implAddExportsOrOpens (Ljava/lang/String;Ljava/lang/Module;ZZ)V 145 <appendix> argL0 ; # java/lang/Module$$Lambda+0x000001f40409b330
instanceKlass sun/java2d/windows/WindowsFlags$1
instanceKlass sun/java2d/windows/WindowsFlags
instanceKlass java/awt/GraphicsEnvironment$LocalGE
instanceKlass  @bci java/lang/module/ModuleDescriptor$Builder packages (Ljava/util/Set;)Ljava/lang/module/ModuleDescriptor$Builder; 17 <appendix> argL0 ; # java/lang/module/ModuleDescriptor$Builder$$Lambda+0x800000002
instanceKlass java/lang/module/ModuleDescriptor$Builder
instanceKlass  @bci java/lang/reflect/Proxy$ProxyBuilder getDynamicModule (Ljava/lang/ClassLoader;)Ljava/lang/Module; 4 <appendix> argL0 ; # java/lang/reflect/Proxy$ProxyBuilder$$Lambda+0x000001f404099e00
instanceKlass javax/swing/RepaintManager$1
instanceKlass java/lang/reflect/Proxy$ProxyBuilder
instanceKlass sun/swing/SwingAccessor$RepaintManagerAccessor
instanceKlass javax/swing/RepaintManager$DisplayChangedHandler
instanceKlass javax/swing/RepaintManager
instanceKlass  @bci java/lang/reflect/Proxy getProxyConstructor (Ljava/lang/Class;Ljava/lang/ClassLoader;[Ljava/lang/Class;)Ljava/lang/reflect/Constructor; 35 <appendix> argL0 ; # java/lang/reflect/Proxy$$Lambda+0x000001f404099048
instanceKlass java/lang/ClassValue$Version
instanceKlass java/lang/ClassValue$Identity
instanceKlass java/lang/ClassValue
instanceKlass java/lang/reflect/Proxy
instanceKlass javax/swing/UIManager$1
instanceKlass sun/reflect/annotation/AnnotationInvocationHandler
instanceKlass java/lang/reflect/InvocationHandler
instanceKlass sun/swing/DefaultLookup
instanceKlass sun/swing/SwingAccessor
instanceKlass sun/reflect/annotation/AnnotationParser$1
instanceKlass  @bci javax/swing/UIDefaults <clinit> ()V 10 <appendix> argL0 ; # javax/swing/UIDefaults$$Lambda+0x000001f404097898
instanceKlass  @cpi sun/awt/datatransfer/SunClipboard 410 form vmentry <vmtarget> ; # java/lang/invoke/LambdaForm$DMH+0x000001f4040c1800
instanceKlass java/lang/annotation/Documented
instanceKlass java/lang/annotation/Inherited
instanceKlass java/lang/annotation/Retention
instanceKlass sun/reflect/annotation/ExceptionProxy
instanceKlass sun/swing/SwingAccessor$UIDefaultsAccessor
instanceKlass sun/reflect/annotation/AnnotationType$1
instanceKlass javax/swing/UIManager$LAFState
instanceKlass sun/reflect/annotation/AnnotationType
instanceKlass sun/swing/SwingUtilities2$LSBCacheEntry
instanceKlass sun/swing/StringUIClientPropertyKey
instanceKlass javax/swing/UIClientPropertyKey
instanceKlass java/lang/Deprecated
instanceKlass java/awt/font/FontRenderContext
instanceKlass sun/swing/SwingUtilities2
instanceKlass sun/management/BaseOperatingSystemImpl
instanceKlass com/sun/management/OperatingSystemMXBean
instanceKlass java/lang/management/OperatingSystemMXBean
instanceKlass java/awt/Toolkit$DesktopPropertyChangeSupport$1
instanceKlass com/sun/jmx/mbeanserver/PerInterface$MethodAndSig
instanceKlass sun/awt/SunHints$Value
instanceKlass java/awt/RenderingHints$Key
instanceKlass sun/awt/SunHints
instanceKlass java/awt/RenderingHints
instanceKlass sun/awt/windows/WDesktopProperties$WinPlaySound
instanceKlass java/awt/Color
instanceKlass java/awt/Paint
instanceKlass java/lang/management/LockInfo
instanceKlass java/lang/management/ThreadInfo
instanceKlass sun/awt/windows/ThemeReader
instanceKlass sun/management/ThreadImpl
instanceKlass sun/awt/windows/WDesktopProperties
instanceKlass com/sun/management/ThreadMXBean
instanceKlass java/lang/management/ThreadMXBean
instanceKlass javax/swing/UIManager$LookAndFeelInfo
instanceKlass javax/swing/UIManager
instanceKlass com/sun/jmx/mbeanserver/WeakIdentityHashMap
instanceKlass com/sun/jmx/mbeanserver/MXBeanLookup
instanceKlass com/sun/jmx/mbeanserver/PerInterface$InitMaps
instanceKlass com/sun/jmx/mbeanserver/PerInterface
instanceKlass javax/swing/PopupFactory
instanceKlass java/awt/image/ImageProducer
instanceKlass javax/swing/plaf/UIResource
instanceKlass javax/swing/UIDefaults$ActiveValue
instanceKlass javax/management/openmbean/OpenMBeanAttributeInfo
instanceKlass javax/management/openmbean/OpenMBeanParameterInfo
instanceKlass java/awt/image/ImageFilter
instanceKlass java/awt/image/ImageConsumer
instanceKlass javax/swing/Icon
instanceKlass com/sun/jmx/mbeanserver/MBeanIntrospector$MBeanInfoMaker
instanceKlass com/sun/jmx/mbeanserver/MBeanAnalyzer$MBeanVisitor
instanceKlass  @bci driverecovery/DriveRecoveryService handleFoundFolder (Ljava/lang/String;Lcom/google/api/services/drive/model/File;Ljava/lang/String;Ljava/lang/String;Ljava/lang/String;Ldriverecovery/DriveRecoveryService$MoveResult;Ljava/lang/String;)Ldriverecovery/DriveRecoveryService$MoveResult; 1217 <appendix> form vmentry <vmtarget> ; # java/lang/invoke/LambdaForm$MH+0x000001f4040c1400
instanceKlass javax/swing/LookAndFeel
# instanceKlass java/lang/invoke/LambdaForm$MH+0x000001f4040c1000
instanceKlass  @bci driverecovery/DriveRecoveryService handleFoundFolder (Ljava/lang/String;Lcom/google/api/services/drive/model/File;Ljava/lang/String;Ljava/lang/String;Ljava/lang/String;Ldriverecovery/DriveRecoveryService$MoveResult;Ljava/lang/String;)Ldriverecovery/DriveRecoveryService$MoveResult; 1217 <appendix> argL3 form vmentry <vmtarget> ; # java/lang/invoke/LambdaForm$MH+0x000001f4040c0c00
# instanceKlass java/lang/invoke/LambdaForm$MH+0x000001f4040c0800
# instanceKlass java/lang/invoke/LambdaForm$MH+0x000001f4040c0400
# instanceKlass java/lang/invoke/LambdaForm$MH+0x000001f4040c0000
instanceKlass java/lang/reflect/GenericArrayType
instanceKlass sun/reflect/generics/reflectiveObjects/LazyReflectiveObjectGenerator
instanceKlass sun/reflect/generics/tree/TypeVariableSignature
instanceKlass sun/reflect/generics/tree/ClassSignature
instanceKlass sun/reflect/generics/reflectiveObjects/ParameterizedTypeImpl
instanceKlass java/lang/reflect/ParameterizedType
instanceKlass sun/reflect/generics/visitor/Reifier
instanceKlass sun/reflect/generics/visitor/TypeTreeVisitor
instanceKlass sun/reflect/generics/tree/MethodTypeSignature
instanceKlass sun/reflect/generics/tree/Signature
instanceKlass sun/reflect/generics/tree/ClassTypeSignature
instanceKlass sun/reflect/generics/tree/SimpleClassTypeSignature
instanceKlass sun/reflect/generics/tree/FieldTypeSignature
instanceKlass sun/reflect/generics/tree/TypeArgument
instanceKlass sun/reflect/generics/tree/BaseType
instanceKlass java/awt/TrayIcon
instanceKlass sun/reflect/generics/tree/TypeSignature
instanceKlass sun/reflect/generics/tree/ReturnType
instanceKlass sun/reflect/generics/tree/FormalTypeParameter
instanceKlass sun/reflect/generics/tree/TypeTree
instanceKlass sun/reflect/generics/tree/Tree
instanceKlass java/awt/MenuComponent
instanceKlass sun/reflect/generics/parser/SignatureParser
instanceKlass java/awt/EventQueue$4
instanceKlass java/lang/reflect/TypeVariable
instanceKlass sun/awt/dnd/SunDragSourceContextPeer
instanceKlass java/awt/dnd/peer/DragSourceContextPeer
instanceKlass sun/reflect/generics/repository/AbstractRepository
instanceKlass sun/reflect/generics/factory/CoreReflectionFactory
instanceKlass sun/reflect/generics/factory/GenericsFactory
instanceKlass java/awt/ModalEventFilter
instanceKlass java/awt/EventDispatchThread$HierarchyEventFilter
instanceKlass java/awt/EventFilter
instanceKlass sun/reflect/generics/scope/AbstractScope
instanceKlass sun/reflect/generics/scope/Scope
instanceKlass java/awt/EventDispatchThread$1
instanceKlass java/awt/Conditional
instanceKlass java/util/IdentityHashMap$IdentityHashMapIterator
instanceKlass com/sun/jmx/mbeanserver/MBeanAnalyzer$AttrMethods
instanceKlass sun/awt/EventQueueItem
instanceKlass java/awt/EventQueue$6
instanceKlass java/awt/event/InvocationEvent$1
instanceKlass sun/awt/AWTAccessor$InvocationEventAccessor
instanceKlass java/awt/ActiveEvent
instanceKlass sun/awt/PostEventQueue
instanceKlass sun/awt/MostRecentKeyValue
# instanceKlass java/lang/invoke/LambdaForm$MH+0x000001f40401dc00
instanceKlass com/sun/jmx/mbeanserver/MXBeanMapping
instanceKlass java/awt/Queue
instanceKlass sun/awt/AppContext$1
instanceKlass sun/awt/AppContext$2
instanceKlass sun/awt/AppContext$3
instanceKlass sun/awt/AppContext$6
instanceKlass jdk/internal/access/JavaAWTAccess
instanceKlass sun/awt/AppContext$GetAppContextLock
instanceKlass sun/awt/AppContext
instanceKlass javax/management/openmbean/TabularData
instanceKlass javax/management/openmbean/CompositeData
instanceKlass javax/management/openmbean/OpenType
instanceKlass  @bci sun/awt/windows/WToolkit <init> ()V 142 <appendix> argL0 ; # sun/awt/windows/WToolkit$$Lambda+0x000001f40403d510
instanceKlass com/sun/jmx/mbeanserver/MXBeanMappingFactory
instanceKlass com/sun/jmx/mbeanserver/ConvertingMethod
instanceKlass java/lang/Shutdown$Lock
instanceKlass java/lang/Shutdown
instanceKlass java/lang/ApplicationShutdownHooks$1
instanceKlass java/lang/ApplicationShutdownHooks
instanceKlass  @bci sun/awt/windows/WToolkit lambda$registerShutdownHook$2 ()Ljava/lang/Void; 8 <appendix> member <vmtarget> ; # sun/awt/windows/WToolkit$$Lambda+0x000001f40403cac0
instanceKlass com/sun/jmx/mbeanserver/MBeanAnalyzer$MethodOrder
instanceKlass java/util/LinkedHashMap$LinkedHashIterator
instanceKlass  @bci sun/awt/windows/WToolkit registerShutdownHook ()V 1 <appendix> member <vmtarget> ; # sun/awt/windows/WToolkit$$Lambda+0x000001f40403bf78
instanceKlass java/lang/PublicMethods
instanceKlass com/sun/jmx/mbeanserver/MBeanAnalyzer
instanceKlass com/sun/jmx/mbeanserver/MBeanIntrospector
instanceKlass sun/reflect/misc/ReflectUtil
instanceKlass java/lang/Class$AnnotationData
instanceKlass javax/management/MXBean
instanceKlass com/sun/jmx/mbeanserver/MBeanSupport
instanceKlass com/sun/jmx/mbeanserver/DescriptorCache
instanceKlass javax/management/JMX
instanceKlass javax/management/StandardMBean
instanceKlass  @bci java/lang/management/ManagementFactory addMXBean (Ljavax/management/MBeanServer;Ljava/lang/String;Ljava/lang/Object;)V 8 <appendix> member <vmtarget> ; # java/lang/management/ManagementFactory$$Lambda+0x000001f404039858
instanceKlass java/util/Collections$2
instanceKlass java/util/AbstractMap$SimpleImmutableEntry
instanceKlass sun/management/RuntimeImpl
instanceKlass java/lang/management/RuntimeMXBean
instanceKlass java/util/stream/ForEachOps$ForEachOp
instanceKlass java/util/stream/ForEachOps
instanceKlass  @bci java/lang/management/ManagementFactory getPlatformMBeanServer ()Ljavax/management/MBeanServer; 63 <appendix> argL0 ; # java/lang/management/ManagementFactory$$Lambda+0x000001f404038e30
instanceKlass  @bci java/lang/management/ManagementFactory getPlatformMBeanServer ()Ljavax/management/MBeanServer; 53 <appendix> argL0 ; # java/lang/management/ManagementFactory$$Lambda+0x000001f404038bf0
instanceKlass  @bci java/lang/management/ManagementFactory getPlatformMBeanServer ()Ljavax/management/MBeanServer; 43 <appendix> argL0 ; # java/lang/management/ManagementFactory$$Lambda+0x000001f4040389a0
instanceKlass  @cpi java/lang/management/ManagementFactory 556 form vmentry <vmtarget> ; # java/lang/invoke/LambdaForm$DMH+0x000001f40401d800
instanceKlass java/util/HashMap$HashMapSpliterator
instanceKlass java/util/Collections$1
instanceKlass jdk/management/jfr/internal/FlightRecorderMXBeanProvider$SingleMBeanComponent
instanceKlass jdk/management/jfr/FlightRecorderMXBean
instanceKlass java/lang/management/PlatformManagedObject
instanceKlass java/lang/management/DefaultPlatformMBeanProvider$11
instanceKlass java/lang/management/DefaultPlatformMBeanProvider$10
instanceKlass java/lang/management/DefaultPlatformMBeanProvider$9
instanceKlass java/util/logging/LogManager
instanceKlass sun/management/ManagementFactoryHelper$LoggingMXBeanAccess$1
instanceKlass sun/management/ManagementFactoryHelper$LoggingMXBeanAccess
instanceKlass java/lang/management/DefaultPlatformMBeanProvider$8
instanceKlass java/lang/management/DefaultPlatformMBeanProvider$7
instanceKlass java/lang/management/DefaultPlatformMBeanProvider$6
instanceKlass java/lang/management/DefaultPlatformMBeanProvider$5
instanceKlass java/lang/management/DefaultPlatformMBeanProvider$4
instanceKlass java/lang/management/DefaultPlatformMBeanProvider$3
instanceKlass java/lang/management/DefaultPlatformMBeanProvider$2
instanceKlass java/lang/management/DefaultPlatformMBeanProvider$1
instanceKlass java/util/concurrent/Callable
instanceKlass com/sun/management/internal/PlatformMBeanProviderImpl$5
instanceKlass sun/management/VMManagementImpl
instanceKlass sun/management/VMManagement
instanceKlass sun/management/ManagementFactoryHelper
instanceKlass sun/management/NotificationEmitterSupport
instanceKlass com/sun/management/DiagnosticCommandMBean
instanceKlass com/sun/management/internal/PlatformMBeanProviderImpl$4
instanceKlass com/sun/management/internal/PlatformMBeanProviderImpl$3
instanceKlass com/sun/management/internal/PlatformMBeanProviderImpl$2
instanceKlass com/sun/management/internal/PlatformMBeanProviderImpl$1
instanceKlass sun/management/spi/PlatformMBeanProvider$PlatformComponent
instanceKlass  @bci sun/awt/windows/WToolkit run ()V 0 <appendix> argL0 ; # sun/awt/windows/WToolkit$$Lambda+0x000001f404033480
instanceKlass  @bci com/sun/management/internal/PlatformMBeanProviderImpl <clinit> ()V 8 <appendix> argL0 ; # com/sun/management/internal/PlatformMBeanProviderImpl$$Lambda+0x000001f404033260
instanceKlass sun/management/spi/PlatformMBeanProvider
instanceKlass  @bci sun/awt/windows/WToolkit <init> ()V 93 <appendix> member <vmtarget> ; # sun/awt/windows/WToolkit$$Lambda+0x000001f404032c10
instanceKlass java/io/FilePermission$1
instanceKlass jdk/internal/access/JavaIOFilePermissionAccess
instanceKlass java/lang/management/ManagementFactory$PlatformMBeanFinder$1
instanceKlass java/lang/management/ManagementFactory$PlatformMBeanFinder
instanceKlass  @bci sun/awt/windows/WToolkit <init> ()V 68 <appendix> argL0 ; # sun/awt/windows/WToolkit$$Lambda+0x000001f404032180
instanceKlass com/sun/jmx/mbeanserver/JmxMBeanServer$3
instanceKlass javax/management/ObjectInstance
instanceKlass com/sun/jmx/mbeanserver/NamedObject
instanceKlass com/sun/jmx/interceptor/DefaultMBeanServerInterceptor$ResourceContext$1
instanceKlass com/sun/jmx/interceptor/DefaultMBeanServerInterceptor$ResourceContext
instanceKlass com/sun/jmx/mbeanserver/Repository$RegistrationContext
instanceKlass com/sun/jmx/mbeanserver/DynamicMBean2
instanceKlass com/sun/jmx/defaults/JmxProperties
instanceKlass java/util/concurrent/ForkJoinPool$2
instanceKlass jdk/internal/access/JavaUtilConcurrentFJPAccess
instanceKlass jdk/internal/vm/ThreadContainers
instanceKlass com/sun/jmx/mbeanserver/Introspector
instanceKlass  @bci sun/awt/AWTAutoShutdown activateBlockerThread ()V 1 <appendix> member <vmtarget> ; # sun/awt/AWTAutoShutdown$$Lambda+0x000001f4040307a0
instanceKlass com/sun/jmx/mbeanserver/JmxMBeanServer$2
instanceKlass java/util/concurrent/ForkJoinPool$DefaultForkJoinWorkerThreadFactory
instanceKlass com/sun/jmx/interceptor/DefaultMBeanServerInterceptor
instanceKlass jdk/internal/vm/StackableScope
instanceKlass java/util/concurrent/ForkJoinPool$WorkQueue
instanceKlass java/util/concurrent/ForkJoinPool$ForkJoinWorkerThreadFactory
instanceKlass com/sun/jmx/interceptor/MBeanServerInterceptor
instanceKlass sun/awt/AWTAutoShutdown
instanceKlass java/util/concurrent/AbstractExecutorService
instanceKlass java/util/concurrent/ExecutorService
instanceKlass java/util/concurrent/ConcurrentLinkedDeque$Node
instanceKlass java/util/concurrent/locks/ReentrantReadWriteLock$WriteLock
instanceKlass java/util/concurrent/locks/ReentrantReadWriteLock$ReadLock
instanceKlass sun/awt/util/ThreadGroupUtils
instanceKlass  @bci sun/java2d/Disposer <clinit> ()V 104 <appendix> argL0 ; # sun/java2d/Disposer$$Lambda+0x000001f40402dfb8
instanceKlass java/util/concurrent/locks/ReentrantReadWriteLock
instanceKlass java/util/concurrent/locks/ReadWriteLock
instanceKlass com/sun/jmx/mbeanserver/Repository
instanceKlass com/sun/jmx/mbeanserver/JmxMBeanServer$1
instanceKlass com/sun/jmx/mbeanserver/SecureClassLoaderRepository
instanceKlass com/sun/jmx/mbeanserver/MBeanInstantiator
instanceKlass com/sun/jmx/mbeanserver/ClassLoaderRepositorySupport$LoaderEntry
instanceKlass com/sun/jmx/mbeanserver/ClassLoaderRepositorySupport
instanceKlass com/sun/jmx/mbeanserver/ModifiableClassLoaderRepository
instanceKlass javax/management/loading/ClassLoaderRepository
instanceKlass sun/java2d/Disposer$1
instanceKlass javax/management/ImmutableDescriptor
instanceKlass javax/management/Descriptor
instanceKlass sun/java2d/Disposer
instanceKlass sun/awt/windows/WToolkit$ToolkitDisposer
instanceKlass sun/java2d/DisposerRecord
instanceKlass  @bci driverecovery/DriveRecoveryService processUserDrive (Ljava/lang/String;)V 39 <appendix> form vmentry <vmtarget> ; # java/lang/invoke/LambdaForm$MH+0x000001f40401d400
instanceKlass com/sun/jmx/remote/util/ClassLogger
instanceKlass javax/management/NotificationBroadcasterSupport$1
instanceKlass java/util/concurrent/Executor
instanceKlass javax/management/NotificationBroadcasterSupport
instanceKlass  @bci driverecovery/DriveRecoveryService processUserDrive (Ljava/lang/String;)V 39 <appendix> argL3 form vmentry <vmtarget> ; # java/lang/invoke/LambdaForm$MH+0x000001f40401d000
instanceKlass java/util/ComparableTimSort
instanceKlass javax/management/ObjectName$Property
instanceKlass javax/management/ObjectName
# instanceKlass java/lang/invoke/LambdaForm$MH+0x000001f40401cc00
instanceKlass javax/management/QueryExp
instanceKlass com/sun/jmx/mbeanserver/Util
instanceKlass javax/management/MBeanInfo
instanceKlass javax/management/MBeanFeatureInfo
instanceKlass javax/management/DescriptorRead
# instanceKlass java/lang/invoke/LambdaForm$MH+0x000001f40401c800
instanceKlass javax/management/MBeanServerDelegate
instanceKlass javax/management/NotificationEmitter
instanceKlass javax/management/NotificationBroadcaster
instanceKlass javax/management/MBeanServerDelegateMBean
instanceKlass javax/management/MBeanRegistration
instanceKlass javax/management/DynamicMBean
instanceKlass com/sun/jmx/mbeanserver/JmxMBeanServer
# instanceKlass java/lang/invoke/LambdaForm$MH+0x000001f40401c400
instanceKlass com/sun/jmx/mbeanserver/SunJmxMBeanServer
instanceKlass javax/management/MBeanServer
instanceKlass javax/management/MBeanServerConnection
instanceKlass javax/management/MBeanServerBuilder
instanceKlass com/sun/jmx/mbeanserver/GetPropertyAction
instanceKlass sun/awt/util/PerformanceLogger$TimeData
instanceKlass sun/awt/util/PerformanceLogger
instanceKlass javax/management/MBeanServerFactory
instanceKlass sun/awt/SunToolkit$ModalityListenerList
instanceKlass sun/awt/ModalityListener
instanceKlass java/beans/PropertyChangeListener
instanceKlass java/beans/ChangeListenerMap
instanceKlass java/beans/PropertyChangeSupport
instanceKlass sun/util/logging/PlatformLogger$ConfigurableBridge$LoggerConfiguration
instanceKlass jdk/internal/logger/BootstrapLogger$RedirectedLoggers
instanceKlass javax/swing/event/EventListenerList
instanceKlass sun/awt/windows/WDesktopPeer
instanceKlass java/awt/peer/DesktopPeer
instanceKlass  @bci java/lang/management/ManagementFactory loadNativeLib ()V 0 <appendix> argL0 ; # java/lang/management/ManagementFactory$$Lambda+0x000001f404023020
instanceKlass sun/awt/DisplayChangedListener
instanceKlass sun/awt/image/SurfaceManager
instanceKlass sun/awt/image/SurfaceManager$ImageAccessor
instanceKlass java/awt/ImageCapabilities
instanceKlass java/awt/Image
instanceKlass java/lang/management/ManagementFactory
instanceKlass sun/java2d/DestSurfaceProvider
instanceKlass sun/java2d/loops/RenderCache$Entry
instanceKlass sun/java2d/loops/RenderCache
instanceKlass sun/java2d/pipe/DrawImage
instanceKlass java/util/concurrent/atomic/Striped64$1
instanceKlass sun/java2d/pipe/GeneralCompositePipe
instanceKlass sun/java2d/pipe/SpanShapeRenderer
instanceKlass sun/java2d/pipe/AlphaPaintPipe
instanceKlass jdk/internal/util/random/RandomSupport
instanceKlass sun/java2d/pipe/AAShapePipe
instanceKlass java/util/Random
instanceKlass java/util/random/RandomGenerator
instanceKlass sun/java2d/pipe/RegionIterator
instanceKlass java/net/InetAddress$CachedLookup
instanceKlass sun/java2d/pipe/Region
instanceKlass sun/net/InetAddressCachePolicy$1
instanceKlass sun/net/InetAddressCachePolicy
instanceKlass sun/java2d/pipe/SpanClipRenderer
instanceKlass java/util/stream/Node$Builder
instanceKlass java/util/stream/Nodes$ArrayNode
instanceKlass java/util/stream/Node$OfDouble
instanceKlass java/util/stream/Node$OfLong
instanceKlass java/util/stream/Node$OfInt
instanceKlass java/util/stream/Node$OfPrimitive
instanceKlass java/util/stream/Nodes$EmptyNode
instanceKlass java/util/stream/Node
instanceKlass java/util/stream/Nodes
instanceKlass sun/java2d/pipe/PixelToShapeConverter
instanceKlass  @bci java/net/InetAddress getAddressesFromNameService (Ljava/lang/String;)[Ljava/net/InetAddress; 94 <appendix> argL0 ; # java/net/InetAddress$$Lambda+0x000001f40407ded8
instanceKlass sun/java2d/pipe/AlphaColorPipe
instanceKlass sun/java2d/pipe/CompositePipe
instanceKlass java/util/function/IntFunction
instanceKlass  @bci sun/awt/OSInfo$WindowsVersion toString ()Ljava/lang/String; 8 <appendix> form vmentry <vmtarget> ; # java/lang/invoke/LambdaForm$MH+0x000001f40401c000
instanceKlass  @bci sun/awt/OSInfo$WindowsVersion toString ()Ljava/lang/String; 8 <appendix> argL3 form vmentry <vmtarget> ; # java/lang/invoke/LambdaForm$MH+0x000001f40401bc00
instanceKlass  @bci driverecovery/DriveRecoveryService checkFolder (Ldriverecovery/DriveRecoveryService$FolderInfo;Ljava/lang/String;)Ldriverecovery/DriveRecoveryService$FolderReport; 2766 <appendix> argL3 argL2 form vmentry <vmtarget> ; # java/lang/invoke/LambdaForm$MH+0x000001f40401b800
instanceKlass  @bci driverecovery/DriveRecoveryService lambda$processUserDrive$0 (Ljava/util/concurrent/atomic/AtomicInteger;Ljava/util/List;Ldriverecovery/DriveRecoveryService$FolderInfo;Ljava/lang/String;Ljava/util/concurrent/atomic/AtomicInteger;)V 28 <appendix> argL1 argL0 form vmentry <vmtarget> ; # java/lang/invoke/LambdaForm$MH+0x000001f40401a800
instanceKlass  @bci driverecovery/DriveRecoveryService processUserDrive (Ljava/lang/String;)V 39 <appendix> argL1 form vmentry <vmtarget> ; # java/lang/invoke/LambdaForm$MH+0x000001f40401a000
# instanceKlass java/lang/invoke/LambdaForm$MH+0x000001f404019c00
instanceKlass  @bci java/net/InetAddress loadResolver ()Ljava/net/spi/InetAddressResolver; 8 <appendix> argL0 ; # java/net/InetAddress$$Lambda+0x000001f40407d350
instanceKlass sun/awt/OSInfo$1
instanceKlass sun/awt/OSInfo$WindowsVersion
instanceKlass sun/awt/OSInfo
instanceKlass sun/font/FontUtilities$1
instanceKlass sun/font/FontUtilities
instanceKlass sun/java2d/pipe/GlyphListPipe
instanceKlass java/net/spi/InetAddressResolverProvider
instanceKlass sun/java2d/pipe/OutlineTextRenderer
instanceKlass java/net/InetAddress$NameServiceAddresses
instanceKlass java/net/InetAddress$Addresses
instanceKlass java/util/concurrent/ConcurrentSkipListMap$Iter
instanceKlass java/util/concurrent/ConcurrentLinkedQueue$Node
instanceKlass  @bci sun/awt/datatransfer/SunClipboard <init> (Ljava/lang/String;)V 16 <appendix> form vmentry <vmtarget> ; # java/lang/invoke/LambdaForm$MH+0x000001f404019400
instanceKlass sun/java2d/ReentrantContextProvider
instanceKlass sun/java2d/marlin/FloatMath
instanceKlass sun/java2d/marlin/MarlinProperties
instanceKlass sun/management/jmxremote/ConnectorBootstrap$PermanentExporter
instanceKlass sun/java2d/marlin/MarlinConst
instanceKlass com/sun/jmx/remote/internal/rmi/RMIExporter
instanceKlass jdk/internal/logger/DefaultLoggerFinder$1
instanceKlass sun/management/jmxremote/ConnectorBootstrap
instanceKlass sun/java2d/pipe/RenderingEngine
instanceKlass sun/java2d/pipe/LoopPipe
instanceKlass sun/java2d/pipe/LoopBasedPipe
instanceKlass sun/java2d/pipe/ParallelogramPipe
instanceKlass jdk/internal/agent/Agent
instanceKlass sun/java2d/pipe/NullPipe
instanceKlass sun/java2d/pipe/DrawImagePipe
instanceKlass sun/java2d/pipe/TextPipe
instanceKlass sun/java2d/pipe/ShapeDrawPipe
instanceKlass sun/java2d/pipe/PixelFillPipe
instanceKlass sun/java2d/pipe/PixelDrawPipe
instanceKlass sun/java2d/StateTrackableDelegate$2
instanceKlass sun/java2d/StateTrackableDelegate
instanceKlass sun/java2d/cmm/ProfileDeferralInfo
instanceKlass java/awt/color/ICC_Profile$BuiltInProfile
instanceKlass  @bci java/awt/color/ICC_Profile <clinit> ()V 0 <appendix> argL0 ; # java/awt/color/ICC_Profile$$Lambda+0x000001f404075888
instanceKlass sun/java2d/cmm/Profile
instanceKlass sun/awt/AWTAccessor$ICC_ProfileAccessor
instanceKlass java/awt/color/ICC_Profile
instanceKlass java/util/TimSort
instanceKlass java/util/Arrays$LegacyMergeSort
instanceKlass java/awt/color/ColorSpace$BuiltInSpace
instanceKlass java/awt/color/ColorSpace
instanceKlass  @bci java/util/Map$Entry comparingByKey ()Ljava/util/Comparator; 0 <appendix> argL0 ; # java/util/Map$Entry$$Lambda+0x000001f404074890
instanceKlass java/awt/image/ColorModel$1RGBdefault
instanceKlass  @bci java/lang/invoke/BootstrapMethodInvoker invoke (Ljava/lang/Class;Ljava/lang/invoke/MethodHandle;Ljava/lang/String;Ljava/lang/Object;Ljava/lang/Object;Ljava/lang/Class;)Ljava/lang/Object; 462 <adapter> ; # java/lang/invoke/LambdaForm$MH+0x000001f404019000
instanceKlass java/awt/image/ColorModel$1
instanceKlass java/awt/image/ColorModel
instanceKlass sun/awt/image/PixelConverter
instanceKlass sun/java2d/loops/SurfaceType
instanceKlass sun/java2d/SurfaceData
instanceKlass sun/java2d/Surface
instanceKlass sun/java2d/StateTrackable
instanceKlass sun/java2d/DisposerTarget
instanceKlass java/awt/Transparency
instanceKlass sun/awt/windows/WToolkit$1
instanceKlass java/util/Collections$SynchronizedMap
instanceKlass sun/util/cldr/CLDRBaseLocaleDataMetaInfo$TZCanonicalIDMapHolder
instanceKlass sun/awt/WeakIdentityHashMap
instanceKlass java/time/LocalTime
instanceKlass sun/awt/KeyboardFocusManagerPeerProvider
instanceKlass sun/awt/InputMethodSupport
instanceKlass sun/awt/ComponentFactory
instanceKlass java/time/temporal/ValueRange
instanceKlass java/time/Duration
instanceKlass java/time/temporal/TemporalAmount
instanceKlass java/time/temporal/TemporalUnit
instanceKlass java/time/temporal/TemporalField
instanceKlass java/time/LocalDate
instanceKlass java/time/chrono/ChronoLocalDate
instanceKlass java/time/zone/ZoneOffsetTransition
instanceKlass java/time/LocalDateTime
instanceKlass java/time/chrono/ChronoLocalDateTime
instanceKlass java/awt/EventQueue$3
instanceKlass java/time/temporal/TemporalAdjuster
instanceKlass java/time/temporal/Temporal
instanceKlass java/time/temporal/TemporalAccessor
instanceKlass java/time/zone/ZoneOffsetTransitionRule
instanceKlass java/time/zone/ZoneRules
instanceKlass java/time/zone/Ser
instanceKlass java/io/Externalizable
instanceKlass java/awt/EventQueue$2
instanceKlass sun/awt/AWTAccessor$EventQueueAccessor
instanceKlass java/awt/EventQueue$1
instanceKlass java/awt/EventQueue
instanceKlass javax/swing/SwingUtilities
instanceKlass  @bci driverecovery/MainWindow launch ()V 30 <appendix> argL0 ; # driverecovery/MainWindow$$Lambda+0x000001f40400f810
instanceKlass java/util/Arrays$ArrayItr
instanceKlass java/awt/Frame$1
instanceKlass sun/awt/AWTAccessor$FrameAccessor
instanceKlass java/awt/Window$1
instanceKlass sun/awt/AWTAccessor$WindowAccessor
instanceKlass java/util/concurrent/atomic/AtomicBoolean
instanceKlass java/awt/Container$1
instanceKlass sun/awt/AWTAccessor$ContainerAccessor
instanceKlass java/awt/geom/Dimension2D
instanceKlass java/time/zone/ZoneRulesProvider$1
instanceKlass java/awt/LightweightDispatcher
instanceKlass java/awt/event/AWTEventListener
instanceKlass java/time/zone/ZoneRulesProvider
instanceKlass java/awt/Component$DummyRequestFocusController
instanceKlass sun/awt/RequestFocusController
instanceKlass java/time/ZoneId
instanceKlass java/awt/Component$1
instanceKlass sun/awt/AWTAccessor$ComponentAccessor
instanceKlass java/awt/font/JavaAWTFontAccessImpl
instanceKlass jdk/internal/access/JavaAWTFontAccess
instanceKlass java/text/AttributedCharacterIterator$Attribute
instanceKlass sun/font/AttributeValues
instanceKlass sun/util/resources/Bundles$CacheKeyReference
instanceKlass java/awt/geom/AffineTransform
instanceKlass  @bci sun/util/cldr/CLDRLocaleProviderAdapter applyAliases (Ljava/util/Locale;)Ljava/util/Locale; 4 <appendix> argL0 ; # sun/util/cldr/CLDRLocaleProviderAdapter$$Lambda+0x80000005e
instanceKlass sun/font/FontAccess
instanceKlass sun/util/resources/Bundles$CacheKey
instanceKlass sun/util/resources/Bundles
instanceKlass sun/util/resources/LocaleData$LocaleDataStrategy
instanceKlass sun/util/resources/Bundles$Strategy
instanceKlass sun/util/resources/LocaleData$1
instanceKlass sun/util/resources/LocaleData
instanceKlass java/awt/Font
instanceKlass sun/awt/windows/WObjectPeer
instanceKlass java/awt/dnd/peer/DropTargetPeer
instanceKlass java/awt/peer/ComponentPeer
instanceKlass java/util/regex/Pattern$BitClass
instanceKlass java/awt/event/InputEvent$1
instanceKlass sun/awt/AWTAccessor$InputEventAccessor
instanceKlass java/util/regex/ASCII
instanceKlass sun/util/locale/provider/LocaleResources
instanceKlass sun/util/resources/provider/NonBaseLocaleDataMetaInfo
instanceKlass java/awt/event/NativeLibLoader$1
instanceKlass java/awt/event/NativeLibLoader
instanceKlass  @bci sun/util/locale/provider/JRELocaleProviderAdapter createSupportedLocaleString (Ljava/lang/String;)Ljava/lang/String; 6 <appendix> member <vmtarget> ; # sun/util/locale/provider/JRELocaleProviderAdapter$$Lambda+0x000001f404062d58
instanceKlass java/awt/AWTEvent$1
instanceKlass sun/awt/AWTAccessor$AWTEventAccessor
instanceKlass sun/util/locale/provider/BaseLocaleDataMetaInfo
instanceKlass java/util/EventObject
instanceKlass  @bci sun/util/locale/provider/JRELocaleProviderAdapter getTimeZoneNameProvider ()Ljava/util/spi/TimeZoneNameProvider; 8 <appendix> member <vmtarget> ; # sun/util/locale/provider/JRELocaleProviderAdapter$$Lambda+0x000001f404061ad8
instanceKlass sun/awt/PlatformGraphicsInfo
instanceKlass  @bci java/awt/GraphicsEnvironment getHeadlessProperty ()Z 6 <appendix> argL0 ; # java/awt/GraphicsEnvironment$$Lambda+0x000001f4040616b0
instanceKlass java/awt/GraphicsEnvironment
instanceKlass java/awt/Insets
instanceKlass  @bci driverecovery/DriveRecoveryService handleFoundFolder (Ljava/lang/String;Lcom/google/api/services/drive/model/File;Ljava/lang/String;Ljava/lang/String;Ljava/lang/String;Ldriverecovery/DriveRecoveryService$MoveResult;Ljava/lang/String;)Ldriverecovery/DriveRecoveryService$MoveResult; 829 <appendix> form vmentry <vmtarget> ; # java/lang/invoke/LambdaForm$MH+0x000001f404018c00
instanceKlass java/util/regex/IntHashSet
instanceKlass java/util/regex/Matcher
instanceKlass java/util/regex/MatchResult
instanceKlass java/util/regex/Pattern$TreeInfo
# instanceKlass java/lang/invoke/LambdaForm$MH+0x000001f404018800
instanceKlass  @bci java/util/regex/Pattern Single (I)Ljava/util/regex/Pattern$BmpCharPredicate; 1 <appendix> member <vmtarget> ; # java/util/regex/Pattern$$Lambda+0x800000028
instanceKlass java/util/regex/Pattern$BmpCharPredicate
instanceKlass java/util/regex/Pattern$CharPredicate
instanceKlass java/util/regex/Pattern$Node
instanceKlass java/util/regex/Pattern
instanceKlass  @bci driverecovery/DriveRecoveryService handleFoundFolder (Ljava/lang/String;Lcom/google/api/services/drive/model/File;Ljava/lang/String;Ljava/lang/String;Ljava/lang/String;Ldriverecovery/DriveRecoveryService$MoveResult;Ljava/lang/String;)Ldriverecovery/DriveRecoveryService$MoveResult; 829 <appendix> argL3 form vmentry <vmtarget> ; # java/lang/invoke/LambdaForm$MH+0x000001f404018400
instanceKlass  @bci sun/util/cldr/CLDRLocaleProviderAdapter getTimeZoneNameProvider ()Ljava/util/spi/TimeZoneNameProvider; 8 <appendix> member <vmtarget> ; # sun/util/cldr/CLDRLocaleProviderAdapter$$Lambda+0x000001f4040603b0
# instanceKlass java/lang/invoke/LambdaForm$MH+0x000001f404018000
instanceKlass sun/util/resources/cldr/provider/CLDRLocaleDataMetaInfo
# instanceKlass java/lang/invoke/LambdaForm$MH+0x000001f404017400
instanceKlass jdk/internal/module/ModulePatcher$PatchedModuleReader
# instanceKlass java/lang/invoke/LambdaForm$MH+0x000001f404017000
instanceKlass  @bci sun/util/cldr/CLDRLocaleProviderAdapter <init> ()V 4 <appendix> argL0 ; # sun/util/cldr/CLDRLocaleProviderAdapter$$Lambda+0x800000060
# instanceKlass java/lang/invoke/LambdaForm$MH+0x000001f404016c00
instanceKlass  @bci driverecovery/DriveRecoveryService handleFoundFolder (Ljava/lang/String;Lcom/google/api/services/drive/model/File;Ljava/lang/String;Ljava/lang/String;Ljava/lang/String;Ldriverecovery/DriveRecoveryService$MoveResult;Ljava/lang/String;)Ldriverecovery/DriveRecoveryService$MoveResult; 829 <appendix> argL1 form vmentry <vmtarget> ; # java/lang/invoke/LambdaForm$MH+0x000001f404016800
instanceKlass sun/util/locale/BaseLocale$Key
instanceKlass sun/util/locale/InternalLocaleBuilder$CaseInsensitiveChar
instanceKlass sun/util/locale/InternalLocaleBuilder
instanceKlass sun/util/locale/StringTokenIterator
instanceKlass sun/util/locale/ParseStatus
# instanceKlass java/lang/invoke/LambdaForm$MH+0x000001f404016400
instanceKlass sun/util/locale/LanguageTag
instanceKlass sun/util/cldr/CLDRBaseLocaleDataMetaInfo
instanceKlass sun/util/locale/provider/LocaleDataMetaInfo
instanceKlass sun/util/locale/provider/ResourceBundleBasedAdapter
instanceKlass sun/util/locale/provider/LocaleProviderAdapter
# instanceKlass java/lang/invoke/LambdaForm$MH+0x000001f404016000
instanceKlass sun/util/locale/provider/TimeZoneNameUtility$TimeZoneNameGetter
instanceKlass sun/util/locale/provider/LocaleServiceProviderPool$LocalizedObjectGetter
instanceKlass sun/util/locale/provider/LocaleServiceProviderPool
instanceKlass java/util/spi/LocaleServiceProvider
instanceKlass sun/util/locale/provider/TimeZoneNameUtility
# instanceKlass java/lang/invoke/LambdaForm$MH+0x000001f404015c00
instanceKlass sun/util/calendar/CalendarUtils
instanceKlass sun/util/calendar/CalendarDate
instanceKlass sun/util/calendar/ZoneInfoFile$ZoneOffsetTransitionRule
instanceKlass  @bci driverecovery/DriveRecoveryService handleFoundFolder (Ljava/lang/String;Lcom/google/api/services/drive/model/File;Ljava/lang/String;Ljava/lang/String;Ljava/lang/String;Ldriverecovery/DriveRecoveryService$MoveResult;Ljava/lang/String;)Ldriverecovery/DriveRecoveryService$MoveResult; 813 <appendix> form vmentry <vmtarget> ; # java/lang/invoke/LambdaForm$MH+0x000001f404015800
instanceKlass java/lang/invoke/LambdaFormEditor$1
# instanceKlass java/lang/invoke/LambdaForm$MH+0x000001f404015400
instanceKlass  @bci driverecovery/DriveRecoveryService handleFoundFolder (Ljava/lang/String;Lcom/google/api/services/drive/model/File;Ljava/lang/String;Ljava/lang/String;Ljava/lang/String;Ldriverecovery/DriveRecoveryService$MoveResult;Ljava/lang/String;)Ldriverecovery/DriveRecoveryService$MoveResult; 813 <appendix> argL3 form vmentry <vmtarget> ; # java/lang/invoke/LambdaForm$MH+0x000001f404015000
instanceKlass java/lang/invoke/MethodHandles$1
# instanceKlass java/lang/invoke/LambdaForm$MH+0x000001f404014c00
# instanceKlass java/lang/invoke/LambdaForm$MH+0x000001f404014400
instanceKlass  @bci driverecovery/DriveRecoveryService processUserDrive (Ljava/lang/String;)V 39 <appendix> argL2 form vmentry <vmtarget> ; # java/lang/invoke/LambdaForm$MH+0x000001f404014000
# instanceKlass java/lang/invoke/LambdaForm$MH+0x000001f404007c00
instanceKlass  @bci driverecovery/DriveRecoveryService handleFoundFolder (Ljava/lang/String;Lcom/google/api/services/drive/model/File;Ljava/lang/String;Ljava/lang/String;Ljava/lang/String;Ldriverecovery/DriveRecoveryService$MoveResult;Ljava/lang/String;)Ldriverecovery/DriveRecoveryService$MoveResult; 813 <appendix> argL1 form vmentry <vmtarget> ; # java/lang/invoke/LambdaForm$MH+0x000001f404007800
# instanceKlass java/lang/invoke/LambdaForm$MH+0x000001f404007400
instanceKlass  @bci driverecovery/DriveRecoveryService lambda$processUserDrive$0 (Ljava/util/concurrent/atomic/AtomicInteger;Ljava/util/List;Ldriverecovery/DriveRecoveryService$FolderInfo;Ljava/lang/String;Ljava/util/concurrent/atomic/AtomicInteger;)V 28 <appendix> argL1 argL1 form vmentry <vmtarget> ; # java/lang/invoke/LambdaForm$MH+0x000001f404007000
# instanceKlass java/lang/invoke/LambdaForm$MH+0x000001f404006c00
# instanceKlass java/lang/invoke/LambdaForm$MH+0x000001f404006800
instanceKlass jdk/internal/util/ByteArray
instanceKlass java/lang/Long$LongCache
instanceKlass sun/util/calendar/ZoneInfoFile$1
instanceKlass sun/util/calendar/ZoneInfoFile
# instanceKlass java/lang/invoke/LambdaForm$MH+0x000001f404006400
instanceKlass java/util/TimeZone
instanceKlass sun/util/calendar/CalendarSystem$GregorianHolder
instanceKlass sun/util/calendar/CalendarSystem
instanceKlass java/util/Date
instanceKlass sun/nio/cs/Surrogate
instanceKlass sun/nio/cs/Surrogate$Parser
instanceKlass java/util/Collections$SynchronizedCollection
instanceKlass java/util/Properties$EntrySet
instanceKlass jdk/internal/vm/VMSupport
instanceKlass java/awt/Toolkit$1
instanceKlass java/awt/Toolkit$2
instanceKlass  @bci jdk/internal/module/SystemModuleFinders$SystemModuleReader open (Ljava/lang/String;)Ljava/util/Optional; 6 <appendix> member <vmtarget> ; # jdk/internal/module/SystemModuleFinders$SystemModuleReader$$Lambda+0x000001f40405ddc0
instanceKlass jdk/internal/module/Checks
instanceKlass  @bci java/util/ResourceBundle$ResourceBundleProviderHelper loadPropertyResourceBundle (Ljava/lang/Module;Ljava/lang/Module;Ljava/lang/String;Ljava/util/Locale;)Ljava/util/ResourceBundle; 14 <appendix> member <vmtarget> ; # java/util/ResourceBundle$ResourceBundleProviderHelper$$Lambda+0x000001f40405db98
instanceKlass  @bci java/util/ResourceBundle$ResourceBundleProviderHelper newResourceBundle (Ljava/lang/Class;)Ljava/util/ResourceBundle; 22 <appendix> member <vmtarget> ; # java/util/ResourceBundle$ResourceBundleProviderHelper$$Lambda+0x80000000f
instanceKlass java/security/Security$1
instanceKlass jdk/internal/access/JavaSecurityPropertiesAccess
instanceKlass java/util/concurrent/ConcurrentHashMap$MapEntry
instanceKlass  @bci java/security/Security <clinit> ()V 9 <appendix> argL0 ; # java/security/Security$$Lambda+0x80000000b
instanceKlass java/security/Security
instanceKlass sun/security/util/SecurityProperties
instanceKlass sun/security/util/FilePermCompat
instanceKlass sun/security/util/SecurityConstants
instanceKlass  @bci java/util/ResourceBundle$ResourceBundleProviderHelper loadResourceBundle (Ljava/lang/Module;Ljava/lang/Module;Ljava/lang/String;Ljava/util/Locale;)Ljava/util/ResourceBundle; 13 <appendix> member <vmtarget> ; # java/util/ResourceBundle$ResourceBundleProviderHelper$$Lambda+0x000001f40405c570
instanceKlass java/util/ResourceBundle$ResourceBundleProviderHelper
instanceKlass java/util/ResourceBundle$3
instanceKlass java/util/ResourceBundle$CacheKeyReference
instanceKlass java/util/ResourceBundle$CacheKey
instanceKlass  @bci java/util/ResourceBundle getLoader (Ljava/lang/Module;)Ljava/lang/ClassLoader; 6 <appendix> member <vmtarget> ; # java/util/ResourceBundle$$Lambda+0x000001f40405ba90
instanceKlass sun/util/locale/LocaleObjectCache
instanceKlass java/util/ResourceBundle$Control
instanceKlass java/util/ResourceBundle$1
instanceKlass jdk/internal/access/JavaUtilResourceBundleAccess
instanceKlass java/util/ResourceBundle
instanceKlass java/awt/Toolkit$4
instanceKlass sun/awt/AWTAccessor
instanceKlass java/awt/Toolkit$3
instanceKlass sun/awt/AWTAccessor$ToolkitAccessor
instanceKlass java/awt/Toolkit
instanceKlass java/awt/Component$AWTTreeLock
instanceKlass jdk/internal/logger/LazyLoggers$LazyLoggerAccessor
instanceKlass jdk/internal/logger/LazyLoggers$LoggerAccessor
instanceKlass jdk/internal/logger/AbstractLoggerWrapper
instanceKlass java/util/ServiceLoader$ProviderImpl
instanceKlass java/util/ServiceLoader$Provider
instanceKlass java/util/ServiceLoader$1
instanceKlass sun/util/logging/internal/LoggingProviderImpl$LogManagerAccess
instanceKlass java/util/concurrent/CopyOnWriteArrayList$COWIterator
instanceKlass jdk/internal/loader/URLClassPath$1
instanceKlass java/lang/CompoundEnumeration
instanceKlass jdk/internal/loader/BuiltinClassLoader$1
instanceKlass java/util/Collections$EmptyEnumeration
instanceKlass java/util/Collections$EmptyIterator
instanceKlass jdk/internal/jimage/ImageLocation
instanceKlass jdk/internal/jimage/decompressor/Decompressor
instanceKlass jdk/internal/jimage/ImageStringsReader
instanceKlass jdk/internal/jimage/ImageStrings
instanceKlass jdk/internal/jimage/ImageHeader
instanceKlass jdk/internal/jimage/NativeImageBuffer$1
instanceKlass jdk/internal/jimage/NativeImageBuffer
instanceKlass jdk/internal/jimage/BasicImageReader$1
instanceKlass jdk/internal/jimage/BasicImageReader
instanceKlass jdk/internal/jimage/ImageReader
instanceKlass jdk/internal/jimage/ImageReaderFactory$1
instanceKlass java/nio/file/FileSystems$DefaultFileSystemHolder$1
instanceKlass java/nio/file/FileSystems$DefaultFileSystemHolder
instanceKlass java/nio/file/FileSystems
instanceKlass java/nio/file/Paths
instanceKlass jdk/internal/jimage/ImageReaderFactory
instanceKlass jdk/internal/module/SystemModuleFinders$SystemImage
instanceKlass jdk/internal/module/SystemModuleFinders$SystemModuleReader
instanceKlass java/lang/module/ModuleReader
instanceKlass jdk/internal/loader/BuiltinClassLoader$5
instanceKlass jdk/internal/loader/BuiltinClassLoader$2
instanceKlass jdk/internal/module/Resources
instanceKlass java/util/ServiceLoader$3
instanceKlass java/util/ServiceLoader$2
instanceKlass java/util/ServiceLoader$LazyClassPathLookupIterator
instanceKlass java/util/Spliterators$1Adapter
instanceKlass java/util/Spliterators$ArraySpliterator
instanceKlass java/util/ServiceLoader$ModuleServicesLookupIterator
instanceKlass java/util/ServiceLoader
instanceKlass java/lang/System$LoggerFinder
instanceKlass jdk/internal/logger/BootstrapLogger$DetectBackend$1
instanceKlass jdk/internal/logger/BootstrapLogger$DetectBackend
instanceKlass jdk/internal/logger/BootstrapLogger
instanceKlass sun/util/logging/PlatformLogger$ConfigurableBridge
instanceKlass sun/util/logging/PlatformLogger$Bridge
instanceKlass java/lang/System$Logger
instanceKlass jdk/internal/logger/LazyLoggers$LazyLoggerFactories
instanceKlass jdk/internal/logger/LazyLoggers$1
instanceKlass jdk/internal/logger/LazyLoggers
instanceKlass sun/util/logging/PlatformLogger
instanceKlass java/awt/event/WindowListener
instanceKlass java/util/EventListener
instanceKlass javax/swing/SwingConstants
instanceKlass javax/swing/plaf/ComponentUI
instanceKlass driverecovery/ProgressTracker$ProgressListener
instanceKlass sun/nio/ch/Util$BufferCache
instanceKlass sun/nio/ch/Util
instanceKlass java/lang/invoke/VarHandle$AccessDescriptor
instanceKlass javax/swing/border/Border
instanceKlass sun/nio/ch/NativeThread
instanceKlass sun/net/NetHooks
instanceKlass sun/net/spi/DefaultProxySelector$3
instanceKlass sun/net/spi/DefaultProxySelector$NonProxyInfo
instanceKlass java/net/URI$Parser
instanceKlass java/util/Properties$LineReader
instanceKlass sun/net/NetProperties$1
instanceKlass java/awt/LayoutManager
instanceKlass sun/net/NetProperties
instanceKlass sun/net/spi/DefaultProxySelector$1
instanceKlass java/net/Proxy
instanceKlass java/net/ProxySelector
instanceKlass java/net/SocksSocketImpl$3
instanceKlass  @bci sun/nio/ch/NioSocketImpl closerFor (Ljava/io/FileDescriptor;Z)Ljava/lang/Runnable; 5 <appendix> member <vmtarget> ; # sun/nio/ch/NioSocketImpl$$Lambda+0x000001f40404eee8
instanceKlass  @cpi com/sun/crypto/provider/PBEKey 185 form vmentry <vmtarget> ; # java/lang/invoke/LambdaForm$DMH+0x000001f404006000
instanceKlass java/awt/Component
instanceKlass java/awt/image/ImageObserver
instanceKlass java/awt/MenuContainer
instanceKlass javax/swing/TransferHandler$HasGetTransferHandler
instanceKlass javax/swing/RootPaneContainer
instanceKlass javax/accessibility/Accessible
instanceKlass javax/swing/WindowConstants
instanceKlass jdk/net/ExtendedSocketOptions$2
instanceKlass jdk/net/ExtendedSocketOptions$PlatformSocketOptions
instanceKlass jdk/net/ExtendedSocketOptions$ExtSocketOption
instanceKlass java/net/SocketOption
instanceKlass jdk/net/ExtendedSocketOptions
instanceKlass sun/net/ext/ExtendedSocketOptions
instanceKlass java/net/Inet6Address$Inet6AddressHolder
instanceKlass com/google/api/client/http/HttpTransport
instanceKlass sun/nio/ch/Net$1
instanceKlass java/net/ProtocolFamily
instanceKlass sun/nio/ch/Net
instanceKlass java/net/SocksConsts
instanceKlass com/google/api/client/json/JsonFactory
instanceKlass com/google/api/client/http/HttpRequestInitializer
instanceKlass sun/nio/ch/IOUtil
instanceKlass sun/nio/ch/NativeDispatcher
instanceKlass sun/net/PlatformSocketImpl
instanceKlass com/google/auth/oauth2/QuotaProjectIdProvider
instanceKlass java/net/SocketImpl
instanceKlass java/net/SocketOptions
instanceKlass java/net/InetSocketAddress$InetSocketAddressHolder
instanceKlass java/net/InetAddress$PlatformResolver
instanceKlass java/net/spi/InetAddressResolver
instanceKlass java/net/spi/InetAddressResolver$LookupPolicy
instanceKlass java/net/Inet4AddressImpl
instanceKlass java/net/Inet6AddressImpl
instanceKlass java/net/InetAddressImpl
instanceKlass java/util/concurrent/ConcurrentSkipListMap$Node
instanceKlass java/util/concurrent/ConcurrentSkipListMap$Index
instanceKlass java/util/concurrent/ConcurrentNavigableMap
instanceKlass java/net/InetAddress$InetAddressHolder
instanceKlass java/net/InetAddress$1
instanceKlass jdk/internal/access/JavaNetInetAddressAccess
instanceKlass com/google/auth/Credentials
instanceKlass java/net/InetAddress
instanceKlass java/net/SocketAddress
instanceKlass java/lang/invoke/VarForm
instanceKlass jdk/internal/misc/PreviewFeatures
instanceKlass jdk/internal/misc/MainMethodFinder
instanceKlass java/lang/invoke/VarHandleGuards
instanceKlass driverecovery/Main
instanceKlass java/lang/invoke/VarHandles
instanceKlass java/io/FileInputStream$1
instanceKlass java/net/Socket
instanceKlass sun/nio/cs/SingleByte
instanceKlass sun/nio/cs/MS1252$Holder
instanceKlass sun/nio/cs/ArrayDecoder
instanceKlass sun/launcher/LauncherHelper
instanceKlass java/io/Reader
instanceKlass com/intellij/rt/execution/application/AppMainV2
instanceKlass  @bci jdk/internal/reflect/DirectMethodHandleAccessor invokeImpl (Ljava/lang/Object;[Ljava/lang/Object;)Ljava/lang/Object; 72 <adapter> ; # java/lang/invoke/LambdaForm$MH+0x000001f404002800
instanceKlass  @bci driverecovery/DriveRecoveryService processUserDrive (Ljava/lang/String;)V 4 <appendix> form vmentry <vmtarget> ; # java/lang/invoke/LambdaForm$MH+0x000001f404001800
instanceKlass  @cpi driverecovery/DriveRecoveryService 2973 form vmentry <vmtarget> ; # java/lang/invoke/LambdaForm$DMH+0x000001f404001000
instanceKlass com/intellij/rt/execution/application/AppMainV2$Agent
instanceKlass java/security/SecureClassLoader$DebugHolder
instanceKlass java/security/Permission
instanceKlass java/security/Guard
instanceKlass java/security/PermissionCollection
instanceKlass java/security/SecureClassLoader$1
instanceKlass java/util/zip/Checksum$1
instanceKlass java/util/zip/CRC32
instanceKlass java/util/zip/Checksum
instanceKlass sun/nio/ByteBuffered
instanceKlass java/lang/Package$VersionInfo
instanceKlass java/lang/NamedPackage
instanceKlass jdk/internal/loader/Resource
instanceKlass java/util/jar/Attributes$Name
instanceKlass java/util/jar/Attributes
instanceKlass java/util/TreeMap$PrivateEntryIterator
instanceKlass java/util/TreeMap$Entry
instanceKlass java/util/NavigableMap
instanceKlass java/util/SortedMap
instanceKlass java/util/NavigableSet
instanceKlass java/util/SortedSet
instanceKlass sun/security/action/GetIntegerAction
instanceKlass sun/security/util/Debug
instanceKlass sun/security/util/SignatureFileVerifier
instanceKlass java/util/zip/ZipFile$InflaterCleanupAction
instanceKlass java/util/zip/Inflater$InflaterZStreamRef
instanceKlass java/util/zip/Inflater
instanceKlass java/util/zip/ZipEntry
instanceKlass java/util/zip/ZipFile$2
instanceKlass java/nio/Bits$1
instanceKlass jdk/internal/misc/VM$BufferPool
instanceKlass java/nio/Bits
instanceKlass sun/nio/ch/DirectBuffer
instanceKlass jdk/internal/perf/PerfCounter$CoreCounters
instanceKlass jdk/internal/perf/Perf
instanceKlass jdk/internal/perf/Perf$GetPerfAction
instanceKlass jdk/internal/perf/PerfCounter
instanceKlass sun/util/locale/LocaleUtils
instanceKlass sun/util/locale/BaseLocale
instanceKlass java/util/Locale
instanceKlass java/nio/file/attribute/FileTime
instanceKlass java/util/zip/ZipUtils
instanceKlass java/util/zip/ZipFile$Source$End
instanceKlass java/io/RandomAccessFile$2
instanceKlass jdk/internal/access/JavaIORandomAccessFileAccess
instanceKlass java/io/RandomAccessFile
instanceKlass java/io/DataInput
instanceKlass java/io/DataOutput
instanceKlass sun/nio/fs/WindowsNativeDispatcher$CompletionStatus
instanceKlass sun/nio/fs/WindowsNativeDispatcher$AclInformation
instanceKlass sun/nio/fs/WindowsNativeDispatcher$Account
instanceKlass sun/nio/fs/WindowsNativeDispatcher$DiskFreeSpace
instanceKlass sun/nio/fs/WindowsNativeDispatcher$VolumeInformation
instanceKlass sun/nio/fs/WindowsNativeDispatcher$FirstStream
instanceKlass sun/nio/fs/WindowsNativeDispatcher$FirstFile
instanceKlass java/util/Enumeration
instanceKlass java/util/concurrent/ConcurrentHashMap$Traverser
instanceKlass sun/nio/fs/WindowsNativeDispatcher
instanceKlass sun/nio/fs/NativeBuffer$Deallocator
instanceKlass sun/nio/fs/NativeBuffer
instanceKlass java/lang/ThreadLocal$ThreadLocalMap
instanceKlass java/lang/ThreadLocal
instanceKlass sun/nio/fs/NativeBuffers
instanceKlass sun/nio/fs/WindowsFileAttributes
instanceKlass java/nio/file/attribute/DosFileAttributes
instanceKlass sun/nio/fs/AbstractBasicFileAttributeView
instanceKlass sun/nio/fs/DynamicFileAttributeView
instanceKlass sun/nio/fs/WindowsFileAttributeViews
instanceKlass sun/nio/fs/Util
instanceKlass java/nio/file/attribute/BasicFileAttributeView
instanceKlass java/nio/file/attribute/FileAttributeView
instanceKlass java/nio/file/attribute/AttributeView
instanceKlass java/nio/file/Files
instanceKlass java/nio/file/CopyOption
instanceKlass java/nio/file/attribute/BasicFileAttributes
instanceKlass sun/nio/fs/WindowsPath
instanceKlass java/util/zip/ZipFile$Source$Key
instanceKlass java/util/concurrent/ForkJoinPool$ManagedBlocker
instanceKlass sun/nio/fs/WindowsPathParser$Result
instanceKlass java/util/concurrent/locks/AbstractQueuedSynchronizer$Node
instanceKlass sun/nio/fs/WindowsPathParser
instanceKlass java/nio/file/FileSystem
instanceKlass java/nio/file/OpenOption
instanceKlass java/nio/file/spi/FileSystemProvider
instanceKlass sun/nio/fs/DefaultFileSystemProvider
instanceKlass java/util/zip/ZipFile$Source
instanceKlass java/lang/ref/Cleaner$Cleanable
instanceKlass jdk/internal/ref/CleanerImpl
instanceKlass java/lang/ref/Cleaner$1
instanceKlass java/lang/ref/Cleaner
instanceKlass jdk/internal/ref/CleanerFactory$1
instanceKlass java/util/concurrent/ThreadFactory
instanceKlass jdk/internal/ref/CleanerFactory
instanceKlass java/util/zip/ZipCoder
instanceKlass java/util/zip/ZipFile$CleanableResource
instanceKlass java/lang/Runtime$Version
instanceKlass java/util/jar/JavaUtilJarAccessImpl
instanceKlass jdk/internal/access/JavaUtilJarAccess
instanceKlass jdk/internal/loader/FileURLMapper
instanceKlass jdk/internal/loader/URLClassPath$JarLoader$1
instanceKlass java/util/zip/ZipFile$1
instanceKlass jdk/internal/access/JavaUtilZipFileAccess
instanceKlass java/util/zip/ZipFile
instanceKlass java/util/zip/ZipConstants
instanceKlass java/nio/charset/CoderResult
instanceKlass java/lang/StringCoding
instanceKlass java/nio/charset/CharsetDecoder
instanceKlass java/lang/Readable
instanceKlass jdk/internal/loader/URLClassPath$Loader
instanceKlass jdk/internal/loader/URLClassPath$3
instanceKlass java/security/PrivilegedExceptionAction
instanceKlass sun/net/util/URLUtil
instanceKlass sun/instrument/TransformerManager$TransformerInfo
instanceKlass sun/instrument/TransformerManager
instanceKlass jdk/internal/loader/NativeLibraries$3
instanceKlass jdk/internal/loader/NativeLibrary
instanceKlass java/util/ArrayDeque$DeqIterator
instanceKlass jdk/internal/loader/NativeLibraries$NativeLibraryContext$1
instanceKlass jdk/internal/loader/NativeLibraries$NativeLibraryContext
instanceKlass jdk/internal/loader/NativeLibraries$2
instanceKlass jdk/internal/loader/NativeLibraries$1
instanceKlass jdk/internal/loader/NativeLibraries$LibraryPaths
instanceKlass  @bci sun/instrument/InstrumentationImpl <clinit> ()V 16 <appendix> argL0 ; # sun/instrument/InstrumentationImpl$$Lambda+0x000001f404041968
instanceKlass sun/instrument/InstrumentationImpl
instanceKlass java/lang/instrument/Instrumentation
instanceKlass java/lang/invoke/StringConcatFactory
instanceKlass jdk/internal/module/ModuleBootstrap$SafeModuleFinder
instanceKlass java/lang/ModuleLayer$Controller
instanceKlass java/util/concurrent/CopyOnWriteArrayList
instanceKlass jdk/internal/module/ServicesCatalog$ServiceProvider
instanceKlass jdk/internal/loader/AbstractClassLoaderValue$Memoizer
instanceKlass jdk/internal/module/ModuleLoaderMap$Modules
instanceKlass jdk/internal/module/ModuleLoaderMap$Mapper
instanceKlass jdk/internal/module/ModuleLoaderMap
instanceKlass java/lang/module/ResolvedModule
instanceKlass java/util/Collections$UnmodifiableCollection$1
instanceKlass java/util/SequencedMap
instanceKlass java/util/SequencedSet
instanceKlass java/lang/ModuleLayer
instanceKlass java/util/ImmutableCollections$ListItr
instanceKlass java/util/ListIterator
instanceKlass java/lang/module/ModuleFinder$1
instanceKlass java/nio/file/Path
instanceKlass java/nio/file/Watchable
instanceKlass java/lang/module/Resolver
instanceKlass java/lang/module/Configuration
instanceKlass  @bci java/util/stream/FindOps$FindSink$OfRef <clinit> ()V 43 <appendix> argL0 ; # java/util/stream/FindOps$FindSink$OfRef$$Lambda+0x800000047
instanceKlass  @bci java/util/stream/FindOps$FindSink$OfRef <clinit> ()V 38 <appendix> argL0 ; # java/util/stream/FindOps$FindSink$OfRef$$Lambda+0x800000049
instanceKlass  @bci java/util/stream/FindOps$FindSink$OfRef <clinit> ()V 16 <appendix> argL0 ; # java/util/stream/FindOps$FindSink$OfRef$$Lambda+0x800000048
instanceKlass  @bci java/util/stream/FindOps$FindSink$OfRef <clinit> ()V 11 <appendix> argL0 ; # java/util/stream/FindOps$FindSink$OfRef$$Lambda+0x80000004a
instanceKlass java/util/stream/FindOps$FindOp
instanceKlass java/util/stream/FindOps$FindSink
instanceKlass java/util/stream/FindOps
instanceKlass  @bci jdk/internal/module/DefaultRoots exportsAPI (Ljava/lang/module/ModuleDescriptor;)Z 9 <appendix> argL0 ; # jdk/internal/module/DefaultRoots$$Lambda+0x800000050
instanceKlass java/util/stream/Sink$ChainedReference
instanceKlass java/util/stream/ReduceOps$AccumulatingSink
instanceKlass java/util/stream/TerminalSink
instanceKlass java/util/stream/Sink
instanceKlass java/util/function/Consumer
instanceKlass java/util/stream/ReduceOps$Box
instanceKlass java/util/stream/ReduceOps$ReduceOp
instanceKlass java/util/stream/TerminalOp
instanceKlass java/util/stream/ReduceOps
instanceKlass  @bci java/util/stream/Collectors castingIdentity ()Ljava/util/function/Function; 0 <appendix> argL0 ; # java/util/stream/Collectors$$Lambda+0x800000041
instanceKlass  @bci java/util/stream/Collectors toSet ()Ljava/util/stream/Collector; 14 <appendix> argL0 ; # java/util/stream/Collectors$$Lambda+0x80000003f
instanceKlass java/util/function/BinaryOperator
instanceKlass  @bci java/util/stream/Collectors toSet ()Ljava/util/stream/Collector; 9 <appendix> argL0 ; # java/util/stream/Collectors$$Lambda+0x800000038
instanceKlass java/util/function/BiConsumer
instanceKlass  @bci java/util/stream/Collectors toSet ()Ljava/util/stream/Collector; 4 <appendix> argL0 ; # java/util/stream/Collectors$$Lambda+0x800000044
instanceKlass java/util/stream/Collector
instanceKlass java/util/Collections$UnmodifiableCollection
instanceKlass java/util/stream/Collectors
instanceKlass  @bci jdk/internal/module/DefaultRoots compute (Ljava/lang/module/ModuleFinder;Ljava/lang/module/ModuleFinder;)Ljava/util/Set; 42 <appendix> argL0 ; # jdk/internal/module/DefaultRoots$$Lambda+0x80000004d
instanceKlass  @bci jdk/internal/module/DefaultRoots compute (Ljava/lang/module/ModuleFinder;Ljava/lang/module/ModuleFinder;)Ljava/util/Set; 32 <appendix> member <vmtarget> ; # jdk/internal/module/DefaultRoots$$Lambda+0x800000051
instanceKlass  @bci jdk/internal/module/DefaultRoots compute (Ljava/lang/module/ModuleFinder;Ljava/lang/module/ModuleFinder;)Ljava/util/Set; 21 <appendix> argL0 ; # jdk/internal/module/DefaultRoots$$Lambda+0x80000004e
instanceKlass  @bci driverecovery/DriveRecoveryService processActivity (Lcom/google/api/services/driveactivity/v2/model/DriveActivity;Ljava/lang/String;Ljava/util/Map;)V 801 <appendix> form vmentry <vmtarget> ; # java/lang/invoke/LambdaForm$MH+0x000001f404000800
instanceKlass  @bci jdk/internal/module/DefaultRoots compute (Ljava/lang/module/ModuleFinder;Ljava/lang/module/ModuleFinder;)Ljava/util/Set; 11 <appendix> argL0 ; # jdk/internal/module/DefaultRoots$$Lambda+0x80000004f
instanceKlass java/lang/invoke/LambdaProxyClassArchive
instanceKlass java/lang/invoke/InfoFromMemberName
instanceKlass java/lang/invoke/MethodHandleInfo
instanceKlass jdk/internal/org/objectweb/asm/ConstantDynamic
instanceKlass jdk/internal/org/objectweb/asm/Handle
instanceKlass sun/security/action/GetBooleanAction
instanceKlass java/lang/invoke/AbstractValidatingLambdaMetafactory
instanceKlass java/lang/invoke/BootstrapMethodInvoker
instanceKlass java/util/function/Predicate
instanceKlass java/lang/WeakPairMap$Pair$Lookup
instanceKlass java/lang/WeakPairMap$Pair
instanceKlass java/lang/WeakPairMap
instanceKlass java/lang/Module$ReflectionData
instanceKlass java/lang/invoke/LambdaMetafactory
instanceKlass java/lang/invoke/MethodHandles$Lookup$ClassDefiner
instanceKlass java/lang/invoke/MethodHandles$Lookup$ClassFile
instanceKlass jdk/internal/org/objectweb/asm/Handler
instanceKlass jdk/internal/org/objectweb/asm/Attribute
instanceKlass jdk/internal/org/objectweb/asm/FieldVisitor
instanceKlass java/util/ArrayList$Itr
instanceKlass sun/invoke/empty/Empty
instanceKlass sun/invoke/util/VerifyType
instanceKlass java/lang/invoke/InvokerBytecodeGenerator$ClassData
instanceKlass jdk/internal/org/objectweb/asm/AnnotationVisitor
instanceKlass jdk/internal/org/objectweb/asm/Frame
instanceKlass jdk/internal/org/objectweb/asm/Label
instanceKlass jdk/internal/org/objectweb/asm/Type
instanceKlass jdk/internal/org/objectweb/asm/MethodVisitor
instanceKlass sun/invoke/util/BytecodeDescriptor
instanceKlass jdk/internal/org/objectweb/asm/ByteVector
instanceKlass jdk/internal/org/objectweb/asm/Symbol
instanceKlass jdk/internal/org/objectweb/asm/SymbolTable
instanceKlass jdk/internal/org/objectweb/asm/ClassVisitor
instanceKlass java/lang/invoke/LambdaFormBuffer
instanceKlass java/lang/invoke/LambdaFormEditor$TransformKey
instanceKlass java/lang/invoke/LambdaFormEditor
instanceKlass java/lang/invoke/Invokers$Holder
instanceKlass java/lang/invoke/DelegatingMethodHandle$Holder
instanceKlass java/lang/invoke/DirectMethodHandle$2
instanceKlass java/lang/invoke/ClassSpecializer$Factory
instanceKlass java/lang/invoke/ClassSpecializer$SpeciesData
instanceKlass java/lang/invoke/ClassSpecializer$1
instanceKlass java/lang/invoke/ClassSpecializer
instanceKlass java/lang/invoke/InvokerBytecodeGenerator$1
instanceKlass java/lang/invoke/InvokerBytecodeGenerator
instanceKlass java/lang/invoke/LambdaForm$Holder
instanceKlass java/lang/invoke/LambdaForm$Name
instanceKlass java/lang/reflect/Array
instanceKlass java/lang/invoke/Invokers
instanceKlass sun/invoke/util/ValueConversions
instanceKlass java/lang/invoke/DirectMethodHandle$Holder
instanceKlass java/lang/Void
instanceKlass sun/invoke/util/Wrapper$Format
instanceKlass java/lang/invoke/MethodHandleImpl$1
instanceKlass jdk/internal/access/JavaLangInvokeAccess
instanceKlass java/lang/invoke/LambdaForm$NamedFunction
instanceKlass java/lang/invoke/MethodHandleImpl
instanceKlass jdk/internal/reflect/MethodHandleAccessorFactory$LazyStaticHolder
instanceKlass java/lang/invoke/MethodTypeForm
instanceKlass jdk/internal/util/StrongReferenceKey
instanceKlass jdk/internal/util/ReferenceKey
instanceKlass jdk/internal/util/ReferencedKeyMap
instanceKlass java/lang/invoke/MethodType$1
instanceKlass sun/reflect/annotation/AnnotationParser
instanceKlass java/lang/Class$3
instanceKlass java/lang/PublicMethods$Key
instanceKlass java/lang/PublicMethods$MethodList
instanceKlass java/util/EnumMap$1
instanceKlass java/util/stream/StreamOpFlag$MaskBuilder
instanceKlass java/util/stream/Stream
instanceKlass java/util/stream/BaseStream
instanceKlass java/util/stream/PipelineHelper
instanceKlass java/util/stream/StreamSupport
instanceKlass java/util/Spliterators$IteratorSpliterator
instanceKlass java/util/Spliterator$OfDouble
instanceKlass java/util/Spliterator$OfLong
instanceKlass java/util/Spliterator$OfInt
instanceKlass java/util/Spliterator$OfPrimitive
instanceKlass java/util/Spliterator
instanceKlass java/util/Spliterators$EmptySpliterator
instanceKlass java/util/Spliterators
instanceKlass jdk/internal/module/DefaultRoots
instanceKlass jdk/internal/loader/BuiltinClassLoader$LoadedModule
instanceKlass jdk/internal/loader/AbstractClassLoaderValue
instanceKlass jdk/internal/module/ServicesCatalog
instanceKlass java/util/Deque
instanceKlass java/util/Queue
instanceKlass sun/net/util/IPAddressUtil$MASKS
instanceKlass sun/net/util/IPAddressUtil
instanceKlass java/net/URLStreamHandler
instanceKlass java/lang/StringUTF16
instanceKlass sun/net/www/ParseUtil
instanceKlass java/net/URL$3
instanceKlass jdk/internal/access/JavaNetURLAccess
instanceKlass java/net/URL$DefaultFactory
instanceKlass java/net/URLStreamHandlerFactory
instanceKlass jdk/internal/loader/URLClassPath
instanceKlass java/security/Principal
instanceKlass java/security/ProtectionDomain$Key
instanceKlass java/security/ProtectionDomain$JavaSecurityAccessImpl
instanceKlass jdk/internal/access/JavaSecurityAccess
instanceKlass java/lang/ClassLoader$ParallelLoaders
instanceKlass java/security/cert/Certificate
instanceKlass jdk/internal/loader/ArchivedClassLoaders
instanceKlass java/util/concurrent/ConcurrentHashMap$CollectionView
instanceKlass jdk/internal/loader/ClassLoaderHelper
instanceKlass jdk/internal/loader/NativeLibraries
instanceKlass java/lang/Module$EnableNativeAccess
instanceKlass jdk/internal/loader/BootLoader
instanceKlass java/util/Optional
instanceKlass jdk/internal/module/SystemModuleFinders$SystemModuleFinder
instanceKlass java/lang/module/ModuleFinder
instanceKlass jdk/internal/module/SystemModuleFinders$3
instanceKlass jdk/internal/module/ModuleHashes$HashSupplier
instanceKlass jdk/internal/module/SystemModuleFinders$2
instanceKlass java/util/function/Supplier
instanceKlass java/lang/module/ModuleReference
instanceKlass jdk/internal/module/ModuleResolution
instanceKlass java/util/Collections$UnmodifiableMap
instanceKlass jdk/internal/module/ModuleHashes$Builder
instanceKlass jdk/internal/module/ModuleHashes
instanceKlass jdk/internal/module/ModuleTarget
instanceKlass java/util/ImmutableCollections$Set12$1
instanceKlass java/lang/reflect/AccessFlag$18
instanceKlass java/lang/reflect/AccessFlag$17
instanceKlass java/lang/reflect/AccessFlag$16
instanceKlass java/lang/reflect/AccessFlag$15
instanceKlass java/lang/reflect/AccessFlag$14
instanceKlass java/lang/reflect/AccessFlag$13
instanceKlass java/lang/reflect/AccessFlag$12
instanceKlass java/lang/reflect/AccessFlag$11
instanceKlass java/lang/reflect/AccessFlag$10
instanceKlass java/lang/reflect/AccessFlag$9
instanceKlass java/lang/reflect/AccessFlag$8
instanceKlass java/lang/reflect/AccessFlag$7
instanceKlass java/lang/reflect/AccessFlag$6
instanceKlass java/lang/reflect/AccessFlag$5
instanceKlass java/lang/reflect/AccessFlag$4
instanceKlass java/lang/reflect/AccessFlag$3
instanceKlass java/lang/reflect/AccessFlag$2
instanceKlass java/lang/reflect/AccessFlag$1
instanceKlass java/lang/module/ModuleDescriptor$Version
instanceKlass java/lang/module/ModuleDescriptor$Provides
instanceKlass java/lang/module/ModuleDescriptor$Opens
instanceKlass java/util/ImmutableCollections$SetN$SetNIterator
instanceKlass java/lang/module/ModuleDescriptor$Exports
instanceKlass java/lang/module/ModuleDescriptor$Requires
instanceKlass jdk/internal/module/Builder
instanceKlass jdk/internal/module/SystemModules$all
instanceKlass jdk/internal/module/SystemModules
instanceKlass jdk/internal/module/SystemModulesMap
instanceKlass java/net/URI$1
instanceKlass jdk/internal/access/JavaNetUriAccess
instanceKlass java/net/URI
instanceKlass jdk/internal/module/SystemModuleFinders
instanceKlass jdk/internal/module/ArchivedModuleGraph
instanceKlass jdk/internal/module/ArchivedBootLayer
instanceKlass jdk/internal/module/ModuleBootstrap$Counters
instanceKlass jdk/internal/module/ModulePatcher
instanceKlass java/io/FileSystem
instanceKlass java/io/DefaultFileSystem
instanceKlass java/io/File
instanceKlass java/lang/module/ModuleDescriptor$1
instanceKlass jdk/internal/access/JavaLangModuleAccess
instanceKlass sun/invoke/util/VerifyAccess
instanceKlass java/util/KeyValueHolder
instanceKlass java/util/ImmutableCollections$MapN$MapNIterator
instanceKlass java/lang/StrictMath
instanceKlass java/lang/invoke/MethodHandles$Lookup
instanceKlass java/lang/invoke/MemberName$Factory
instanceKlass java/lang/invoke/MethodHandles
instanceKlass java/lang/module/ModuleDescriptor
instanceKlass jdk/internal/module/ModuleBootstrap
instanceKlass java/lang/Character$CharacterCache
instanceKlass java/util/HexFormat
instanceKlass jdk/internal/util/ClassFileDumper
instanceKlass sun/security/action/GetPropertyAction
instanceKlass java/lang/invoke/MethodHandleStatics
instanceKlass jdk/internal/misc/Blocker
instanceKlass java/util/concurrent/locks/AbstractQueuedSynchronizer$ConditionObject
instanceKlass java/util/concurrent/locks/Condition
instanceKlass java/util/Collections
instanceKlass java/lang/Thread$ThreadIdentifiers
instanceKlass sun/io/Win32ErrorMode
instanceKlass jdk/internal/misc/OSEnvironment
instanceKlass java/lang/Integer$IntegerCache
instanceKlass jdk/internal/misc/Signal$NativeHandler
instanceKlass java/util/Hashtable$Entry
instanceKlass jdk/internal/misc/Signal
instanceKlass java/lang/Terminator$1
instanceKlass jdk/internal/misc/Signal$Handler
instanceKlass java/lang/Terminator
instanceKlass java/nio/ByteOrder
instanceKlass java/nio/Buffer$2
instanceKlass jdk/internal/access/JavaNioAccess
instanceKlass java/nio/Buffer$1
instanceKlass jdk/internal/misc/ScopedMemoryAccess
instanceKlass java/nio/charset/CodingErrorAction
instanceKlass java/nio/charset/CharsetEncoder
instanceKlass java/io/Writer
instanceKlass java/io/PrintStream$1
instanceKlass jdk/internal/access/JavaIOPrintStreamAccess
instanceKlass jdk/internal/misc/InternalLock
instanceKlass java/io/OutputStream
instanceKlass java/io/Flushable
instanceKlass java/io/FileDescriptor$1
instanceKlass jdk/internal/access/JavaIOFileDescriptorAccess
instanceKlass java/io/FileDescriptor
instanceKlass jdk/internal/util/StaticProperty
instanceKlass jdk/internal/reflect/MethodHandleAccessorFactory
instanceKlass java/lang/reflect/Modifier
instanceKlass java/lang/Class$1
instanceKlass java/lang/Class$Atomic
instanceKlass java/lang/Class$ReflectionData
instanceKlass java/nio/charset/StandardCharsets
instanceKlass sun/nio/cs/HistoricallyNamedCharset
instanceKlass java/nio/charset/spi/CharsetProvider
instanceKlass java/nio/charset/Charset
instanceKlass java/util/HashMap$HashIterator
instanceKlass java/util/concurrent/locks/LockSupport
instanceKlass java/util/concurrent/ConcurrentHashMap$Node
instanceKlass java/util/concurrent/ConcurrentHashMap$CounterCell
instanceKlass java/util/concurrent/locks/ReentrantLock
instanceKlass java/util/concurrent/locks/Lock
instanceKlass java/lang/CharacterData
instanceKlass java/util/Arrays
instanceKlass jdk/internal/util/Preconditions$3
instanceKlass jdk/internal/util/Preconditions$2
instanceKlass jdk/internal/util/Preconditions$4
instanceKlass java/util/function/BiFunction
instanceKlass jdk/internal/util/Preconditions$1
instanceKlass java/util/function/Function
instanceKlass jdk/internal/util/Preconditions
instanceKlass java/lang/Runtime
instanceKlass java/lang/VersionProps
instanceKlass java/lang/StringConcatHelper
instanceKlass java/util/HashMap$Node
instanceKlass java/util/Map$Entry
instanceKlass jdk/internal/util/ArraysSupport
instanceKlass jdk/internal/util/SystemProps$Raw
instanceKlass jdk/internal/util/SystemProps
instanceKlass java/lang/System$2
instanceKlass jdk/internal/access/JavaLangAccess
instanceKlass java/lang/ref/NativeReferenceQueue$Lock
instanceKlass java/lang/ref/ReferenceQueue
instanceKlass java/lang/ref/Reference$1
instanceKlass jdk/internal/access/JavaLangRefAccess
instanceKlass jdk/internal/reflect/ReflectionFactory
instanceKlass java/lang/Math
instanceKlass java/lang/StringLatin1
instanceKlass jdk/internal/reflect/Reflection
instanceKlass jdk/internal/reflect/ReflectionFactory$GetReflectionFactoryAction
instanceKlass java/security/PrivilegedAction
instanceKlass jdk/internal/access/SharedSecrets
instanceKlass java/lang/reflect/ReflectAccess
instanceKlass jdk/internal/access/JavaLangReflectAccess
instanceKlass java/util/ImmutableCollections
instanceKlass java/util/Objects
instanceKlass java/util/Set
instanceKlass jdk/internal/misc/CDS
instanceKlass java/lang/Module$ArchivedData
instanceKlass jdk/internal/misc/VM
instanceKlass java/lang/String$CaseInsensitiveComparator
instanceKlass java/util/Comparator
instanceKlass java/io/ObjectStreamField
instanceKlass jdk/internal/vm/FillerObject
instanceKlass jdk/internal/vm/vector/VectorSupport$VectorPayload
instanceKlass jdk/internal/vm/vector/VectorSupport
instanceKlass java/lang/reflect/RecordComponent
instanceKlass java/util/Iterator
instanceKlass java/lang/Number
instanceKlass java/lang/Character
instanceKlass java/lang/Boolean
instanceKlass java/util/concurrent/locks/AbstractOwnableSynchronizer
instanceKlass java/lang/LiveStackFrame
instanceKlass java/lang/StackFrameInfo
instanceKlass java/lang/StackWalker$StackFrame
instanceKlass java/lang/StackStreamFactory$AbstractStackWalker
instanceKlass java/lang/StackWalker
instanceKlass java/nio/Buffer
instanceKlass java/lang/StackTraceElement
instanceKlass java/util/RandomAccess
instanceKlass java/util/List
instanceKlass java/util/SequencedCollection
instanceKlass java/util/AbstractCollection
instanceKlass java/util/Collection
instanceKlass java/lang/Iterable
instanceKlass java/util/concurrent/ConcurrentMap
instanceKlass java/util/AbstractMap
instanceKlass java/security/CodeSource
instanceKlass jdk/internal/loader/ClassLoaders
instanceKlass java/util/jar/Manifest
instanceKlass java/lang/Enum
instanceKlass java/net/URL
instanceKlass java/io/InputStream
instanceKlass java/io/Closeable
instanceKlass java/lang/AutoCloseable
instanceKlass jdk/internal/module/Modules
instanceKlass jdk/internal/misc/Unsafe
instanceKlass jdk/internal/misc/UnsafeConstants
instanceKlass java/lang/AbstractStringBuilder
instanceKlass java/lang/Appendable
instanceKlass java/lang/AssertionStatusDirectives
instanceKlass jdk/internal/foreign/abi/ABIDescriptor
instanceKlass jdk/internal/foreign/abi/NativeEntryPoint
instanceKlass java/lang/invoke/CallSite
instanceKlass java/lang/invoke/MethodType
instanceKlass java/lang/invoke/TypeDescriptor$OfMethod
instanceKlass java/lang/invoke/LambdaForm
instanceKlass java/lang/invoke/MethodHandleNatives
instanceKlass java/lang/invoke/ResolvedMethodName
instanceKlass java/lang/invoke/MemberName
instanceKlass java/lang/invoke/VarHandle
instanceKlass java/lang/invoke/MethodHandle
instanceKlass jdk/internal/reflect/CallerSensitive
instanceKlass java/lang/annotation/Annotation
instanceKlass jdk/internal/reflect/FieldAccessor
instanceKlass jdk/internal/reflect/ConstantPool
instanceKlass jdk/internal/reflect/ConstructorAccessor
instanceKlass jdk/internal/reflect/MethodAccessor
instanceKlass jdk/internal/reflect/MagicAccessorImpl
instanceKlass jdk/internal/vm/StackChunk
instanceKlass jdk/internal/vm/Continuation
instanceKlass jdk/internal/vm/ContinuationScope
instanceKlass java/lang/reflect/Parameter
instanceKlass java/lang/reflect/Member
instanceKlass java/lang/reflect/AccessibleObject
instanceKlass java/lang/Module
instanceKlass java/util/Map
instanceKlass java/util/Dictionary
instanceKlass java/lang/ThreadGroup
instanceKlass java/lang/Thread$UncaughtExceptionHandler
instanceKlass java/lang/Thread$Constants
instanceKlass java/lang/Thread$FieldHolder
instanceKlass java/lang/Thread
instanceKlass java/lang/Runnable
instanceKlass java/lang/ref/Reference
instanceKlass java/lang/Record
instanceKlass java/security/AccessController
instanceKlass java/security/AccessControlContext
instanceKlass java/security/ProtectionDomain
instanceKlass java/lang/SecurityManager
instanceKlass java/lang/Throwable
instanceKlass java/lang/System
instanceKlass java/lang/ClassLoader
instanceKlass java/lang/Cloneable
instanceKlass java/lang/Class
instanceKlass java/lang/invoke/TypeDescriptor$OfField
instanceKlass java/lang/invoke/TypeDescriptor
instanceKlass java/lang/reflect/Type
instanceKlass java/lang/reflect/GenericDeclaration
instanceKlass java/lang/reflect/AnnotatedElement
instanceKlass java/lang/String
instanceKlass java/lang/constant/ConstantDesc
instanceKlass java/lang/constant/Constable
instanceKlass java/lang/CharSequence
instanceKlass java/lang/Comparable
instanceKlass java/io/Serializable
ciInstanceKlass java/lang/Object 1 1 124 7 1 10 12 1 1 10 7 12 1 1 1 10 7 12 1 1 1 10 12 1 1 8 1 10 12 1 1 10 7 12 1 1 1 10 12 1 10 12 1 1 10 7 12 1 1 1 10 12 1 10 12 1 7 1 10 7 12 1 1 1 10 12 1 1 10 12 1 100 1 8 1 10 12 1 3 8 1 7 1 5 0 1 1 1 1 1 1 1 1 1 1 1 1 1 1 1 1 7 1 1 1 1 1 1 1 1 1 1 7 1 1 1 1 1 1 1 1 1 1 3 1 1
ciMethod java/lang/Object toString ()Ljava/lang/String; 0 0 12 0 -1
ciMethod java/lang/Object clone ()Ljava/lang/Object; 256 0 128 0 -1
ciInstanceKlass java/io/Serializable 1 0 7 100 1 100 1 1 1
ciInstanceKlass java/lang/System 1 1 834 10 7 12 1 1 1 9 7 12 1 1 1 10 12 1 10 12 1 1 10 12 1 1 10 12 1 9 12 1 1 10 7 12 1 1 1 11 100 12 1 1 1 10 100 12 1 1 1 10 12 1 1 10 12 1 1 100 1 8 1 10 12 1 10 7 12 1 1 1 10 7 12 1 1 1 18 12 1 1 10 7 12 1 1 1 7 1 10 12 1 1 10 7 12 1 1 1 10 12 1 10 7 12 1 1 1 9 100 12 1 1 1 10 7 12 1 1 1 11 7 12 1 1 1 10 12 1 1 10 7 12 1 1 1 7 1 10 10 12 1 1 8 1 10 12 1 8 1 10 12 1 9 12 1 1 8 1 10 7 12 1 1 1 10 12 1 1 100 1 8 1 10 9 12 1 1 8 1 10 12 1 1 10 100 12 1 1 1 8 1 10 12 1 7 1 10 12 1 8 1 10 12 1 10 12 1 1 100 1 10 12 10 12 1 9 12 1 1 9 12 1 1 10 7 12 1 1 1 10 7 12 1 1 1 10 12 1 1 10 12 1 10 12 1 10 7 12 1 1 1 10 12 1 100 1 100 1 8 1 10 12 1 10 12 1 1 7 1 10 12 1 100 1 8 1 10 10 12 1 100 1 8 1 10 8 1 10 7 12 1 1 8 1 10 12 100 1 8 1 10 10 12 1 1 10 7 12 1 1 1 100 1 18 12 1 100 1 9 100 12 1 1 1 10 12 1 100 1 10 12 1 1 10 12 1 1 10 7 12 1 1 1 10 12 1 1 10 12 1 10 12 1 10 12 1 1 10 12 1 7 1 10 12 1 9 7 12 1 1 1 10 7 12 1 1 1 10 12 1 10 12 1 10 7 12 1 1 1 7 1 8 1 10 9 12 1 9 12 1 10 12 1 10 7 12 1 1 10 12 1 10 12 1 1 8 1 10 12 1 1 8 1 11 12 1 10 12 11 12 1 1 11 7 12 1 1 1 11 7 12 1 1 11 12 1 1 7 1 11 12 1 10 12 1 8 1 10 12 1 1 8 1 8 1 8 1 8 1 11 12 1 10 12 1 10 12 1 10 12 1 8 1 10 12 1 1 8 1 9 12 1 8 1 10 7 12 1 1 8 1 7 1 9 7 12 1 1 1 10 12 1 7 1 9 12 10 9 12 7 1 10 12 9 12 1 1 8 1 10 12 1 1 8 1 10 7 12 1 1 10 12 1 10 12 1 1 11 7 12 1 1 10 12 10 7 12 1 1 1 9 12 1 1 7 1 8 1 10 12 1 1 10 7 12 1 1 1 7 1 10 12 1 1 10 12 1 8 1 8 1 10 8 1 8 1 8 1 8 1 10 10 7 12 1 1 10 12 1 10 12 1 1 10 12 1 1 10 12 1 10 100 12 1 1 1 10 7 1 8 1 10 10 10 12 1 1 10 12 1 1 8 1 10 12 1 8 1 8 1 10 12 1 10 7 12 1 1 1 10 12 1 1 7 1 10 10 12 1 10 12 1 9 12 1 1 3 1 3 1 1 1 1 1 1 1 1 1 1 1 1 100 1 1 100 1 1 1 1 1 1 1 1 1 1 1 100 1 7 1 1 1 1 1 1 1 1 1 1 1 1 1 1 1 1 1 1 1 1 1 1 1 1 1 1 1 1 1 1 1 1 1 1 1 1 1 1 1 1 1 1 1 1 1 1 1 1 1 1 1 1 1 1 1 1 1 1 100 1 1 1 1 1 1 1 1 1 1 1 1 1 1 1 1 1 1 1 1 1 1 1 1 1 1 1 1 1 1 1 1 1 100 1 1 16 15 10 12 1 1 16 15 10 12 16 1 15 10 100 12 1 1 1 1 1 1 1 1 1 100 1 100 1 1
staticfield java/lang/System in Ljava/io/InputStream; java/io/BufferedInputStream
staticfield java/lang/System out Ljava/io/PrintStream; java/io/PrintStream
staticfield java/lang/System err Ljava/io/PrintStream; java/io/PrintStream
ciInstanceKlass java/lang/SecurityManager 0 0 576 10 7 12 1 1 1 9 7 12 1 1 1 10 7 12 1 1 1 100 1 8 1 10 12 1 10 12 1 1 10 7 12 1 1 1 10 7 1 10 100 1 10 9 100 12 1 1 1 10 7 12 1 1 1 10 12 1 1 10 7 12 1 1 100 1 8 1 10 9 12 1 1 9 12 1 8 1 9 12 1 7 1 10 8 1 10 12 1 1 10 12 1 10 12 1 1 100 1 10 10 12 1 1 100 1 8 1 10 12 1 8 1 8 1 8 1 8 1 8 1 8 1 10 12 1 8 1 8 1 8 1 8 1 8 1 10 7 12 1 1 1 10 12 1 1 8 1 100 1 8 1 10 8 1 8 1 8 1 8 1 8 1 10 100 12 1 1 8 1 100 1 8 1 8 1 10 8 1 10 12 1 100 1 8 1 10 10 12 1 1 10 12 1 10 12 1 10 12 1 10 100 12 1 1 1 10 12 1 10 100 12 1 1 11 100 12 1 1 1 18 12 1 1 11 100 12 1 1 1 18 12 1 1 11 12 1 1 18 18 11 12 1 18 12 1 11 12 1 1 9 12 1 1 9 12 1 9 12 1 9 12 1 100 1 10 100 12 1 1 10 12 1 10 12 1 18 12 1 18 10 100 12 1 1 1 18 12 1 10 12 1 18 18 8 1 10 12 1 9 12 1 1 11 7 12 1 1 1 8 1 100 1 10 12 1 10 12 1 1 10 12 1 1 9 12 1 1 10 12 1 10 12 1 1 8 1 100 1 10 9 12 1 8 1 10 12 1 8 1 100 1 10 10 100 12 1 1 10 100 1 9 7 12 1 1 1 11 12 1 1 10 12 1 11 12 1 10 12 1 7 1 10 10 12 1 1 10 12 1 1 1 1 1 1 1 1 1 1 1 7 1 1 1 1 1 1 1 1 1 1 1 1 1 1 1 1 1 1 1 1 1 1 1 1 1 1 1 1 1 1 1 1 1 1 1 1 1 1 1 1 1 1 1 1 1 1 1 1 1 1 1 1 1 1 1 1 3 1 1 1 1 1 1 1 1 1 1 100 1 1 1 1 1 1 1 1 1 1 1 1 1 1 1 1 1 1 1 1 1 1 1 1 1 1 1 1 1 1 1 1 1 1 1 1 1 1 16 15 10 7 12 1 1 1 16 1 16 15 10 12 16 1 15 10 12 16 15 11 7 1 16 1 16 1 15 10 12 16 15 10 12 16 15 10 12 1 16 1 15 11 12 1 15 10 12 16 15 10 16 1 15 10 100 12 1 1 1 1 1 1 100 1 100 1 1
ciInstanceKlass java/security/AccessController 1 1 295 10 7 12 1 1 1 10 7 12 1 1 1 10 7 12 1 1 1 10 12 1 1 10 12 1 1 10 7 12 1 1 1 10 12 1 1 10 12 1 10 12 1 1 10 12 1 100 1 8 1 10 12 1 10 12 1 10 12 1 1 10 12 1 7 1 7 1 10 12 1 1 10 12 1 10 12 1 10 12 1 1 10 7 12 1 1 1 10 12 1 1 9 100 12 1 1 1 10 7 12 1 1 1 10 12 1 10 12 1 9 100 12 1 1 1 10 12 1 10 12 1 1 9 12 1 1 10 100 1 10 11 7 12 1 1 1 10 7 12 1 1 11 7 1 7 1 10 12 1 10 12 1 10 12 1 8 1 10 12 1 1 8 1 10 100 12 1 1 1 8 1 7 1 10 10 12 1 1 10 12 1 10 7 12 1 1 1 10 12 1 8 1 10 7 12 1 1 8 1 8 1 10 12 1 8 1 10 12 1 10 12 1 1 10 12 1 1 1 1 1 1 1 1 1 1 1 1 1 1 1 1 1 1 1 1 1 1 1 1 1 1 1 1 100 1 1 1 1 1 1 1 1 1 1 1 1 1 1 1 1 1 1 1 1 1 1 1 1 1 1 1 1 1 1 1 1 1 1 100 1 100 1 1 1 1 1 1 1 1 1 3 1 1 1
staticfield java/security/AccessController $assertionsDisabled Z 1
ciInstanceKlass java/security/ProtectionDomain 1 1 348 10 7 12 1 1 1 9 7 12 1 1 1 7 1 10 9 12 1 1 9 12 1 1 9 12 1 1 10 7 12 1 1 7 1 9 12 1 9 12 1 1 7 1 9 12 1 1 9 12 1 10 100 12 1 1 10 100 12 1 1 1 10 12 1 1 10 12 1 9 12 1 9 100 12 1 1 10 12 1 1 10 100 1 10 12 1 1 8 1 7 1 8 1 10 12 1 10 11 10 7 12 1 1 1 10 12 1 1 8 1 11 8 1 10 12 1 8 1 8 1 10 12 1 1 10 12 1 10 12 1 1 10 12 1 8 1 10 12 1 8 1 8 1 10 7 12 1 1 1 9 100 12 1 1 1 10 12 1 1 9 100 12 1 1 1 10 7 12 1 1 1 100 1 18 12 1 1 10 7 12 1 1 1 10 7 1 10 12 1 10 12 1 1 11 100 12 1 1 11 12 1 100 1 11 7 12 1 1 1 10 12 1 10 11 12 1 1 11 12 1 1 10 12 1 10 7 12 1 1 10 100 12 1 1 11 12 1 10 12 10 12 1 8 1 8 1 10 7 12 1 1 1 7 1 10 10 7 12 1 1 1 1 1 1 1 1 1 1 7 1 1 7 1 1 1 1 1 1 1 1 1 1 1 1 1 1 1 1 1 1 1 1 1 1 1 1 1 1 1 1 1 1 1 1 1 1 1 1 1 1 1 1 1 1 1 1 7 1 1 1 1 1 1 100 1 1 16 15 10 12 16 15 10 100 12 1 1 1 1 1 1 1 100 1 100 1 1
staticfield java/security/ProtectionDomain filePermCompatInPD Z 0
ciInstanceKlass java/security/CodeSource 1 1 398 10 7 12 1 1 1 9 7 12 1 1 1 9 12 1 1 9 12 1 1 9 12 1 1 10 7 12 1 1 1 9 12 1 1 10 100 12 1 1 10 100 10 7 12 1 1 1 10 100 12 1 1 1 10 12 1 1 7 1 10 10 100 12 1 1 1 10 100 12 1 1 1 10 12 1 1 100 1 10 12 1 1 10 12 1 1 10 12 1 1 10 12 1 10 10 10 12 1 1 10 7 12 1 1 1 10 12 1 10 12 1 10 12 1 8 1 10 12 1 10 12 1 10 12 1 1 10 12 1 8 1 10 12 1 1 10 7 1 10 10 12 1 1 8 1 10 12 1 10 12 1 10 12 1 8 1 8 1 9 12 1 1 100 1 8 1 10 12 1 10 12 1 1 8 1 10 12 1 8 1 8 1 8 1 10 100 12 1 1 10 12 1 1 10 12 1 10 12 1 1 10 12 1 1 10 12 1 1 100 1 100 1 10 12 1 10 12 10 12 1 1 10 100 12 1 1 10 12 1 7 1 10 12 10 100 12 1 1 1 10 8 1 10 12 1 10 12 1 10 12 1 1 100 1 10 12 1 1 100 1 7 1 8 1 8 1 10 10 12 1 1 10 100 12 1 1 1 7 1 10 12 10 12 1 1 11 7 12 1 1 10 10 12 1 11 10 12 1 8 1 100 1 10 12 1 10 12 1 1 10 12 1 11 12 1 1 7 1 1 1 1 5 0 1 1 1 1 1 1 1 1 1 1 1 1 1 1 1 1 1 1 1 1 1 1 1 1 1 1 1 1 1 1 1 1 1 1 1 1 1 1 1 1 1 1 1 1 1 1 1 1 1 1 1 1 1 1 1 1 1 1 1 1 1 1 1 1 1 1 100 1 1 1 1 1 1 1
ciInstanceKlass java/lang/Boolean 1 1 152 10 7 12 1 1 1 9 7 12 1 1 1 10 12 1 1 10 12 1 8 1 10 7 12 1 1 9 12 1 1 9 12 1 10 12 1 1 10 12 1 1 10 12 1 1 10 7 12 1 1 1 100 1 100 1 10 12 1 1 9 100 12 1 1 9 12 10 100 12 1 1 1 10 12 1 1 8 1 10 7 12 1 1 1 9 12 1 1 7 1 7 1 7 1 1 1 1 1 1 5 0 1 1 1 1 1 1 1 1 1 1 3 1 1 1 1 1 1 1 1 1 1 1 1 1 1 1 1 1 1 7 1 1 1 1 1 1 1 1 1 1 100 1 1 1 1 1 1 1 1 1
staticfield java/lang/Boolean TRUE Ljava/lang/Boolean; java/lang/Boolean
staticfield java/lang/Boolean FALSE Ljava/lang/Boolean; java/lang/Boolean
staticfield java/lang/Boolean TYPE Ljava/lang/Class; java/lang/Class
ciInstanceKlass java/lang/Comparable 1 0 12 100 1 100 1 1 1 1 1 1 1 1
ciInstanceKlass java/lang/constant/Constable 1 0 11 100 1 100 1 1 1 1 1 1 1
ciInstanceKlass java/util/Map 1 1 263 11 7 12 1 1 1 11 12 1 1 10 7 12 1 1 11 12 1 1 11 7 12 1 1 1 11 100 12 1 1 1 11 12 1 1 7 1 11 12 1 11 12 1 100 1 100 1 10 12 1 1 11 100 12 1 1 1 11 100 12 1 1 1 11 12 1 11 12 1 10 12 1 1 11 12 1 11 7 12 1 9 7 12 1 1 1 7 1 10 12 7 1 7 1 10 12 1 7 1 10 7 1 11 12 1 11 12 1 1 11 12 1 1 7 1 11 12 1 1 1 1 1 1 1 1 1 1 1 1 1 1 1 1 1 1 1 1 1 1 1 1 1 1 1 1 1 1 1 1 1 1 1 1 1 1 1 1 1 1 1 1 1 1 1 1 1 1 1 1 1 1 1 1 1 1 1 1 1 1 1 1 1 1 1 1 1 1 1 1 1 1 1 1 1 1 1 1 1 1 1 1 1 1 1 1 1 1 1 1 1 1 1 1 1 1 1 1 1 1 1 1 1 1 1 1 1 1 1 1 1 1 1 1 1 1 1 1 1 1 1 1 1 1 100 1 1 1 1 1 1 1 1 1 1 1 1 1 1 1 1 1 1
ciInstanceKlass java/lang/Class 1 1 1687 10 7 12 1 1 1 9 7 12 1 1 1 9 12 1 1 10 12 1 1 8 1 10 12 1 8 1 8 1 10 12 1 1 10 7 12 1 1 1 10 12 1 7 1 10 10 12 1 10 12 1 1 10 12 1 1 10 12 1 1 10 7 12 1 1 10 12 1 10 12 1 10 12 1 8 1 10 12 1 8 1 10 12 1 8 1 8 1 10 12 1 1 10 7 12 1 1 1 18 12 1 1 11 7 12 1 1 1 8 1 8 1 8 1 10 7 12 1 1 1 11 12 1 1 8 1 10 12 1 10 11 100 12 1 1 1 11 7 12 1 1 1 11 8 1 18 8 1 10 12 1 10 7 12 1 1 10 12 1 1 10 7 12 1 1 1 10 12 1 1 10 12 1 1 10 7 12 1 1 1 10 12 9 100 12 1 1 1 10 7 12 1 1 1 10 12 1 10 7 12 1 1 1 10 12 1 1 18 12 1 1 10 7 12 1 1 1 10 7 12 1 10 12 1 1 10 7 1 7 1 10 12 1 1 9 12 1 1 100 1 8 1 10 12 1 10 12 1 1 10 12 1 1 10 7 12 1 1 1 7 1 10 12 1 7 1 100 1 10 10 12 1 1 10 12 1 1 100 1 10 7 12 1 1 1 10 12 1 1 10 12 1 1 9 12 1 1 10 12 1 10 12 1 1 9 12 1 1 9 12 1 1 10 12 1 1 10 7 1 10 12 1 10 12 1 10 12 1 1 10 9 12 1 10 12 1 8 1 10 12 1 1 10 12 1 1 10 12 1 10 12 1 1 10 12 1 1 10 12 1 1 9 7 12 1 1 1 10 7 12 1 1 10 12 10 12 1 10 12 1 10 12 1 10 12 1 9 100 12 1 1 1 9 12 1 10 12 1 10 100 12 1 1 1 10 12 1 1 10 100 12 1 1 10 12 1 10 12 1 1 10 100 12 1 1 1 10 12 1 10 12 1 1 10 12 1 10 12 1 10 12 1 1 10 7 1 10 10 10 12 1 1 10 12 1 1 10 12 10 10 12 1 1 7 1 8 1 10 10 12 1 1 10 12 1 100 1 11 12 1 10 100 12 1 1 10 12 1 10 12 1 10 100 12 1 1 10 10 12 1 1 8 1 10 12 1 10 12 1 1 8 1 10 12 1 9 12 1 10 12 1 10 12 1 10 12 1 10 12 7 1 9 12 1 10 12 1 9 12 1 10 12 1 10 12 1 10 12 1 10 10 12 1 10 12 1 10 7 12 1 1 10 12 1 10 12 1 10 12 1 1 10 12 1 10 12 1 10 12 1 100 1 10 12 1 10 12 1 1 10 12 1 1 10 12 1 1 10 12 1 1 10 12 1 1 10 12 1 1 7 1 10 10 12 1 1 10 12 1 1 10 12 1 1 10 10 12 1 10 12 1 1 10 12 1 1 10 12 1 1 10 12 1 1 7 1 10 10 12 11 7 12 1 1 10 12 1 10 12 1 10 7 12 1 1 1 10 12 1 1 10 10 12 1 1 7 1 10 10 12 1 1 10 7 12 1 1 1 100 1 100 1 10 12 1 1 10 12 1 10 10 12 1 1 10 12 1 10 12 1 10 12 1 10 100 12 1 1 1 11 100 12 1 1 10 12 1 10 12 1 9 12 1 10 12 1 1 10 12 1 9 7 12 1 1 1 9 12 1 10 100 12 1 1 1 10 12 1 10 12 1 10 100 12 1 1 1 10 12 1 10 12 10 12 1 1 100 1 10 8 1 10 12 1 11 11 12 1 1 11 7 12 1 1 11 12 1 8 1 10 12 1 10 12 1 1 9 12 1 9 12 1 1 10 7 12 1 1 9 12 1 10 12 1 1 10 10 12 1 10 7 12 1 1 1 10 7 12 1 1 10 7 12 1 1 9 12 1 1 10 12 1 9 12 1 10 12 1 10 12 1 1 9 12 1 1 9 12 1 10 12 1 10 12 1 1 9 12 1 100 1 10 10 12 1 1 7 1 10 12 1 1 100 11 7 1 9 12 1 1 9 12 1 7 1 10 12 1 9 12 1 1 9 12 1 10 12 1 10 12 1 1 9 12 1 7 1 10 10 12 1 1 10 10 12 1 10 12 10 10 12 1 9 12 1 10 12 1 1 10 7 12 1 1 1 10 12 1 1 10 12 1 8 10 7 8 1 18 8 1 8 1 10 12 1 9 12 1 9 12 1 1 10 12 1 7 1 7 1 10 12 1 9 12 1 1 7 1 10 10 12 1 10 7 1 9 12 1 8 1 10 12 1 7 1 10 12 1 10 12 1 1 100 1 7 1 9 12 1 100 1 8 1 10 10 7 12 1 1 1 10 12 11 7 12 1 1 1 10 12 1 10 12 1 1 10 8 1 8 1 10 12 1 1 9 7 12 1 1 11 12 7 1 11 7 12 1 1 9 12 1 10 100 12 1 1 1 10 7 12 1 1 10 12 1 1 9 12 1 9 10 12 1 1 10 12 1 1 10 12 1 1 10 12 1 1 10 12 1 1 11 12 1 100 1 11 12 1 10 100 12 1 1 1 10 12 1 11 12 1 10 100 12 1 1 1 10 12 1 10 100 12 1 1 1 11 12 1 11 12 1 1 10 12 1 10 12 1 1 9 12 1 1 9 100 12 1 1 10 12 1 10 100 12 1 1 1 10 12 1 1 10 12 1 10 12 1 10 12 1 10 7 12 1 1 1 10 12 1 8 1 10 12 1 10 12 1 10 12 1 100 1 10 12 10 100 12 1 1 1 11 100 12 1 1 1 10 12 1 1 10 12 1 18 12 1 1 11 12 1 1 18 11 12 1 18 12 1 11 12 1 10 12 1 1 10 12 1 10 12 1 10 12 1 10 12 1 10 12 10 12 1 8 1 10 12 1 7 1 9 12 1 1 7 1 7 1 7 1 7 1 1 1 3 1 3 1 3 1 1 1 1 1 1 1 5 0 1 1 1 1 1 1 1 1 1 1 1 1 1 1 1 1 1 1 1 1 1 1 1 1 100 1 1 1 1 1 1 1 100 1 1 1 1 1 7 1 1 1 1 1 1 1 1 1 1 1 1 1 1 1 1 1 1 1 1 1 1 1 1 1 1 1 1 1 1 1 1 1 1 1 1 1 1 1 1 1 1 100 1 1 1 1 1 1 1 1 1 1 1 1 1 1 1 1 1 1 1 1 1 1 1 1 1 1 1 1 1 1 1 100 1 1 1 1 1 1 1 1 1 1 1 1 1 1 1 1 1 1 1 1 3 1 1 1 1 1 1 1 1 1 1 1 1 1 1 1 1 1 1 1 1 1 1 1 1 1 1 1 1 1 1 1 1 1 1 1 7 1 7 1 1 1 1 1 1 1 7 1 1 1 1 1 1 1 1 1 1 1 1 1 1 1 1 1 1 1 1 1 1 1 1 1 1 1 1 1 1 1 1 1 1 1 1 1 1 1 1 1 1 1 1 1 1 1 1 1 1 1 1 1 1 1 1 1 1 1 1 1 1 1 1 1 1 1 1 1 1 1 1 1 1 1 1 1 1 1 1 1 1 1 1 1 1 1 1 1 1 1 1 1 1 1 1 1 1 1 1 1 1 1 1 1 1 1 1 1 1 1 1 1 1 1 1 1 1 1 1 1 1 1 1 16 15 10 12 16 15 11 12 16 1 16 15 16 15 10 12 16 16 15 10 12 16 15 16 1 15 10 12 16 15 10 7 12 1 1 1 1 1 1 1 1 1 1 1 1 1 7 1 1 100 1 100 1 1 100 1 100 1 1 100 1 100 1 1
staticfield java/lang/Class EMPTY_CLASS_ARRAY [Ljava/lang/Class; 0 [Ljava/lang/Class;
staticfield java/lang/Class serialPersistentFields [Ljava/io/ObjectStreamField; 0 [Ljava/io/ObjectStreamField;
ciInstanceKlass java/lang/reflect/AnnotatedElement 1 1 164 11 7 12 1 1 1 11 12 1 1 7 1 10 100 12 1 1 1 10 12 1 1 10 12 1 1 10 12 1 10 100 12 1 1 1 11 12 1 1 11 7 12 1 1 10 7 12 1 1 1 10 12 1 10 100 12 1 1 1 18 12 1 1 11 100 12 1 1 18 12 1 18 12 1 1 10 100 12 1 1 1 11 100 12 1 1 1 7 1 10 100 12 1 1 1 1 1 1 1 1 1 1 1 1 1 1 1 1 1 1 1 1 1 1 1 1 1 100 1 1 1 1 1 1 1 1 1 1 1 16 15 16 1 16 1 15 11 12 16 16 1 15 10 100 12 1 1 1 16 1 15 10 100 12 1 1 1 1 100 1 100 1 1
ciInstanceKlass java/lang/invoke/TypeDescriptor 1 0 17 100 1 100 1 1 1 1 1 1 100 1 100 1 1 1 1
ciInstanceKlass java/lang/reflect/GenericDeclaration 1 0 30 7 1 7 1 7 1 1 1 1 1 1 1 1 100 1 8 1 1 12 10 1 1 1 8 1 1 1 8 1
ciInstanceKlass java/lang/reflect/Type 1 1 17 11 100 12 1 1 1 100 1 1 1 1 1 1 1 1 1
ciInstanceKlass java/lang/invoke/TypeDescriptor$OfField 1 0 21 100 1 100 1 100 1 1 1 1 1 1 1 1 1 1 1 1 1 1 1
ciMethod java/lang/Class isArray ()Z 256 0 128 0 -1
ciMethod java/lang/Class isPrimitive ()Z 256 0 128 0 -1
ciInstanceKlass java/lang/StringBuilder 1 1 422 10 7 12 1 1 1 10 12 1 10 12 1 10 12 1 1 10 7 12 1 1 1 10 7 12 1 1 1 10 12 1 10 12 1 10 12 1 10 12 1 10 12 1 10 12 1 10 12 1 10 12 1 10 12 1 10 12 1 10 12 1 10 12 1 10 12 1 10 12 1 1 10 12 1 10 12 1 1 10 12 1 1 10 12 1 10 12 1 10 12 1 10 12 1 10 12 1 10 12 1 10 12 1 10 12 10 12 1 10 12 1 10 12 1 10 12 1 1 10 12 1 10 12 1 10 12 10 12 1 1 10 12 1 10 12 1 10 12 1 10 100 12 1 1 1 9 12 1 1 10 12 1 10 12 1 1 10 12 1 1 9 12 1 1 10 100 12 1 1 1 10 100 1 10 12 1 1 10 100 12 1 1 10 12 1 10 12 1 1 100 1 100 1 8 1 10 10 12 1 1 10 12 1 10 12 1 10 12 1 1 10 12 1 10 12 1 10 12 1 10 12 1 10 12 1 10 12 10 12 1 10 12 1 10 12 1 10 12 1 10 12 1 10 12 1 10 12 1 10 12 1 10 12 1 1 10 12 1 1 10 12 1 10 12 1 10 12 1 10 12 10 12 10 12 1 10 12 1 10 12 1 10 12 10 12 1 10 12 1 10 12 1 10 12 1 10 12 1 10 12 1 10 12 1 10 12 1 10 12 1 1 10 12 1 10 12 1 1 10 12 1 10 12 1 1 10 12 1 10 12 1 1 10 12 1 10 12 1 10 12 1 10 10 12 1 10 12 1 7 1 7 1 7 1 7 1 1 1 1 5 0 1 1 1 1 1 1 1 1 1 1 1 1 1 1 1 1 1 1 1 1 1 1 1 1 1 1 1 1 1 1 1 1 1 1 1 1 1 1 1 1 1 1 1 1 100 1 1 1 7 1 1 1 1 1 1 1 1 1 1 1
instanceKlass java/lang/StringBuilder
instanceKlass java/lang/StringBuffer
ciInstanceKlass java/lang/AbstractStringBuilder 1 1 609 7 1 10 7 12 1 1 1 9 7 12 1 1 1 9 12 1 9 12 1 1 9 12 1 1 10 7 12 1 1 1 10 12 1 1 7 1 3 3 10 12 1 10 12 1 1 11 7 1 100 1 7 1 10 8 1 10 12 1 10 12 1 10 12 1 1 10 12 1 10 12 1 9 12 1 10 12 1 9 12 1 1 10 12 1 1 10 7 12 1 1 1 10 10 12 1 10 12 1 10 12 1 1 10 12 1 1 10 7 12 1 1 1 10 7 12 1 1 1 7 1 8 1 10 10 12 1 1 100 1 10 12 10 12 1 1 10 10 7 12 1 1 1 10 12 1 1 10 12 1 1 10 12 1 1 10 12 1 1 10 10 7 12 1 1 1 10 12 1 100 1 10 10 7 12 1 1 1 9 12 1 1 9 12 1 10 12 1 1 10 10 12 1 1 10 12 10 12 1 10 12 1 1 10 12 1 1 10 12 1 1 10 12 1 10 12 1 1 10 12 1 1 10 12 1 10 12 1 1 8 1 10 12 1 1 10 12 1 10 12 1 10 12 1 10 12 1 10 12 1 10 12 1 10 7 12 1 1 10 12 1 10 12 1 10 100 12 1 1 1 100 1 100 1 10 12 1 10 100 12 1 1 10 12 1 10 12 1 1 10 12 1 10 12 1 1 10 12 1 10 12 1 1 10 12 1 1 10 10 7 12 1 1 1 10 12 1 10 12 1 10 12 1 1 10 12 1 10 12 1 10 12 1 10 12 1 10 12 1 10 12 1 10 12 1 10 12 1 1 10 12 1 10 12 1 10 12 10 12 1 1 18 12 1 1 100 1 10 100 12 1 1 1 18 10 12 1 1 10 12 1 1 10 12 1 10 12 1 1 11 12 1 1 10 12 1 10 12 10 10 10 12 1 10 5 0 10 10 12 1 1 100 1 8 1 10 10 12 1 1 10 100 12 1 1 1 10 12 1 10 12 1 1 100 1 10 12 100 1 10 100 1 10 7 1 1 1 1 1 1 1 1 1 1 1 100 1 1 1 1 1 1 1 1 1 1 1 1 1 1 1 1 1 1 1 1 1 1 1 1 1 1 1 1 1 1 1 1 1 1 1 1 1 1 1 1 1 1 1 1 1 1 1 1 1 1 1 1 1 1 1 1 1 1 1 1 1 1 1 1 1 1 1 1 1 1 1 1 1 1 1 1 1 1 1 1 1 1 1 1 1 1 1 1 1 1 1 1 1 1 1 1 1 1 1 100 1 1 1 1 1 1 1 1 1 1 1 1 1 1 1 1 1 100 1 1 1 1 1 1 7 1 1 16 1 15 10 12 16 15 10 12 15 10 100 12 1 1 1 1 1 1 1 100 1 100 1 1
staticfield java/lang/AbstractStringBuilder EMPTYVALUE [B 0
ciInstanceKlass java/lang/Appendable 1 0 14 100 1 100 1 1 1 1 100 1 1 1 1 1
ciInstanceKlass java/lang/CharSequence 1 1 131 11 7 12 1 1 1 18 12 1 1 100 1 10 100 12 1 1 1 18 10 100 12 1 1 1 11 12 1 1 11 7 1 11 12 1 1 10 100 12 1 1 1 11 12 1 1 100 1 10 12 1 1 10 100 12 1 1 1 100 1 10 10 12 1 1 7 1 1 1 1 1 1 1 1 1 1 1 1 1 1 1 1 1 1 1 1 1 1 1 1 1 1 1 1 1 1 1 1 1 16 1 15 11 12 16 15 11 12 15 10 100 12 1 1 1 1 1 100 1 100 1 1 100 1 1 100 1 100 1 1
instanceKlass java/rmi/server/LogStream
ciInstanceKlass java/io/PrintStream 1 1 413 100 1 10 12 1 1 8 1 10 7 12 1 1 1 10 7 12 1 1 1 100 1 100 1 100 1 10 10 7 12 1 1 9 12 1 1 9 12 1 9 12 1 10 12 1 1 10 12 1 9 12 1 7 1 10 12 1 9 12 1 1 7 1 10 12 1 9 12 1 1 10 7 12 1 1 1 10 7 12 1 1 1 9 12 1 1 10 12 1 10 12 1 8 1 7 1 10 12 1 10 12 1 100 1 10 10 12 1 8 10 12 1 9 12 1 1 100 1 8 1 10 10 12 1 10 12 1 10 12 1 10 12 1 10 12 1 10 12 1 10 12 1 10 10 10 12 1 1 10 12 1 1 100 1 10 7 12 1 1 1 10 12 1 10 12 1 10 12 1 10 12 10 10 12 1 10 12 10 12 1 10 10 12 1 10 12 1 10 12 10 12 10 7 12 1 1 1 10 12 10 12 1 10 12 1 1 10 10 12 1 10 12 1 10 12 1 10 12 1 10 12 1 10 10 12 1 10 10 12 1 10 12 1 1 10 12 1 10 12 10 12 1 10 12 1 10 12 1 10 12 10 12 10 12 10 12 1 1 10 12 1 10 12 1 1 9 12 1 1 10 100 12 1 1 1 9 100 12 1 1 1 10 100 12 1 1 1 10 12 1 10 12 1 10 12 1 10 12 1 8 1 11 7 12 1 1 1 10 12 1 1 10 12 1 10 12 1 7 1 10 12 10 7 12 1 1 1 7 1 7 1 1 1 1 1 1 1 1 1 1 1 1 1 1 1 1 100 1 1 1 1 1 1 1 1 100 1 1 1 1 1 1 1 7 1 1 1 1 1 1 1 1 1 1 1 1 100 1 1 1 100 1 1 1 1 1 1 1 1 1 1 1 1 1 1 1 1 100 1 1 1 1 1 1 1 1 1 1 1 1 1 1
instanceKlass sun/net/www/http/ChunkedOutputStream
instanceKlass com/google/common/io/ByteStreams$1
instanceKlass sun/security/ssl/SSLSocketImpl$AppOutputStream
instanceKlass com/google/api/client/util/ByteCountingOutputStream
instanceKlass com/google/common/io/BaseEncoding$StandardBaseEncoding$1
instanceKlass sun/nio/ch/ChannelOutputStream
instanceKlass sun/nio/ch/NioSocketImpl$2
instanceKlass java/net/Socket$SocketOutputStream
instanceKlass java/io/ObjectOutputStream$BlockDataOutputStream
instanceKlass java/io/ObjectOutputStream
instanceKlass java/io/ByteArrayOutputStream
instanceKlass java/io/FilterOutputStream
instanceKlass java/io/FileOutputStream
ciInstanceKlass java/io/OutputStream 1 1 53 10 7 12 1 1 1 100 1 10 10 7 12 1 1 1 10 100 12 1 1 1 10 12 1 100 1 100 1 1 1 1 1 1 1 1 1 100 1 1 1 1 1 1 1 1 1 1 1 1 1 1 1
instanceKlass java/util/zip/DeflaterOutputStream
instanceKlass sun/net/www/protocol/http/HttpURLConnection$StreamingOutputStream
instanceKlass java/security/DigestOutputStream
instanceKlass java/io/DataOutputStream
instanceKlass java/io/BufferedOutputStream
instanceKlass java/io/PrintStream
ciInstanceKlass java/io/FilterOutputStream 1 1 74 10 7 12 1 1 1 7 1 10 9 7 12 1 1 1 9 12 1 1 10 12 1 1 10 12 1 10 100 12 1 1 1 10 10 12 1 9 12 1 1 10 10 12 1 100 1 10 12 1 1 1 1 1 1 1 1 1 1 1 100 1 1 1 1 1 1 1 1 1 1 1 1 1
ciInstanceKlass java/lang/AutoCloseable 1 0 12 100 1 100 1 1 1 1 7 1 1 1
ciInstanceKlass java/io/Closeable 1 0 14 100 1 100 1 100 1 1 1 1 7 1 1 1
ciInstanceKlass java/io/Flushable 1 0 12 100 1 100 1 1 1 1 100 1 1 1
instanceKlass driverecovery/TaskRunner$StoppedException
instanceKlass javax/security/auth/DestroyFailedException
instanceKlass sun/security/pkcs11/wrapper/PKCS11Exception
instanceKlass sun/security/ec/ECOperations$IntermediateValueException
instanceKlass io/opencensus/trace/propagation/SpanContextParseException
instanceKlass java/util/concurrent/TimeoutException
instanceKlass com/google/common/collect/RegularImmutableMap$BucketOverflowException
instanceKlass java/security/GeneralSecurityException
instanceKlass java/util/concurrent/ExecutionException
instanceKlass java/text/ParseException
instanceKlass java/net/URISyntaxException
instanceKlass sun/nio/fs/WindowsException
instanceKlass javax/swing/text/BadLocationException
instanceKlass java/lang/CloneNotSupportedException
instanceKlass java/security/PrivilegedActionException
instanceKlass javax/management/JMException
instanceKlass java/awt/FontFormatException
instanceKlass java/lang/InterruptedException
instanceKlass javax/swing/UnsupportedLookAndFeelException
instanceKlass java/io/IOException
instanceKlass java/lang/ReflectiveOperationException
instanceKlass java/lang/RuntimeException
ciInstanceKlass java/lang/Exception 1 1 40 10 7 12 1 1 1 10 12 1 10 12 1 10 12 1 10 12 1 100 1 1 1 1 5 0 1 1 1 1 1 1 1 1 1 1 1 1 1 1
instanceKlass java/lang/Exception
instanceKlass java/lang/Error
ciInstanceKlass java/lang/Throwable 1 1 404 10 7 12 1 1 1 9 7 12 1 1 1 9 12 1 1 9 12 1 9 12 1 1 9 12 1 10 12 1 1 9 12 1 1 10 12 1 1 10 12 1 100 1 7 1 10 8 1 10 12 1 1 8 1 10 100 12 1 1 10 10 12 1 100 1 8 1 10 10 12 1 1 10 7 12 1 1 10 12 1 8 1 9 7 12 1 1 1 10 12 1 1 100 1 10 12 10 12 1 10 100 12 1 1 1 100 1 10 12 10 12 1 10 12 1 100 1 10 10 7 12 1 1 1 11 100 12 1 1 1 10 12 1 1 10 12 1 1 8 1 10 12 1 10 12 1 1 8 1 8 1 10 12 1 1 10 12 1 8 1 8 1 9 12 1 1 10 12 1 1 100 1 10 11 12 1 8 1 8 1 10 7 12 1 1 8 1 10 12 1 8 1 100 1 10 12 1 9 12 1 1 10 12 1 10 100 12 1 9 12 1 1 10 12 1 1 100 1 8 1 10 12 1 10 100 12 1 1 10 12 1 1 7 1 10 100 12 1 1 1 10 12 1 11 7 12 1 1 1 11 7 12 1 1 11 12 1 8 1 10 12 1 1 8 1 10 10 9 100 12 1 1 1 8 1 10 12 1 1 11 10 100 1 8 1 10 11 12 1 1 8 1 9 12 1 10 100 12 1 1 11 9 12 1 1 11 12 1 1 100 10 12 1 10 12 1 1 7 1 1 1 1 5 0 1 1 1 1 1 1 1 1 1 1 1 1 1 7 1 1 1 1 1 1 1 1 1 1 1 1 1 1 1 1 1 1 1 1 1 1 1 1 1 1 1 1 1 1 1 1 1 1 1 1 1 1 1 1 1 1 1 1 100 1 7 1 1 1 1 1 1 1 1 1 1 1 1 1 1 1 1 1 1
staticfield java/lang/Throwable UNASSIGNED_STACK [Ljava/lang/StackTraceElement; 0 [Ljava/lang/StackTraceElement;
staticfield java/lang/Throwable SUPPRESSED_SENTINEL Ljava/util/List; java/util/Collections$EmptyList
staticfield java/lang/Throwable EMPTY_THROWABLE_ARRAY [Ljava/lang/Throwable; 0 [Ljava/lang/Throwable;
staticfield java/lang/Throwable $assertionsDisabled Z 1
instanceKlass java/security/Provider
ciInstanceKlass java/util/Properties 1 1 690 10 7 12 1 1 1 100 1 10 7 12 1 1 7 1 10 12 1 9 12 1 1 9 12 1 1 9 12 1 1 10 7 12 1 1 1 10 12 1 1 8 1 10 7 12 1 1 1 7 1 10 12 1 10 12 1 1 8 1 10 12 1 7 1 10 12 10 12 1 1 9 12 1 1 10 12 1 1 7 1 10 12 1 10 12 1 10 12 1 1 100 1 8 1 10 12 1 10 12 1 10 12 1 1 10 12 1 7 1 3 10 10 7 12 1 1 1 10 12 1 10 12 1 1 8 1 10 12 1 10 12 1 1 8 1 10 7 12 1 1 10 12 1 1 10 12 1 10 12 1 1 100 1 10 12 1 10 12 1 1 7 1 9 7 12 1 1 1 10 12 1 10 12 1 1 10 12 1 1 10 12 1 1 7 1 9 12 1 1 7 1 7 1 10 12 1 7 1 11 7 12 1 1 1 11 12 1 1 11 7 12 1 1 1 11 7 12 1 1 1 11 12 1 1 11 12 1 11 12 1 10 12 1 1 8 1 10 12 1 10 7 12 1 1 10 12 1 7 1 10 10 12 1 10 12 1 100 1 10 10 12 1 1 10 7 12 1 1 9 100 12 1 1 10 12 1 1 10 100 12 1 1 1 100 1 100 1 100 1 10 8 1 8 1 10 12 1 10 12 1 10 12 1 1 10 10 12 1 1 10 12 1 1 7 1 10 10 12 1 11 7 12 1 1 10 7 12 1 1 1 8 1 10 100 12 1 1 11 11 7 1 8 1 10 100 1 11 10 12 1 10 10 12 1 10 12 1 1 10 12 1 1 10 12 1 1 10 12 1 10 12 1 10 10 12 1 10 12 1 10 12 1 10 10 12 1 1 10 12 1 1 10 10 12 1 10 12 1 10 12 1 10 12 1 10 12 1 1 10 12 1 1 10 12 1 10 12 1 10 12 1 1 10 12 10 12 1 1 10 12 1 1 10 12 1 10 12 1 1 10 12 1 1 10 12 10 11 12 1 4 11 10 12 1 1 10 100 12 1 1 11 12 1 10 12 1 1 10 100 12 1 1 10 12 1 100 1 8 1 10 12 1 10 10 100 12 1 1 1 100 1 6 0 10 12 1 1 11 100 12 1 1 1 10 12 1 10 12 1 1 1 1 1 5 0 1 1 1 1 1 1 1 1 1 1 1 1 1 1 1 1 1 1 1 1 1 1 1 1 1 1 1 1 1 1 1 1 1 1 1 1 1 1 1 100 1 1 1 1 1 1 1 1 1 1 1 1 1 1 1 1 1 1 1 1 100 1 1 1 1 1 1 1 1 1 1 1 1 7 1 7 1 1 1 1 1 100 1 1 1 1 1 1 1 1 1 1 1 1 1 1 1 1 1 1 1 1 1 1 1 1 1 1 1 1 1 1 1 1 1 1 1 1 1 1 1 1 1 1 1 1 1 1 1 1 1 1 1 1 1 1 1 1 1 1 1 1 1 1 1 1 1 1 1 1 1 1 1 1 1 1 1 1 1 7 1 1 1 1 1 1 1 1 1 1 1 100 1 1
staticfield java/util/Properties UNSAFE Ljdk/internal/misc/Unsafe; jdk/internal/misc/Unsafe
instanceKlass java/util/Hashtable
ciInstanceKlass java/util/Dictionary 1 1 36 10 7 12 1 1 1 100 1 1 1 1 1 1 1 1 1 1 1 1 1 1 1 1 1 1 1 1 1 1 1 1 1 1 1 1
instanceKlass javax/swing/UIDefaults
instanceKlass java/util/Properties
ciInstanceKlass java/util/Hashtable 1 1 516 7 1 10 7 12 1 1 1 9 7 12 1 1 1 100 1 7 1 10 8 1 10 12 1 1 10 12 1 10 12 1 1 10 12 1 10 7 12 1 1 1 8 1 10 12 1 9 12 1 1 7 1 9 12 1 1 4 10 7 12 1 1 1 9 12 1 4 10 12 1 11 7 12 1 1 1 10 12 1 1 10 12 1 1 9 12 1 10 12 1 1 100 1 10 9 12 1 1 10 7 12 1 1 1 9 12 1 1 10 12 1 10 12 1 3 9 12 1 9 12 1 3 10 12 1 10 12 1 10 12 1 1 11 12 1 1 11 100 12 1 1 1 11 7 12 1 1 1 11 12 1 100 1 11 12 1 11 12 1 10 12 1 1 10 12 1 1 10 12 1 9 12 1 1 9 12 9 12 1 1 10 100 1 7 1 10 12 1 10 8 1 10 10 12 1 8 1 10 8 1 10 7 12 1 1 1 7 1 10 12 1 10 12 1 7 1 10 12 1 10 12 1 1 7 1 10 100 1 10 10 12 1 1 11 12 1 1 11 12 1 7 1 10 10 10 100 12 1 1 11 100 12 1 1 1 100 1 10 11 100 12 1 1 11 100 12 1 10 12 1 10 12 1 1 10 100 12 1 1 10 12 1 1 10 12 1 1 10 12 1 1 10 100 12 1 1 1 8 10 100 12 1 1 100 1 8 1 10 4 4 10 12 1 1 10 12 1 8 1 4 10 12 10 100 12 1 1 1 100 1 11 100 12 1 1 1 10 100 12 1 1 1 10 12 1 10 12 1 1 10 7 1 7 1 1 1 1 1 1 5 0 1 1 1 1 1 3 1 3 1 3 1 1 1 1 1 1 1 1 1 1 1 1 1 1 1 1 1 1 1 1 1 1 1 1 1 100 1 1 1 1 1 1 1 1 1 1 1 1 1 1 1 1 1 1 1 1 1 1 1 1 1 1 1 1 1 7 1 1 1 1 1 1 1 1 1 1 1 1 1 1 7 1 1 1 1 1 1 1 1 1 1 1 1 1 1 1 1 1 1 1 1 1 1 1 1 1 1 1 1 1 1 1 1 1 1 1 1 1 1 1 1 1 1 1 1 100 1 1 1 7 1 1 1 1 1 7 1 1 1 1 1 1 1 1 1 1 1 1 1 1 1 1 1 1
ciInstanceKlass java/lang/String 1 1 1451 10 7 12 1 1 1 8 1 9 7 12 1 1 1 9 12 1 1 9 12 1 1 9 12 1 1 10 12 1 10 12 1 1 10 12 1 1 9 12 1 10 7 12 1 1 1 10 12 1 1 10 12 1 10 7 12 1 1 1 10 12 1 1 10 12 1 1 10 12 1 10 12 1 1 10 12 1 10 7 12 1 1 1 7 1 9 7 12 1 1 1 10 7 12 1 1 1 10 12 1 1 10 12 1 1 10 7 12 1 1 1 10 12 1 1 9 7 12 1 1 10 12 9 7 12 1 1 10 12 1 1 3 10 12 1 1 7 1 11 12 1 1 11 12 1 11 12 1 1 10 7 12 1 1 1 10 12 1 1 9 7 12 1 1 1 10 12 1 1 10 12 1 11 12 1 1 10 12 1 10 12 10 12 1 1 10 7 12 1 1 1 10 7 12 1 1 1 10 12 1 1 7 1 7 1 10 12 1 10 12 1 10 12 1 1 10 12 1 1 100 1 10 12 1 1 100 1 10 12 1 1 10 12 1 1 10 12 1 10 10 12 1 100 1 100 1 7 1 10 12 1 10 12 1 1 10 12 1 1 10 12 1 10 12 1 1 10 12 1 1 10 7 12 1 1 7 1 11 10 7 12 1 1 11 12 1 11 12 1 10 12 1 1 10 12 1 10 12 10 12 1 1 10 10 7 12 1 1 1 10 7 12 1 1 10 12 1 1 10 7 12 1 1 10 12 1 10 12 1 1 10 12 1 1 10 12 1 10 12 1 10 12 1 1 100 1 10 12 1 1 10 12 10 12 1 10 12 1 1 10 12 1 1 10 7 12 1 1 1 10 12 1 10 12 1 1 10 12 1 10 12 1 3 3 10 12 1 1 10 12 1 10 12 1 1 10 12 1 1 10 12 1 1 10 12 1 10 12 1 1 10 12 1 1 10 12 1 10 12 1 10 12 1 10 12 1 1 10 12 1 10 12 1 10 12 1 10 12 1 10 12 1 10 12 1 10 7 1 10 8 1 10 12 1 1 10 12 1 8 1 10 12 1 1 10 12 10 12 1 8 1 10 10 12 1 1 10 12 1 1 10 12 1 1 10 7 1 10 10 12 1 10 12 1 10 12 1 10 10 12 1 10 12 1 10 12 1 10 12 1 10 12 1 10 12 1 10 12 1 1 10 12 1 1 10 12 1 1 10 10 12 1 1 10 10 12 1 100 1 10 10 12 1 1 10 12 1 1 10 7 1 10 12 1 10 12 1 10 7 12 1 1 1 10 12 1 10 12 1 1 10 12 1 11 7 1 11 12 10 12 1 10 12 1 1 10 12 1 1 10 10 12 1 10 12 1 9 12 1 1 11 7 12 1 1 1 10 12 10 10 12 1 10 12 1 1 10 10 12 1 10 12 1 10 12 1 1 10 12 1 1 10 10 12 1 1 10 12 1 10 10 12 1 10 12 10 10 12 10 10 12 1 10 12 1 10 10 12 10 7 12 1 1 1 10 12 10 10 12 10 12 1 10 12 10 12 10 10 12 1 10 12 1 1 10 12 1 1 10 10 12 1 10 7 12 1 1 1 10 12 1 1 10 10 7 12 1 1 1 11 10 12 1 10 12 1 1 10 12 1 1 10 7 12 1 1 1 10 12 1 10 12 1 10 12 1 10 12 1 10 12 1 10 12 1 100 1 7 1 8 1 10 10 10 12 1 10 12 1 1 8 1 10 12 1 3 3 10 12 1 10 12 1 1 10 12 7 1 10 10 12 1 1 10 12 1 10 12 1 10 12 1 1 10 12 1 1 11 7 12 1 1 1 7 1 10 12 1 10 12 1 1 8 1 10 12 1 1 10 12 1 11 7 12 1 1 1 11 7 12 1 1 11 12 1 10 12 1 10 12 1 1 10 10 7 12 1 1 1 10 12 1 10 12 1 10 10 12 10 12 1 1 10 10 12 1 10 10 12 1 10 10 12 1 10 10 12 1 10 12 1 1 10 10 12 1 8 1 10 12 1 1 18 12 1 1 11 100 12 1 1 1 7 1 3 18 12 1 18 12 1 8 1 10 100 12 1 1 1 11 12 1 1 10 12 10 10 12 1 10 11 12 1 1 10 12 1 1 11 12 1 18 3 11 10 12 1 11 11 10 12 1 10 12 1 1 8 1 10 12 1 10 12 1 10 12 1 1 10 10 12 1 11 100 12 1 100 1 100 1 10 12 100 1 10 10 100 12 1 1 1 100 1 10 7 1 10 10 12 1 10 10 12 1 8 1 10 10 12 1 8 1 8 1 10 12 1 10 12 1 10 10 12 10 7 12 1 1 10 7 12 1 1 10 7 12 1 1 8 1 10 12 1 10 12 1 10 9 12 1 10 12 9 7 12 1 1 1 10 12 1 10 12 1 10 12 1 10 12 10 12 1 10 12 1 8 1 10 100 12 1 1 1 10 12 10 12 1 1 10 12 10 10 12 10 12 7 1 9 12 1 1 7 1 10 7 1 7 1 7 1 7 1 1 1 1 1 1 5 0 1 1 1 1 1 3 1 3 1 1 1 1 1 1 1 1 1 1 1 1 1 1 1 100 1 1 1 1 1 1 1 1 1 1 1 1 1 1 1 1 1 1 1 1 1 1 1 1 1 1 1 1 1 1 1 100 1 1 1 1 1 1 1 1 1 1 1 1 7 1 1 1 1 1 1 1 1 1 1 1 1 1 1 1 1 1 1 1 1 1 1 1 1 1 1 1 1 1 1 1 1 1 1 1 1 1 1 1 1 1 1 1 1 1 1 1 1 1 1 1 1 1 1 1 1 1 1 1 1 1 1 1 1 1 1 1 1 1 1 1 1 1 1 1 1 1 1 1 1 1 1 1 1 1 1 1 1 1 1 1 1 1 1 1 1 1 1 1 1 1 1 1 1 1 1 1 1 1 1 1 1 1 1 1 1 1 1 1 1 1 1 1 1 1 1 1 1 1 1 1 1 1 1 1 1 1 1 1 1 1 1 1 1 1 1 1 1 1 1 1 1 1 1 1 1 1 1 1 1 1 1 1 1 1 1 1 1 1 1 1 1 1 1 100 1 1 1 1 1 1 1 1 1 1 1 1 1 1 1 1 1 1 1 1 1 1 1 100 1 1 1 1 1 1 1 1 1 1 1 1 1 1 1 7 1 1 1 1 1 1 1 1 1 1 1 1 1 1 1 16 15 10 12 16 15 10 12 15 10 12 15 10 12 15 10 100 12 1 1 1 1 1 1 1 100 1 100 1 1 1
staticfield java/lang/String COMPACT_STRINGS Z 1
staticfield java/lang/String serialPersistentFields [Ljava/io/ObjectStreamField; 0 [Ljava/io/ObjectStreamField;
staticfield java/lang/String CASE_INSENSITIVE_ORDER Ljava/util/Comparator; java/lang/String$CaseInsensitiveComparator
ciMethod java/lang/String equals (Ljava/lang/Object;)Z 778 0 16815 0 384
ciMethod java/lang/String length ()I 1024 0 1081272 0 -1
ciInstanceKlass java/lang/constant/ConstantDesc 1 0 37 100 1 100 1 1 1 1 100 1 1 1 1 100 1 100 1 100 1 100 1 100 1 100 1 100 1 100 1 100 1 1 100 1 100 1 1
instanceKlass com/google/api/client/http/GZipEncoding$1
ciInstanceKlass java/io/BufferedOutputStream 1 1 149 10 7 12 1 1 1 10 7 12 1 1 1 10 12 1 7 1 10 7 12 1 1 1 100 1 8 1 10 12 1 10 7 12 1 1 1 10 7 12 1 1 1 9 12 1 1 9 12 1 1 9 12 1 1 10 12 1 1 10 12 1 9 12 1 9 12 1 1 10 7 12 1 1 1 7 1 3 10 100 12 1 1 1 10 100 12 1 1 1 10 12 1 10 12 1 1 10 12 1 10 12 1 10 12 1 10 12 10 7 12 1 1 1 10 12 1 10 12 1 1 1 3 1 3 1 1 1 1 1 1 1 1 1 1 1 100 1 1 1 1 1 1 7 1 1 100 1 1
ciMethod java/io/FilterOutputStream write ([B)V 768 0 2296 0 0
ciMethod java/io/BufferedOutputStream write ([BII)V 622 0 16697 0 1984
ciMethod java/io/FilterOutputStream close ()V 254 0 2231 0 -1
ciInstanceKlass sun/nio/cs/UTF_8 1 1 84 8 1 10 7 12 1 1 1 10 7 12 1 1 1 8 1 7 1 10 12 1 7 1 10 10 7 12 1 1 1 10 12 1 1 10 12 1 1 7 1 10 12 1 9 12 1 1 10 7 12 1 1 1 9 12 1 1 1 1 1 1 1 1 1 1 1 1 1 1 1 1 1 1 1 1 1 1 1 1 1 1 1 1
staticfield sun/nio/cs/UTF_8 INSTANCE Lsun/nio/cs/UTF_8; sun/nio/cs/UTF_8
staticfield sun/nio/cs/UTF_8 JLA Ljdk/internal/access/JavaLangAccess; java/lang/System$2
instanceKlass sun/awt/Symbol
instanceKlass sun/awt/windows/WingDings
instanceKlass sun/util/PropertyResourceBundleCharset
instanceKlass sun/nio/cs/MS1252
instanceKlass sun/nio/cs/US_ASCII
instanceKlass sun/nio/cs/ISO_8859_1
instanceKlass sun/nio/cs/Unicode
ciInstanceKlass java/nio/charset/Charset 1 1 370 10 7 12 1 1 1 100 1 10 12 1 1 10 12 1 1 9 7 12 1 1 1 9 12 1 7 1 100 1 10 12 1 9 100 12 1 1 1 10 100 12 1 1 1 10 12 1 1 10 7 12 1 1 1 10 12 1 100 1 10 10 7 12 1 1 1 10 12 1 9 100 12 1 1 1 10 7 12 1 1 1 100 1 8 1 10 10 12 1 1 10 12 1 9 12 1 1 10 12 1 10 12 1 10 12 1 1 10 12 1 10 12 1 100 1 10 11 7 12 1 1 11 12 1 10 12 1 1 11 7 12 1 1 1 100 1 10 100 1 9 12 1 1 10 7 12 1 1 9 100 12 1 1 1 10 9 12 1 1 10 12 1 1 10 7 12 1 1 1 10 12 1 1 10 100 12 1 1 1 100 8 1 8 1 8 1 9 12 1 9 12 1 9 12 1 1 11 100 12 1 1 1 8 1 10 12 1 1 8 1 10 100 12 1 1 1 9 100 12 1 1 1 10 100 12 1 1 1 10 12 1 10 12 1 1 100 1 7 1 10 12 1 10 12 1 1 10 100 12 1 1 10 12 10 12 1 1 10 100 12 1 1 1 10 10 12 1 1 10 12 1 10 12 1 1 7 1 10 7 1 1 1 1 1 1 1 1 1 1 1 1 1 1 1 1 1 1 1 1 1 1 7 1 1 1 100 1 100 1 1 1 1 1 1 1 1 1 1 1 1 1 1 1 1 1 1 1 1 1 1 1 1 1 1 1 1 1 1 1 1 1 1 1 1 1 1 1 1 1 1 1 1 1 1 1 1 1 1 1 1 1 1 1 1 100 1 1 1 1
staticfield java/nio/charset/Charset standardProvider Ljava/nio/charset/spi/CharsetProvider; sun/nio/cs/StandardCharsets
staticfield java/nio/charset/Charset zeroAliases [Ljava/lang/String; 0 [Ljava/lang/String;
ciMethod sun/nio/cs/UTF_8 newEncoder ()Ljava/nio/charset/CharsetEncoder; 54 0 4698 0 0
ciInstanceKlass sun/nio/cs/HistoricallyNamedCharset 1 0 9 100 1 100 1 1 1 1 1
ciInstanceKlass jdk/internal/misc/VM 1 1 320 10 7 12 1 1 1 9 7 12 1 1 1 9 12 1 1 7 1 7 1 10 8 1 10 12 1 1 10 12 1 10 12 1 1 10 12 1 10 12 1 10 12 1 9 12 1 1 8 1 10 12 1 9 12 1 1 9 12 1 9 12 1 3 10 7 12 1 1 1 9 12 1 1 100 1 8 1 10 11 7 12 1 1 1 7 1 10 100 12 1 1 1 10 12 1 8 1 8 1 10 12 1 1 8 1 10 12 1 1 10 7 12 1 1 1 10 12 1 1 10 7 12 1 1 1 5 0 8 1 8 1 8 1 10 12 1 1 10 12 1 1 10 7 12 1 1 1 10 12 1 9 12 1 100 1 10 12 1 10 7 12 1 1 9 12 1 9 12 1 9 7 12 1 1 1 9 12 1 9 12 1 9 12 1 9 12 1 9 12 1 10 12 1 10 12 1 10 12 1 10 12 1 10 12 1 9 7 12 1 1 1 5 0 10 1 1 3 1 3 1 3 1 3 1 3 1 1 1 1 1 1 1 1 1 3 1 3 1 3 1 1 1 1 1 1 1 7 1 1 1 100 1 1 1 1 1 1 1 1 1 1 1 1 1 1 1 1 1 1 1 1 1 1 1 1 1 1 1 1 1 1 1 1 1 1 1 1 1 1 1 1 1 1 1 1 1 1 1 1 1 1 1 1 1 1 1 1 1 1 1 1 100 1 1 7 1 1 1 1
staticfield jdk/internal/misc/VM lock Ljava/lang/Object; java/lang/Object
ciInstanceKlass java/lang/InternalError 1 1 34 10 7 12 1 1 1 10 12 1 10 12 1 10 12 1 100 1 1 1 1 5 0 1 1 1 1 1 1 1 1 1 1 1
instanceKlass java/util/ServiceConfigurationError
instanceKlass com/google/common/util/concurrent/ExecutionError
instanceKlass java/lang/AssertionError
instanceKlass java/lang/VirtualMachineError
instanceKlass java/lang/LinkageError
ciInstanceKlass java/lang/Error 1 1 40 10 7 12 1 1 1 10 12 1 10 12 1 10 12 1 10 12 1 100 1 1 1 1 5 0 1 1 1 1 1 1 1 1 1 1 1 1 1 1
instanceKlass java/lang/StackOverflowError
instanceKlass java/lang/OutOfMemoryError
instanceKlass java/lang/InternalError
ciInstanceKlass java/lang/VirtualMachineError 1 1 34 10 7 12 1 1 1 10 12 1 10 12 1 10 12 1 100 1 1 1 1 5 0 1 1 1 1 1 1 1 1 1 1 1
ciInstanceKlass java/util/Set 1 1 144 100 1 10 7 12 1 1 1 9 7 12 1 1 1 7 1 10 12 1 1 10 12 1 7 1 7 1 10 12 1 7 1 7 1 11 7 12 1 1 1 11 12 1 1 7 1 10 12 1 10 12 1 1 11 12 1 1 1 1 1 1 1 1 1 1 1 1 1 1 1 1 1 1 1 1 1 1 1 1 1 1 1 1 1 1 1 1 1 1 1 1 1 1 1 1 1 1 1 1 1 1 1 1 1 1 1 1 1 1 1 1 1 1 1 1 1 1 1 1 1 1 1 1 1 1 1 1 1 1 1 1 1 1 1 1 1 1 1 1 1 1 1 1
ciInstanceKlass java/util/Iterator 1 1 53 100 1 8 1 10 12 1 1 10 7 12 1 1 1 11 7 12 1 1 1 11 12 1 1 11 7 12 1 1 1 7 1 1 1 1 1 1 1 1 1 1 1 1 1 1 1 1 1 1 1 1 1
ciInstanceKlass java/util/Map$Entry 1 1 178 18 12 1 1 7 1 7 1 18 10 100 12 1 1 1 18 12 1 18 100 1 11 7 12 1 1 1 11 12 1 11 7 12 1 1 1 10 100 12 1 1 1 10 7 12 1 1 1 8 1 10 12 1 1 8 1 8 1 8 1 10 12 1 10 12 1 8 10 7 1 10 12 1 8 10 12 1 8 1 10 12 1 8 10 12 1 8 1 10 12 1 1 8 1 100 1 8 1 10 12 1 1 11 12 7 1 11 12 1 1 1 1 1 1 1 1 1 1 1 1 1 1 1 1 1 1 1 1 1 1 1 1 1 1 1 1 1 1 1 1 1 1 1 1 1 1 1 16 15 11 12 16 3 3 15 11 12 15 11 12 15 11 12 15 10 7 12 1 1 1 1 1 100 1 100 1 1
instanceKlass sun/net/www/protocol/http/EmptyInputStream
instanceKlass java/io/SequenceInputStream
instanceKlass sun/net/www/http/ChunkedInputStream
instanceKlass sun/security/ssl/SSLSocketImpl$AppInputStream
instanceKlass com/google/common/io/BaseEncoding$StandardBaseEncoding$2
instanceKlass sun/awt/datatransfer/DataTransferer$ReencodingInputStream
instanceKlass java/io/ObjectInputStream$PeekInputStream
instanceKlass java/io/ObjectInputStream$BlockDataInputStream
instanceKlass java/io/ObjectInputStream
instanceKlass sun/nio/ch/ChannelInputStream
instanceKlass sun/nio/ch/NioSocketImpl$1
instanceKlass java/net/Socket$SocketInputStream
instanceKlass java/util/zip/ZipFile$ZipFileInputStream
instanceKlass java/io/FilterInputStream
instanceKlass java/io/FileInputStream
instanceKlass java/io/ByteArrayInputStream
ciInstanceKlass java/io/InputStream 1 1 195 7 1 10 7 12 1 1 1 100 1 10 10 7 12 1 1 1 10 7 12 1 1 1 10 12 1 100 1 3 10 12 1 1 100 1 8 1 10 12 1 10 7 12 1 1 1 3 7 1 8 1 10 10 100 12 1 1 1 7 1 10 11 7 12 1 1 1 10 12 1 1 11 12 1 1 11 7 12 1 1 1 11 12 1 1 7 1 10 7 12 1 1 1 5 0 10 12 1 10 12 1 1 100 1 10 8 1 10 8 1 8 1 10 12 1 1 10 7 12 1 1 1 7 1 5 0 10 12 1 100 1 7 1 1 1 1 3 1 3 1 1 1 1 1 1 1 1 1 1 1 1 1 1 1 1 1 1 1 1 1 1 1 1 1 1 1 1 1 1 1 1 1 1 1 1 1 1 1 1 1 1 1 1 1 1 1 1 1 1 1 1 1 1 1
ciInstanceKlass java/io/FileDescriptor 1 1 175 10 7 12 1 1 1 9 7 12 1 1 1 5 0 9 12 1 1 10 12 1 1 10 12 1 1 9 12 1 1 10 100 12 1 1 1 10 12 1 10 12 1 1 9 12 1 1 10 7 12 1 1 8 1 10 7 12 1 1 1 10 12 1 10 12 1 9 12 1 1 9 12 1 1 7 1 10 11 7 12 1 1 1 9 12 1 11 12 1 1 11 7 12 1 1 1 11 12 1 1 7 1 11 12 1 100 1 10 12 1 1 7 1 10 10 12 1 7 1 10 10 7 12 1 1 1 10 12 1 9 12 1 1 9 12 1 9 12 1 1 1 1 1 1 1 1 1 1 1 1 1 100 1 1 1 1 1 1 1 1 1 1 1 1 1 1 1 1 1 1 1 1 1 1
staticfield java/io/FileDescriptor in Ljava/io/FileDescriptor; java/io/FileDescriptor
staticfield java/io/FileDescriptor out Ljava/io/FileDescriptor; java/io/FileDescriptor
staticfield java/io/FileDescriptor err Ljava/io/FileDescriptor; java/io/FileDescriptor
ciInstanceKlass java/io/FileOutputStream 1 1 194 100 1 10 12 1 1 10 7 12 1 1 10 7 12 1 1 7 1 10 9 12 1 1 10 12 1 1 10 7 12 1 1 1 10 7 12 1 1 100 1 10 10 12 1 1 100 1 8 1 10 7 1 10 9 12 1 1 10 12 1 1 9 12 1 1 10 12 1 1 10 100 12 1 1 1 10 12 10 7 12 1 1 1 10 12 1 10 12 1 1 9 12 1 1 11 7 12 1 1 1 10 12 1 1 10 12 1 1 9 12 1 1 9 12 1 1 10 100 12 1 1 100 1 10 12 1 10 12 1 100 1 10 10 100 12 1 1 7 1 10 12 1 10 7 12 1 1 1 10 12 1 1 1 1 1 1 1 1 7 1 1 1 1 1 1 1 1 1 1 1 7 1 1 1 1 1 1 100 1 1 1 1 1 1 1 1 1 1 1 1 1 1 1
staticfield java/io/FileOutputStream FD_ACCESS Ljdk/internal/access/JavaIOFileDescriptorAccess; java/io/FileDescriptor$1
ciMethod java/io/OutputStream flush ()V 514 0 1283 0 -1
ciMethod java/io/FileOutputStream write ([BII)V 790 0 5515 0 272
ciInstanceKlass jdk/internal/misc/Unsafe 1 1 1287 10 7 12 1 1 1 9 7 12 1 1 1 9 12 1 1 10 12 1 1 10 7 12 1 1 1 10 12 1 1 10 12 1 1 10 12 1 1 10 12 1 1 10 12 1 1 10 12 1 1 10 12 1 1 10 12 1 1 10 12 1 1 10 12 1 1 10 12 1 1 10 12 1 1 10 12 1 1 10 12 1 10 12 1 100 1 10 10 12 1 1 10 12 1 1 5 0 10 12 1 1 10 12 1 1 10 7 12 1 1 1 10 12 1 1 10 12 1 10 12 1 10 12 1 1 10 12 1 1 10 12 1 10 12 1 7 1 7 1 10 8 1 10 12 1 1 10 12 1 8 1 10 12 1 1 10 12 1 10 12 1 10 12 1 1 10 12 1 10 12 1 1 10 12 1 1 10 12 1 10 12 1 10 12 1 10 12 1 1 10 12 1 10 12 1 10 12 1 1 10 12 1 5 0 5 0 5 0 10 12 1 10 12 1 10 12 1 10 12 1 10 12 1 10 12 1 10 12 1 10 12 1 10 12 1 1 10 12 1 10 12 1 7 1 8 1 10 100 1 10 10 12 1 1 10 12 1 1 10 12 1 10 12 1 1 10 12 1 1 10 12 1 10 12 1 1 10 12 1 9 7 12 1 1 9 12 1 100 1 10 10 12 1 1 8 1 10 8 1 8 1 10 12 1 1 9 7 12 1 1 1 9 7 1 9 7 1 9 7 1 9 9 7 1 9 7 1 9 7 1 10 12 1 1 10 12 1 1 10 12 1 1 10 12 1 1 5 0 5 0 9 12 1 1 10 12 1 10 12 1 10 12 1 1 10 12 1 1 10 12 1 8 1 3 10 12 1 1 10 12 1 1 10 12 1 10 12 1 1 10 12 1 1 10 12 1 10 12 1 10 12 1 10 12 1 10 12 1 10 12 1 1 10 12 1 1 10 12 1 10 12 1 10 12 1 10 12 1 10 12 1 10 12 1 1 10 12 1 1 10 12 1 10 12 1 10 12 1 10 12 1 10 12 1 10 12 1 1 10 12 1 1 10 12 1 1 10 12 1 1 10 12 1 10 12 1 10 12 1 10 12 1 10 12 1 10 12 1 10 12 1 1 10 12 1 1 10 12 1 10 12 1 10 12 1 10 12 1 10 12 1 10 12 1 10 12 1 1 10 12 1 1 10 12 1 10 12 1 10 12 1 10 12 1 10 12 1 10 12 1 10 12 1 10 12 1 1 10 12 1 10 12 1 10 12 1 10 12 1 10 12 1 1 10 12 1 10 12 1 10 12 1 10 12 1 10 12 1 10 12 1 10 12 1 10 12 1 1 10 12 1 10 12 1 10 12 1 10 12 1 10 12 1 10 12 1 1 10 12 1 10 12 1 10 12 1 1 10 12 1 10 12 1 10 12 1 10 12 1 10 12 1 10 12 1 10 12 1 10 12 1 10 12 1 10 12 1 10 12 1 10 12 1 10 12 1 10 12 1 10 12 1 10 12 1 10 12 1 10 12 1 10 12 1 10 12 1 10 12 1 10 12 1 10 12 1 100 1 10 100 1 10 9 12 1 5 0 10 12 1 1 5 0 10 12 1 5 0 10 12 1 10 12 1 10 12 1 1 10 12 1 1 10 12 1 10 12 1 10 12 1 10 12 1 1 10 12 1 10 12 1 10 12 1 10 12 1 10 12 1 1 10 12 1 10 12 1 10 12 1 10 12 1 1 10 12 1 10 12 1 10 12 1 1 10 12 1 10 12 1 10 12 1 10 12 1 1 10 12 1 10 10 12 1 1 10 12 1 10 12 1 1 10 12 1 10 12 5 0 5 0 5 0 10 12 1 1 10 12 1 10 12 1 10 12 10 100 12 1 1 8 1 100 1 11 12 1 1 8 1 11 12 1 1 10 100 12 1 1 10 12 1 10 12 1 10 12 1 10 12 1 10 12 1 1 10 12 1 10 12 1 10 12 1 10 12 1 10 12 1 10 12 1 10 7 1 10 12 1 9 12 1 7 1 9 12 1 7 1 9 12 1 7 1 9 12 1 7 1 9 12 1 7 1 9 12 1 7 1 9 12 1 7 1 9 12 1 7 1 9 12 1 10 12 1 9 12 1 9 12 1 9 12 1 9 12 1 9 12 1 9 12 1 9 12 1 9 12 1 9 12 1 9 12 1 1 1 3 1 1 1 1 1 1 1 1 1 1 1 1 1 1 1 1 1 1 1 1 1 1 1 1 1 1 1 1 1 1 1 1 1 1 1 1 1 1 1 1 1 1 1 1 1 1 1 1 1 1 1 1 1 1 1 1 1 1 1 1 1 1 1 1 1 1 1 1 1 1 1 1 1 1 1 1 1 1 1 1 1 1 1 1 1 1 1 1 1 100 1 1 1 1 1 1 1 1 1 1 1 1 1 1 1 1 1 1 1 1 1 1 1 1 1 1 1 1 1 1 1 1 1 1 1 1 1 1 1 1 1 1 1 1 1 1 1 1 1 1 1 1 1 1 1 1 1 1 1 1 1 1 1 1 1 1 1 1 1 1 1 1 1 1 1 1 1 1 1 1 1 1 1 1 1 1 1 1 1 1 1 1 1 1 1 1 1 1 1 1 1 1 1 1 1 1 1 1 1 1 1 1 1 1 1 1 1 1 1 1 1 1 1 1 1 1 1 1 1 1 1 1 1 1 1 1 1 1 1 1 1 1 1 1 1 1 1 1 1 1 1 1 1 1 1 1 1 1 1 1 1 1 1 1 1 1 1 1 1 1 1 1 1 1 1 1 1 1 1 1 1 1 1 1 1 1 1 1 1 1 1 1 1 1 1 1 1 1 1 1 1 1 1 1 1 1 3 1 1 1 1 1 1 1 1 1 1 1 1 1 1 1 1 1 1 1 1 1
staticfield jdk/internal/misc/Unsafe theUnsafe Ljdk/internal/misc/Unsafe; jdk/internal/misc/Unsafe
staticfield jdk/internal/misc/Unsafe ARRAY_BOOLEAN_BASE_OFFSET I 16
staticfield jdk/internal/misc/Unsafe ARRAY_BYTE_BASE_OFFSET I 16
staticfield jdk/internal/misc/Unsafe ARRAY_SHORT_BASE_OFFSET I 16
staticfield jdk/internal/misc/Unsafe ARRAY_CHAR_BASE_OFFSET I 16
staticfield jdk/internal/misc/Unsafe ARRAY_INT_BASE_OFFSET I 16
staticfield jdk/internal/misc/Unsafe ARRAY_LONG_BASE_OFFSET I 16
staticfield jdk/internal/misc/Unsafe ARRAY_FLOAT_BASE_OFFSET I 16
staticfield jdk/internal/misc/Unsafe ARRAY_DOUBLE_BASE_OFFSET I 16
staticfield jdk/internal/misc/Unsafe ARRAY_OBJECT_BASE_OFFSET I 16
staticfield jdk/internal/misc/Unsafe ARRAY_BOOLEAN_INDEX_SCALE I 1
staticfield jdk/internal/misc/Unsafe ARRAY_BYTE_INDEX_SCALE I 1
staticfield jdk/internal/misc/Unsafe ARRAY_SHORT_INDEX_SCALE I 2
staticfield jdk/internal/misc/Unsafe ARRAY_CHAR_INDEX_SCALE I 2
staticfield jdk/internal/misc/Unsafe ARRAY_INT_INDEX_SCALE I 4
staticfield jdk/internal/misc/Unsafe ARRAY_LONG_INDEX_SCALE I 8
staticfield jdk/internal/misc/Unsafe ARRAY_FLOAT_INDEX_SCALE I 4
staticfield jdk/internal/misc/Unsafe ARRAY_DOUBLE_INDEX_SCALE I 8
staticfield jdk/internal/misc/Unsafe ARRAY_OBJECT_INDEX_SCALE I 4
staticfield jdk/internal/misc/Unsafe ADDRESS_SIZE I 8
instanceKlass javax/management/remote/rmi/RMIConnectionImpl$CombinedClassLoader$ClassLoaderWrapper
instanceKlass javax/management/remote/rmi/RMIConnectionImpl$CombinedClassLoader
instanceKlass com/sun/jmx/remote/util/ClassLoaderWithRepository
instanceKlass jdk/internal/reflect/DelegatingClassLoader
instanceKlass java/security/SecureClassLoader
ciInstanceKlass java/lang/ClassLoader 1 1 1108 9 7 12 1 1 1 10 7 12 1 1 1 9 12 1 1 10 7 12 1 1 1 7 1 10 12 1 1 10 12 1 1 9 12 1 1 10 12 1 1 100 1 10 12 1 10 12 1 1 10 7 12 1 1 1 100 1 8 1 10 12 1 10 7 12 1 1 1 10 7 12 1 10 7 1 10 7 1 7 1 7 1 10 12 1 10 12 1 9 12 1 1 10 10 7 12 1 1 1 9 12 1 1 9 12 1 9 12 1 1 9 12 1 9 12 1 1 9 12 1 1 7 1 10 12 1 9 12 1 1 10 12 1 1 10 7 12 1 1 1 9 12 1 9 12 1 1 9 12 1 10 12 1 1 9 12 10 12 1 1 7 1 10 8 1 10 12 1 1 10 12 1 10 7 1 7 1 10 12 1 1 10 7 12 1 1 1 8 1 10 12 1 10 12 1 10 12 1 1 10 12 1 1 10 12 1 1 10 12 1 1 10 12 1 1 10 12 1 7 1 10 12 1 10 100 12 1 1 1 10 12 1 1 10 12 1 10 12 1 10 12 1 10 12 1 10 12 1 1 10 10 12 1 10 12 1 10 100 12 1 1 10 12 1 1 10 12 1 1 10 12 1 100 1 10 12 1 7 1 10 12 1 10 7 12 1 1 1 10 10 12 1 1 10 12 1 1 7 1 8 1 10 8 1 10 12 1 10 12 1 100 1 8 1 10 12 1 1 10 12 1 1 10 10 12 1 1 10 12 1 1 10 12 1 1 10 7 1 10 12 1 1 10 12 1 1 10 12 1 1 10 12 1 1 10 12 1 1 10 12 1 1 10 12 1 10 7 12 1 1 1 10 12 1 10 12 1 10 12 1 1 10 12 1 10 12 1 10 12 1 10 12 1 1 10 12 1 10 12 1 1 8 1 9 12 1 10 12 1 1 8 1 8 1 10 7 12 1 1 100 1 10 10 12 10 12 1 10 12 1 10 12 1 10 12 1 1 10 7 12 1 1 10 12 1 10 7 1 7 1 10 12 1 1 10 12 1 10 7 1 10 12 1 100 1 18 12 1 10 100 12 1 1 1 10 100 12 1 1 1 10 7 12 1 1 10 12 1 10 12 1 100 1 10 12 1 8 1 10 10 12 1 1 10 12 1 10 12 1 1 100 1 10 12 1 10 12 1 1 10 7 12 1 1 10 12 1 8 1 100 1 10 10 12 1 9 12 1 10 7 12 1 1 10 12 1 7 1 8 1 10 12 1 10 8 1 8 1 10 12 1 1 10 12 1 1 10 12 1 1 10 7 12 1 1 7 1 100 1 10 12 1 1 7 1 7 1 10 7 12 1 1 10 12 1 10 12 1 1 10 12 1 10 12 1 1 10 12 1 1 9 100 12 1 1 1 10 12 1 1 10 12 1 10 12 1 10 12 1 1 10 12 1 8 1 7 1 18 12 1 1 10 12 1 1 10 12 1 10 12 1 10 12 1 8 1 10 12 1 10 12 1 18 12 1 11 100 12 1 1 1 100 1 10 12 1 1 10 12 1 10 11 12 1 1 10 18 10 12 1 1 11 7 12 1 18 12 1 11 12 1 1 10 12 10 12 1 1 10 12 1 1 100 1 8 1 10 10 12 1 8 1 8 1 10 100 12 1 1 10 12 1 100 1 10 10 12 1 8 1 8 1 8 1 10 12 1 10 12 1 1 10 12 1 10 7 12 1 1 1 11 7 12 1 1 100 1 10 11 10 12 1 10 12 1 10 12 1 1 9 7 12 1 1 9 12 1 1 9 12 9 12 1 9 12 1 9 12 1 8 10 12 1 1 10 7 12 1 1 1 10 12 1 1 10 12 1 1 10 12 1 10 10 12 1 11 12 1 1 10 100 12 1 1 1 100 1 10 12 1 10 12 1 10 12 1 1 1 1 1 1 1 1 1 1 1 1 1 1 1 1 1 1 1 1 1 1 1 1 1 1 1 1 100 1 1 1 1 1 1 1 1 1 1 1 1 1 1 1 1 1 1 1 1 1 100 1 1 1 1 1 1 1 1 1 1 100 1 1 1 1 1 1 1 1 1 1 1 1 1 1 1 1 1 1 1 1 1 1 1 1 1 1 1 1 1 1 1 1 1 1 1 1 1 1 1 1 1 100 1 1 1 1 1 1 1 1 1 1 1 1 1 1 1 1 1 1 1 7 1 1 1 1 1 1 1 1 1 1 1 1 1 1 1 1 1 1 1 1 1 1 1 1 1 1 1 1 1 1 1 1 1 1 1 1 1 1 1 1 1 1 1 1 1 1 1 1 1 1 100 1 1 1 1 1 1 1 1 1 1 1 1 1 1 1 1 1 1 1 1 1 1 1 1 1 1 1 1 1 1 1 1 1 1 1 1 1 1 1 1 1 1 1 1 1 1 16 1 15 10 12 16 1 16 15 10 12 16 1 16 1 15 10 12 16 15 10 12 16 15 10 12 16 15 10 100 12 1 1 1 1 1 100 1 100 1 1
staticfield java/lang/ClassLoader nocerts [Ljava/security/cert/Certificate; 0 [Ljava/security/cert/Certificate;
staticfield java/lang/ClassLoader $assertionsDisabled Z 1
ciInstanceKlass java/lang/reflect/Constructor 1 1 439 10 100 12 1 1 1 10 100 12 1 1 9 7 12 1 1 1 10 12 1 1 10 12 1 1 10 100 12 1 1 9 12 1 1 10 7 12 1 1 1 9 12 1 1 9 12 1 1 9 12 1 9 12 1 1 9 12 1 9 12 1 1 9 12 1 1 9 12 1 100 1 8 1 10 12 1 10 12 1 9 12 1 1 10 7 12 1 1 10 7 12 1 1 1 10 12 1 1 10 12 1 1 10 12 1 7 1 100 1 8 1 10 10 12 1 10 12 1 10 12 1 1 10 12 1 1 9 100 12 1 1 1 10 7 12 1 1 10 12 1 1 10 12 1 10 12 1 1 10 7 12 1 1 1 10 100 12 1 1 10 12 1 1 10 12 1 10 7 12 1 1 1 8 1 10 10 12 1 100 1 8 1 10 12 1 10 12 1 1 10 12 1 1 10 12 1 10 12 1 10 12 1 1 10 12 1 1 9 12 1 1 10 12 1 1 10 12 1 1 10 12 1 1 11 7 12 1 1 1 10 12 1 1 10 12 1 10 12 1 10 12 1 8 1 9 12 1 1 10 7 12 1 1 1 10 7 12 1 1 10 12 1 1 10 12 1 1 10 12 1 1 10 12 1 1 10 12 1 9 7 12 1 1 10 12 1 10 12 1 10 12 1 100 1 8 1 10 10 12 1 1 10 12 1 10 10 12 1 1 10 12 1 1 10 100 12 1 1 1 11 100 12 1 1 1 10 12 1 1 9 100 12 1 1 1 10 100 12 1 1 1 10 12 1 1 1 1 1 1 1 1 1 1 1 1 1 1 1 1 1 1 1 1 1 1 1 1 1 1 1 1 1 1 1 1 1 1 1 1 1 1 1 1 1 1 1 1 1 1 1 1 1 1 1 1 100 1 100 1 100 1 100 1 1 1 1 1 1 1 1 1 1 1 1 1 1 1 1 1 1 1 1 1 1 1 1 1 1 1 1 1 1 1 1 1 100 1 1
instanceKlass java/lang/reflect/Executable
instanceKlass java/lang/reflect/Field
ciInstanceKlass java/lang/reflect/AccessibleObject 1 1 400 10 7 12 1 1 1 9 100 12 1 1 1 10 7 12 1 1 1 10 7 12 1 1 10 7 12 1 1 1 10 100 12 1 1 1 10 12 1 1 10 12 1 1 9 12 1 1 7 1 10 7 12 1 1 1 11 12 1 7 1 10 12 1 7 1 100 1 10 12 1 10 12 1 1 10 12 1 1 10 12 1 1 10 12 1 1 7 1 10 7 12 1 1 1 10 12 1 1 11 10 7 12 1 1 1 10 12 1 1 10 12 1 10 12 1 10 12 1 1 10 12 1 8 1 7 1 7 1 10 10 12 1 1 8 1 10 12 1 10 12 1 8 1 8 1 8 1 8 1 8 1 8 1 8 1 8 1 8 1 100 1 10 12 1 10 12 1 9 12 1 1 10 12 1 1 10 12 1 10 7 1 100 1 8 1 10 8 1 10 12 1 8 1 10 12 1 10 12 1 1 10 100 1 8 1 10 11 7 12 1 1 1 10 12 1 1 10 12 1 1 10 12 1 1 9 12 1 1 100 1 10 12 1 7 1 10 12 1 10 12 1 1 10 100 1 10 12 1 10 12 10 12 1 10 12 1 10 12 1 1 10 12 1 9 12 1 10 100 12 1 1 8 1 10 100 12 1 1 1 8 1 10 7 12 1 1 1 9 12 1 7 1 10 7 1 10 10 7 12 1 1 1 7 1 10 10 7 12 1 1 1 7 1 9 12 1 1 1 1 1 1 1 1 1 1 1 1 1 1 1 1 1 1 1 1 1 1 1 1 1 1 1 1 1 1 1 1 1 1 1 1 1 1 1 1 1 1 1 1 1 1 1 1 1 1 1 1 1 1 1 1 1 1 1 1 1 1 1 1 1 1 1 1 1 1 1 1 1 1 1 1 1 1 1 1 1 1 1 1
staticfield java/lang/reflect/AccessibleObject reflectionFactory Ljdk/internal/reflect/ReflectionFactory; jdk/internal/reflect/ReflectionFactory
instanceKlass java/lang/reflect/Constructor
instanceKlass java/lang/reflect/Method
ciInstanceKlass java/lang/reflect/Executable 1 1 581 10 7 12 1 1 1 10 7 12 1 1 1 10 7 12 1 1 1 11 7 12 1 1 1 10 7 12 1 1 1 10 12 1 1 10 7 12 1 1 1 10 7 12 1 1 1 10 12 1 8 1 10 10 12 1 1 10 12 1 1 10 100 12 1 1 1 18 12 1 1 11 100 12 1 1 1 8 1 8 1 8 1 10 100 12 1 1 1 11 12 1 1 7 1 8 1 8 1 10 12 1 7 1 8 1 10 12 1 8 1 11 100 12 1 1 1 7 1 11 7 12 1 1 1 11 12 1 8 1 18 8 1 10 12 1 10 12 1 1 18 8 1 10 12 1 100 1 10 12 1 10 12 1 11 12 1 10 12 1 1 8 1 8 1 10 12 1 1 10 12 1 1 10 10 12 1 9 100 12 1 1 1 10 100 12 1 1 1 10 12 1 10 12 1 1 10 7 12 1 1 10 12 1 10 12 1 10 12 1 10 7 12 1 1 7 1 10 100 12 1 1 1 10 12 1 1 10 7 12 1 1 10 12 1 10 12 1 1 9 100 12 1 1 1 10 100 10 12 1 8 1 10 12 1 10 12 1 3 100 1 8 1 10 12 1 10 12 1 10 10 12 1 10 12 1 1 8 1 8 1 8 1 9 12 1 1 9 12 1 10 12 1 100 1 8 1 10 12 1 10 12 1 10 12 1 1 10 12 1 1 10 12 1 10 12 10 12 1 7 1 10 12 1 10 12 1 1 100 1 10 7 12 1 1 1 7 1 10 7 12 1 1 1 10 12 1 1 11 7 12 1 1 10 12 1 10 100 12 1 1 1 10 12 1 1 9 12 1 10 12 1 1 10 12 1 10 12 1 1 9 100 12 1 1 1 10 100 12 1 1 1 10 12 1 10 12 1 1 9 12 1 10 10 10 10 100 12 1 1 1 10 12 1 9 12 1 10 12 1 1 9 12 1 7 1 7 1 1 1 1 1 1 1 1 1 1 1 1 1 1 1 1 1 1 1 1 1 1 1 1 1 1 1 1 1 1 1 1 1 1 1 1 100 1 1 1 1 1 1 1 1 1 1 1 1 1 1 1 1 1 1 1 100 1 1 1 1 1 1 1 1 1 1 1 1 1 1 1 1 1 1 1 1 1 1 1 1 1 1 1 1 1 1 1 1 1 1 1 1 1 1 1 1 1 1 1 7 1 1 1 1 1 1 1 1 1 1 1 1 1 1 1 1 1 1 1 1 1 1 7 1 1 16 15 16 1 16 1 15 10 12 16 15 10 100 12 1 1 1 1 1 1 100 1 1 100 1 100 1 1
ciInstanceKlass java/lang/reflect/Member 1 1 37 100 1 10 12 1 1 100 1 100 1 1 1 1 3 1 3 1 1 1 1 1 1 1 1 1 1 1 1 1 1 1 1 1 1 1 1
instanceKlass java/util/logging/LogManager$Cleaner
instanceKlass java/awt/EventDispatchThread
instanceKlass com/intellij/rt/execution/application/AppMainV2$1
instanceKlass jdk/internal/misc/InnocuousThread
instanceKlass java/util/concurrent/ForkJoinWorkerThread
instanceKlass java/lang/ref/Finalizer$FinalizerThread
instanceKlass java/lang/ref/Reference$ReferenceHandler
instanceKlass java/lang/BaseVirtualThread
ciInstanceKlass java/lang/Thread 1 1 870 10 7 12 1 1 1 9 12 1 1 10 7 12 1 1 10 12 1 10 100 12 1 1 100 1 8 1 10 12 1 1 9 12 1 9 12 1 1 9 12 1 1 7 1 10 12 1 1 10 12 1 10 7 12 1 1 1 10 12 9 12 1 1 10 12 1 7 1 10 12 1 100 1 8 1 10 9 7 12 1 1 1 10 12 1 1 10 12 1 1 10 12 1 1 10 12 1 10 12 1 1 3 8 1 7 1 5 0 10 7 12 1 1 1 9 12 1 10 12 1 1 10 7 12 1 1 1 10 7 12 1 1 1 10 12 1 1 10 12 1 1 9 12 1 1 10 7 1 8 1 10 7 1 10 12 1 9 12 1 1 10 7 12 1 1 1 10 10 12 1 1 9 100 12 1 1 1 10 12 1 1 10 12 1 1 10 7 12 1 1 10 12 1 10 12 1 10 7 12 1 1 9 12 1 10 7 12 1 1 1 10 12 1 1 9 12 1 1 9 12 1 1 10 7 12 1 1 1 9 12 1 1 10 100 12 1 1 10 100 12 1 1 1 10 12 1 10 12 1 10 7 12 1 1 9 12 1 8 1 9 7 12 1 1 9 12 1 1 5 0 100 1 10 100 1 10 100 1 10 7 1 10 8 1 10 12 1 1 10 100 12 1 10 12 1 10 12 1 100 1 8 1 10 10 12 1 10 12 1 1 10 100 12 1 1 1 10 100 12 1 1 1 10 12 1 7 1 9 12 1 1 100 1 10 10 12 1 9 12 1 1 10 12 1 1 10 12 1 1 10 12 1 10 12 1 9 12 1 1 10 10 12 1 1 10 12 1 1 11 7 12 1 1 10 7 12 1 1 9 12 1 9 12 1 1 9 12 1 1 10 100 12 1 1 10 12 1 1 9 7 12 1 1 1 10 7 12 1 1 10 12 1 10 12 1 100 1 10 10 12 9 12 1 1 10 12 1 11 100 12 1 1 10 12 1 10 12 1 10 12 1 9 12 1 10 10 12 1 10 12 1 1 9 12 1 9 12 10 12 1 8 1 10 12 1 10 12 1 10 12 1 10 12 1 10 12 1 1 10 12 1 10 12 1 1 10 12 1 10 12 1 10 12 1 10 12 1 10 12 1 1 9 7 12 1 1 1 8 1 10 9 12 1 10 12 1 7 1 8 1 10 10 12 1 8 1 10 12 1 1 9 12 10 12 8 1 10 10 12 1 10 12 1 8 1 10 12 1 10 8 1 10 100 12 1 1 10 12 1 1 100 1 8 1 10 9 12 1 9 12 1 1 10 12 1 1 10 10 12 1 10 12 1 100 10 7 12 1 1 1 9 12 1 10 12 1 1 10 12 1 1 10 100 12 1 1 1 11 7 12 1 1 1 9 100 12 1 1 1 10 100 12 1 1 1 7 1 10 12 1 100 1 10 12 1 10 12 1 1 10 12 1 1 8 1 9 12 1 10 12 1 10 12 1 1 11 7 12 1 1 1 10 12 1 1 1 1 3 1 3 1 3 1 3 1 1 1 1 1 1 1 1 1 1 1 1 1 1 1 1 1 1 1 1 1 7 1 1 1 1 1 1 1 1 1 1 1 1 1 1 1 1 1 1 1 1 1 1 100 1 1 1 1 1 1 1 1 1 1 1 1 1 1 1 1 7 1 7 1 1 1 1 1 1 1 1 1 1 1 1 1 1 1 1 1 1 1 1 1 1 1 1 1 1 1 1 1 1 1 1 1 1 1 1 1 1 1 1 1 1 1 1 1 1 1 1 1 1 1 1 1 1 1 1 1 1 1 1 1 1 1 1 1 1 1 1 1 1 1 1 1 1 1 1 100 100 1 1 1 1 1 1 1 1 1 1 1 1 1 1 1 1 1 1 1 1 1 1 1 1 1 1 100 1 100 1 100 1 100 1 100 1 1 100 1 1 1 1 1 1 1 1 1 1 1 1 1 1 1
staticfield java/lang/Thread NEW_THREAD_BINDINGS Ljava/lang/Object; java/lang/Class
staticfield java/lang/Thread EMPTY_STACK_TRACE [Ljava/lang/StackTraceElement; 0 [Ljava/lang/StackTraceElement;
ciInstanceKlass java/lang/Runnable 1 0 11 100 1 100 1 1 1 1 1 1 1
ciInstanceKlass java/net/URL 1 1 771 10 7 12 1 1 1 10 12 1 10 7 12 1 1 9 12 1 1 9 12 1 10 7 12 1 1 1 10 12 1 1 10 12 1 1 9 12 1 1 10 7 12 1 1 1 8 1 10 12 1 1 7 1 10 10 12 1 1 8 1 10 12 1 1 9 12 1 100 1 8 1 10 12 1 10 12 1 8 1 9 12 1 10 12 1 1 9 12 1 10 12 1 10 12 1 9 12 1 9 12 1 8 1 9 12 1 10 12 1 1 8 1 9 12 1 1 10 12 1 1 10 7 12 1 1 1 8 1 10 12 1 7 1 10 12 1 10 12 1 10 12 1 10 12 1 1 10 12 1 1 8 1 10 12 1 1 10 12 1 8 1 9 12 1 8 1 10 12 1 10 7 12 1 1 1 7 1 10 12 1 10 12 1 1 10 7 12 1 1 1 100 1 8 1 10 10 12 1 8 1 10 12 1 1 10 12 1 10 12 1 10 12 1 10 12 1 10 12 1 10 12 1 8 1 10 12 1 8 1 10 10 100 1 10 10 12 1 8 1 10 7 12 1 1 1 10 12 1 9 100 12 1 1 1 10 7 12 1 1 1 9 12 1 1 10 12 1 10 100 12 1 1 1 100 1 100 1 10 12 1 10 12 1 10 12 1 10 12 1 10 12 1 10 12 10 10 12 1 10 12 1 10 12 1 1 8 1 9 100 12 1 1 1 10 100 12 1 1 1 10 12 1 1 9 100 12 1 1 1 10 12 1 1 100 1 10 12 1 10 12 1 10 10 12 1 1 10 12 1 1 10 12 1 10 12 1 10 12 1 10 7 12 1 1 1 10 12 1 1 10 12 1 9 12 1 1 9 12 1 1 7 1 8 1 10 10 12 1 9 12 1 1 10 7 12 1 1 8 1 10 7 12 1 1 8 1 10 12 1 1 10 12 1 8 1 8 1 10 7 12 1 1 1 7 1 10 7 12 1 1 1 10 12 1 10 12 1 7 1 10 9 7 12 1 1 1 10 7 12 1 1 10 12 1 1 10 12 1 8 1 7 1 10 10 7 12 1 1 1 10 12 1 8 9 7 12 1 1 1 10 12 1 1 10 12 1 10 12 1 1 10 7 12 1 1 11 7 12 1 1 10 12 1 10 12 1 9 12 1 10 12 1 1 10 100 12 1 1 10 100 12 1 1 1 8 10 100 12 1 1 100 1 10 8 8 10 12 1 8 8 8 100 1 10 12 1 9 12 1 1 10 12 1 10 12 1 1 10 12 1 10 12 10 12 1 1 10 12 1 1 10 10 10 12 1 10 12 1 10 12 1 10 12 1 10 12 1 10 10 12 1 100 1 8 1 10 10 10 12 1 1 10 12 1 10 12 1 1 8 1 7 1 10 10 7 1 10 12 1 9 7 12 1 1 1 9 12 1 1 7 1 10 10 7 12 1 1 1 7 1 1 1 1 1 5 0 1 1 1 1 1 1 1 1 1 1 1 1 1 1 1 1 1 1 1 1 1 1 1 1 1 1 1 1 1 1 1 1 1 1 1 1 1 1 1 1 1 1 1 1 1 1 1 1 7 1 1 1 1 1 1 1 1 1 1 1 1 1 1 1 1 1 1 1 1 1 1 1 1 1 1 1 1 1 1 1 1 1 1 1 1 1 100 1 1 1 1 1 1 1 1 1 1 1 1 1 1 1 1 1 100 1 1 1 1 1 1 1 1 1 1 1 1 1 1 1 1 1 1 1
staticfield java/net/URL defaultFactory Ljava/net/URLStreamHandlerFactory; java/net/URL$DefaultFactory
staticfield java/net/URL streamHandlerLock Ljava/lang/Object; java/lang/Object
staticfield java/net/URL serialPersistentFields [Ljava/io/ObjectStreamField; 7 [Ljava/io/ObjectStreamField;
ciMethod java/lang/System arraycopy (Ljava/lang/Object;ILjava/lang/Object;II)V 256 0 128 0 -1
ciMethod java/lang/System getSecurityManager ()Ljava/lang/SecurityManager; 280 0 157943 0 80
ciMethod java/lang/System allowSecurityManager ()Z 280 0 158647 0 80
ciInstanceKlass java/lang/Module 1 1 1070 10 7 12 1 1 1 9 7 12 1 1 1 10 7 12 1 1 1 9 12 1 9 12 1 1 9 12 1 1 10 12 1 1 10 12 1 10 12 1 1 10 7 12 1 1 1 7 1 10 7 12 1 1 1 10 12 1 1 11 7 12 1 1 1 10 12 1 1 10 7 12 1 1 1 10 12 1 1 10 7 12 1 1 1 9 100 12 1 1 1 10 7 12 1 1 1 10 12 1 8 1 10 7 12 1 1 1 10 7 12 1 1 1 10 7 12 1 1 1 10 12 1 10 12 1 9 12 1 1 10 100 12 1 1 100 1 7 1 10 8 1 10 12 1 1 10 12 1 10 12 10 12 1 10 7 12 1 1 8 1 8 1 10 8 1 8 1 9 12 1 1 8 1 10 100 12 1 1 1 10 12 1 9 12 1 1 11 12 1 9 7 12 1 1 10 7 12 1 1 1 10 7 12 1 1 1 10 12 1 1 8 1 10 12 1 1 10 12 1 10 12 1 1 9 7 12 1 1 1 10 12 1 1 10 12 1 1 9 12 1 10 12 1 10 12 1 9 12 1 1 11 7 12 1 1 10 12 1 1 9 12 1 9 12 1 10 12 1 10 12 1 100 1 8 1 10 10 12 1 1 10 12 1 8 1 10 12 1 1 8 1 8 1 10 12 1 1 10 12 1 10 12 1 1 18 12 1 1 10 12 1 1 11 12 1 9 12 1 11 12 10 100 12 1 1 100 1 8 1 10 11 12 1 1 10 7 12 1 1 1 10 12 1 10 12 1 1 11 12 1 1 11 7 12 1 1 11 12 1 1 9 12 1 11 12 1 10 12 1 1 10 12 1 1 9 12 1 10 12 10 7 12 1 1 10 7 1 18 12 1 1 11 100 12 1 1 1 18 12 1 11 12 1 1 10 100 12 1 1 1 11 12 1 1 10 7 12 1 1 7 1 11 12 1 7 1 7 1 10 12 1 10 7 12 1 1 1 10 11 7 12 1 8 1 10 10 12 1 1 10 7 12 1 1 10 12 1 10 12 1 7 1 10 12 1 10 11 12 1 1 10 12 10 12 1 1 9 12 1 1 100 1 10 10 12 1 1 11 7 1 10 12 1 1 11 12 1 10 10 12 1 11 10 12 1 1 10 12 1 1 10 12 1 1 10 7 12 1 1 10 12 1 10 12 1 1 10 10 12 1 1 10 12 1 18 12 1 11 12 1 18 12 1 10 12 1 10 12 1 10 12 7 1 10 12 1 10 12 1 10 12 1 9 12 1 7 1 10 10 10 10 12 1 10 12 1 10 12 1 10 12 1 1 10 12 1 1 10 12 1 9 12 1 18 12 1 1 10 7 12 1 1 1 100 1 8 1 10 12 1 1 10 12 1 1 10 7 12 1 1 7 1 10 12 1 1 7 1 8 1 10 12 1 1 100 1 11 12 1 1 10 100 12 1 1 1 18 12 1 1 11 100 12 1 1 1 100 1 10 12 1 10 12 1 1 7 1 7 1 10 12 8 1 10 12 1 1 10 12 1 1 10 7 12 1 1 10 12 1 1 10 12 1 10 12 10 12 1 1 7 1 10 10 12 1 1 10 7 12 1 1 1 100 1 10 12 1 1 10 7 12 1 1 8 1 18 12 1 1 100 1 100 1 9 12 1 1 9 12 1 9 12 1 11 100 12 1 1 1 100 1 11 12 1 1 100 1 10 12 1 8 1 10 12 1 10 12 10 12 1 8 1 10 10 100 12 1 1 7 1 10 10 12 1 10 7 12 1 1 9 12 1 9 12 1 9 12 1 9 12 1 10 12 11 12 1 10 12 1 7 1 1 1 1 1 1 1 1 1 1 1 1 1 1 1 1 1 1 1 100 1 1 1 1 1 1 1 1 1 1 1 1 1 1 1 1 1 1 1 1 1 1 1 1 1 1 1 1 1 1 1 1 1 1 1 1 1 1 1 1 1 1 1 1 1 1 1 1 1 1 1 1 1 1 1 1 1 1 1 1 1 1 1 1 1 1 1 1 1 1 1 1 1 1 1 1 1 1 1 1 1 1 1 1 1 1 1 1 1 1 1 1 1 1 1 100 100 1 1 1 1 1 1 1 1 1 1 1 1 1 1 1 1 1 1 1 1 1 1 1 1 1 1 1 100 1 100 1 1 1 1 1 1 1 1 1 1 1 1 1 1 1 1 1 1 1 1 100 1 1 1 1 1 1 1 1 1 1 1 1 1 1 1 1 1 1 1 1 1 1 1 16 15 10 12 16 16 15 10 12 16 16 15 10 16 1 15 10 12 16 1 15 10 12 16 1 16 15 10 12 16 16 1 15 10 12 16 15 10 7 12 1 1 1 15 10 100 12 1 1 1 1 1 1 1 1 1 1 1 100 1 100 1 1 100 1 100 1 1
staticfield java/lang/Module ALL_UNNAMED_MODULE Ljava/lang/Module; java/lang/Module
staticfield java/lang/Module ALL_UNNAMED_MODULE_SET Ljava/util/Set; java/util/ImmutableCollections$Set12
staticfield java/lang/Module EVERYONE_MODULE Ljava/lang/Module; java/lang/Module
staticfield java/lang/Module EVERYONE_SET Ljava/util/Set; java/util/ImmutableCollections$Set12
staticfield java/lang/Module $assertionsDisabled Z 1
ciInstanceKlass java/lang/StringLatin1 1 1 395 7 1 10 7 12 1 1 1 10 12 1 1 10 7 12 1 1 1 10 7 12 1 1 1 10 12 1 10 7 12 1 1 1 10 12 1 1 10 7 12 1 1 1 10 7 12 1 1 1 10 12 1 1 10 12 1 1 10 10 12 1 10 12 1 10 9 7 12 1 1 1 10 12 1 1 10 7 12 1 1 1 10 12 10 12 1 1 10 12 1 1 10 12 1 10 12 1 1 10 12 1 1 10 12 1 10 7 12 1 1 1 10 12 1 10 12 1 1 9 12 1 1 100 1 10 10 12 1 1 10 7 12 1 1 1 10 12 1 10 12 1 100 1 7 1 8 1 10 12 1 8 1 10 12 1 1 100 1 10 10 12 10 7 12 1 1 1 8 1 8 1 8 1 10 12 1 1 10 100 12 1 1 10 12 1 10 12 1 1 10 12 1 1 10 12 1 1 10 12 1 10 12 10 12 10 12 1 10 12 10 10 12 1 10 12 1 10 12 1 10 7 12 1 1 1 10 7 12 1 1 1 10 12 1 1 10 12 1 1 10 10 7 12 1 1 1 1 1 1 1 1 1 1 1 1 1 1 1 1 1 1 1 1 1 1 1 1 1 1 1 1 1 1 1 1 1 1 1 1 1 1 1 1 1 1 1 1 1 1 1 1 1 1 1 1 100 1 1 1 1 1 1 1 1 1 1 1 1 1 1 1 1 1 1 1 1 1 1 1 1 1 1 1 1 1 1 1 1 1 1 1 1 1 1 1 1 1 1 100 1 1 1 1 1 1 1 1 1 1 1 1 1 1 1 1 1 1 1 1 1 1 1 100 1 1 1 1 1 1 1 1 1 1 1 1 1 1 1 1 1 1 1 1 1 1 1 1 1 1 100 1 1 1 1
staticfield java/lang/StringLatin1 $assertionsDisabled Z 1
ciInstanceKlass java/lang/Math 1 1 460 7 1 10 7 12 1 1 1 10 7 12 1 1 1 10 12 1 10 12 1 10 12 1 10 12 1 10 12 1 6 0 6 0 10 12 1 10 12 1 10 12 1 10 12 1 10 12 1 10 12 1 1 10 12 1 10 12 1 10 12 1 10 12 1 10 12 1 10 7 12 1 1 1 100 1 3 3 3 10 7 12 1 1 1 100 1 5 0 5 0 5 0 5 0 5 0 9 100 12 1 1 1 10 100 12 1 1 1 100 1 8 1 10 12 1 8 1 10 12 1 1 10 12 1 1 7 1 5 0 5 0 7 1 3 5 0 3 5 0 10 12 1 10 12 1 10 12 1 10 12 1 10 12 1 8 1 10 12 1 8 1 10 12 1 1 10 12 1 1 9 12 1 1 9 12 1 100 1 7 1 10 10 12 1 1 8 1 10 12 1 10 12 1 1 10 10 12 1 10 12 1 10 12 1 10 12 1 1 8 1 8 1 10 12 1 1 10 12 1 10 12 10 12 10 12 1 10 12 1 10 12 1 10 12 1 10 12 6 0 10 12 1 9 12 1 1 100 1 10 10 12 1 100 1 10 12 1 10 12 1 1 10 12 1 10 12 1 10 12 10 12 1 1 10 12 1 1 10 12 1 1 10 12 6 0 10 12 1 1 10 12 10 12 1 4 10 12 1 10 12 1 10 12 10 12 1 10 12 1 10 12 1 10 12 1 10 12 1 10 12 1 5 0 6 0 4 6 0 4 6 0 4 10 12 1 9 12 1 1 10 12 9 12 1 10 7 12 1 1 1 4 6 0 1 1 6 0 1 6 0 1 6 0 1 1 1 1 1 1 1 1 1 1 1 1 1 1 1 1 1 1 1 1 1 1 1 1 1 1 1 1 1 1 1 1 1 1 1 1 1 1 1 1 1 1 1 1 1 1 1 1 1 1 1 1 1 1 1 1 1 1 1 1 1 1 1 1 1 1 1 1 1 1 1 1 1 1 1 1 1 1 1 1 1 1 1 1 1 1 1 1 1 1 1 1 1 1 1 1
staticfield java/lang/Math negativeZeroFloatBits J -2147483648
staticfield java/lang/Math negativeZeroDoubleBits J -9223372036854775808
staticfield java/lang/Math $assertionsDisabled Z 1
ciInstanceKlass java/lang/Character 1 1 604 7 1 7 1 100 1 9 12 1 1 8 1 9 12 1 1 7 1 9 12 1 1 10 7 12 1 1 1 10 100 12 1 1 1 10 100 12 1 1 1 10 7 12 1 1 1 9 7 12 1 1 1 10 12 1 10 12 1 1 10 12 1 1 10 7 12 1 1 10 12 1 1 3 3 3 3 3 10 12 1 1 10 12 1 3 11 7 12 1 1 1 11 12 1 1 10 12 1 1 10 12 1 1 100 1 10 10 12 1 3 10 12 1 1 10 12 1 10 12 1 1 100 1 8 1 10 12 1 1 10 12 1 10 12 1 10 12 1 10 100 12 1 1 1 10 12 1 10 12 1 10 12 1 1 10 12 1 10 7 12 1 1 10 10 12 1 10 10 12 1 10 12 1 1 10 12 1 10 10 12 1 10 12 1 10 12 1 10 12 1 10 12 1 10 12 1 10 12 1 10 12 10 10 12 10 10 12 1 10 10 12 1 10 10 12 1 10 10 12 1 10 12 1 10 12 1 10 12 1 10 12 1 10 12 1 10 12 1 10 10 12 1 10 10 12 1 10 10 12 1 1 10 10 12 1 10 5 0 10 12 1 10 12 1 10 10 12 1 10 10 12 1 1 10 10 12 1 10 10 12 1 9 12 1 1 100 1 10 10 12 1 10 12 1 1 3 10 100 12 1 1 1 10 12 1 10 100 12 1 1 7 1 10 10 12 1 1 10 12 1 1 10 12 1 1 8 1 10 12 1 9 100 12 1 1 1 10 12 1 10 10 12 1 10 12 1 1 10 12 1 10 10 12 1 1 10 10 12 1 1 7 1 8 1 10 12 1 1 10 7 12 1 1 1 8 1 10 12 1 1 9 12 1 1 7 1 7 1 7 1 1 1 1 3 1 3 1 3 1 3 1 1 1 1 1 3 1 1 3 1 3 1 3 1 3 1 3 1 3 1 3 1 3 1 3 1 3 1 3 1 3 1 3 1 3 1 3 1 3 1 3 1 3 1 3 1 3 1 3 1 3 1 3 1 3 1 3 1 3 1 3 1 3 1 1 1 1 1 1 1 1 1 1 1 1 1 1 1 1 1 1 1 3 1 1 1 1 1 1 1 3 1 1 3 1 1 1 1 1 3 1 1 5 0 1 1 1 1 1 1 1 1 1 1 1 1 1 1 1 1 1 1 1 1 1 1 1 1 1 1 1 1 1 1 1 1 1 1 1 1 1 1 1 1 1 1 1 1 1 1 1 1 1 1 1 1 1 1 1 1 1 1 1 1 1 1 1 1 1 1 1 1 1 1 1 1 1 1 1 1 1 1 1 1 1 1 1 1 1 1 1 1 1 1 100 1 100 1 1 1 1 1 1
staticfield java/lang/Character TYPE Ljava/lang/Class; java/lang/Class
staticfield java/lang/Character $assertionsDisabled Z 1
ciInstanceKlass java/util/Arrays 1 1 1029 10 7 12 1 1 1 10 7 12 1 1 1 10 7 12 1 1 1 10 12 1 10 12 1 10 12 1 10 12 1 10 12 1 10 12 1 10 100 12 1 1 1 100 1 7 1 10 8 1 10 12 1 1 10 12 1 8 1 8 1 10 12 1 1 10 12 1 100 1 10 12 1 9 100 12 1 1 1 10 7 12 1 1 100 1 10 12 1 1 10 7 12 1 1 10 7 12 1 1 1 100 1 10 12 1 10 12 1 1 7 1 9 7 12 1 1 1 10 12 1 1 10 7 12 1 1 10 12 1 10 12 1 1 10 12 1 10 12 1 1 7 1 11 12 1 1 10 12 1 10 7 12 1 1 1 10 12 10 12 1 10 12 1 10 12 10 12 1 11 7 12 1 1 1 10 7 12 1 1 1 100 1 10 12 1 10 100 1 10 12 1 10 100 1 10 12 1 10 100 1 10 12 1 10 10 12 1 1 10 12 1 10 12 1 10 12 1 10 12 1 10 12 1 10 7 12 1 1 1 10 12 1 10 7 12 1 1 1 10 12 1 10 12 1 10 7 12 1 1 1 10 12 1 10 12 1 10 12 1 10 12 1 10 12 1 10 12 1 10 12 1 10 12 1 10 12 1 10 12 1 10 12 1 10 12 1 10 12 1 10 12 1 10 12 1 10 12 1 1 10 12 1 1 10 7 12 1 1 1 10 7 1 10 100 1 10 7 1 10 100 1 10 7 1 10 100 1 10 100 1 10 100 1 10 12 1 8 1 10 12 1 1 10 12 1 1 10 12 1 1 10 12 1 1 10 12 1 1 10 12 1 1 10 12 1 1 10 12 1 1 10 12 1 1 7 1 10 12 10 12 1 1 10 12 1 10 12 1 1 10 12 1 1 9 7 12 1 1 1 10 12 1 9 7 1 10 12 1 9 7 1 10 12 1 9 7 1 10 12 1 9 7 1 10 12 1 9 7 1 10 12 1 9 10 12 1 10 12 1 10 12 1 9 12 1 100 1 10 10 12 1 1 10 12 1 10 12 1 10 12 1 10 12 1 10 12 1 10 12 1 10 12 1 10 12 1 10 12 1 8 1 8 1 10 12 1 10 12 1 8 1 10 12 1 10 12 1 10 12 1 10 7 12 1 1 1 3 10 7 1 10 10 12 1 1 11 100 12 1 1 10 12 1 1 10 12 1 10 12 1 10 12 1 10 12 1 10 12 1 10 12 1 10 12 1 10 12 1 11 12 1 8 1 10 11 12 1 11 100 12 1 1 1 11 100 12 1 1 1 11 12 1 1 18 12 1 1 11 12 1 1 11 100 12 1 1 1 18 12 1 11 100 12 1 1 1 18 12 1 11 100 12 1 1 1 18 12 1 100 1 10 7 12 1 1 1 10 12 1 10 12 1 10 12 1 10 12 1 10 12 1 10 12 1 10 12 1 10 12 1 1 10 12 1 10 7 12 1 1 10 12 1 10 12 1 10 12 1 1 10 12 1 10 12 1 10 12 1 1 10 12 1 10 12 1 10 12 1 1 10 12 1 10 12 1 10 12 1 10 12 1 10 12 10 12 1 10 12 10 12 10 12 1 10 12 10 12 1 10 12 1 10 12 1 1 1 1 3 1 3 1 1 1 1 1 1 1 1 1 1 1 1 1 1 1 1 1 1 1 1 1 1 1 1 1 1 1 1 1 1 1 1 1 1 1 1 1 1 1 1 1 1 1 1 1 1 1 1 1 1 1 1 1 1 1 1 1 1 1 1 1 1 1 1 1 1 1 1 1 1 1 1 1 1 1 1 1 1 1 1 1 1 1 1 1 1 1 1 1 1 1 1 1 1 1 1 1 1 1 1 1 1 1 1 1 1 1 1 1 1 1 1 1 1 1 1 1 1 1 1 1 1 1 1 1 1 1 1 1 1 1 1 1 1 1 1 1 1 1 1 1 1 1 1 1 1 1 1 1 1 1 1 1 1 1 1 1 1 1 1 1 1 1 1 1 1 1 1 1 1 1 1 1 1 1 1 1 1 1 1 1 1 1 1 1 1 1 1 1 1 1 1 1 1 1 1 1 1 1 1 1 1 1 1 1 1 1 1 1 1 1 1 1 1 1 1 1 1 1 1 1 1 1 1 1 1 1 1 1 1 1 1 1 1 1 1 1 1 1 1 1 1 1 1 1 1 1 1 1 1 1 1 1 1 100 1 1 16 15 10 12 15 10 12 15 10 12 15 10 12 15 10 100 12 1 1 1 1 1 100 1 100 1 1 1 1 100 1 1 1 1 1 1 100 1 1 100 1 1 100 1 1 1 100 1 100 1 1
staticfield java/util/Arrays $assertionsDisabled Z 1
ciInstanceKlass java/lang/OutOfMemoryError 1 1 26 10 100 12 1 1 1 10 12 1 100 1 1 1 1 5 0 1 1 1 1 1 1 1 1 1
ciMethod java/lang/StringLatin1 equals ([B[B)Z 742 750 6622 0 -1
ciMethod java/lang/StringLatin1 toLowerCase (Ljava/lang/String;[BLjava/util/Locale;)Ljava/lang/String; 512 21408 4990 0 1808
ciMethod java/lang/StringLatin1 canEncode (I)Z 516 0 75156 0 104
ciMethod java/lang/StringLatin1 toLowerCaseEx (Ljava/lang/String;[BILjava/util/Locale;Z)Ljava/lang/String; 0 0 1 0 -1
ciInstanceKlass java/lang/StringUTF16 1 1 635 7 1 7 1 10 7 12 1 1 1 10 7 12 1 1 1 100 1 10 3 7 1 7 1 10 8 1 10 12 1 1 10 12 1 8 1 10 12 1 1 10 12 1 9 12 1 1 10 12 1 1 100 1 8 1 10 12 1 9 12 1 1 9 12 1 10 10 12 1 1 10 12 1 1 10 7 12 1 1 1 10 12 1 10 12 1 1 10 12 1 1 10 12 1 1 10 12 1 1 10 12 1 10 12 1 1 10 12 1 1 10 12 1 1 10 12 1 1 10 12 1 1 10 12 1 10 7 12 1 1 1 10 12 1 1 10 7 12 1 1 1 10 12 1 1 10 12 1 10 12 1 1 10 12 1 1 10 12 1 1 10 12 1 10 12 1 100 1 10 12 1 10 10 12 1 10 12 1 1 10 12 1 10 7 12 1 1 1 10 12 1 1 10 12 10 12 1 1 10 12 1 10 12 1 1 10 12 1 10 12 1 10 12 1 10 12 1 7 1 10 12 1 1 10 12 1 3 10 12 1 1 10 12 1 10 12 1 10 12 1 10 12 1 10 12 1 10 12 1 1 9 12 1 10 12 1 10 12 10 12 1 1 10 12 1 10 12 1 10 12 1 10 10 12 10 12 10 10 12 1 1 10 12 1 10 12 1 10 12 1 100 1 8 1 8 1 10 12 1 1 100 1 10 10 7 12 1 1 1 10 7 12 1 1 8 1 8 1 8 1 10 12 1 1 10 12 1 1 10 12 10 100 12 1 1 10 12 1 1 10 12 1 1 10 12 1 10 12 10 12 10 12 1 10 12 10 12 1 10 12 1 10 12 1 10 12 1 10 100 12 1 1 1 10 100 12 1 1 1 10 12 1 1 10 12 1 1 11 7 12 1 1 10 12 1 10 12 1 10 12 1 1 9 12 1 1 9 12 1 5 0 5 0 10 12 1 10 12 10 12 10 7 12 1 1 1 10 12 1 1 1 1 1 1 1 1 1 1 1 1 1 1 1 1 1 1 1 1 1 1 1 1 1 1 1 1 1 100 1 1 1 1 1 1 1 1 1 1 1 1 1 1 1 1 1 1 1 1 1 1 1 1 1 1 1 1 1 1 1 1 1 1 1 1 1 1 1 1 1 1 1 1 1 1 1 1 1 1 1 1 1 1 1 1 1 1 1 1 1 1 1 1 1 1 1 1 1 1 1 1 1 1 1 1 1 1 1 1 1 1 1 1 1 1 1 1 1 1 100 1 1 1 1 1 1 1 1 1 1 1 1 1 1 1 1 1 100 1 1 1 1 1 1 1 1 1 1 1 1 1 1 1 1 1 1 1 1 1 1 1 1 1 1 1 1 1 1 1 1 1 1 1 1 1 1 1 1 1 1 1 1 1 1 1 1 1 1 1 1 1 1 1 1 1 1 1 100 1 100 1 1 1 1 1
staticfield java/lang/StringUTF16 HI_BYTE_SHIFT I 0
staticfield java/lang/StringUTF16 LO_BYTE_SHIFT I 8
staticfield java/lang/StringUTF16 $assertionsDisabled Z 1
ciInstanceKlass java/lang/Integer 1 1 453 7 1 7 1 7 1 7 1 10 12 1 1 9 12 1 1 9 12 1 1 10 100 12 1 1 1 10 12 1 1 10 100 12 1 1 1 10 10 12 1 1 10 7 12 1 1 1 10 12 1 10 12 1 1 10 7 12 1 1 1 10 12 1 1 10 12 1 1 10 12 1 10 12 1 10 12 1 1 10 10 12 1 9 12 1 1 9 12 1 7 1 8 1 10 12 1 7 1 10 12 1 8 1 10 12 1 1 10 12 1 8 1 10 12 1 8 1 10 12 1 1 3 10 12 1 1 3 10 12 1 1 10 12 1 1 10 7 12 1 1 1 11 7 1 10 12 1 1 11 10 12 1 1 8 1 10 12 1 1 8 1 7 1 10 12 1 1 10 12 1 1 5 0 8 1 10 12 1 10 12 1 10 12 1 10 12 1 1 7 1 9 12 1 1 9 12 1 1 10 12 1 10 7 1 9 12 1 10 12 1 10 12 1 10 12 1 1 10 7 12 1 1 1 100 1 100 1 10 12 1 1 10 12 1 1 8 1 8 1 10 12 1 1 8 1 8 1 8 1 8 1 8 1 8 1 10 12 1 10 12 1 5 0 3 3 3 3 10 12 1 10 12 1 3 10 12 1 10 100 12 1 1 1 10 12 1 1 10 12 1 1 8 1 10 7 12 1 1 1 9 12 1 1 7 1 7 1 7 1 1 1 1 3 1 1 1 3 1 3 1 1 5 0 1 1 1 1 1 1 1 1 1 100 1 1 1 1 1 1 1 1 1 1 1 1 1 1 1 1 1 1 1 1 1 1 1 1 1 1 1 1 1 1 1 1 1 1 1 1 1 1 1 1 3 1 1 1 1 1 1 1 1 1 1 1 1 1 1 1 1 7 1 1 1 1 1 1 1 1 1 1 1 1 1 1 1 1 1 1 1 1 1 1 1 1 1 1 1 1 1 1 1 1 1 1 1 1 1 1 1 1 1 1 1 1 1 1 7 1 1 1 1 1 1 1 1 1 100 1 100 1 1
staticfield java/lang/Integer TYPE Ljava/lang/Class; java/lang/Class
staticfield java/lang/Integer digits [C 36
staticfield java/lang/Integer DigitTens [B 100
staticfield java/lang/Integer DigitOnes [B 100
instanceKlass com/google/api/client/json/gson/GsonGenerator$StringNumber
instanceKlass com/google/gson/internal/LazilyParsedNumber
instanceKlass java/math/BigDecimal
instanceKlass java/math/BigInteger
instanceKlass java/util/concurrent/atomic/Striped64
instanceKlass java/util/concurrent/atomic/AtomicLong
instanceKlass java/util/concurrent/atomic/AtomicInteger
instanceKlass java/lang/Long
instanceKlass java/lang/Integer
instanceKlass java/lang/Short
instanceKlass java/lang/Byte
instanceKlass java/lang/Double
instanceKlass java/lang/Float
ciInstanceKlass java/lang/Number 1 1 37 10 7 12 1 1 1 10 100 12 1 1 1 100 1 1 1 1 5 0 1 1 1 1 1 1 1 1 1 1 1 1 1 1 1 1 1
ciMethod java/lang/StringUTF16 getChars (JI[B)I 0 0 1 0 -1
ciMethod java/lang/StringUTF16 toLowerCase (Ljava/lang/String;[BLjava/util/Locale;)Ljava/lang/String; 0 0 2660 0 -1
ciInstanceKlass java/lang/Thread$FieldHolder 1 1 48 10 7 12 1 1 1 9 7 12 1 1 1 9 12 1 1 9 12 1 1 9 12 1 1 9 12 1 1 1 1 1 1 1 1 1 1 100 1 100 1 1 1 1 100 1 1 1
ciInstanceKlass java/lang/Thread$Constants 0 0 59 7 1 10 7 12 1 1 1 100 1 10 10 7 12 1 1 1 7 1 8 1 10 12 1 9 7 12 1 1 1 7 1 7 1 10 12 1 10 12 1 9 12 1 1 1 1 1 1 1 1 1 1 1 1 1 1 1 1
ciInstanceKlass java/lang/ThreadGroup 1 1 411 10 7 12 1 1 1 9 7 12 1 1 1 8 1 9 12 1 1 7 1 9 12 1 1 9 12 1 1 10 7 12 1 1 1 10 12 1 1 10 12 1 10 12 1 10 12 1 10 12 1 1 10 12 1 1 10 12 1 10 12 1 1 10 12 1 10 12 1 10 100 12 1 1 1 10 12 1 1 18 12 1 1 11 7 12 1 1 1 10 7 12 1 1 1 10 7 12 1 10 12 1 1 10 12 1 1 10 12 1 1 10 100 12 1 1 1 10 12 1 11 12 1 1 11 7 12 1 1 11 12 1 1 10 12 1 1 10 12 1 10 12 1 11 12 1 11 12 1 1 100 1 10 10 12 1 100 1 10 18 12 1 1 11 7 12 1 1 1 11 12 1 1 9 12 1 1 10 12 1 1 8 1 10 7 12 1 1 1 10 100 12 1 1 1 10 12 1 1 11 12 10 12 1 1 10 12 1 1 11 7 1 9 12 1 7 1 10 8 1 10 12 1 1 10 12 1 1 8 1 10 12 1 10 7 12 1 1 1 10 12 1 1 10 7 1 8 1 10 8 1 10 12 1 10 12 1 8 1 9 12 1 1 9 12 1 10 100 12 1 1 1 100 9 12 1 1 7 1 9 12 1 10 12 10 12 1 1 100 10 12 9 12 1 10 12 1 100 1 10 11 12 1 1 7 1 10 10 12 1 10 12 1 1 1 1 1 1 1 1 1 1 1 1 1 1 1 1 1 1 3 1 1 1 1 1 1 1 1 1 1 1 1 100 1 1 1 1 1 1 1 1 1 1 1 1 1 1 1 1 1 1 1 1 1 1 1 1 1 1 1 1 1 1 1 1 1 1 1 1 1 1 1 1 1 1 1 16 15 10 12 16 16 15 10 12 16 15 10 100 12 1 1 1 1 1 100 1 100 1 1
staticfield java/lang/ThreadGroup $assertionsDisabled Z 1
ciInstanceKlass java/lang/Thread$UncaughtExceptionHandler 1 0 16 100 1 100 1 1 1 1 1 1 1 1 100 1 1 1
ciInstanceKlass java/security/AccessControlContext 1 1 374 9 7 12 1 1 1 9 12 1 1 10 100 12 1 1 1 8 1 10 100 12 1 1 1 10 7 12 1 1 1 9 12 1 9 12 1 1 9 12 1 1 10 7 12 1 1 7 1 10 12 1 11 7 12 1 1 1 11 12 1 11 12 1 11 12 1 1 7 1 11 12 1 1 10 12 1 10 7 12 1 1 1 9 100 12 1 1 1 10 7 12 1 1 1 11 100 12 1 1 1 10 7 1 100 1 8 1 10 12 1 10 12 1 1 7 1 10 7 12 1 1 1 9 12 1 9 12 1 9 12 1 9 12 1 1 9 12 1 1 9 12 1 9 12 1 10 7 12 1 1 1 9 12 1 10 12 1 1 10 12 1 1 8 1 10 12 1 1 10 12 1 1 10 7 12 1 1 1 7 1 10 10 12 1 1 10 7 12 1 1 1 10 8 1 10 7 12 1 1 8 1 10 7 12 1 1 8 1 8 1 10 12 1 8 1 10 12 1 8 1 10 12 1 10 12 1 10 12 1 1 8 1 8 1 100 1 10 12 1 10 12 1 1 100 1 10 12 1 8 1 10 12 1 10 12 1 10 8 1 10 12 1 1 10 12 1 1 10 12 1 1 10 12 1 1 10 12 1 10 12 1 11 10 12 1 10 12 1 1 10 10 10 12 1 1 1 1 1 1 1 1 1 1 1 1 1 1 1 1 1 1 1 1 1 1 1 1 100 1 1 1 1 1 1 1 1 1 1 1 1 1 1 1 1 1 1 1 1 1 1 1 1 1 1 1 1 1 1 1 1 1 1 1 1 1 1 1 1 1 1 1 1 1 1 1 1 1 1 1 1 3 1 1
instanceKlass java/lang/ThreadBuilders$BoundVirtualThread
instanceKlass java/lang/VirtualThread
ciInstanceKlass java/lang/BaseVirtualThread 0 0 36 10 100 12 1 1 1 100 1 1 1 1 1 1 1 1 1 1 1 1 1 1 1 1 1 1 1 1 100 1 100 1 1 100 1 1
ciInstanceKlass java/lang/VirtualThread 0 0 907 9 7 12 1 1 1 10 7 12 1 1 1 10 100 12 1 1 1 10 7 12 1 1 1 9 12 1 1 9 12 1 1 100 1 10 12 1 9 12 1 1 18 12 1 1 9 12 1 1 10 12 1 1 100 1 10 12 1 10 12 1 1 10 12 1 1 10 12 1 1 10 12 1 10 7 12 1 10 12 1 10 12 1 10 12 1 10 12 1 11 100 12 1 1 1 100 1 10 12 1 1 10 100 12 1 1 1 10 100 12 1 1 1 10 12 1 100 1 10 10 12 1 10 12 1 1 9 12 1 1 10 12 1 1 9 12 1 1 10 12 1 9 12 1 1 9 12 1 100 1 10 10 12 1 10 100 12 1 1 10 9 10 10 12 1 1 10 12 1 1 10 100 12 1 1 10 100 1 10 9 10 10 12 1 7 1 10 12 1 1 10 12 1 10 12 1 10 12 1 1 9 12 1 10 12 1 10 12 1 9 12 1 1 10 12 1 10 12 1 9 12 1 1 10 12 1 10 12 1 10 12 1 11 100 12 1 1 10 12 1 1 10 12 1 1 10 12 1 1 9 12 1 10 100 1 10 12 1 1 10 12 1 1 10 12 1 10 12 1 10 12 1 10 12 9 12 1 1 10 100 12 1 1 10 12 1 10 12 1 1 10 100 12 1 1 10 12 1 100 1 8 1 10 12 1 10 12 1 1 10 12 1 10 12 1 10 100 12 1 1 10 12 1 10 12 1 1 10 12 1 10 12 1 1 10 7 12 1 1 10 12 1 1 10 12 1 1 100 1 10 10 12 1 7 1 9 12 1 1 10 7 12 1 1 10 9 12 1 1 18 9 100 12 1 1 1 11 100 12 1 1 1 11 100 1 11 12 10 12 1 10 12 1 1 10 12 1 100 1 10 10 12 1 10 12 1 1 10 12 1 1 10 12 1 10 12 1 10 12 1 9 12 1 1 11 100 12 1 1 10 12 9 100 12 1 1 1 9 12 1 10 12 1 1 9 12 1 9 12 1 9 12 1 7 1 10 10 12 1 1 10 12 1 10 12 7 1 7 1 10 8 1 10 12 1 1 10 12 1 10 12 1 10 10 12 1 8 1 10 10 12 1 10 12 1 10 7 12 1 1 8 1 8 1 10 9 100 12 1 1 1 10 12 1 1 10 12 1 10 10 10 12 9 12 1 10 12 1 1 9 12 1 10 12 1 1 9 12 1 10 12 1 1 18 12 1 1 18 12 1 10 7 12 1 1 1 8 1 10 100 12 1 1 1 10 7 12 1 1 1 18 12 1 10 100 12 1 1 1 100 1 10 12 1 8 1 10 12 1 8 1 10 12 1 1 8 1 8 1 10 100 12 1 1 8 1 10 12 1 8 1 8 1 10 100 12 1 1 1 10 12 1 10 12 1 1 10 12 1 18 12 1 1 18 12 1 1 5 0 9 12 1 10 12 1 18 12 1 100 1 10 12 10 7 12 1 1 10 12 1 1 7 1 8 1 10 10 12 1 10 12 1 1 10 12 1 9 12 1 8 10 12 1 1 8 8 9 12 1 8 10 12 1 1 3 1 3 1 3 1 3 1 3 1 3 1 3 1 3 1 3 1 3 1 3 1 3 3 1 3 1 1 1 1 1 1 1 1 1 1 1 1 1 1 7 1 1 1 1 1 1 1 1 1 1 1 1 1 1 7 1 1 1 1 1 1 1 1 1 1 1 7 1 1 1 1 1 1 1 1 1 1 1 1 1 1 1 1 1 1 1 1 1 1 1 1 1 1 1 1 1 1 1 1 1 1 1 1 1 1 1 100 1 1 1 1 1 1 1 1 1 1 1 1 1 1 1 1 1 1 1 1 1 1 1 1 1 1 1 1 1 1 1 1 1 1 1 100 1 1 1 1 1 1 1 1 1 1 1 1 1 1 100 1 1 16 15 10 12 15 16 15 10 12 16 15 10 12 16 16 15 10 12 16 15 10 12 16 15 10 12 16 15 10 12 16 1 15 10 100 12 1 1 1 1 1 1 1 7 1 1 100 1 100 1 1
ciInstanceKlass java/lang/ThreadBuilders$BoundVirtualThread 0 0 132 10 7 12 1 1 1 9 7 12 1 1 1 10 7 12 1 1 1 9 12 1 1 10 12 1 1 10 12 1 1 9 12 1 1 10 7 12 1 1 1 10 12 1 1 7 1 8 1 10 12 1 10 12 1 1 10 12 1 1 10 12 1 1 10 7 12 1 1 1 8 1 10 12 1 8 1 10 12 1 1 10 100 12 1 1 9 100 12 1 1 1 10 12 1 1 10 10 12 1 1 1 1 1 1 1 1 1 1 1 1 1 1 1 1 1 1 1 1 1 1 1 1 1 1 1 1 100 1 1 1 1
ciInstanceKlass jdk/internal/vm/ContinuationScope 0 0 50 10 100 12 1 1 1 10 100 12 1 1 1 100 1 9 100 12 1 1 1 10 12 1 1 10 100 12 1 1 1 10 12 1 1 10 12 1 1 1 1 1 1 1 1 1 1 1 1 1
ciInstanceKlass jdk/internal/vm/StackChunk 0 0 32 10 100 12 1 1 1 9 100 12 1 1 1 9 12 1 1 9 12 1 1 1 1 1 1 1 1 1 1 1 1 1
ciInstanceKlass java/lang/CharacterDataLatin1 1 1 141 9 7 12 1 1 1 9 12 1 1 10 12 1 1 10 12 1 10 12 1 1 10 12 1 9 12 1 1 100 1 3 3 3 3 9 12 1 10 7 12 1 1 1 10 9 12 1 1 3 3 3 3 3 3 3 3 3 3 3 3 3 3 3 3 3 3 3 3 3 3 3 3 3 3 3 3 3 3 3 3 3 3 3 1 1 1 1 1 1 1 1 1 1 1 1 1 1 1 1 1 1 1 1 1 1 1 1 1 1 1 1 1 1 1 1 1 1 1 1 1 1 1 1 1 1 1 1 1 1 1 1 1 1 1 1 1 100 1 1 1
staticfield java/lang/CharacterDataLatin1 DIGITS [B 256
staticfield java/lang/CharacterDataLatin1 instance Ljava/lang/CharacterDataLatin1; java/lang/CharacterDataLatin1
staticfield java/lang/CharacterDataLatin1 A [I 256
staticfield java/lang/CharacterDataLatin1 B [C 256
ciMethod java/lang/CharacterDataLatin1 toLowerCase (I)I 632 0 16232 0 128
ciInstanceKlass java/lang/Float 1 1 279 7 1 7 1 10 100 12 1 1 1 10 100 12 1 1 1 4 7 1 10 12 1 1 10 12 1 1 8 1 8 1 10 7 12 1 1 1 10 12 1 1 10 12 1 1 10 7 1 4 10 7 12 1 1 9 12 1 1 10 12 1 1 10 12 1 10 10 12 1 1 10 12 1 10 12 1 3 3 100 1 4 4 4 3 10 12 1 1 9 12 1 1 100 1 10 3 3 4 4 10 12 1 3 3 3 10 12 1 1 10 12 1 1 10 12 1 10 100 12 1 1 1 10 12 1 1 10 12 1 1 10 7 12 1 1 1 8 1 10 12 1 1 9 12 1 1 7 1 7 1 7 1 1 1 1 4 1 4 1 1 1 4 1 1 3 1 3 1 3 1 3 1 3 1 1 1 1 5 0 1 1 1 1 1 1 1 1 1 1 100 1 1 1 1 1 1 1 1 1 1 1 1 1 3 1 1 1 1 1 1 1 1 1 1 1 1 1 1 1 1 1 1 1 1 1 1 1 1 1 1 1 1 1 1 1 1 1 1 1 1 1 1 1 1 1 1 1 1 1 1 1 1 1 1 1 1 1 1 1 1 1 1 1 1 1 7 1 1 1 1 1 1 1 100 1 100 1 1
staticfield java/lang/Float TYPE Ljava/lang/Class; java/lang/Class
staticfield java/lang/Float $assertionsDisabled Z 1
ciInstanceKlass java/lang/Double 1 1 290 7 1 7 1 10 100 12 1 1 1 10 12 1 1 10 7 1 10 12 1 1 10 7 12 1 1 1 6 0 8 1 10 12 1 1 8 1 10 12 1 1 8 1 6 0 10 12 1 1 100 1 5 0 5 0 8 1 8 1 10 7 12 1 1 1 10 7 12 1 1 1 8 1 10 12 1 1 8 1 8 1 8 1 10 12 1 1 10 12 1 10 12 1 1 10 12 1 10 12 1 10 12 1 1 10 12 1 10 7 1 6 0 10 7 12 1 1 9 12 1 1 10 12 1 10 12 1 10 12 1 10 12 1 10 12 1 5 0 10 12 1 1 10 12 1 10 12 1 10 100 12 1 1 1 10 12 1 1 10 12 1 1 8 1 10 7 12 1 1 1 9 12 1 1 7 1 7 1 7 1 1 1 6 0 1 6 0 1 6 0 1 1 1 6 0 1 1 3 1 3 1 3 1 3 1 3 1 1 1 1 5 0 1 1 1 1 1 1 1 1 1 1 1 1 1 1 1 1 7 1 1 1 1 1 1 1 1 1 1 1 1 3 1 1 1 1 1 1 1 1 1 1 1 1 1 1 1 1 1 1 1 1 1 1 1 1 1 1 1 1 1 1 1 1 1 1 7 1 1 1 1 1 1 1 100 1 100 1 1
staticfield java/lang/Double TYPE Ljava/lang/Class; java/lang/Class
ciInstanceKlass java/lang/Byte 1 1 213 7 1 100 1 10 7 12 1 1 1 9 12 1 1 8 1 9 12 1 1 7 1 10 12 1 1 10 12 1 1 10 100 12 1 1 1 10 100 12 1 1 1 9 7 12 1 1 1 10 12 1 1 100 1 7 1 10 12 1 1 8 1 10 12 1 1 8 1 10 12 1 10 12 1 10 12 1 10 12 1 1 10 12 1 10 12 1 10 12 1 1 10 8 1 8 1 10 7 1 9 12 1 1 10 12 1 1 10 12 1 1 10 12 1 1 10 12 1 5 0 10 12 1 1 8 1 10 7 12 1 1 1 9 12 1 1 7 1 7 1 1 1 3 1 3 1 1 1 1 3 1 3 1 1 5 0 1 1 1 1 1 1 1 1 1 1 1 1 1 1 1 1 1 1 1 1 1 1 1 1 1 1 1 1 1 1 1 1 1 1 1 1 1 1 1 1 1 1 1 1 1 1 1 1 1 1 1 1 1 1 1 1
staticfield java/lang/Byte TYPE Ljava/lang/Class; java/lang/Class
ciInstanceKlass java/lang/Short 1 1 222 7 1 7 1 100 1 10 7 12 1 1 1 10 12 1 1 100 1 7 1 10 12 1 1 8 1 10 12 1 1 8 1 10 12 1 10 12 1 10 12 1 10 12 1 1 10 12 1 1 10 12 1 9 12 1 1 8 1 9 12 1 1 7 1 10 12 1 1 10 12 1 10 100 12 1 1 1 10 100 12 1 1 1 9 7 12 1 1 1 10 12 1 10 12 1 1 10 8 1 8 1 10 7 1 9 12 1 1 10 12 1 1 10 12 1 1 10 12 1 1 10 12 1 3 3 5 0 10 12 1 1 8 1 10 7 12 1 1 1 9 12 1 1 7 1 7 1 1 1 3 1 3 1 1 1 1 3 1 3 1 1 5 0 1 1 1 1 1 1 1 1 1 1 1 1 1 1 1 1 1 1 1 1 1 1 1 1 1 1 1 3 1 1 1 1 1 1 1 1 1 1 1 1 1 1 1 1 1 1 1 1 1 1 1 1 1 1 1 1 1 1
staticfield java/lang/Short TYPE Ljava/lang/Class; java/lang/Class
ciInstanceKlass java/lang/Long 1 1 524 7 1 7 1 7 1 7 1 10 12 1 1 9 12 1 1 9 7 12 1 1 1 10 100 12 1 1 1 10 12 1 1 10 100 12 1 1 1 10 10 12 10 12 1 10 12 1 10 12 1 5 0 5 0 7 1 10 12 1 1 10 12 1 1 10 12 1 10 12 1 10 12 1 10 12 1 1 10 100 12 1 1 10 12 1 10 12 1 1 10 12 1 1 10 12 1 1 10 12 1 1 10 7 12 1 1 1 10 12 1 1 10 12 1 10 12 1 10 12 1 10 12 1 1 10 10 12 1 5 0 5 0 9 12 1 1 9 12 1 5 0 7 1 8 1 10 12 1 8 1 10 12 1 8 1 8 1 10 12 1 1 5 0 10 12 1 1 5 0 10 12 1 1 10 12 1 1 10 100 12 1 1 1 11 7 1 10 12 1 1 11 10 12 1 1 8 1 10 12 1 1 8 1 7 1 10 12 1 1 10 12 1 8 1 8 1 11 12 1 1 10 12 1 10 12 1 10 12 1 5 0 5 0 9 7 12 1 1 1 10 12 1 10 12 1 1 8 1 8 1 10 12 1 1 8 1 8 1 8 1 8 1 8 1 8 1 10 12 1 10 7 1 9 12 1 1 10 12 1 10 12 1 1 10 12 1 1 10 7 12 1 1 1 100 1 100 1 10 12 1 1 10 12 1 1 5 0 10 12 1 10 12 1 5 0 5 0 5 0 10 12 1 1 10 12 1 5 0 5 0 10 12 1 10 12 1 10 100 12 1 1 1 10 12 1 1 10 12 1 1 8 1 10 7 12 1 1 1 9 12 1 1 7 1 7 1 7 1 1 1 1 5 0 1 1 1 1 3 1 3 1 5 0 1 1 1 1 1 1 1 1 1 100 1 1 1 1 1 1 1 1 1 1 1 1 1 1 1 1 1 1 1 1 1 1 1 1 1 1 1 1 1 1 1 1 1 1 1 1 1 1 1 1 1 1 1 1 1 1 1 1 1 1 1 1 1 1 1 3 1 1 1 1 1 1 1 1 1 1 1 1 1 1 1 7 1 1 1 1 1 1 1 1 1 1 1 1 1 1 1 1 1 1 1 1 1 1 1 1 1 1 1 1 1 1 1 1 1 1 1 1 1 1 1 1 1 1 1 7 1 1 1 1 1 1 1 1 1 100 1 100 1 1
staticfield java/lang/Long TYPE Ljava/lang/Class; java/lang/Class
ciMethod java/lang/Long toString (J)Ljava/lang/String; 10 0 5128 0 2840
ciMethod java/lang/Long getChars (JI[B)I 516 1314 4360 0 -1
ciMethod java/lang/Long stringSize (J)I 512 2806 3159 0 -1
ciInstanceKlass jdk/internal/vm/vector/VectorSupport 0 0 573 100 1 10 100 12 1 1 1 9 12 1 1 10 12 1 1 100 1 10 12 1 11 100 12 1 1 1 11 100 12 1 1 1 11 100 12 1 1 11 100 12 1 1 11 100 12 1 1 1 11 100 12 1 1 11 100 12 1 1 11 100 12 1 1 11 100 12 1 1 11 100 12 1 1 11 100 12 1 1 11 100 12 1 1 1 11 100 12 1 1 11 100 12 1 1 1 11 100 12 1 1 1 11 100 12 1 1 11 100 12 1 1 1 11 100 12 1 1 100 1 10 12 1 1 11 100 12 1 1 11 100 12 1 1 11 100 12 1 1 11 100 12 1 1 11 100 12 1 1 11 100 12 1 1 9 12 1 1 10 100 12 1 1 11 100 12 1 1 10 12 1 1 10 100 12 1 1 1 10 12 1 10 12 1 1 10 12 1 1 1 1 1 3 1 3 1 3 1 3 1 3 1 3 1 3 1 3 1 3 1 3 1 3 1 3 1 3 1 3 1 3 1 3 1 3 1 3 1 3 1 3 1 3 1 3 1 3 1 3 1 3 1 3 1 3 1 3 1 3 1 3 1 3 1 3 1 3 1 3 1 3 1 3 1 3 1 3 1 3 1 3 1 3 1 3 1 3 1 3 1 3 1 3 1 3 1 3 1 3 1 3 1 3 1 3 1 3 1 1 1 1 1 1 1 1 1 1 1 1 1 1 1 1 1 1 1 1 1 1 1 1 1 1 1 1 1 1 1 1 1 1 1 1 1 1 1 1 1 1 1 1 1 1 1 1 1 1 1 1 1 1 1 1 1 1 1 1 1 1 1 1 1 1 1 1 1 1 1 1 1 1 1 1 1 1 1 1 1 1 1 1 1 1 1 1 1 1 1 1 1 1 1 1 1 1 1 1 1 1 1 1 1 1 1 1 1 1 1 1 1 1 1 1 1 1 1 1 1 1 1 1 1 1 1 1 1 1 1 1 1 1 1 1 1 1 1 1 1 1 1 1 1 1 1 1 1 1 1 1 1 1 1 1 1 1 1 1 1 1 1 1 1 1 1 1 1 1 1 1 1 1 1 1 1 1 1 1 1 1 1 1 1 1 1 1 1 1 1 1 1 1 1 1 1 1 1 1 1 1 1 1 1 1 1 1 1 1 1 1 1 1 1 1 1 1 1 1 1 1 1 1 1 1 1 1 1 1 1 1 1 1 1 100 1 100 1 100 1 100 1 100 1 1 1 1 1 1 1 1 1 1 1 1 1 1 1 1 1 1 1 1 1 1 1 1 1 1 1 1 1 1 1
instanceKlass jdk/internal/vm/vector/VectorSupport$VectorShuffle
instanceKlass jdk/internal/vm/vector/VectorSupport$VectorMask
instanceKlass jdk/internal/vm/vector/VectorSupport$Vector
ciInstanceKlass jdk/internal/vm/vector/VectorSupport$VectorPayload 0 0 32 10 100 12 1 1 1 9 100 12 1 1 1 10 100 12 1 1 1 1 1 1 1 1 1 1 1 1 1 1 1 1
ciInstanceKlass jdk/internal/vm/vector/VectorSupport$Vector 0 0 28 10 100 12 1 1 1 100 1 1 1 1 1 1 1 1 1 1 1 1 1 1 1 100 1 1 1 1
ciInstanceKlass jdk/internal/vm/vector/VectorSupport$VectorMask 0 0 28 10 100 12 1 1 1 100 1 1 1 1 1 1 1 1 1 1 1 1 1 1 1 100 1 1 1 1
ciInstanceKlass jdk/internal/vm/vector/VectorSupport$VectorShuffle 0 0 28 10 100 12 1 1 1 100 1 1 1 1 1 1 1 1 1 1 1 1 1 1 1 100 1 1 1 1
ciInstanceKlass jdk/internal/vm/FillerObject 0 0 16 10 100 12 1 1 1 100 1 1 1 1 1 1 1 1
instanceKlass java/lang/ref/PhantomReference
instanceKlass java/lang/ref/FinalReference
instanceKlass java/lang/ref/WeakReference
instanceKlass java/lang/ref/SoftReference
ciInstanceKlass java/lang/ref/Reference 1 1 190 9 7 12 1 1 1 9 7 12 1 1 10 12 1 1 10 12 1 1 9 12 1 1 10 12 1 1 9 12 1 1 9 12 1 1 7 1 10 12 1 10 7 12 1 1 10 12 1 10 12 1 1 10 12 1 7 1 8 1 10 12 1 1 7 1 10 12 1 1 10 12 1 1 10 12 1 9 12 1 10 12 1 1 10 12 1 10 12 1 9 12 1 7 1 100 1 10 12 9 12 1 9 12 1 100 1 10 10 12 1 10 10 7 12 1 1 7 1 10 10 7 12 1 1 1 1 1 1 1 1 1 1 1 1 1 1 1 1 1 1 1 7 1 1 1 100 1 1 1 1 1 1 1 1 1 1 1 1 1 1 1 1 1 1 1 1 1 1 1 1 1 1 1 1 1 1 1 1 1 1 1 7 1 7 1 7 1 1 1
staticfield java/lang/ref/Reference processPendingLock Ljava/lang/Object; java/lang/Object
staticfield java/lang/ref/Reference $assertionsDisabled Z 1
ciMethod java/lang/ref/Reference reachabilityFence (Ljava/lang/Object;)V 512 0 260989 0 -1
instanceKlass sun/security/util/MemoryCache$SoftCacheEntry
instanceKlass sun/font/FontDesignMetrics$KeyReference
instanceKlass sun/font/StrikeCache$SoftDisposerRef
instanceKlass java/io/ClassCache$CacheRef
instanceKlass com/formdev/flatlaf/util/SoftCache$CacheReference
instanceKlass sun/util/locale/provider/LocaleResources$ResourceReference
instanceKlass sun/util/resources/Bundles$BundleReference
instanceKlass java/util/ResourceBundle$BundleReference
instanceKlass sun/util/locale/LocaleObjectCache$CacheEntry
instanceKlass java/lang/invoke/LambdaFormEditor$Transform
ciInstanceKlass java/lang/ref/SoftReference 1 1 47 10 7 12 1 1 1 9 7 12 1 1 1 9 12 1 10 12 1 10 12 1 1 1 1 1 1 1 1 1 1 1 1 1 1 1 1 1 1 1 1 100 1 1 1 1 1
instanceKlass javax/crypto/JceSecurity$WeakIdentityWrapper
instanceKlass javax/swing/ActionPropertyChangeListener$OwnedWeakReference
instanceKlass javax/swing/plaf/metal/MetalLookAndFeel$AATextListener
instanceKlass sun/awt/WeakIdentityHashMap$WeakKey
instanceKlass sun/java2d/ReentrantContextProvider$HardReference
instanceKlass javax/swing/text/DefaultStyledDocument$AbstractChangeHandler$DocReference
instanceKlass javax/swing/text/GapContent$MarkData
instanceKlass sun/rmi/transport/WeakRef
instanceKlass java/util/logging/LogManager$LoggerWeakRef
instanceKlass java/util/logging/Level$KnownLevel
instanceKlass java/lang/WeakPairMap$WeakRefPeer
instanceKlass java/lang/ClassValue$Entry
instanceKlass com/sun/jmx/mbeanserver/WeakIdentityHashMap$IdentityWeakReference
instanceKlass java/util/ResourceBundle$KeyElementReference
instanceKlass java/lang/ThreadLocal$ThreadLocalMap$Entry
instanceKlass jdk/internal/util/WeakReferenceKey
instanceKlass java/util/WeakHashMap$Entry
ciInstanceKlass java/lang/ref/WeakReference 1 1 31 10 7 12 1 1 1 10 12 1 100 1 1 1 1 1 1 1 1 1 1 1 1 1 1 1 1 1 1 1 1
instanceKlass java/lang/ref/Finalizer
ciInstanceKlass java/lang/ref/FinalReference 1 1 50 10 7 12 1 1 1 10 7 12 1 1 1 10 12 1 1 7 1 8 1 10 12 1 1 1 1 1 1 1 1 1 1 1 1 1 1 1 1 1 1 1 1 1 1 1 1 1 7 1
instanceKlass jdk/internal/ref/PhantomCleanable
instanceKlass jdk/internal/ref/Cleaner
ciInstanceKlass java/lang/ref/PhantomReference 1 1 39 10 100 12 1 1 1 10 7 12 1 1 1 1 1 1 1 1 1 1 1 1 1 1 1 1 1 1 1 1 1 1 1 1 1 1 1 1 1
ciMethod java/lang/ref/PhantomReference <init> (Ljava/lang/Object;Ljava/lang/ref/ReferenceQueue;)V 1024 0 5927 0 -1
ciInstanceKlass java/lang/ref/Finalizer 1 1 155 9 7 12 1 1 1 10 7 12 1 1 1 9 12 1 1 9 12 1 1 9 12 1 9 12 1 9 12 1 1 10 12 1 7 1 8 1 10 12 1 10 12 1 1 9 12 1 100 1 10 12 1 7 1 11 7 12 1 1 10 12 1 7 1 10 12 1 100 1 10 12 1 10 7 12 1 1 1 10 100 12 1 1 1 100 1 10 10 12 1 7 1 10 12 1 7 1 10 12 1 1 10 12 1 1 10 12 1 10 7 12 1 1 1 7 1 10 7 1 10 10 12 1 1 1 1 1 1 1 1 1 1 1 1 1 1 1 1 1 1 1 1 1 1 1 1 1 1 1 1 1 1 1 1
staticfield java/lang/ref/Finalizer lock Ljava/lang/Object; java/lang/Object
staticfield java/lang/ref/Finalizer ENABLED Z 1
staticfield java/lang/ref/Finalizer $assertionsDisabled Z 1
instanceKlass driverecovery/DriveRecoveryService$ParentResolution
instanceKlass com/google/common/base/AbstractIterator$State
instanceKlass com/google/api/client/googleapis/media/MediaHttpDownloader$DownloadState
instanceKlass javax/swing/event/RowSorterEvent$Type
instanceKlass javax/swing/JTable$PrintMode
instanceKlass com/google/auth/oauth2/OAuth2Credentials$CacheState
instanceKlass com/google/api/client/http/UriTemplate$CompositeOutput
instanceKlass com/google/common/base/StandardSystemProperty
instanceKlass javax/swing/SwingWorker$StateValue
instanceKlass sun/security/ssl/Alert$Level
instanceKlass sun/security/ssl/Alert
instanceKlass java/time/DayOfWeek
instanceKlass io/opencensus/trace/Status$CanonicalCode
instanceKlass java/lang/invoke/MethodHandleImpl$ArrayAccess
instanceKlass javax/net/ssl/SSLEngineResult$HandshakeStatus
instanceKlass sun/security/ssl/Finished$VerifyDataScheme
instanceKlass java/time/Month
instanceKlass sun/security/validator/CADistrustPolicy
instanceKlass jdk/internal/icu/util/CodePointTrie$ValueWidth
instanceKlass jdk/internal/icu/util/CodePointTrie$Type
instanceKlass java/text/Normalizer$Form
instanceKlass sun/security/ssl/SSLTrafficKeyDerivation$KeySchedule
instanceKlass sun/security/ssl/SSLTrafficKeyDerivation
instanceKlass sun/security/ssl/SSLSecretDerivation$SecretSchedule
instanceKlass sun/security/ssl/ContentType
instanceKlass sun/security/ssl/SSLKeyExchange$T12KeyAgreement
instanceKlass sun/security/ssl/PskKeyExchangeModesExtension$PskKeyExchangeMode
instanceKlass sun/security/ssl/ECPointFormatsExtension$ECPointFormat
instanceKlass sun/security/ssl/CertStatusExtension$CertStatusRequestType
instanceKlass sun/security/ssl/SSLExtension
instanceKlass sun/security/ssl/SignatureScheme$SigAlgParamSpec
instanceKlass sun/security/ssl/SignatureScheme
instanceKlass sun/security/ssl/ClientAuthType
instanceKlass sun/security/ssl/SSLHandshake
instanceKlass io/opencensus/trace/MessageEvent$Type
instanceKlass sun/net/www/protocol/http/HttpURLConnection$TunnelState
instanceKlass sun/security/ssl/NamedGroup
instanceKlass sun/security/ssl/NamedGroup$NamedGroupSpec
instanceKlass sun/security/ssl/CipherSuite$KeyExchange
instanceKlass sun/security/ssl/CipherSuite$MacAlg
instanceKlass sun/security/ssl/CipherSuite$HashAlg
instanceKlass java/nio/file/AccessMode
instanceKlass sun/security/ssl/CipherType
instanceKlass sun/security/ssl/SSLCipher
instanceKlass sun/security/ssl/CipherSuite
instanceKlass java/util/stream/MatchOps$MatchKind
instanceKlass java/security/CryptoPrimitive
instanceKlass sun/security/ssl/SSLScope
instanceKlass sun/security/util/DisabledAlgorithmConstraints$Constraint$Operator
instanceKlass sun/security/ssl/ProtocolVersion
instanceKlass io/opencensus/trace/Span$Options
instanceKlass com/google/common/util/concurrent/DirectExecutor
instanceKlass sun/security/rsa/RSAUtil$KeyType
instanceKlass com/google/api/client/util/GenericData$Flags
instanceKlass com/google/api/client/json/JsonToken
instanceKlass java/util/Comparators$NaturalOrderComparator
instanceKlass com/google/gson/stream/JsonToken
instanceKlass com/google/gson/LongSerializationPolicy
instanceKlass com/google/gson/ToNumberPolicy
instanceKlass com/google/gson/FieldNamingPolicy
instanceKlass java/nio/file/StandardCopyOption
instanceKlass java/awt/event/FocusEvent$Cause
instanceKlass java/awt/MultipleGradientPaint$ColorSpaceType
instanceKlass java/awt/MultipleGradientPaint$CycleMethod
instanceKlass sun/java2d/marlin/DMarlinRenderingEngine$NormMode
instanceKlass java/awt/Dialog$ModalityType
instanceKlass javax/swing/text/html/StyleSheet$BoxPainter$HorizontalMargin
instanceKlass driverecovery/ProgressTracker$LogLevel
instanceKlass java/awt/Component$BaselineResizeBehavior
instanceKlass java/time/format/TextStyle
instanceKlass java/time/format/DateTimeFormatterBuilder$SettingsParser
instanceKlass java/time/format/ResolverStyle
instanceKlass java/time/format/SignStyle
instanceKlass java/time/temporal/JulianFields$Field
instanceKlass java/time/temporal/IsoFields$Unit
instanceKlass java/time/temporal/IsoFields$Field
instanceKlass java/math/RoundingMode
instanceKlass javax/swing/text/PlainView$FPMethodArgs
instanceKlass javax/swing/ClientPropertyKey
instanceKlass javax/swing/DropMode
instanceKlass com/sun/beans/util/Cache$Kind
instanceKlass java/awt/Dialog$ModalExclusionType
instanceKlass java/security/DrbgParameters$Capability
instanceKlass sun/security/util/KnownOIDs
instanceKlass java/lang/StackWalker$Option
instanceKlass java/io/ObjectInputFilter$Status
instanceKlass com/sun/management/VMOption$Origin
instanceKlass com/sun/management/HotSpotDiagnosticMXBean$ThreadDumpFormat
instanceKlass com/formdev/flatlaf/UIDefaultsLoader$ValueType
instanceKlass java/util/Locale$Category
instanceKlass com/formdev/flatlaf/FlatIconColors
instanceKlass java/lang/management/MemoryType
instanceKlass java/lang/reflect/ProxyGenerator$PrimitiveTypeInfo
instanceKlass java/lang/annotation/RetentionPolicy
instanceKlass java/lang/annotation/ElementType
instanceKlass com/sun/java/swing/plaf/windows/TMSchema$Control
instanceKlass com/sun/java/swing/plaf/windows/TMSchema$Part
instanceKlass java/awt/EventFilter$FilterAction
instanceKlass sun/awt/AppContext$State
instanceKlass java/awt/desktop/UserSessionEvent$Reason
instanceKlass sun/awt/OSInfo$OSType
instanceKlass sun/java2d/StateTrackable$State
instanceKlass java/time/temporal/ChronoUnit
instanceKlass java/time/temporal/ChronoField
instanceKlass java/awt/Window$Type
instanceKlass sun/font/EAttribute
instanceKlass java/util/regex/Pattern$Qtype
instanceKlass sun/util/locale/provider/LocaleProviderAdapter$Type
instanceKlass jdk/internal/logger/BootstrapLogger$LoggingBackend
instanceKlass java/lang/System$Logger$Level
instanceKlass sun/util/logging/PlatformLogger$Level
instanceKlass java/net/Proxy$Type
instanceKlass java/net/StandardProtocolFamily
instanceKlass jdk/internal/util/OperatingSystem
instanceKlass java/util/zip/ZipCoder$Comparison
instanceKlass java/nio/file/LinkOption
instanceKlass sun/nio/fs/WindowsPathType
instanceKlass java/util/concurrent/TimeUnit
instanceKlass java/nio/file/StandardOpenOption
instanceKlass java/util/stream/Collector$Characteristics
instanceKlass java/util/stream/StreamShape
instanceKlass java/lang/invoke/MethodHandles$Lookup$ClassOption
instanceKlass java/lang/invoke/VarHandle$AccessType
instanceKlass java/lang/invoke/VarHandle$AccessMode
instanceKlass java/lang/invoke/MethodHandleImpl$Intrinsic
instanceKlass java/lang/invoke/LambdaForm$BasicType
instanceKlass java/lang/invoke/LambdaForm$Kind
instanceKlass sun/invoke/util/Wrapper
instanceKlass java/util/stream/StreamOpFlag$Type
instanceKlass java/util/stream/StreamOpFlag
instanceKlass java/io/File$PathStatus
instanceKlass java/lang/module/ModuleDescriptor$Requires$Modifier
instanceKlass java/lang/reflect/AccessFlag$Location
instanceKlass java/lang/reflect/AccessFlag
instanceKlass java/lang/module/ModuleDescriptor$Modifier
instanceKlass java/lang/reflect/ClassFileFormatVersion
instanceKlass java/lang/Thread$State
ciInstanceKlass java/lang/Enum 1 1 204 9 7 12 1 1 1 9 12 1 1 10 7 12 1 1 1 9 12 1 10 7 12 1 1 1 100 1 10 10 12 1 1 10 12 1 7 1 10 10 7 12 1 1 10 12 1 1 18 12 1 1 10 100 12 1 1 1 10 12 1 1 11 7 12 1 1 1 100 1 8 1 10 12 1 100 1 7 1 10 8 1 10 12 1 1 10 12 1 1 8 1 10 12 1 10 100 1 8 1 10 10 12 1 1 10 100 12 1 1 1 7 1 7 1 7 1 1 1 1 1 1 1 1 1 1 1 1 1 1 1 1 1 1 1 1 1 1 1 1 1 1 1 1 1 1 1 1 1 1 1 1 1 1 1 1 1 1 1 1 1 1 1 3 1 1 1 1 100 1 7 1 1 100 1 1 1 1 1 1 1 1 1 1 1 16 15 10 12 16 15 10 100 12 1 1 1 1 1 100 1 100 1 1
instanceKlass java/lang/ref/ReferenceQueue$Null
instanceKlass java/lang/ref/NativeReferenceQueue
ciInstanceKlass java/lang/ref/ReferenceQueue 1 1 183 9 7 12 1 1 1 11 7 12 1 1 1 11 12 1 9 7 12 1 1 1 11 12 1 10 7 12 1 1 9 12 1 1 7 1 10 9 12 1 1 10 12 1 1 9 7 12 1 1 1 9 12 1 9 12 1 9 12 1 1 100 1 10 9 12 1 1 9 12 1 7 1 10 100 12 1 1 1 10 12 1 10 12 1 1 10 7 12 1 1 1 10 12 1 5 0 10 10 12 10 12 1 1 10 12 1 10 12 1 1 100 1 8 1 10 12 1 10 12 1 10 12 1 1 10 12 11 100 12 1 1 1 10 7 12 1 1 7 1 10 1 1 1 1 1 1 1 1 1 1 100 1 1 1 1 1 1 1 1 1 1 1 1 1 1 1 7 1 1 1 1 1 1 1 1 1 1 1 1 1 1 1
staticfield java/lang/ref/ReferenceQueue NULL Ljava/lang/ref/ReferenceQueue; java/lang/ref/ReferenceQueue$Null
staticfield java/lang/ref/ReferenceQueue ENQUEUED Ljava/lang/ref/ReferenceQueue; java/lang/ref/ReferenceQueue$Null
staticfield java/lang/ref/ReferenceQueue $assertionsDisabled Z 1
ciInstanceKlass java/lang/reflect/Method 1 1 472 9 7 12 1 1 1 10 7 12 1 1 1 10 7 12 1 1 9 12 1 1 10 12 1 1 10 12 1 1 10 7 12 1 1 10 7 12 1 1 1 9 12 1 1 9 12 1 9 12 1 1 9 12 1 9 12 1 9 12 1 1 9 12 1 9 12 1 1 9 12 1 9 12 1 9 12 1 1 100 1 8 1 10 12 1 10 12 1 9 12 1 1 8 1 10 7 12 1 1 10 7 12 1 1 1 10 12 1 1 10 12 1 1 10 12 1 10 12 1 1 10 12 1 1 9 100 12 1 1 1 10 12 1 1 10 12 10 7 12 1 1 10 12 1 1 10 12 1 10 12 1 10 12 1 10 7 12 1 1 1 10 12 1 1 10 7 1 10 7 12 1 1 1 10 7 12 1 1 10 12 1 1 10 12 1 1 10 12 1 10 7 12 1 1 1 10 12 1 10 8 1 10 12 1 10 12 1 7 1 8 1 8 1 8 1 10 12 1 10 12 1 1 10 12 1 1 10 10 12 1 1 10 12 1 11 7 1 10 12 1 9 12 1 1 10 12 1 1 10 12 1 10 12 1 1 10 12 1 1 11 7 12 1 1 1 11 12 1 9 12 1 1 10 12 1 10 12 1 10 12 1 10 12 1 10 12 1 10 12 1 9 12 1 1 10 7 12 1 1 1 10 7 12 1 1 10 12 1 1 10 7 12 1 1 1 10 7 12 1 1 1 10 7 12 1 1 1 11 7 12 1 1 1 10 7 12 1 1 1 7 1 100 1 100 1 10 12 1 10 12 1 1 10 12 1 100 1 8 1 10 12 1 10 10 12 1 1 10 12 1 1 10 12 1 1 10 12 1 1 8 1 10 12 1 1 1 1 1 1 1 1 1 1 1 1 1 1 1 1 1 1 1 1 1 1 1 1 1 1 1 1 1 1 1 1 1 1 1 1 1 1 1 1 1 1 1 1 1 1 1 1 1 1 1 1 1 100 1 100 1 100 1 1 1 1 1 1 1 1 1 1 1 1 1 1 1 1 1 1 1 1 1 1 1 1 1 1 1 1 1 1
ciInstanceKlass java/lang/reflect/Field 1 1 457 9 7 12 1 1 1 10 12 1 1 10 7 12 1 1 1 10 7 12 1 1 9 12 1 1 10 12 1 1 10 12 1 1 10 7 12 1 1 10 7 12 1 1 1 9 12 1 1 9 12 1 9 12 1 9 12 1 1 9 12 1 1 9 12 1 9 12 1 1 9 12 1 1 100 1 8 1 10 12 1 10 12 1 9 12 1 1 9 12 1 10 12 1 10 7 12 1 1 10 12 1 1 10 12 1 1 10 12 1 10 12 1 1 9 100 12 1 1 1 10 100 12 1 1 1 7 1 10 12 1 1 10 12 1 1 10 12 1 1 10 12 1 10 12 1 10 7 1 10 7 12 1 1 7 1 10 8 1 10 12 1 1 10 12 1 1 8 1 10 12 10 12 1 8 1 8 1 10 11 7 1 9 12 1 10 12 1 1 10 12 1 1 11 7 12 1 1 1 10 12 1 11 12 1 1 11 12 1 1 11 12 1 1 11 12 1 1 11 12 1 1 11 12 1 1 11 12 1 1 11 12 1 1 11 12 1 1 11 12 1 1 11 12 1 1 11 12 1 1 11 12 1 1 11 12 1 1 11 12 1 1 11 12 1 1 11 12 1 1 10 12 1 10 7 12 1 1 10 12 1 10 12 1 10 12 1 9 12 1 1 10 7 12 1 1 1 10 12 1 1 10 12 1 10 7 12 1 1 10 12 1 1 11 7 1 10 12 1 7 1 10 100 12 1 1 1 10 7 12 1 1 1 9 12 1 10 7 12 1 1 1 11 7 12 1 1 1 10 12 1 1 10 12 1 1 9 100 12 1 1 10 100 12 1 1 1 10 12 1 1 7 1 1 1 1 1 1 1 1 1 1 1 1 1 1 1 1 1 1 1 1 1 1 1 1 1 1 1 1 1 1 1 1 1 1 1 1 1 1 1 100 1 1 1 1 1 1 1 1 1 1 1 1 1 1 1 1 1 1 1 1 1 1 1 1 1 1 1 1 1 1 1 1 7 1 1 1 1 1 1 1 1 1 100 1 1
ciInstanceKlass java/lang/reflect/Parameter 0 0 243 10 7 12 1 1 1 9 7 12 1 1 1 9 12 1 1 9 12 1 1 9 12 1 10 12 1 1 10 12 1 1 10 7 12 1 1 1 7 1 10 10 12 1 1 11 7 12 1 1 1 10 12 1 10 100 12 1 1 1 10 12 1 1 10 12 1 10 12 1 8 1 8 1 10 7 12 1 1 1 10 12 1 10 12 9 100 12 1 1 1 10 100 12 1 1 1 10 12 1 8 1 10 12 1 9 12 1 1 10 12 1 1 9 12 1 1 10 12 1 1 10 12 1 1 10 12 1 1 10 12 1 10 10 12 1 10 100 12 1 1 1 10 12 1 1 11 7 12 1 1 10 7 12 1 1 7 1 10 100 12 1 1 1 10 12 1 1 10 12 1 1 10 12 1 1 10 12 1 1 9 12 1 100 1 10 11 12 1 1 11 12 1 1 7 1 1 1 1 1 1 1 1 1 1 1 1 1 1 1 1 1 1 1 1 1 1 1 1 1 1 1 1 1 1 1 1 1 1 1 1 1 1 1 1 1 100 1 1 1 1 1 1
ciInstanceKlass java/lang/reflect/RecordComponent 0 0 196 10 7 12 1 1 1 9 7 12 1 1 1 9 12 1 1 9 12 1 10 12 1 1 10 12 1 1 10 100 12 1 1 1 10 12 1 1 9 12 1 1 10 12 1 1 10 12 1 1 10 12 1 10 100 12 1 1 10 100 12 1 1 9 12 1 1 10 100 12 1 1 1 11 100 12 1 1 1 10 9 100 12 1 1 1 10 100 12 1 1 1 9 12 1 1 10 100 12 1 1 1 10 12 1 1 11 7 12 1 1 10 7 12 1 1 7 1 9 12 1 9 12 1 1 9 12 1 10 100 12 1 1 1 10 12 1 1 10 12 1 1 7 1 10 10 12 1 10 12 1 1 8 1 10 12 1 10 12 1 9 12 1 7 1 1 1 1 1 1 1 1 1 1 1 1 1 1 1 1 1 1 1 1 1 1 7 1 1 1 1 1 1 100 1 1
ciInstanceKlass java/lang/StringBuffer 1 1 483 10 7 12 1 1 1 10 12 1 10 12 1 10 12 1 1 9 7 12 1 1 1 10 12 1 1 10 12 1 10 12 1 1 9 12 1 1 10 12 1 10 12 1 1 10 12 1 1 10 12 1 10 12 1 1 10 12 1 10 12 1 1 10 12 1 1 10 7 12 1 1 1 10 12 1 1 10 12 1 10 12 1 10 12 1 10 12 1 10 12 1 10 12 1 10 12 1 10 12 1 10 12 1 10 12 1 10 12 1 10 12 1 10 12 1 10 12 1 1 10 12 1 10 12 1 1 10 12 1 1 10 10 12 1 1 10 12 1 10 12 1 10 12 1 10 12 1 10 12 1 10 12 1 10 12 10 12 1 10 12 1 10 12 1 10 12 1 1 10 12 1 10 12 1 10 10 12 1 1 10 12 1 10 12 1 10 12 1 10 10 100 12 1 1 1 10 10 12 1 1 9 12 1 1 10 100 12 1 1 10 100 1 8 10 100 12 1 1 1 8 10 12 1 8 1 10 12 1 10 12 1 10 100 12 1 1 1 10 100 12 1 1 1 7 1 10 12 100 1 8 1 10 10 12 1 1 10 12 1 1 10 12 1 10 12 1 10 12 1 1 10 12 1 10 12 1 10 12 1 10 12 1 10 12 1 10 12 10 12 1 10 12 1 10 12 1 10 12 1 10 12 1 10 12 1 10 12 1 10 12 1 10 12 1 10 12 1 10 12 10 12 10 12 1 10 12 1 10 12 1 10 12 10 12 1 10 12 1 10 12 1 10 12 1 10 12 1 10 12 1 10 12 1 10 12 1 10 12 1 10 12 1 10 12 1 7 1 10 12 1 9 7 12 1 1 1 9 7 1 9 12 1 1 7 1 7 1 7 1 7 1 1 1 1 5 0 1 1 1 1 1 1 1 1 1 1 1 1 1 1 1 1 1 1 1 1 1 1 1 1 1 1 1 1 1 1 1 1 1 1 1 1 1 1 1 1 1 1 1 1 1 1 1 1 1 1 1 1 1 1 1 1 1 1 1 1 1 100 1 1 1 1 1 7 1 1 1 1 1 1 1 1 1 1 1 1 1 1 1 1 1 1
staticfield java/lang/StringBuffer serialPersistentFields [Ljava/io/ObjectStreamField; 3 [Ljava/io/ObjectStreamField;
instanceKlass sun/reflect/misc/MethodUtil
instanceKlass jdk/internal/loader/BuiltinClassLoader
ciInstanceKlass java/security/SecureClassLoader 1 1 102 10 7 12 1 1 1 7 1 10 12 1 9 7 12 1 1 1 10 12 1 10 12 1 10 12 1 1 10 12 1 1 10 12 1 7 1 10 7 1 10 12 1 7 1 10 12 1 11 7 12 1 1 1 7 1 11 12 1 10 12 1 1 1 1 1 1 1 1 1 1 1 1 1 1 1 1 1 1 1 1 1 1 1 1 1 1 1 1 1 1 1 1 1 1 1 1 100 1 1 1 1
ciInstanceKlass java/util/jar/Manifest 1 1 339 10 7 12 1 1 1 7 1 10 9 7 12 1 1 1 7 1 10 9 12 1 1 9 12 1 1 10 12 1 10 12 1 1 10 12 1 1 10 12 1 1 10 12 1 1 11 7 1 11 12 1 1 10 12 1 1 10 100 12 1 1 1 100 1 7 1 10 8 1 10 12 1 1 10 12 1 1 10 12 1 10 12 1 11 100 1 10 12 1 10 12 1 1 11 12 1 1 10 12 1 11 12 1 1 11 100 12 1 1 1 11 7 12 1 1 11 12 1 1 100 1 10 12 1 8 1 11 12 1 7 1 10 12 1 1 11 12 1 10 12 1 10 12 1 10 7 12 1 1 1 8 1 10 12 1 1 10 9 100 12 1 1 1 10 12 1 1 10 100 12 1 10 12 1 10 12 1 9 100 12 1 1 1 8 1 10 12 1 8 1 8 1 7 1 10 12 1 10 12 1 10 12 1 1 100 1 8 1 10 12 1 1 8 1 10 10 12 1 1 8 1 10 12 1 1 10 7 12 1 1 1 10 12 1 10 11 12 1 1 10 12 1 10 100 12 1 1 1 10 12 1 1 10 12 1 10 12 1 1 11 10 12 1 11 10 12 1 7 1 1 1 1 1 1 1 1 1 1 1 1 1 1 1 1 1 1 1 1 1 1 1 1 1 1 1 1 1 1 1 1 1 1 1 1 1 1 1 1 1 1 1 100 1 1 1 1 1 1 1 1 1 1 1 1 1 1 7 1 1 1 1 1 1 1 1 1 1 1
ciInstanceKlass java/io/ByteArrayInputStream 1 1 117 10 7 12 1 1 1 9 7 12 1 1 1 9 12 1 1 9 12 1 9 12 1 10 7 12 1 1 1 10 7 12 1 1 1 10 7 12 1 1 1 10 7 12 1 1 1 10 12 1 1 3 10 100 1 10 100 12 1 1 1 9 12 1 1 100 1 10 10 7 12 1 1 1 1 1 1 1 1 1 1 1 1 1 1 1 1 1 1 1 1 1 1 1 1 1 1 1 1 1 1 1 100 1 1 1 1 1 1 1 1 1 1 1 1 1 1
staticfield java/io/ByteArrayInputStream $assertionsDisabled Z 1
instanceKlass java/nio/ShortBuffer
instanceKlass java/nio/IntBuffer
instanceKlass java/nio/LongBuffer
instanceKlass java/nio/CharBuffer
instanceKlass java/nio/ByteBuffer
ciInstanceKlass java/nio/Buffer 1 1 256 100 1 10 7 12 1 1 1 9 7 12 1 1 1 9 12 1 9 12 1 1 9 12 1 9 12 1 1 10 12 1 1 10 12 1 1 10 12 100 1 7 1 10 8 1 10 12 1 1 10 12 1 8 1 8 1 10 12 1 1 10 12 1 8 1 9 12 1 1 100 1 8 1 10 12 1 8 1 8 1 9 12 10 12 1 8 1 8 1 8 1 10 12 1 8 1 8 1 8 1 100 1 10 100 1 10 100 1 10 9 12 1 1 10 7 12 1 1 1 100 1 10 12 1 1 10 12 1 10 100 12 1 1 10 7 12 1 1 1 10 7 12 1 1 1 9 12 1 1 10 7 12 1 1 1 9 12 1 1 7 1 10 10 12 1 1 7 1 10 10 7 12 1 1 1 1 1 3 1 1 1 1 1 1 1 1 1 1 1 1 1 1 100 1 1 1 1 1 1 1 7 1 1 1 1 1 1 1 1 1 1 1 1 1 1 1 1 1 1 1 1 1 1 1 1 1 1 1 1 1 1 1 1 1 1 1 1 1 1 1 100 1 100 1 100 1 100 1 100 1 100 1 100 1 1
staticfield java/nio/Buffer UNSAFE Ljdk/internal/misc/Unsafe; jdk/internal/misc/Unsafe
staticfield java/nio/Buffer SCOPED_MEMORY_ACCESS Ljdk/internal/misc/ScopedMemoryAccess; jdk/internal/misc/ScopedMemoryAccess
staticfield java/nio/Buffer IOOBE_FORMATTER Ljava/util/function/BiFunction; jdk/internal/util/Preconditions$4
staticfield java/nio/Buffer $assertionsDisabled Z 1
ciMethod java/nio/Buffer position (I)Ljava/nio/Buffer; 768 0 5622 0 176
ciMethod java/nio/Buffer limit (I)Ljava/nio/Buffer; 514 0 5452 0 192
ciMethod java/nio/Buffer <init> (IIIILjava/lang/foreign/MemorySegment;)V 582 0 10537 0 456
ciMethod java/nio/Buffer createCapacityException (I)Ljava/lang/IllegalArgumentException; 0 0 1 0 -1
ciMethod java/nio/Buffer createPositionException (I)Ljava/lang/IllegalArgumentException; 0 0 1 0 -1
ciMethod java/nio/Buffer createLimitException (I)Ljava/lang/IllegalArgumentException; 0 0 1 0 -1
ciInstanceKlass java/util/Objects 1 1 184 10 7 12 1 1 1 100 1 8 1 10 12 1 10 12 1 1 10 7 12 1 1 1 10 12 1 1 10 12 1 10 7 12 1 1 1 10 12 1 1 10 7 12 1 1 1 7 1 10 10 12 1 1 10 7 12 1 1 10 12 1 1 8 1 10 7 12 1 1 1 10 7 12 1 1 1 10 11 100 12 1 1 1 100 1 10 10 12 1 8 1 10 12 1 8 1 7 1 11 12 1 1 8 1 10 7 12 1 1 1 10 12 1 1 10 12 1 10 12 1 10 12 1 10 12 1 1 1 1 1 1 1 1 1 1 1 1 1 1 1 1 1 1 1 1 1 1 1 1 1 1 1 1 1 1 1 1 1 1 1 1 1 1 1 1 1 1 1 1 1 1 1 1 1 1 1 1 1 1 1 1 1 1
ciMethod java/util/Objects requireNonNull (Ljava/lang/Object;Ljava/lang/String;)Ljava/lang/Object; 544 0 89081 0 -1
ciMethod java/util/Objects requireNonNull (Ljava/lang/Object;)Ljava/lang/Object; 1024 0 804881 0 -1
instanceKlass java/util/Collections$CopiesList
instanceKlass sun/security/jca/ProviderList$ServiceList
instanceKlass java/util/AbstractList$SubList
instanceKlass sun/security/jca/ProviderList$3
instanceKlass java/util/AbstractSequentialList
instanceKlass java/util/Collections$SingletonList
instanceKlass java/util/Vector
instanceKlass sun/awt/util/IdentityArrayList
instanceKlass java/util/ArrayList$SubList
instanceKlass java/util/Arrays$ArrayList
instanceKlass java/util/Collections$EmptyList
instanceKlass java/util/ArrayList
ciInstanceKlass java/util/AbstractList 1 1 218 10 7 12 1 1 1 9 7 12 1 1 1 10 12 1 1 10 12 1 1 100 1 10 10 12 1 1 11 7 12 1 1 1 11 12 1 1 11 12 1 10 7 12 1 1 1 10 12 1 11 12 1 11 12 1 11 12 1 10 12 1 1 10 12 1 1 11 7 12 1 1 1 11 7 1 11 7 1 10 12 1 100 1 10 12 1 10 12 1 1 7 1 7 1 10 12 1 100 1 10 100 1 7 1 10 8 1 10 12 1 1 10 12 1 10 12 1 1 10 12 1 8 1 100 1 8 1 8 1 8 1 10 7 1 11 10 10 12 1 11 12 1 10 12 1 1 8 1 8 1 1 1 1 1 1 1 1 1 1 1 1 1 1 1 1 1 1 1 1 1 1 1 1 1 1 1 1 1 1 1 1 1 1 1 1 1 1 1 1 1 1 1 1 1 1 1 1 1 1 1 1 1 1 1 1 1 1 100 1 100 1 1 1 1 1 1 1
ciInstanceKlass java/util/List 1 1 251 10 100 12 1 1 1 11 100 12 1 1 1 11 100 12 1 1 1 11 12 1 1 11 100 12 1 1 11 12 1 1 11 12 1 1 10 100 12 1 1 1 100 1 100 1 10 12 1 1 100 1 10 100 12 1 1 1 11 12 1 1 11 12 1 11 12 1 100 1 10 12 1 11 12 1 1 11 12 1 1 11 12 1 10 100 12 1 1 1 9 7 12 1 1 1 7 1 10 12 10 12 1 7 1 10 12 1 1 10 12 1 10 12 1 1 11 12 1 1 100 1 1 1 1 1 1 1 1 1 1 1 1 1 1 1 1 1 1 1 1 1 1 1 1 1 1 1 1 1 1 1 1 1 1 1 1 1 1 1 1 1 1 1 1 100 1 100 1 1 1 1 1 1 1 1 1 1 1 1 1 1 1 1 1 1 1 1 1 1 1 1 1 1 1 1 1 1 1 1 1 1 1 1 1 1 1 1 1 1 1 1 1 1 1 1 1 1 1 1 1 1 1 1 1 1 1 1 1 1 1 1 1 1 1 1 1 1 1 1 1 1 1 1 100 1 1 100 1 1 1
ciInstanceKlass java/util/SequencedCollection 1 1 109 100 1 10 12 1 1 11 7 12 1 1 1 11 7 12 1 1 1 11 12 1 1 11 12 1 7 1 7 1 1 1 1 1 1 1 1 1 1 1 1 1 1 1 1 1 1 1 1 1 1 1 1 1 1 1 1 1 100 1 8 1 1 12 10 1 1 1 8 1 1 1 8 1 1 1 8 1 1 1 8 1 1 8 1 1 1 8 1 1 8 1 1 1 8 1 1 8 1 1 1 8 1 1 8 1 1 8 1
ciInstanceKlass java/util/Collection 1 1 115 11 7 12 1 1 1 7 1 11 7 12 1 1 1 10 100 12 1 1 1 11 12 1 1 11 100 12 1 1 1 11 12 1 1 11 100 12 1 1 1 11 12 1 1 10 100 12 1 1 1 11 12 1 10 7 12 1 1 1 100 1 100 1 1 1 1 1 1 1 1 1 1 1 1 1 1 1 1 1 1 1 1 1 1 1 1 1 1 1 1 1 1 1 1 1 1 1 1 1 1 1 1 1 1 1 1 1 1 1 1 1 1 1 1
ciInstanceKlass java/lang/Iterable 1 1 62 10 7 12 1 1 1 11 7 12 1 1 1 11 7 12 1 1 1 11 12 1 1 11 7 12 1 1 1 10 100 12 1 1 1 100 1 1 1 1 1 1 1 1 1 1 1 1 1 1 1 1 1 1 1 1 1 1 1 1 1 1
instanceKlass com/google/common/collect/ImmutableCollection
instanceKlass java/util/IdentityHashMap$Values
instanceKlass java/util/LinkedHashMap$LinkedValues
instanceKlass java/util/concurrent/ConcurrentLinkedDeque
instanceKlass java/util/TreeMap$Values
instanceKlass java/util/AbstractQueue
instanceKlass java/util/HashMap$Values
instanceKlass java/util/ArrayDeque
instanceKlass java/util/AbstractSet
instanceKlass java/util/ImmutableCollections$AbstractImmutableCollection
instanceKlass java/util/AbstractList
ciInstanceKlass java/util/AbstractCollection 1 1 160 10 7 12 1 1 1 10 7 12 1 1 1 10 12 1 1 11 7 12 1 1 1 11 12 1 1 10 12 1 1 10 100 12 1 1 1 10 12 1 1 10 12 1 1 10 7 12 1 1 10 7 12 1 1 1 7 1 10 7 12 1 1 1 10 100 12 1 1 1 100 1 10 11 12 1 11 7 1 10 12 1 10 12 1 10 100 12 1 1 1 11 8 1 7 1 10 10 12 1 1 8 1 10 12 1 10 12 1 1 1 1 1 1 1 1 1 1 1 1 1 1 1 1 1 1 1 1 1 1 1 1 1 1 1 1 1 1 1 1 1 1 1 1 1 1 1 1 1 1 1 1 1 1 1 1 1 1 1 1
ciInstanceKlass java/lang/AssertionStatusDirectives 0 0 24 10 100 12 1 1 1 100 1 1 1 1 1 1 1 1 1 1 1 1 1 1 1 1
instanceKlass java/security/ProviderException
instanceKlass java/lang/reflect/UndeclaredThrowableException
instanceKlass com/google/common/util/concurrent/UncheckedExecutionException
instanceKlass com/google/auth/ServiceAccountSigner$SigningException
instanceKlass com/google/gson/JsonParseException
instanceKlass java/lang/IndexOutOfBoundsException
instanceKlass java/lang/UnsupportedOperationException
instanceKlass java/lang/SecurityException
instanceKlass java/util/NoSuchElementException
instanceKlass java/util/MissingResourceException
instanceKlass java/lang/IllegalStateException
instanceKlass java/lang/IllegalArgumentException
instanceKlass java/lang/ArithmeticException
instanceKlass java/lang/NullPointerException
instanceKlass java/lang/IllegalMonitorStateException
instanceKlass java/lang/ArrayStoreException
instanceKlass java/lang/ClassCastException
ciInstanceKlass java/lang/RuntimeException 1 1 40 10 7 12 1 1 1 10 12 1 10 12 1 10 12 1 10 12 1 100 1 1 1 1 5 0 1 1 1 1 1 1 1 1 1 1 1 1 1 1
instanceKlass com/sun/crypto/provider/PKCS12PBECipherCore$KeyAndIv
instanceKlass jdk/internal/misc/ThreadTracker$ThreadRef
instanceKlass jdk/jfr/internal/jfc/model/Constraint
instanceKlass jdk/jfr/internal/query/ViewFile$ViewConfiguration
instanceKlass jdk/jfr/internal/dcmd/Argument
instanceKlass java/lang/reflect/Proxy$ProxyBuilder$ProxyClassContext
instanceKlass java/nio/DirectByteBuffer$Deallocator
instanceKlass jdk/net/UnixDomainPrincipal
instanceKlass java/security/SecureClassLoader$CodeSourceKey
instanceKlass jdk/internal/module/ModuleReferenceImpl$CachedHash
instanceKlass java/util/stream/Collectors$CollectorImpl
instanceKlass jdk/internal/reflect/ReflectionFactory$Config
instanceKlass jdk/internal/foreign/abi/UpcallLinker$CallRegs
instanceKlass jdk/internal/foreign/abi/VMStorage
ciInstanceKlass java/lang/Record 1 1 22 10 7 12 1 1 1 100 1 1 1 1 1 1 1 1 1 1 1 1 1 1
ciInstanceKlass java/lang/invoke/MethodType 1 1 780 7 1 10 7 12 1 1 1 9 12 1 1 9 12 1 1 9 12 1 1 10 7 12 1 1 1 9 7 12 1 1 8 1 10 100 12 1 1 1 9 7 1 9 7 1 10 12 1 1 7 1 10 8 1 10 12 1 1 10 12 1 10 12 1 1 7 1 8 1 10 12 1 100 1 10 10 12 1 10 12 1 1 10 12 1 1 11 7 12 1 1 1 9 12 1 11 12 1 1 7 10 12 1 1 10 12 1 1 7 1 7 1 10 7 12 1 1 1 10 12 1 10 12 1 9 12 1 1 10 7 12 1 1 10 12 1 1 10 7 12 1 1 1 10 7 12 1 1 1 10 12 1 9 12 1 1 10 12 1 1 10 12 1 1 10 12 1 1 10 12 1 1 10 12 1 1 10 12 1 10 12 1 10 12 1 1 10 12 1 8 1 8 1 10 12 1 1 9 12 1 1 100 1 10 10 12 1 1 10 12 1 10 12 1 1 10 12 1 1 10 12 1 10 12 1 10 12 1 8 1 10 12 1 1 10 100 12 1 1 1 10 12 1 10 12 1 1 10 12 1 10 12 1 10 12 1 1 10 12 1 10 12 1 9 12 1 10 12 1 10 10 12 1 1 10 12 1 9 12 1 1 10 12 1 1 11 12 1 1 10 12 1 1 10 12 1 10 12 1 100 1 8 1 8 1 8 1 10 12 1 10 12 1 10 12 1 1 10 10 12 1 11 12 1 1 11 12 1 10 100 12 1 1 1 9 12 1 10 12 1 10 12 1 1 10 12 1 1 10 12 1 10 12 1 10 100 12 1 1 1 10 12 1 1 10 12 1 10 12 1 10 12 1 10 9 12 1 1 7 1 10 12 1 10 12 1 1 9 100 12 1 1 1 10 7 12 1 1 1 10 7 12 1 1 1 10 12 1 1 10 7 12 1 1 1 10 12 1 1 8 1 10 7 12 1 1 1 11 12 1 1 9 12 1 1 10 12 1 1 10 12 1 10 12 1 1 10 12 1 1 10 100 12 1 1 100 1 10 12 1 1 11 100 12 1 1 18 12 1 1 11 12 1 1 18 12 1 11 12 1 100 1 11 100 12 1 1 10 12 1 100 1 10 12 1 10 100 12 1 1 10 12 1 1 9 12 1 1 9 100 12 1 1 1 10 7 12 1 1 1 9 12 1 10 100 12 1 1 10 12 1 100 10 12 1 1 10 12 1 7 1 10 10 12 1 1 7 1 7 1 9 12 1 1 7 1 7 1 7 1 1 1 5 0 1 1 1 1 1 1 1 3 1 3 1 3 1 1 1 1 1 1 1 1 1 1 1 1 1 1 1 1 1 1 1 1 1 1 1 1 1 1 1 1 1 1 1 1 1 1 1 1 1 1 1 1 1 1 1 1 1 1 1 1 1 1 1 1 1 1 1 1 1 1 1 1 1 1 1 1 1 1 1 1 1 1 1 1 1 1 1 1 1 1 1 1 1 1 1 1 1 1 1 1 1 1 1 1 1 1 1 1 1 1 1 1 1 1 1 1 1 1 1 1 1 1 1 1 1 1 1 1 1 1 1 1 1 1 1 1 1 1 1 1 1 1 100 1 100 1 1 1 1 1 1 1 1 1 1 1 1 1 100 1 1 1 7 1 1 1 1 1 1 1 1 1 1 1 1 1 1 1 1 1 1 1 1 1 1 16 15 10 12 16 16 15 10 12 16 15 10 100 12 1 1 1 1 1 7 1 1 7 1 1 100 1 100 1 1
staticfield java/lang/invoke/MethodType internTable Ljdk/internal/util/ReferencedKeySet; jdk/internal/util/ReferencedKeySet
staticfield java/lang/invoke/MethodType NO_PTYPES [Ljava/lang/Class; 0 [Ljava/lang/Class;
staticfield java/lang/invoke/MethodType objectOnlyTypes [Ljava/lang/invoke/MethodType; 20 [Ljava/lang/invoke/MethodType;
staticfield java/lang/invoke/MethodType METHOD_HANDLE_ARRAY [Ljava/lang/Class; 1 [Ljava/lang/Class;
staticfield java/lang/invoke/MethodType serialPersistentFields [Ljava/io/ObjectStreamField; 0 [Ljava/io/ObjectStreamField;
staticfield java/lang/invoke/MethodType $assertionsDisabled Z 1
ciInstanceKlass java/lang/invoke/TypeDescriptor$OfMethod 1 0 43 100 1 100 1 100 1 1 1 1 1 1 1 1 1 1 1 1 1 1 1 1 1 1 1 1 1 1 1 1 1 1 1 1 1 1 1 1 1 1 100 1 1
instanceKlass java/lang/InstantiationException
instanceKlass java/lang/IllegalAccessException
instanceKlass java/lang/reflect/InvocationTargetException
instanceKlass java/lang/NoSuchFieldException
instanceKlass java/lang/NoSuchMethodException
instanceKlass java/lang/ClassNotFoundException
ciInstanceKlass java/lang/ReflectiveOperationException 1 1 34 10 7 12 1 1 1 10 12 1 10 12 1 10 12 1 100 1 1 1 1 5 0 1 1 1 1 1 1 1 1 1 1 1
instanceKlass java/lang/invoke/DelegatingMethodHandle
instanceKlass java/lang/invoke/BoundMethodHandle
instanceKlass java/lang/invoke/DirectMethodHandle
ciInstanceKlass java/lang/invoke/MethodHandle 1 1 733 100 1 9 7 12 1 1 1 10 7 12 1 1 1 10 7 12 1 1 1 7 1 7 1 10 12 1 1 9 12 1 1 10 12 1 10 12 1 1 10 12 1 1 10 100 12 1 1 1 10 12 1 1 10 12 1 1 11 7 12 1 1 1 10 12 1 1 10 12 1 10 12 1 10 12 1 1 9 12 1 1 9 12 1 1 10 7 12 1 1 1 10 12 1 1 10 12 1 10 12 1 100 1 7 1 10 8 1 10 12 1 1 10 12 1 8 1 10 12 1 1 10 12 1 10 7 12 1 1 1 10 12 1 1 10 12 1 1 10 12 1 1 10 7 12 1 1 1 10 12 1 1 10 12 1 1 10 12 1 10 12 1 1 10 7 12 1 1 10 7 12 1 1 10 12 1 10 12 1 10 12 1 1 10 12 1 1 10 12 1 1 10 12 1 1 10 7 12 1 1 1 10 7 12 1 1 1 10 12 1 1 10 12 1 1 10 12 1 1 8 1 10 7 12 1 1 1 8 1 10 12 1 10 12 1 1 10 12 1 1 10 12 1 8 1 10 12 1 1 8 1 10 12 1 8 1 10 7 12 1 1 1 9 12 1 1 100 1 10 9 7 12 1 1 1 9 7 1 8 1 10 12 1 1 10 12 1 10 12 1 1 10 12 1 10 12 1 1 10 12 1 10 12 1 1 10 12 1 10 12 1 1 10 12 1 1 8 1 10 12 1 1 8 1 10 12 1 10 12 1 1 10 12 1 10 12 1 10 12 1 1 9 100 12 1 1 1 10 12 1 1 11 12 1 10 12 1 10 12 1 1 10 100 12 1 1 100 1 11 12 1 10 100 1 11 12 1 7 1 10 12 1 11 12 1 9 100 12 1 1 1 11 12 1 1 11 100 12 1 1 1 10 12 1 1 9 12 1 11 12 1 9 12 1 9 12 1 9 12 1 11 12 1 1 9 12 1 9 12 1 9 12 1 9 12 1 9 12 1 9 12 1 9 12 1 8 1 10 12 1 10 12 1 8 1 10 12 1 10 12 1 10 12 1 1 10 10 10 7 12 1 1 10 12 1 1 100 1 100 1 8 1 8 1 10 10 12 1 1 10 12 1 10 12 1 7 1 10 100 12 1 1 1 10 9 7 12 1 1 1 10 12 1 1 10 12 1 1 8 1 8 1 10 7 12 1 1 9 12 1 9 12 1 1 9 12 1 1 10 12 1 7 1 10 12 1 10 12 1 1 9 12 1 1 9 12 1 1 10 7 12 1 1 1 11 7 12 1 1 9 12 1 10 12 1 1 9 12 1 10 12 1 8 10 12 1 1 8 1 1 1 1 1 1 1 1 7 1 1 1 1 1 1 1 1 1 1 1 1 1 1 1 1 1 1 1 1 1 1 1 1 1 1 1 1 1 1 100 1 1 1 1 1 1 1 1 1 1 1 1 1 1 1 1 1 1 1 1 1 1 1 1 1 1 1 1 1 1 1 1 1 1 1 1 1 1 1 1 1 1 1 1 1 1 1 1 1 1 1 1 1 1 1 1 1 1 1 1 1 1 1 1 1 1 1 1 1 1 1 1 1 1 1 1 1 1 1 1 1 1 1 1 1 1 100 1 1 100 1 7 1 100 1 1 100 1 1 100 1 1 1 1
staticfield java/lang/invoke/MethodHandle FORM_OFFSET J 20
staticfield java/lang/invoke/MethodHandle UPDATE_OFFSET J 13
staticfield java/lang/invoke/MethodHandle $assertionsDisabled Z 1
ciInstanceKlass java/util/concurrent/ConcurrentHashMap 1 1 1210 7 1 7 1 3 10 12 1 1 3 7 1 10 7 12 1 1 1 7 1 10 7 12 1 1 1 100 1 11 12 1 1 11 12 1 11 12 1 1 9 12 1 1 9 12 1 1 9 12 1 10 7 12 1 1 1 7 1 10 12 1 1 10 12 1 1 10 7 12 1 1 1 4 10 12 1 9 12 1 10 12 1 1 100 1 10 5 0 10 12 1 10 12 1 1 5 0 10 12 1 1 10 12 1 9 12 1 1 10 12 1 1 9 12 1 9 12 1 1 10 12 1 1 9 12 1 10 12 1 1 9 12 1 1 10 12 1 1 100 1 10 100 1 10 12 1 10 12 1 1 10 12 1 1 10 12 1 1 10 12 1 10 12 1 1 10 12 1 1 100 1 10 12 1 1 7 1 100 1 8 1 10 12 1 10 12 1 1 10 12 1 1 11 7 12 1 1 10 12 1 1 11 12 1 1 11 7 12 1 1 1 11 7 12 1 1 1 11 12 1 7 1 11 12 1 11 12 1 10 12 1 1 10 12 1 1 9 12 1 1 10 100 12 1 1 1 9 10 12 1 1 9 12 1 10 12 1 1 5 0 9 12 1 1 7 1 10 12 1 9 12 1 1 7 1 10 12 1 9 12 1 7 1 10 7 1 10 10 12 1 1 8 1 10 12 1 10 12 1 1 11 100 1 10 12 1 10 100 12 1 1 1 8 1 10 100 12 1 1 1 8 1 10 12 1 8 1 10 12 1 10 12 1 1 10 100 12 1 1 10 12 1 10 12 1 10 12 1 9 12 1 9 10 12 1 9 12 1 1 11 100 12 1 1 1 11 7 12 1 1 1 100 1 10 12 11 100 12 1 1 10 11 7 12 1 10 12 1 100 1 10 12 1 100 1 10 10 9 7 12 1 1 1 10 12 3 10 7 12 1 1 9 12 1 10 12 1 1 9 12 1 1 9 12 1 10 12 1 1 10 100 12 1 1 9 12 1 9 7 12 1 1 10 12 1 1 10 12 1 3 9 12 1 9 12 1 10 12 1 1 7 1 9 3 9 12 1 7 1 10 12 1 9 12 1 10 12 1 9 12 1 10 12 1 9 12 1 10 100 12 1 1 1 100 10 12 1 7 1 5 0 10 100 12 1 1 100 1 10 12 1 1 10 12 1 10 12 1 100 1 10 12 1 10 100 1 100 1 10 10 12 1 10 100 1 10 12 1 10 100 1 10 12 1 10 7 1 10 12 1 1 100 1 10 12 1 10 10 12 1 100 1 10 12 1 10 10 12 1 100 1 10 12 1 10 100 1 10 12 1 10 100 1 10 12 1 10 100 1 10 12 1 10 100 1 10 12 1 10 100 1 10 12 1 10 100 1 10 12 1 10 100 1 10 12 1 10 100 1 10 10 100 1 10 10 100 1 10 10 100 1 10 12 1 10 100 1 10 12 1 10 100 1 10 12 1 10 100 1 10 12 1 10 100 1 10 12 1 10 100 1 10 10 100 1 10 10 100 1 10 10 100 1 10 12 1 10 100 1 10 12 1 10 100 1 10 12 1 10 100 1 10 12 1 10 100 1 10 12 1 10 10 12 1 10 7 12 1 1 1 10 12 1 7 1 7 1 10 12 1 9 12 1 1 9 12 1 1 10 12 1 1 8 10 12 1 1 8 8 8 8 7 10 12 1 1 10 12 1 100 1 8 1 10 7 1 7 1 7 1 1 1 5 0 1 1 3 1 3 1 1 1 1 3 1 3 1 3 1 1 1 1 1 3 1 3 1 3 1 1 1 1 1 1 1 1 1 1 1 1 1 1 1 1 1 1 1 1 1 1 1 1 1 100 1 1 1 1 1 1 1 1 1 1 1 1 1 1 1 1 1 1 1 1 1 1 1 1 1 1 1 1 1 1 1 1 1 1 1 1 1 1 1 1 1 1 1 1 1 1 1 1 1 1 1 1 1 1 1 1 1 1 1 1 1 1 1 1 1 1 1 1 1 1 1 1 1 1 1 1 1 1 1 1 1 1 1 1 100 1 1 1 1 1 1 1 1 1 1 1 7 1 1 1 1 1 1 1 1 1 1 1 1 1 1 1 1 1 1 1 1 1 1 1 1 1 1 1 1 1 1 1 1 1 1 1 1 1 1 1 1 1 1 1 1 1 1 1 1 1 1 1 1 1 1 1 1 1 1 1 1 1 1 1 1 1 1 1 1 1 1 1 1 1 1 1 1 1 1 1 1 1 1 1 1 1 1 1 1 1 1 1 1 1 1 1 1 1 1 1 1 1 1 1 1 1 1 1 1 1 1 1 1 1 1 1 1 1 1 1 1 1 1 1 1 1 1 1 1 1 1 1 1 1 1 1 1 1 1 1 1 1 1 1 1 1 1 1 1 1 1 1 1 1 1 1 1 1 1 1 1 1 1 1 1 1 1 1 1 1 1 1 1 1 1 1 1 1 1 1 1 1 1 1 1 1 1 1 1 1 1 1 1 1 1 1 1 1 1 1 1 1 1 1 1 1 1 1 1 1 1 1 1 1 1 1 1 1 1 1 1 1 1 1 100 1 100 1 100 1 100 1 100 1 100 1 100 1 100 1 100 1 1 1 1 1 1 1 1 1 1 1 1 1 1 1 1 1 1 1 1 1 1 1 1 1 1 1 1 1 1 1 1 1 1 1 1 1 1 1 1 1 1 1 1 1 1 1 1 1 1 1 1 1 1 1 1 1 1
staticfield java/util/concurrent/ConcurrentHashMap NCPU I 8
staticfield java/util/concurrent/ConcurrentHashMap serialPersistentFields [Ljava/io/ObjectStreamField; 3 [Ljava/io/ObjectStreamField;
staticfield java/util/concurrent/ConcurrentHashMap U Ljdk/internal/misc/Unsafe; jdk/internal/misc/Unsafe
staticfield java/util/concurrent/ConcurrentHashMap SIZECTL J 20
staticfield java/util/concurrent/ConcurrentHashMap TRANSFERINDEX J 32
staticfield java/util/concurrent/ConcurrentHashMap BASECOUNT J 24
staticfield java/util/concurrent/ConcurrentHashMap CELLSBUSY J 36
staticfield java/util/concurrent/ConcurrentHashMap CELLVALUE J 144
staticfield java/util/concurrent/ConcurrentHashMap ABASE I 16
staticfield java/util/concurrent/ConcurrentHashMap ASHIFT I 2
instanceKlass com/google/api/client/util/DataMap
instanceKlass com/google/api/client/util/ArrayMap
instanceKlass com/google/api/client/util/GenericData
instanceKlass com/google/gson/internal/LinkedTreeMap
instanceKlass sun/font/AttributeMap
instanceKlass java/util/Collections$SingletonMap
instanceKlass sun/awt/SoftCache
instanceKlass java/util/concurrent/ConcurrentSkipListMap
instanceKlass java/util/TreeMap
instanceKlass java/util/IdentityHashMap
instanceKlass java/util/EnumMap
instanceKlass java/util/WeakHashMap
instanceKlass java/util/Collections$EmptyMap
instanceKlass sun/util/PreHashedMap
instanceKlass java/util/HashMap
instanceKlass java/util/ImmutableCollections$AbstractImmutableMap
instanceKlass java/util/concurrent/ConcurrentHashMap
ciInstanceKlass java/util/AbstractMap 1 1 196 10 7 12 1 1 1 10 7 12 1 1 1 11 7 12 1 1 1 10 11 12 1 1 11 7 12 1 1 1 11 12 1 1 7 1 11 12 1 10 12 1 1 11 12 1 100 1 10 11 12 1 11 7 1 10 12 1 1 11 12 1 9 12 1 1 100 1 10 12 1 9 12 1 1 100 1 10 11 11 12 1 1 11 12 1 7 1 100 1 11 12 1 8 1 7 1 10 10 12 1 1 8 1 10 12 1 10 12 1 1 10 12 1 1 1 1 1 1 1 1 1 1 1 1 1 1 1 1 1 1 1 1 1 1 1 1 1 1 1 1 1 1 1 1 1 1 1 1 1 1 1 1 7 1 1 1 1 1 1 1 7 1 1 1 1 1 1 1 1 1 7 1 1 1 1 1 1 1 1 1 100 1 100 1 100 1 100 1 100 1 1 1 1 1 1
ciInstanceKlass java/util/concurrent/ConcurrentMap 1 1 208 11 7 12 1 1 1 10 100 12 1 1 11 12 1 1 11 100 12 1 1 1 11 7 12 1 1 1 11 12 1 1 100 1 11 12 1 11 12 1 100 1 11 100 12 1 1 1 18 12 1 11 12 1 1 11 100 12 1 1 11 12 1 1 11 100 12 1 11 12 1 1 11 12 1 1 7 1 7 1 1 1 1 1 1 1 1 1 1 1 1 1 1 1 1 1 1 1 1 1 1 1 1 1 1 1 1 1 1 1 1 1 1 1 1 1 1 1 1 1 1 1 1 1 1 1 1 1 1 1 1 1 1 1 1 1 1 1 1 16 15 11 12 15 10 100 12 1 1 1 1 1 100 1 100 1 1 1 100 1 8 1 1 12 10 1 1 1 8 1 1 1 8 1 1 8 1 1 1 8 1 1 1 8 1 1 1 8 1 1 1 8 1 1 1 8 1 1 1 8 1 1 1 8 1 1 8 1
ciInstanceKlass jdk/internal/loader/ClassLoaders 1 1 183 10 7 12 1 1 1 10 7 12 1 1 1 10 12 1 1 10 100 12 1 1 1 9 7 12 1 1 1 9 12 1 1 9 12 1 1 7 1 11 100 12 1 1 1 100 1 11 12 1 1 11 12 1 1 10 100 12 1 1 1 10 100 12 1 1 1 100 1 100 1 10 7 12 1 1 1 9 12 1 1 10 12 1 1 7 1 10 12 1 1 10 12 1 7 1 8 1 10 7 12 1 1 1 10 12 1 1 7 1 10 12 1 10 12 1 10 12 1 8 1 10 7 12 1 1 8 1 8 1 10 12 1 7 1 10 12 1 10 12 1 10 12 1 1 1 1 1 1 1 1 1 1 1 1 1 1 1 1 1 1 1 1 7 1 1 1 1 1 1 1 1 1 1 1 1 1 1 1 1 1 1 1
staticfield jdk/internal/loader/ClassLoaders JLA Ljdk/internal/access/JavaLangAccess; java/lang/System$2
staticfield jdk/internal/loader/ClassLoaders BOOT_LOADER Ljdk/internal/loader/ClassLoaders$BootClassLoader; jdk/internal/loader/ClassLoaders$BootClassLoader
staticfield jdk/internal/loader/ClassLoaders PLATFORM_LOADER Ljdk/internal/loader/ClassLoaders$PlatformClassLoader; jdk/internal/loader/ClassLoaders$PlatformClassLoader
staticfield jdk/internal/loader/ClassLoaders APP_LOADER Ljdk/internal/loader/ClassLoaders$AppClassLoader; jdk/internal/loader/ClassLoaders$AppClassLoader
instanceKlass jdk/internal/loader/ClassLoaders$BootClassLoader
instanceKlass jdk/internal/loader/ClassLoaders$PlatformClassLoader
instanceKlass jdk/internal/loader/ClassLoaders$AppClassLoader
ciInstanceKlass jdk/internal/loader/BuiltinClassLoader 1 1 737 9 7 12 1 1 1 10 7 12 1 1 1 10 7 12 1 1 1 9 12 1 1 9 12 1 1 7 1 10 12 1 9 12 1 10 12 1 9 12 1 10 7 12 1 1 1 10 7 12 1 1 1 10 7 12 1 1 1 11 7 12 1 1 1 7 1 7 1 10 10 12 1 1 8 1 10 12 1 10 12 7 1 10 12 1 10 12 1 1 11 7 12 1 1 1 11 7 12 1 1 1 11 12 1 1 7 1 8 1 8 1 10 9 12 1 1 10 7 12 1 1 11 12 1 1 10 12 1 1 10 12 1 1 10 12 1 1 10 7 12 1 1 1 10 12 1 10 7 12 1 1 1 10 12 1 1 11 7 12 1 1 1 10 7 12 1 1 7 1 10 7 12 1 1 1 10 12 1 100 1 8 1 10 12 1 1 10 8 1 10 12 1 1 10 12 1 1 10 12 1 1 11 7 12 1 1 11 12 1 7 1 10 11 12 1 1 11 10 12 1 1 7 1 10 12 1 10 7 12 1 10 12 1 7 1 10 12 1 10 7 12 1 1 1 100 1 10 12 1 1 11 12 1 100 1 100 1 10 12 1 10 12 1 1 100 1 100 1 10 12 1 10 12 1 18 12 1 1 10 12 1 10 12 1 1 18 100 1 10 7 12 1 1 1 7 1 10 10 12 1 1 10 12 1 1 10 12 1 1 10 12 1 9 12 1 1 100 1 10 10 12 1 1 10 12 1 1 10 12 1 10 12 10 12 1 1 10 12 1 1 10 12 1 1 10 12 1 10 12 1 1 18 12 1 7 1 10 12 1 1 10 12 1 10 12 1 1 10 12 1 100 1 10 12 1 7 1 10 12 1 10 7 12 1 1 1 10 12 1 11 12 1 7 1 10 12 1 7 1 100 1 10 12 1 10 12 1 11 12 1 1 10 12 1 1 10 12 1 1 10 12 1 1 10 12 1 1 10 12 1 10 12 1 10 12 1 10 12 1 8 1 10 12 1 1 10 7 12 1 1 10 12 1 100 1 8 1 8 1 10 10 12 1 8 1 8 1 10 7 12 1 1 1 11 7 12 1 1 1 9 7 12 1 1 1 10 7 12 1 1 1 9 12 1 9 12 1 9 12 1 9 12 1 9 12 1 9 12 1 10 7 12 1 1 1 8 1 10 12 1 7 1 10 12 1 1 10 12 1 7 1 10 11 12 1 1 10 12 10 12 1 10 12 1 100 1 10 12 1 10 12 1 10 10 12 1 10 7 12 1 1 8 1 10 7 12 1 1 10 12 1 1 1 1 1 1 1 1 1 1 1 1 1 1 1 1 1 1 1 1 1 1 1 1 1 1 1 1 1 1 1 1 1 1 1 1 1 1 1 1 1 1 1 1 1 1 1 1 1 1 1 1 1 1 1 1 7 1 1 1 1 1 1 1 1 1 1 1 1 1 1 1 1 1 1 7 1 7 1 1 1 1 1 1 1 1 1 1 1 1 1 1 1 1 1 1 1 1 1 1 1 1 1 1 1 1 1 1 1 1 1 1 1 1 1 1 1 1 1 1 1 1 1 1 1 1 1 1 1 100 1 1 16 15 10 12 16 15 10 12 16 15 10 12 16 1 15 10 100 12 1 1 1 1 1 100 1 1 1 1 1 100 1 100 1 1
staticfield jdk/internal/loader/BuiltinClassLoader packageToModule Ljava/util/Map; java/util/concurrent/ConcurrentHashMap
staticfield jdk/internal/loader/BuiltinClassLoader $assertionsDisabled Z 1
ciInstanceKlass jdk/internal/loader/ClassLoaders$AppClassLoader 1 1 119 8 1 10 7 12 1 1 1 10 7 12 1 1 1 10 7 12 1 1 1 10 12 1 1 10 7 12 1 1 1 10 12 1 1 10 12 1 1 7 1 8 1 10 12 10 7 12 1 1 1 10 7 12 1 1 10 12 1 1 10 12 1 1 10 7 12 1 1 1 7 1 10 12 1 1 1 1 1 1 1 1 1 1 1 1 1 1 1 1 1 1 1 1 1 7 1 1 1 1 1 1 1 1 1 1 1 1 1 1 1 1 1 1 1 7 1 1 1
ciInstanceKlass jdk/internal/loader/ClassLoaders$PlatformClassLoader 1 1 42 8 1 10 7 12 1 1 1 10 7 12 1 1 1 7 1 10 12 1 7 1 1 1 1 1 1 1 1 1 1 1 1 1 1 7 1 1 1 100 1 1
ciInstanceKlass java/lang/ArithmeticException 1 1 26 10 100 12 1 1 1 10 12 1 100 1 1 1 1 5 0 1 1 1 1 1 1 1 1 1
ciInstanceKlass java/lang/ArrayStoreException 1 1 26 10 100 12 1 1 1 10 12 1 100 1 1 1 1 5 0 1 1 1 1 1 1 1 1 1
ciInstanceKlass java/lang/ClassCastException 1 1 26 10 100 12 1 1 1 10 12 1 100 1 1 1 1 5 0 1 1 1 1 1 1 1 1 1
ciInstanceKlass java/lang/ClassNotFoundException 1 1 96 7 1 10 7 12 1 1 1 10 12 1 10 12 1 1 10 100 12 1 1 1 8 1 10 100 12 1 1 1 10 7 12 1 1 10 100 12 1 1 1 10 100 12 1 1 1 10 12 1 1 7 1 10 12 1 9 12 1 1 1 1 1 5 0 1 1 1 1 1 1 1 1 1 1 1 1 1 1 1 1 1 1 100 1 1 1 1 1 1 1 1 1 1 1 1
staticfield java/lang/ClassNotFoundException serialPersistentFields [Ljava/io/ObjectStreamField; 1 [Ljava/io/ObjectStreamField;
instanceKlass java/lang/IllegalThreadStateException
instanceKlass java/security/InvalidParameterException
instanceKlass com/formdev/flatlaf/ui/FlatStylingSupport$UnknownStyleException
instanceKlass java/lang/NumberFormatException
ciInstanceKlass java/lang/IllegalArgumentException 1 1 35 10 7 12 1 1 1 10 12 1 10 12 1 10 12 1 100 1 1 1 1 5 0 1 1 1 1 1 1 1 1 1 1 1 1
ciMethod java/lang/IllegalArgumentException <init> (Ljava/lang/String;)V 0 0 7 0 -1
ciInstanceKlass java/lang/IllegalMonitorStateException 1 1 26 10 100 12 1 1 1 10 12 1 100 1 1 1 1 5 0 1 1 1 1 1 1 1 1 1
ciMethod java/lang/IllegalMonitorStateException <init> ()V 0 0 1 0 -1
ciInstanceKlass java/lang/BootstrapMethodError 0 0 45 10 100 12 1 1 1 10 12 1 10 12 1 10 100 12 1 1 1 10 100 12 1 1 1 1 1 1 5 0 1 1 1 1 1 1 1 1 1 1 1 100 1 1 1
instanceKlass java/lang/UnsatisfiedLinkError
instanceKlass java/lang/IncompatibleClassChangeError
instanceKlass java/lang/BootstrapMethodError
instanceKlass java/lang/NoClassDefFoundError
ciInstanceKlass java/lang/LinkageError 1 1 31 10 7 12 1 1 1 10 12 1 10 12 1 100 1 1 1 1 5 0 1 1 1 1 1 1 1 1 1 1 1
ciInstanceKlass java/lang/NullPointerException 1 1 52 10 7 12 1 1 1 10 12 1 9 7 12 1 1 1 10 12 1 1 9 12 1 1 10 12 1 1 10 12 1 1 1 1 5 0 1 1 1 1 1 1 1 1 100 1 100 1 100 1 1 1
ciMethod java/lang/NullPointerException <init> ()V 0 0 1025 0 -1
ciInstanceKlass java/lang/NoClassDefFoundError 0 0 26 10 100 12 1 1 1 10 12 1 100 1 1 1 1 5 0 1 1 1 1 1 1 1 1 1
ciInstanceKlass java/lang/StackOverflowError 1 1 26 10 100 12 1 1 1 10 12 1 100 1 1 1 1 5 0 1 1 1 1 1 1 1 1 1
ciInstanceKlass java/lang/StackTraceElement 1 0 235 10 7 12 1 1 1 10 7 12 1 1 9 12 1 1 9 12 1 1 9 12 1 9 12 1 8 1 10 100 12 1 1 1 7 1 9 12 1 8 1 9 12 1 9 12 1 9 12 1 1 10 12 1 1 10 12 1 8 1 10 100 12 1 1 1 7 1 10 12 1 10 12 1 1 10 12 1 10 12 1 1 10 12 1 10 12 1 10 10 12 1 8 1 10 12 1 10 12 1 1 10 12 1 1 10 12 1 10 12 1 10 12 1 9 12 1 1 10 7 12 1 1 1 10 12 1 1 7 1 10 12 1 1 10 100 12 1 1 10 100 12 1 1 1 10 7 12 1 1 10 100 12 1 1 10 10 12 1 1 10 12 1 1 10 12 1 1 10 12 1 7 1 1 1 1 1 1 1 3 1 3 1 1 5 0 1 1 1 1 1 1 1 1 1 1 1 1 1 1 1 1 1 1 1 1 1 1 1 1 1 1 1 1 1 7 1 7 1 1 1 1 1 1 1 100 1 1 1 1 1 1 1 1 1
instanceKlass java/util/concurrent/locks/AbstractQueuedSynchronizer
ciInstanceKlass java/util/concurrent/locks/AbstractOwnableSynchronizer 1 1 32 10 7 12 1 1 1 9 7 12 1 1 1 100 1 1 1 1 5 0 1 1 1 1 1 1 1 1 1 1 1 1
ciMethod java/util/concurrent/locks/AbstractOwnableSynchronizer <init> ()V 526 0 35797 0 0
ciMethod java/util/concurrent/locks/AbstractOwnableSynchronizer setExclusiveOwnerThread (Ljava/lang/Thread;)V 1998 0 999 0 0
ciMethod java/util/concurrent/locks/AbstractOwnableSynchronizer getExclusiveOwnerThread ()Ljava/lang/Thread; 1232 0 616 0 0
instanceKlass sun/util/calendar/ZoneInfoFile$Checksum
ciInstanceKlass java/util/zip/CRC32 1 1 175 10 7 12 1 1 1 9 7 12 1 1 1 10 12 1 1 100 1 10 9 7 12 1 1 1 10 12 1 1 10 12 1 1 10 100 12 1 1 1 10 12 1 9 12 1 1 100 1 10 10 12 1 1 9 7 12 1 1 1 11 100 12 1 1 1 100 1 11 12 1 1 10 12 1 1 11 12 1 10 12 1 10 12 1 1 10 12 1 10 12 1 10 100 12 1 1 10 12 1 10 12 1 1 10 12 1 10 12 1 5 0 10 12 1 10 12 1 10 7 12 1 1 1 10 12 1 1 10 12 1 1 10 12 1 10 7 12 1 1 10 12 1 100 1 1 1 1 1 1 1 1 1 1 1 1 1 1 1 1 1 1 100 1 100 1 1 1 1 1 1 1 1 1 1
staticfield java/util/zip/CRC32 $assertionsDisabled Z 1
ciInstanceKlass java/util/zip/Checksum 1 1 86 11 7 12 1 1 1 10 100 12 1 1 1 10 12 1 9 7 12 1 1 1 100 1 10 12 1 1 10 12 1 1 10 12 1 1 10 12 1 10 12 1 10 100 12 1 1 1 10 12 1 10 12 1 1 10 12 1 100 1 1 1 1 1 1 1 1 1 1 1 1 1 1 1 1 1 1 100 1 1 1 1 1 1 1 1
ciMethod java/util/zip/CRC32 reset ()V 512 0 12676 0 88
ciMethod java/util/zip/CRC32 <init> ()V 522 0 8530 0 0
ciInstanceKlass jdk/internal/vm/Continuation 0 0 549 9 100 12 1 1 1 9 12 1 9 12 1 100 1 7 1 10 12 1 1 8 1 10 12 1 1 10 12 1 10 12 1 1 10 12 1 9 7 12 1 1 1 11 100 12 1 1 1 10 7 1 9 12 1 1 9 12 1 1 10 8 1 10 12 1 9 12 1 1 10 11 12 1 1 100 1 10 100 12 1 1 1 10 12 1 1 10 12 1 10 12 1 1 11 12 1 1 9 12 1 1 10 12 1 1 18 12 1 1 10 7 12 1 1 1 100 1 10 12 1 11 100 12 1 1 1 10 12 1 9 12 1 10 12 1 1 100 1 8 1 10 12 1 10 12 1 1 9 12 1 1 11 12 1 1 9 12 1 1 8 1 10 11 12 1 1 11 12 1 1 10 12 1 1 10 12 1 1 9 12 1 10 12 1 10 10 12 1 8 1 10 12 1 8 1 8 1 10 7 12 1 1 1 10 7 12 1 1 1 10 12 1 9 12 1 11 12 1 7 1 10 12 1 10 12 1 1 9 12 1 1 7 1 10 12 1 1 9 12 1 1 10 12 1 10 12 1 11 7 12 1 1 10 7 1 10 12 1 8 1 9 12 1 10 12 1 1 9 12 1 1 10 7 12 1 1 8 1 8 1 8 1 8 1 10 12 1 1 10 12 1 10 12 1 10 12 1 10 12 1 1 10 12 1 1 8 1 10 12 1 1 9 12 1 1 10 12 1 1 9 12 1 8 1 10 7 12 1 1 1 10 12 1 8 1 100 1 8 1 10 9 12 1 1 8 1 10 7 12 1 1 10 100 12 1 1 8 1 8 1 10 12 10 100 12 1 1 1 10 7 1 10 7 12 1 1 1 18 11 100 12 1 1 1 18 12 1 11 12 1 1 7 1 10 7 12 1 1 10 12 1 1 8 10 12 1 1 10 100 12 1 1 1 10 100 12 1 1 10 12 1 8 1 10 12 1 7 1 7 1 10 12 1 1 1 1 1 1 1 1 1 1 1 1 1 1 1 1 1 1 1 1 1 1 1 1 1 1 1 1 1 1 1 1 1 1 1 1 1 1 1 1 1 1 1 1 1 1 1 1 1 1 1 1 1 1 1 1 1 1 1 1 1 1 1 1 1 1 1 1 1 1 1 1 1 1 1 100 1 1 16 1 15 10 12 16 15 11 7 12 1 1 1 16 1 16 1 15 10 12 16 15 10 100 12 1 1 1 1 1 1 1 1 100 1 100 1 1
ciInstanceKlass jdk/internal/misc/UnsafeConstants 1 1 34 10 100 12 1 1 1 9 7 12 1 1 1 9 12 1 9 12 1 1 9 12 1 9 12 1 1 1 1 1 1 1 1 1
staticfield jdk/internal/misc/UnsafeConstants ADDRESS_SIZE0 I 8
staticfield jdk/internal/misc/UnsafeConstants PAGE_SIZE I 4096
staticfield jdk/internal/misc/UnsafeConstants BIG_ENDIAN Z 0
staticfield jdk/internal/misc/UnsafeConstants UNALIGNED_ACCESS Z 1
staticfield jdk/internal/misc/UnsafeConstants DATA_CACHE_LINE_FLUSH_SIZE I 0
ciInstanceKlass java/lang/invoke/LambdaForm 1 1 1059 7 1 100 1 10 7 12 1 1 1 9 12 1 1 9 12 1 9 12 1 9 12 1 1 9 12 1 1 9 12 1 1 9 12 1 1 9 12 1 1 9 12 1 10 7 12 1 1 9 12 1 10 12 1 1 100 1 10 10 12 1 1 10 12 1 10 12 1 10 12 1 1 10 12 1 9 12 1 9 12 1 10 12 1 1 10 7 12 1 1 1 10 12 1 1 9 100 12 1 1 1 10 12 1 1 9 7 12 1 1 10 12 1 10 12 1 1 10 12 1 1 10 12 1 1 7 1 10 7 12 1 1 1 10 12 1 1 10 12 1 10 12 1 1 9 12 1 1 9 12 1 9 12 1 1 10 12 1 9 12 1 10 100 12 1 1 1 10 12 1 1 7 1 10 12 1 9 12 1 1 10 7 12 1 1 1 10 12 1 10 12 1 7 1 10 12 1 10 12 1 10 12 1 1 10 12 1 1 10 12 1 10 12 1 10 12 1 10 12 1 1 8 1 10 12 1 10 12 1 10 10 12 1 8 1 8 1 9 12 1 9 12 1 1 10 12 1 1 10 12 1 9 12 1 10 12 1 1 10 7 12 1 1 1 10 12 1 1 10 12 1 10 12 1 10 100 12 1 1 1 9 12 1 10 12 1 8 1 8 1 8 1 8 1 8 1 8 1 8 1 8 1 10 12 1 9 12 1 7 1 10 12 1 1 9 12 1 10 12 1 10 12 1 1 10 12 10 12 1 10 12 1 1 10 12 1 1 10 10 12 1 1 10 12 1 1 7 1 8 1 10 12 1 1 10 12 1 10 12 1 1 10 8 1 10 12 1 1 8 1 8 1 8 1 10 12 1 10 12 1 10 12 1 1 100 1 10 12 1 1 10 12 1 1 10 7 12 1 1 1 10 12 1 1 9 12 1 1 8 1 10 100 12 1 1 1 10 7 12 1 1 10 12 10 12 1 1 10 12 1 1 9 12 1 8 10 12 1 1 100 1 10 12 1 1 10 12 1 9 7 12 1 1 9 7 12 1 1 1 8 1 10 100 12 1 1 10 12 1 1 7 1 7 1 10 10 12 1 1 10 12 1 1 8 1 8 1 7 1 8 1 10 12 10 12 1 10 12 1 10 12 1 1 8 1 8 1 10 12 1 10 12 1 1 8 1 8 1 8 1 7 1 8 1 7 1 8 1 7 1 8 1 10 12 1 8 1 9 10 7 12 1 1 1 10 12 1 9 12 1 1 10 12 1 10 10 12 1 10 12 1 10 12 1 10 12 1 1 10 12 1 10 12 1 1 10 12 1 1 10 12 1 1 10 12 1 1 8 1 100 10 12 1 10 12 1 9 12 1 1 10 7 12 1 1 8 1 8 1 7 1 8 1 8 1 8 1 8 1 8 1 8 1 8 1 8 1 10 12 1 1 10 12 1 1 10 12 1 10 12 1 10 12 1 10 12 1 8 1 8 1 8 1 10 12 1 8 1 10 12 1 8 1 8 1 8 1 8 1 8 1 10 12 1 10 12 1 10 12 1 1 10 7 12 1 1 1 10 12 1 10 12 1 10 12 1 10 12 1 10 12 1 10 12 1 10 12 1 9 12 1 1 8 1 10 12 1 1 9 12 1 1 10 12 1 1 9 12 1 9 12 1 1 9 12 1 9 12 1 1 7 1 10 7 12 1 1 1 9 12 1 10 12 1 10 12 1 8 1 10 12 1 9 12 1 1 7 1 10 7 12 1 1 1 8 1 100 1 10 12 1 9 12 1 9 12 1 10 12 1 10 12 1 10 7 12 1 1 1 10 12 1 9 7 12 1 1 10 12 1 1 10 12 1 10 12 1 10 12 1 9 12 10 12 1 10 10 12 1 9 12 1 9 9 12 1 7 9 12 1 1 10 12 1 1 9 12 1 10 12 1 10 7 1 9 1 1 1 1 3 1 3 1 1 3 1 3 1 1 1 1 1 1 1 1 1 1 1 1 1 1 1 1 1 1 1 1 1 1 1 1 1 1 1 1 1 1 1 1 1 1 1 1 1 1 1 1 1 1 1 1 1 1 1 1 1 1 1 100 1 1 1 1 1 1 1 1 1 1 1 1 1 1 1 1 1 1 1 1 1 1 1 1 1 1 1 1 1 1 1 1 1 1 1 1 1 1 1 1 1 1 1 1 1 1 1 1 1 1 1 1 1 1 1 1 1 1 1 1 1 1 100 1 1 1 1 1 1 1 1 1 1 1 1 1 1 1 1 1 1 1 1 1 1 1 1 1 1 1 1 1 1 1 1 1 1 7 1 1 1 1 1 1 1 1 1 1 1 1 1 1 1 1 1 1 1 1 1 1 100 1 1 1 100 1 1 7 1 1 1 1 1 1 1 1 1 1 1
staticfield java/lang/invoke/LambdaForm DEFAULT_CUSTOMIZED Ljava/lang/invoke/MethodHandle; 
staticfield java/lang/invoke/LambdaForm DEFAULT_KIND Ljava/lang/invoke/LambdaForm$Kind; java/lang/invoke/LambdaForm$Kind
staticfield java/lang/invoke/LambdaForm COMPILE_THRESHOLD I 0
staticfield java/lang/invoke/LambdaForm INTERNED_ARGUMENTS [[Ljava/lang/invoke/LambdaForm$Name; 5 [[Ljava/lang/invoke/LambdaForm$Name;
staticfield java/lang/invoke/LambdaForm IMPL_NAMES Ljava/lang/invoke/MemberName$Factory; java/lang/invoke/MemberName$Factory
staticfield java/lang/invoke/LambdaForm LF_identity [Ljava/lang/invoke/LambdaForm; 6 [Ljava/lang/invoke/LambdaForm;
staticfield java/lang/invoke/LambdaForm LF_zero [Ljava/lang/invoke/LambdaForm; 6 [Ljava/lang/invoke/LambdaForm;
staticfield java/lang/invoke/LambdaForm NF_identity [Ljava/lang/invoke/LambdaForm$NamedFunction; 6 [Ljava/lang/invoke/LambdaForm$NamedFunction;
staticfield java/lang/invoke/LambdaForm NF_zero [Ljava/lang/invoke/LambdaForm$NamedFunction; 6 [Ljava/lang/invoke/LambdaForm$NamedFunction;
staticfield java/lang/invoke/LambdaForm createFormsLock Ljava/lang/Object; java/lang/Object
staticfield java/lang/invoke/LambdaForm DEBUG_NAME_COUNTERS Ljava/util/HashMap; 
staticfield java/lang/invoke/LambdaForm DEBUG_NAMES Ljava/util/HashMap; 
staticfield java/lang/invoke/LambdaForm TRACE_INTERPRETER Z 0
staticfield java/lang/invoke/LambdaForm $assertionsDisabled Z 1
ciInstanceKlass java/lang/invoke/MemberName 1 1 724 7 1 7 1 100 1 9 12 1 1 10 7 12 1 1 1 9 12 1 1 10 12 1 1 10 12 1 1 10 12 1 1 10 12 1 10 12 1 1 10 7 12 1 1 1 10 12 1 9 7 12 1 1 10 12 1 7 1 7 1 10 12 1 8 1 10 12 1 1 10 12 1 10 12 1 1 10 12 1 9 12 1 1 8 1 10 100 12 1 1 1 7 1 10 10 12 1 1 7 1 7 1 10 12 1 9 12 1 1 100 1 8 1 10 12 1 10 12 1 10 12 1 10 12 1 10 12 1 1 10 12 1 10 12 1 10 12 1 1 8 1 8 1 10 12 1 8 1 9 12 1 1 3 10 12 1 10 12 1 10 12 1 10 10 7 12 1 1 1 10 12 1 10 12 1 10 12 1 10 12 1 7 1 8 10 12 1 1 10 12 1 1 8 1 9 7 1 8 9 7 1 10 12 1 1 10 12 1 10 12 1 8 1 10 12 1 1 10 12 1 10 12 1 10 12 1 10 12 1 1 7 1 10 12 1 1 10 12 1 8 1 10 12 1 10 12 1 8 1 10 12 1 1 10 12 1 1 7 1 10 12 1 1 10 12 8 1 8 1 7 1 10 12 1 10 100 12 1 1 1 100 1 10 12 10 12 1 10 12 1 10 12 1 10 12 1 10 10 12 1 10 12 1 10 12 1 3 10 12 1 3 10 12 1 3 3 3 3 3 3 10 12 1 3 9 12 1 10 12 1 1 3 10 12 1 10 10 7 12 1 1 1 10 12 1 1 10 7 12 1 1 10 10 12 1 10 12 1 1 10 12 1 10 10 12 1 1 10 12 1 10 12 1 10 12 1 7 1 10 10 10 12 100 1 10 10 10 12 1 1 10 12 1 1 10 10 12 1 8 10 7 1 10 12 1 10 7 1 10 12 1 10 12 1 10 12 1 10 10 12 1 10 12 1 1 10 12 1 1 10 12 1 10 12 1 10 12 1 100 1 10 12 1 1 100 1 8 1 10 7 1 10 12 1 10 12 10 12 1 1 10 12 1 10 12 1 8 1 8 1 8 1 8 1 10 12 1 10 12 1 10 7 12 1 1 1 8 1 8 1 10 12 1 8 1 10 10 10 12 1 10 12 1 8 1 8 1 10 10 12 1 8 1 10 100 12 1 1 1 8 1 100 1 10 12 1 10 12 1 1 10 12 1 8 1 8 1 8 1 8 1 100 1 10 8 1 8 1 8 1 8 1 10 12 1 100 1 100 1 100 1 10 100 1 10 7 1 10 7 12 1 1 1 9 7 12 1 1 1 7 1 7 1 1 1 1 1 1 1 3 1 3 1 3 1 3 1 3 1 3 1 1 1 1 1 1 1 1 3 1 3 1 1 1 1 1 1 1 1 1 1 1 1 1 1 1 1 1 1 1 1 1 1 1 1 1 1 1 1 1 1 1 1 1 1 1 1 1 1 1 1 1 1 1 1 1 1 1 1 1 1 1 1 1 1 1 1 1 1 1 1 1 1 1 1 1 1 1 1 1 1 1 1 1 1 1 1 1 1 1 1 1 1 1 1 1 1 1 1 1 1 1 1 1 1 1 1 7 1 1 1 1 1 1 1 1 1 1 1 1 1 1 1
staticfield java/lang/invoke/MemberName $assertionsDisabled Z 1
instanceKlass java/lang/invoke/VarHandleReferences$FieldStaticReadOnly
instanceKlass java/lang/invoke/VarHandleBooleans$FieldInstanceReadOnly
instanceKlass java/lang/invoke/VarHandleLongs$FieldInstanceReadOnly
instanceKlass java/lang/invoke/VarHandleByteArrayAsDoubles$ByteArrayViewVarHandle
instanceKlass java/lang/invoke/VarHandleByteArrayAsLongs$ByteArrayViewVarHandle
instanceKlass java/lang/invoke/VarHandleByteArrayAsFloats$ByteArrayViewVarHandle
instanceKlass java/lang/invoke/VarHandleByteArrayAsInts$ByteArrayViewVarHandle
instanceKlass java/lang/invoke/VarHandleByteArrayAsChars$ByteArrayViewVarHandle
instanceKlass java/lang/invoke/VarHandleByteArrayAsShorts$ByteArrayViewVarHandle
instanceKlass java/lang/invoke/VarHandleReferences$FieldInstanceReadOnly
instanceKlass java/lang/invoke/VarHandleInts$FieldInstanceReadOnly
ciInstanceKlass java/lang/invoke/VarHandle 1 1 474 10 7 12 1 1 1 10 7 12 1 1 9 12 1 1 9 12 1 1 100 1 10 8 1 10 12 1 1 10 7 12 1 1 1 10 12 1 1 10 7 12 1 1 1 9 100 12 1 1 1 10 12 1 1 10 7 12 1 1 1 10 12 1 1 9 12 1 10 12 1 9 12 1 1 10 100 12 1 1 10 12 1 9 100 12 1 1 1 9 12 1 1 10 12 1 1 100 1 7 1 10 8 1 10 12 1 1 10 12 1 8 1 10 12 1 10 12 1 9 12 1 1 9 12 1 10 12 1 10 12 1 1 10 12 1 10 10 100 12 1 1 1 10 12 1 1 10 12 1 1 10 7 12 1 1 1 10 100 12 1 1 1 10 100 12 1 1 1 9 12 1 1 9 10 12 1 10 12 1 1 10 12 1 1 10 12 1 10 7 12 1 1 1 9 12 1 1 10 12 1 1 9 12 1 10 12 1 10 12 1 10 7 12 1 1 100 1 10 9 7 12 1 1 1 9 12 1 1 10 7 12 1 1 1 10 12 1 10 12 1 10 12 1 10 12 1 10 12 1 10 12 1 1 8 10 12 1 1 7 1 10 12 1 1 7 1 1 1 1 1 1 1 1 1 1 1 1 1 1 1 1 1 1 1 1 1 1 1 1 1 1 1 1 1 1 1 1 1 1 1 1 1 1 1 1 1 1 1 1 1 1 1 1 1 1 1 1 1 1 1 1 1 1 1 1 1 1 1 1 1 1 1 1 100 1 1 1 1 1 1 1 1 100 1 1 1 1 1 1 1 1 1 1 1 1 100 1 100 1 1 100 1 100 1 100 1 100 1 100 1 100 1 100 1 100 1 100 1 100 1 100 1 100 1 100 1 100 1 100 1 100 1 100 1 100 1 100 1 100 1 100 1 100 1 100 1 100 1 100 1 100 1 100 1 100 1 100 1 100 1 100 1 100 1 100 1 100 1 100 1 1 1 1 1 1 100 1 1 1 100 1 1 100 1 100 1 100 1 100 1 100 1 100 1 1 1 1 100 1 100 1 100 1 100 1 100 1 100 1 100 1 100 1
staticfield java/lang/invoke/VarHandle VFORM_OFFSET J 16
staticfield java/lang/invoke/VarHandle $assertionsDisabled Z 1
ciInstanceKlass java/util/Collections 1 1 933 10 7 12 1 1 1 11 7 12 1 1 1 7 1 11 12 1 1 7 1 10 12 1 1 10 12 1 11 12 1 1 7 1 11 12 1 1 11 12 1 1 10 12 1 11 100 12 1 1 11 12 1 1 11 12 1 10 12 1 10 12 1 10 12 11 7 12 1 1 1 10 12 1 1 11 12 1 11 12 1 1 9 12 1 1 100 1 10 10 12 1 1 10 12 1 11 100 12 1 1 1 11 12 1 1 10 12 1 11 12 1 100 1 8 1 10 12 1 11 7 12 1 1 1 11 7 1 11 12 1 1 10 12 1 1 10 12 1 10 12 1 1 10 12 1 11 12 1 1 10 12 1 1 10 12 1 1 10 12 1 1 11 12 1 1 7 1 10 12 1 11 7 1 100 1 10 12 1 11 7 1 7 1 10 12 1 11 100 1 100 1 10 12 1 11 7 1 7 1 10 12 1 11 100 1 100 1 10 12 1 11 7 1 11 7 1 10 12 10 11 7 1 7 1 10 12 1 11 100 1 100 1 10 11 100 1 100 1 10 12 1 11 100 1 100 1 10 12 1 100 1 10 10 12 1 7 1 10 10 12 1 100 1 10 100 1 10 7 1 10 100 1 10 10 12 1 10 7 1 10 100 1 10 100 1 10 100 1 10 12 1 10 100 12 1 1 1 100 1 100 1 10 12 1 100 1 10 12 1 100 1 10 12 1 100 1 10 12 1 100 1 10 12 1 100 1 10 100 1 10 12 1 100 1 10 12 1 100 1 10 12 1 9 7 12 1 1 1 9 100 12 1 1 9 7 12 1 1 1 9 12 1 1 9 12 1 1 9 12 1 1 9 12 1 1 9 12 1 1 7 1 10 12 7 1 10 7 1 10 7 1 10 7 1 10 12 1 100 1 7 1 10 8 1 10 12 1 1 10 12 1 10 12 1 1 10 7 1 10 12 1 9 7 12 1 1 1 9 7 12 1 1 1 7 1 9 12 1 1 10 12 7 1 10 7 1 10 11 100 12 1 1 11 12 1 10 12 1 11 11 12 1 11 11 12 1 8 1 7 1 10 11 100 1 10 12 1 100 1 10 100 12 1 1 1 100 1 10 12 1 7 1 10 7 1 10 7 1 10 1 1 1 3 1 3 1 3 1 3 1 3 1 3 1 3 1 3 1 1 1 1 1 1 1 1 1 1 1 1 1 1 1 1 1 1 1 1 1 1 1 1 1 1 1 1 1 1 1 1 1 1 1 1 1 1 1 1 1 1 1 1 1 1 1 1 1 1 1 1 1 1 1 1 1 1 1 1 1 1 1 1 1 1 1 1 1 1 1 1 1 1 1 1 1 1 1 1 1 1 1 1 1 1 1 1 1 1 1 1 1 1 1 1 1 1 1 1 1 1 1 1 1 1 1 1 1 1 1 1 1 1 1 1 1 1 1 1 1 1 1 1 1 1 1 1 1 1 1 1 1 1 1 1 1 1 1 1 1 1 1 1 1 1 1 1 1 1 1 1 1 1 1 1 1 1 1 1 1 1 1 1 1 1 1 1 1 1 1 1 1 1 1 1 1 1 1 1 1 1 1 1 1 1 1 1 1 1 1 1 1 1 1 1 1 1 1 1 1 1 1 1 1 1 1 1 1 1 1 1 1 1 1 1 1 1 1 1 1 1 1 1 1 1 1 1 1 1 1 1 1 1 1 1 1 1 1 1 1 1 1 1 1 1 1 1 1 1 1 1 1 1 1 1 1 1 1 1 1 1 1 1 1 1 1 1 1 1 1 1 1 1 1 1 1 1 1 1 1 1 1 1 1 1 1 1 1 1 1 1 1 1 1 1 1 1 1 1 1 1 1 1 1 1 1 1 1 1 1 1 1 1 1 1 1 1 1 1 1 1 1 1 1 1 1 1 1 1 1 1 100 1 100 1 100 1 100 1 100 1 100 1 100 1 100 1 100 1 100 1 100 1 100 1 100 1 1 1 1 1 1 1 1 1 1 1 1 1 1 1 1 1 1 1 1 1 1 1 1 1 1 1 1 1 1 1 1 1 1 1 1 1 1 1 1 1 1 100 1 1 1 1 1 1 1 1 1 1 1 1 1 1 1
staticfield java/util/Collections EMPTY_SET Ljava/util/Set; java/util/Collections$EmptySet
staticfield java/util/Collections EMPTY_LIST Ljava/util/List; java/util/Collections$EmptyList
staticfield java/util/Collections EMPTY_MAP Ljava/util/Map; java/util/Collections$EmptyMap
instanceKlass jdk/internal/reflect/FieldAccessorImpl
instanceKlass jdk/internal/reflect/ConstructorAccessorImpl
instanceKlass jdk/internal/reflect/MethodAccessorImpl
ciInstanceKlass jdk/internal/reflect/MagicAccessorImpl 1 1 16 10 7 12 1 1 1 100 1 1 1 1 1 1 1 1
instanceKlass jdk/internal/reflect/DirectMethodHandleAccessor
ciInstanceKlass jdk/internal/reflect/MethodAccessorImpl 1 1 38 10 7 12 1 1 1 10 100 12 1 1 1 100 1 1 1 1 1 1 1 100 1 100 1 1 1 1 1 1 1 1 1 1 1 1 1 1
ciInstanceKlass jdk/internal/reflect/MethodAccessor 1 0 17 100 1 100 1 1 1 1 100 1 100 1 1 1 1 1 1
instanceKlass jdk/internal/reflect/SerializationConstructorAccessorImpl
instanceKlass jdk/internal/reflect/DirectConstructorHandleAccessor$NativeAccessor
instanceKlass jdk/internal/reflect/DirectConstructorHandleAccessor
instanceKlass jdk/internal/reflect/NativeConstructorAccessorImpl
ciInstanceKlass jdk/internal/reflect/ConstructorAccessorImpl 1 1 27 10 7 12 1 1 1 100 1 100 1 1 1 1 1 1 1 1 1 100 1 100 1 100 1 1 1
ciInstanceKlass jdk/internal/reflect/ConstructorAccessor 1 0 16 100 1 100 1 1 1 1 100 1 100 1 100 1 1 1
ciInstanceKlass jdk/internal/reflect/DelegatingClassLoader 1 1 18 10 7 12 1 1 1 100 1 1 1 1 1 1 1 1 1 1
ciInstanceKlass jdk/internal/reflect/CallerSensitive 0 0 17 100 1 100 1 100 1 1 1 1 1 1 1 1 1 1 1
ciInstanceKlass jdk/internal/reflect/NativeConstructorAccessorImpl 0 0 125 10 7 12 1 1 1 9 7 12 1 1 1 100 1 10 12 1 9 12 1 1 9 12 1 1 10 100 12 1 1 1 10 7 12 1 1 1 10 7 12 1 1 1 9 12 1 9 12 1 1 9 12 1 1 10 7 12 1 1 1 100 1 10 10 12 1 1 10 12 1 10 12 1 1 10 12 1 7 1 10 12 1 1 10 12 1 1 8 10 12 1 1 1 1 1 1 1 1 1 1 1 1 1 1 1 1 1 1 1 1 1 1 100 1 100 1 100 1 1 1 1 1 1 1
ciInstanceKlass jdk/internal/reflect/ConstantPool 1 1 142 10 7 12 1 1 1 9 7 12 1 1 1 10 12 1 1 10 12 1 1 10 12 1 10 12 1 1 10 12 1 1 10 12 1 10 12 1 1 10 12 1 10 12 1 1 10 12 1 10 12 1 10 12 1 10 12 1 1 10 12 1 1 10 12 1 1 10 12 1 1 10 12 1 10 12 1 1 10 100 12 1 1 1 8 11 7 12 1 1 1 10 7 12 1 1 1 1 1 1 1 1 1 1 1 1 1 1 1 1 1 1 1 1 1 1 1 1 1 1 1 1 1 1 1 1 1 1 1 1 1 1 1 1 1 1 1 1 1 1 1 1
ciInstanceKlass jdk/internal/reflect/UnsafeStaticFieldAccessorImpl 0 0 47 10 7 12 1 1 1 9 7 12 1 1 1 10 7 12 1 1 1 9 12 1 1 8 11 100 12 1 1 1 10 100 12 1 1 1 1 1 1 1 1 1 1 1 1 1 1
ciInstanceKlass jdk/internal/reflect/FieldAccessor 1 0 48 100 1 100 1 1 1 1 100 1 1 1 1 1 1 1 1 1 1 1 1 1 1 1 1 1 1 1 100 1 1 1 1 1 1 1 1 1 1 1 1 1 1 1 1 1 1 1
instanceKlass jdk/internal/reflect/MethodHandleFieldAccessorImpl
instanceKlass jdk/internal/reflect/UnsafeFieldAccessorImpl
ciInstanceKlass jdk/internal/reflect/FieldAccessorImpl 1 1 269 10 7 12 1 1 1 9 7 12 1 1 1 10 7 12 1 1 1 10 7 12 1 1 10 7 12 1 1 1 10 12 1 1 7 1 10 10 12 1 1 10 12 1 1 8 1 10 10 12 1 100 1 8 1 10 12 1 8 1 10 12 1 8 1 10 12 1 100 1 10 12 1 1 10 8 1 10 12 1 1 8 1 10 7 12 1 1 8 1 10 7 12 1 1 8 1 10 7 12 1 1 8 1 10 7 12 1 1 8 1 10 7 12 1 1 8 1 10 7 12 1 1 8 1 10 7 12 1 1 8 1 10 7 12 1 1 10 12 1 1 8 1 10 12 1 1 10 100 12 1 1 1 8 1 10 12 1 8 1 8 1 8 1 8 1 10 7 12 1 1 1 8 1 8 1 8 1 10 12 7 1 1 1 1 1 1 1 1 1 1 1 1 1 1 1 1 1 1 1 1 1 1 1 1 1 1 1 1 1 1 1 1 1 1 1 1 1 1 1 1 1 1 1 1 1 1 1 1 1 1 1 1 1 1 1 1 1 1 1 1 1 1 1 1 1 1 1 1 1 1 1 1 1 1 1 1 1 1 1 1 1 1 1 1 1 1 1 1
instanceKlass jdk/internal/reflect/UnsafeStaticFieldAccessorImpl
ciInstanceKlass jdk/internal/reflect/UnsafeFieldAccessorImpl 0 0 62 10 100 12 1 1 1 10 100 12 1 1 1 10 100 12 1 1 1 9 100 12 1 1 10 12 1 9 12 1 1 10 100 12 1 1 1 9 12 1 1 10 12 1 10 12 1 1 1 1 1 1 1 1 1 1 1 1 1 1 1 1
instanceKlass java/lang/invoke/VolatileCallSite
instanceKlass java/lang/invoke/MutableCallSite
instanceKlass java/lang/invoke/ConstantCallSite
ciInstanceKlass java/lang/invoke/CallSite 1 1 296 10 7 12 1 1 1 10 7 12 1 1 1 9 12 1 1 10 7 12 1 1 1 10 12 1 7 1 10 12 1 1 10 12 1 1 9 100 12 1 1 1 10 7 12 1 1 10 12 1 1 100 1 7 1 10 10 7 12 1 1 1 10 12 1 1 8 1 10 12 1 10 12 1 1 10 12 1 10 12 1 1 10 12 1 1 10 10 100 12 1 1 10 12 1 1 9 12 1 9 100 12 1 1 1 8 1 10 7 12 1 1 1 10 12 1 1 7 1 10 12 1 1 9 12 1 8 1 100 1 10 12 1 10 12 1 100 1 8 1 10 10 12 1 10 12 1 1 100 1 10 12 1 1 10 12 1 10 12 1 10 12 1 1 10 12 1 1 9 12 1 1 8 10 12 1 1 9 12 1 1 100 1 10 10 12 1 10 7 12 1 1 1 10 12 1 1 10 12 1 1 10 12 1 10 7 12 1 1 1 7 1 8 1 10 10 12 10 12 1 1 7 1 7 1 7 1 8 1 10 12 1 10 7 12 1 1 1 1 1 1 1 1 1 1 1 1 1 1 1 1 1 1 1 1 1 1 1 1 1 1 1 1 1 1 1 1 1 1 1 1 1 1 1 1 1 1 1 1 1 1 1 1 1 1 1 1 1 1 1 7 1 7 1 1 1
staticfield java/lang/invoke/CallSite $assertionsDisabled Z 1
ciInstanceKlass java/lang/invoke/ConstantCallSite 1 1 65 10 7 12 1 1 1 9 7 12 1 1 1 9 12 1 1 10 7 12 1 1 1 10 12 1 100 1 10 12 9 12 1 1 100 1 10 10 12 1 1 10 12 1 1 1 1 1 1 1 1 1 1 1 1 1 100 1 1 1 1 1 1 1 1
staticfield java/lang/invoke/ConstantCallSite UNSAFE Ljdk/internal/misc/Unsafe; jdk/internal/misc/Unsafe
instanceKlass java/lang/invoke/DirectMethodHandle$Special
instanceKlass java/lang/invoke/DirectMethodHandle$StaticAccessor
instanceKlass java/lang/invoke/DirectMethodHandle$Interface
instanceKlass java/lang/invoke/DirectMethodHandle$Constructor
instanceKlass java/lang/invoke/DirectMethodHandle$Accessor
ciInstanceKlass java/lang/invoke/DirectMethodHandle 1 1 923 7 1 7 1 100 1 7 1 7 1 10 7 12 1 1 1 10 7 12 1 1 1 7 1 10 12 1 10 12 1 1 10 7 12 1 1 10 12 1 1 10 12 1 10 12 1 7 1 10 12 1 1 10 12 1 1 10 12 1 10 12 1 1 10 7 12 1 1 1 10 12 1 9 12 1 1 100 1 10 9 12 1 1 9 12 1 10 12 1 10 12 1 10 12 1 1 10 12 1 10 12 1 10 12 1 10 7 12 1 1 1 10 12 1 10 12 1 1 8 1 10 12 1 1 7 1 10 12 1 7 1 10 10 12 1 10 12 1 10 12 1 10 7 12 1 1 1 10 12 1 1 7 1 10 12 1 10 12 1 7 1 10 12 1 10 12 1 1 10 12 1 1 10 12 1 8 10 7 12 1 1 1 10 12 1 10 12 1 10 12 1 1 10 12 1 9 7 12 1 1 1 7 1 10 12 1 10 7 12 1 1 1 10 12 1 10 12 1 1 9 12 1 1 7 1 10 8 1 10 12 1 1 10 12 1 1 8 1 10 12 1 10 12 1 10 10 12 1 10 12 1 10 12 1 10 12 1 10 12 1 1 10 12 1 10 12 1 1 10 12 1 10 12 1 1 10 10 7 12 1 1 1 10 12 1 10 12 1 1 10 12 1 10 12 1 1 8 1 9 7 12 1 1 1 8 1 9 12 1 9 12 1 8 1 9 12 1 9 12 1 8 1 9 12 1 9 12 1 8 1 10 12 1 10 12 1 1 9 12 1 1 7 1 10 12 1 1 7 1 10 7 12 1 1 1 10 12 1 1 10 12 1 10 12 1 1 7 1 10 12 1 1 10 12 1 10 12 1 1 7 1 10 12 1 1 10 12 1 10 7 12 1 1 1 10 12 1 10 12 1 1 10 12 1 9 12 1 1 10 7 1 9 12 9 12 1 10 7 12 1 1 1 10 12 1 7 1 7 1 7 1 9 12 1 1 10 7 12 1 1 1 10 12 10 12 1 7 1 10 12 1 10 12 1 1 8 1 9 12 1 9 12 1 10 12 1 1 9 12 1 1 10 7 12 1 1 1 9 12 1 1 9 12 1 1 10 12 1 10 12 1 10 12 1 10 12 1 1 10 12 1 9 12 1 10 12 1 10 12 1 10 12 1 10 12 1 1 10 12 1 1 9 12 1 1 10 12 1 1 9 7 12 1 1 1 9 12 1 9 12 1 9 12 1 9 12 1 9 12 1 9 12 1 9 12 1 9 12 1 9 12 1 9 12 1 9 12 1 9 12 1 9 12 1 9 12 1 9 12 1 9 12 1 9 12 1 9 12 1 9 12 1 9 12 1 9 12 1 9 12 1 9 12 1 9 12 1 9 12 1 9 12 1 9 12 1 9 12 1 9 12 1 9 12 1 9 12 1 9 12 1 9 12 1 9 12 1 9 12 1 9 12 1 8 1 9 12 1 1 9 12 1 1 10 12 1 10 12 1 1 9 7 1 10 12 1 9 12 1 1 10 12 10 12 1 10 12 1 10 12 1 10 12 1 10 8 1 8 1 8 1 8 1 10 12 1 1 9 12 1 1 10 12 1 10 100 12 1 1 1 8 9 12 1 1 10 12 1 1 8 1 8 8 9 12 1 8 1 8 8 8 8 8 1 8 10 12 1 7 1 10 12 1 8 1 8 1 10 12 1 10 12 1 10 12 1 10 12 1 1 7 1 1 1 1 3 1 3 1 3 1 3 1 3 1 3 1 3 1 3 1 3 1 3 1 1 1 1 1 1 1 1 1 1 3 1 3 1 1 1 1 3 1 1 1 1 1 1 1 1 1 1 1 1 1 1 1 1 1 1 1 1 1 1 1 1 1 1 1 1 1 1 1 1 1 1 1 1 1 1 1 1 1 1 1 1 1 1 1 1 1 1 1 1 1 1 1 1 1 100 1 1 1 1 1 1 1 1 1 100 1 1 1 1 1 1 1 1 1 1 1 1 1 1 1 1 1 1 1 1 1 1 1 1 1 1 1 1 1 1 1 1 1 1 1 1 1 1 1 1 1 1 1 1 1 1 1 1 1 1 1 1
staticfield java/lang/invoke/DirectMethodHandle IMPL_NAMES Ljava/lang/invoke/MemberName$Factory; java/lang/invoke/MemberName$Factory
staticfield java/lang/invoke/DirectMethodHandle FT_UNCHECKED_REF I 8
staticfield java/lang/invoke/DirectMethodHandle ACCESSOR_FORMS [Ljava/lang/invoke/LambdaForm; 132 [Ljava/lang/invoke/LambdaForm;
staticfield java/lang/invoke/DirectMethodHandle ALL_WRAPPERS [Lsun/invoke/util/Wrapper; 10 [Lsun/invoke/util/Wrapper;
staticfield java/lang/invoke/DirectMethodHandle NFS [Ljava/lang/invoke/LambdaForm$NamedFunction; 12 [Ljava/lang/invoke/LambdaForm$NamedFunction;
staticfield java/lang/invoke/DirectMethodHandle OBJ_OBJ_TYPE Ljava/lang/invoke/MethodType; java/lang/invoke/MethodType
staticfield java/lang/invoke/DirectMethodHandle LONG_OBJ_TYPE Ljava/lang/invoke/MethodType; java/lang/invoke/MethodType
staticfield java/lang/invoke/DirectMethodHandle $assertionsDisabled Z 1
ciInstanceKlass java/lang/invoke/MutableCallSite 0 0 63 10 100 12 1 1 1 10 12 1 9 100 12 1 1 1 10 12 1 10 12 1 1 9 12 1 1 10 100 12 1 1 1 10 100 12 1 1 1 10 12 1 1 1 1 1 1 1 1 1 1 1 1 1 1 1 1 1 1 100 1 1 1
ciInstanceKlass java/lang/invoke/VolatileCallSite 0 0 37 10 100 12 1 1 1 10 12 1 10 100 12 1 1 1 10 12 1 10 12 1 1 1 1 1 1 1 1 1 1 1 1 1 1 1 1
ciInstanceKlass java/lang/invoke/ResolvedMethodName 1 1 16 10 100 12 1 1 1 100 1 1 1 1 1 1 1 1
ciInstanceKlass java/lang/invoke/MethodHandleNatives 1 1 685 100 1 10 7 12 1 1 1 9 7 12 1 1 1 10 12 1 1 100 1 10 10 12 1 1 10 12 1 10 12 1 8 1 8 1 8 1 8 1 8 1 8 1 8 1 8 1 8 1 8 1 10 12 1 1 7 1 10 7 12 1 1 1 10 7 12 1 1 1 7 1 10 10 12 1 1 8 1 10 12 1 8 1 10 12 1 1 8 1 10 12 1 1 9 7 12 1 1 1 8 1 10 100 12 1 1 1 7 1 10 12 100 1 100 1 8 1 7 1 10 10 12 1 7 1 9 7 12 1 1 10 12 1 1 10 12 1 10 7 12 1 1 1 10 12 1 1 9 12 1 8 1 10 12 1 1 10 12 1 8 1 10 12 1 1 7 1 10 12 1 10 7 12 1 1 1 10 12 1 10 12 1 1 10 12 1 1 8 1 10 12 1 1 8 1 10 12 1 8 1 8 1 8 1 7 1 10 12 1 8 1 10 7 12 1 1 1 10 12 1 1 10 7 12 1 1 10 10 12 1 1 10 12 1 10 100 12 1 1 1 100 1 8 1 10 100 12 1 1 1 7 1 8 1 10 12 1 8 1 8 1 8 1 8 1 8 1 10 12 1 1 10 12 1 1 10 12 1 10 12 1 1 10 12 1 1 7 1 10 12 1 7 1 7 1 10 12 1 10 12 1 8 1 8 1 10 10 12 1 1 10 12 1 1 8 1 10 7 12 1 1 8 1 8 1 10 12 1 1 10 7 12 1 1 1 100 1 10 12 1 1 7 1 9 12 1 1 10 7 12 1 1 1 10 10 12 1 9 12 1 10 12 1 9 12 1 9 12 1 10 12 1 1 10 12 1 10 12 1 1 7 1 7 1 10 12 1 1 10 12 1 10 12 1 1 10 7 12 1 1 1 10 12 1 8 1 10 12 1 10 12 1 10 12 1 1 10 12 1 10 7 12 1 1 1 10 12 1 1 100 1 8 1 10 9 7 12 1 1 1 10 12 1 1 10 12 1 1 7 1 10 12 1 1 10 12 1 1 100 1 100 1 10 10 100 1 100 1 10 100 1 10 10 12 1 1 10 7 1 10 12 1 10 12 1 1 10 12 1 1 10 12 1 1 10 12 1 10 12 1 1 10 8 1 10 12 1 10 12 1 10 12 1 10 12 1 10 12 1 1 10 12 1 10 12 1 10 12 1 10 10 7 12 1 1 10 12 1 1 1 1 1 1 1 1 1 1 1 1 1 7 1 1 1 1 1 1 1 1 1 1 1 1 1 1 1 1 1 1 1 1 1 1 1 1 1 1 1 1 1 1 1 1 1 1 1 1 1 1 1 1 1 1 1 1 1 1 1 1 1 1 1 1 1 1 1 1 1 1 1 1 1 1 1 100 1 1 1 1 1 1 1 1 1 1 1 1 1 1 1 1 1 1 1 1 1 1 1 1 1 1 1 1 1 1 1 1 1 100 1 1 1 1 1 1 1 1 1 1 1 1 1 1 1 1 1 1 1 1 1 1 1 1 1 1 1 1 1 1 1 1 100 1 1
staticfield java/lang/invoke/MethodHandleNatives $assertionsDisabled Z 1
ciInstanceKlass jdk/internal/foreign/abi/NativeEntryPoint 0 0 194 10 7 12 1 1 1 9 7 12 1 1 1 9 12 1 1 100 1 8 1 10 12 1 10 12 1 1 100 1 10 100 12 1 1 1 10 12 1 9 12 1 1 18 12 1 1 10 100 12 1 1 1 10 7 12 1 1 1 9 7 12 1 1 1 7 1 10 8 1 10 12 1 1 10 12 1 10 12 1 1 8 1 10 12 1 1 7 1 8 1 10 12 1 10 12 1 1 10 12 1 9 12 1 1 18 12 1 1 10 100 12 1 1 1 10 12 1 1 10 12 1 10 100 12 1 1 1 10 1 1 1 1 1 1 1 1 1 1 1 1 1 1 1 1 1 1 1 1 1 1 1 1 1 1 1 1 1 1 1 1 1 1 1 1 1 16 1 15 10 12 16 1 16 15 10 12 15 10 100 12 1 1 1 1 1 100 1 1 100 1 100 1 1
ciInstanceKlass jdk/internal/foreign/abi/ABIDescriptor 0 0 55 10 100 12 1 1 1 9 100 12 1 1 1 9 12 1 1 9 12 1 9 12 1 9 12 1 1 9 12 1 9 12 1 1 9 12 1 9 12 1 9 12 1 9 12 1 1 1 1 1 1 1 1 1 1
ciInstanceKlass jdk/internal/foreign/abi/VMStorage 0 0 91 10 7 12 1 1 1 9 7 12 1 1 1 9 12 1 1 9 12 1 1 9 12 1 1 7 1 10 8 1 10 12 1 1 10 12 1 10 12 1 1 10 12 1 18 12 1 18 12 1 1 18 12 1 1 1 1 1 1 1 1 1 1 1 1 1 1 1 1 1 1 1 8 1 15 15 15 15 15 10 100 12 1 1 1 1 100 1 100 1 1
ciInstanceKlass jdk/internal/foreign/abi/UpcallLinker$CallRegs 0 0 66 10 7 12 1 1 1 9 7 12 1 1 1 9 12 1 18 12 1 1 18 12 1 1 18 12 1 1 1 1 1 1 1 1 1 1 1 1 1 1 1 1 1 1 100 1 1 1 8 1 15 15 15 10 100 12 1 1 1 1 1 100 1 100 1 1
ciInstanceKlass java/lang/StackWalker 1 1 271 9 7 12 1 1 1 7 1 10 7 12 1 1 1 10 12 1 1 10 7 12 1 1 1 10 12 1 1 10 12 1 11 7 12 1 1 1 10 12 1 1 10 12 1 1 10 12 1 1 100 1 8 1 10 12 1 10 12 1 10 12 1 10 7 12 1 1 9 12 1 1 9 12 1 1 9 12 1 1 9 12 1 1 10 12 1 1 9 12 1 1 9 12 1 1 9 12 1 1 10 7 12 1 1 1 11 12 1 1 100 1 8 1 10 10 7 12 1 1 9 12 1 1 10 12 1 1 10 100 12 1 1 1 10 100 12 1 1 1 18 12 1 1 100 1 8 1 10 8 1 10 12 1 1 10 100 12 1 1 1 10 12 1 1 9 100 12 1 1 11 100 12 1 1 1 10 12 1 1 1 1 1 1 1 1 1 1 1 1 1 1 1 1 1 1 1 1 1 1 1 1 1 1 1 1 1 1 1 1 1 1 1 1 1 1 1 1 1 1 1 1 1 1 1 1 1 1 1 1 1 1 1 1 1 1 1 1 1 1 1 1 1 1 7 1 1 16 15 10 12 16 1 15 10 100 12 1 1 1 1 1 1 1 1 1 100 1 100 1 1
staticfield java/lang/StackWalker DEFAULT_EMPTY_OPTION Ljava/util/EnumSet; java/util/RegularEnumSet
staticfield java/lang/StackWalker DEFAULT_WALKER Ljava/lang/StackWalker; java/lang/StackWalker
ciInstanceKlass java/lang/StackWalker$StackFrame 0 0 41 100 1 10 12 1 1 100 1 100 1 1 1 1 1 1 1 1 1 1 1 1 1 1 1 1 1 1 1 1 1 1 1 1 1 1 1 100 1 1 1
instanceKlass java/lang/LiveStackFrameInfo
ciInstanceKlass java/lang/StackFrameInfo 0 0 142 10 7 12 1 1 1 9 7 12 1 1 1 9 7 1 9 12 1 1 11 100 12 1 1 1 9 12 1 1 11 12 1 1 10 12 1 1 10 7 12 1 1 1 10 12 1 11 12 1 11 12 1 1 11 12 1 10 12 1 1 9 12 1 1 10 12 1 1 10 7 12 1 1 10 12 1 1 11 12 1 1 9 12 1 1 10 7 1 10 12 1 9 12 1 1 10 12 1 1 100 1 8 1 10 12 1 10 100 12 1 1 1 7 1 1 1 1 1 1 1 1 1 1 1 1 1 1 1 1 1 1 7 1 1 7 1 1 1 1 1 1
ciInstanceKlass java/lang/LiveStackFrameInfo 0 0 97 10 7 12 1 1 1 9 7 12 1 1 1 9 12 1 9 12 1 9 12 1 9 12 1 1 7 1 10 12 1 1 10 12 1 8 1 10 12 1 1 8 1 8 1 8 1 10 100 1 10 12 1 100 1 10 12 1 7 1 7 1 1 1 3 1 3 1 1 1 1 1 1 1 1 1 1 1 1 1 1 1 1 1 1 1 1 1 1 1 1 1 1 1 100 1 1
ciInstanceKlass java/lang/LiveStackFrame 0 0 135 100 1 10 100 12 1 1 1 11 7 12 1 1 1 11 12 1 10 7 12 1 1 1 100 1 8 1 10 12 1 1 10 7 12 1 1 1 9 100 12 1 1 1 10 7 12 1 1 1 10 7 12 1 1 1 11 12 1 10 12 1 7 1 7 1 1 1 1 1 1 1 1 1 1 1 1 1 1 1 1 1 1 1 1 1 1 1 1 1 1 1 1 100 1 1 1 1 1 1 1 100 1 8 1 1 12 10 1 1 1 8 1 1 1 8 1 1 1 8 1 1 1 8 1 1 8 1 1 1 8 1 1 8 1
ciInstanceKlass java/lang/StackStreamFactory$AbstractStackWalker 1 0 375 100 1 7 1 3 10 7 12 1 1 1 10 7 12 1 1 10 7 12 1 1 1 9 12 1 1 10 12 1 1 9 12 1 1 9 12 1 1 9 12 1 1 9 12 1 10 7 12 1 1 1 10 12 1 1 10 7 12 1 1 9 12 1 1 9 12 1 1 10 12 1 1 9 100 12 1 1 1 10 12 1 1 10 12 1 9 12 1 1 10 100 12 1 1 1 10 12 1 1 9 12 1 1 9 7 12 1 1 1 7 1 10 8 1 10 12 1 1 10 12 1 8 1 10 12 1 1 10 100 12 1 1 1 100 1 8 1 10 12 1 8 1 10 12 10 100 12 1 1 9 12 1 8 1 5 0 8 1 8 1 9 12 1 1 10 12 1 1 18 12 1 1 10 7 12 1 1 1 10 12 1 1 10 12 1 10 12 1 9 12 1 10 12 1 10 12 1 10 12 1 10 12 1 10 12 1 10 12 1 1 8 1 10 12 1 10 12 1 10 12 1 10 12 1 1 8 1 10 12 1 1 10 12 1 1 10 12 1 1 10 12 1 10 12 1 10 100 12 1 1 1 10 12 1 10 12 1 9 12 1 8 1 10 12 1 10 12 1 10 12 1 1 10 12 1 10 12 1 10 12 1 1 10 12 1 10 12 1 10 12 1 10 12 1 10 12 1 10 12 1 1 10 12 1 1 10 12 1 8 1 1 1 1 1 1 1 1 1 1 1 1 1 7 1 1 1 1 1 1 1 7 1 1 1 1 7 1 1 1 1 1 1 1 1 1 1 1 1 1 1 1 1 1 1 1 16 15 15 10 100 12 1 1 1 1 1 1 1 1 100 1 100 1 1
ciInstanceKlass jdk/internal/module/Modules 1 1 504 10 7 12 1 1 1 9 7 12 1 1 1 11 7 12 1 1 1 11 12 1 1 11 12 1 1 11 12 1 1 11 12 1 11 12 1 11 12 1 11 12 1 11 12 1 1 10 7 12 1 1 1 10 100 12 1 1 1 18 12 1 1 10 7 12 1 1 1 7 1 10 7 12 1 1 1 10 100 12 1 1 1 10 100 12 1 1 10 12 1 1 11 12 1 9 12 1 1 11 7 12 1 1 1 10 12 1 1 10 10 12 1 10 9 12 1 1 10 7 12 1 1 10 12 1 1 10 7 12 1 1 100 1 11 100 12 1 1 1 10 100 12 1 1 1 11 100 12 1 1 10 12 1 1 10 100 12 1 1 10 100 12 1 1 1 10 12 1 1 10 12 1 1 11 12 1 1 18 12 1 1 11 100 12 1 1 10 100 12 1 1 1 11 100 12 1 1 1 7 1 11 12 1 1 11 7 12 1 1 1 11 12 1 1 10 12 1 1 10 100 12 1 1 18 12 1 1 11 12 1 1 18 12 1 1 11 12 1 1 10 12 1 18 18 10 12 1 1 9 12 1 1 11 7 12 1 1 1 100 1 10 11 12 1 11 12 1 1 11 12 1 1 10 100 1 10 12 1 1 10 100 12 1 1 10 12 1 1 11 12 10 12 1 1 7 1 10 18 12 1 10 12 1 1 7 1 8 1 10 12 1 10 100 12 1 1 18 12 1 11 11 12 10 12 1 10 10 100 1 18 12 1 10 10 10 7 12 1 1 10 7 12 1 1 1 10 12 1 1 1 1 1 1 1 1 1 1 1 1 1 1 1 1 1 1 1 1 1 1 1 1 1 1 1 1 1 1 1 1 1 100 1 1 1 1 1 1 1 1 1 1 1 1 1 1 1 1 1 1 1 1 1 1 1 1 1 1 1 1 1 1 1 1 1 1 1 7 1 1 1 1 1 1 1 1 1 1 1 1 1 1 1 1 1 1 1 1 1 1 1 16 15 10 12 1 16 16 15 10 12 1 16 1 16 1 15 10 12 1 16 1 16 1 15 10 12 16 1 15 10 16 1 15 10 12 16 1 15 10 12 16 15 10 12 16 15 10 12 15 10 100 12 1 1 1 1 1 1 100 1 100 1 1
staticfield jdk/internal/module/Modules JLA Ljdk/internal/access/JavaLangAccess; java/lang/System$2
staticfield jdk/internal/module/Modules JLMA Ljdk/internal/access/JavaLangModuleAccess; java/lang/module/ModuleDescriptor$1
staticfield jdk/internal/module/Modules $assertionsDisabled Z 1
instanceKlass javax/management/AttributeList
ciInstanceKlass java/util/ArrayList 1 1 509 10 7 12 1 1 1 7 1 9 7 12 1 1 1 9 12 1 100 1 7 1 10 8 1 10 12 1 1 10 12 1 10 12 1 1 10 12 1 9 12 1 11 7 12 1 1 1 9 12 1 1 11 12 1 1 7 10 7 12 1 1 1 9 12 1 10 12 1 10 12 1 1 10 7 12 1 1 1 10 7 12 1 1 1 10 12 1 1 10 12 1 1 10 12 1 1 10 12 1 10 12 1 1 100 1 7 1 10 12 1 10 10 7 12 1 1 1 10 7 12 1 1 10 12 1 100 1 10 10 12 10 12 1 1 10 12 1 1 10 12 1 10 12 10 12 1 1 7 1 10 12 1 1 10 12 1 1 10 12 1 100 1 10 11 12 1 1 11 7 12 1 1 1 11 12 1 10 12 1 10 12 1 10 12 1 1 100 1 10 12 1 1 10 10 12 1 1 10 12 1 8 1 8 1 8 1 8 1 10 12 1 1 10 12 1 1 11 12 1 7 1 10 100 12 1 1 10 12 1 10 12 1 1 10 100 12 1 1 10 12 1 10 100 12 1 1 1 11 100 12 1 1 1 10 12 1 100 1 8 1 10 7 1 10 12 1 7 1 10 12 1 10 12 1 1 7 1 10 12 1 10 12 1 1 11 7 12 1 1 7 1 10 12 1 10 12 1 1 11 100 12 1 1 10 12 1 1 10 12 1 1 10 12 1 1 10 12 1 1 11 100 12 1 1 10 12 1 1 7 1 7 1 7 1 1 1 1 5 0 1 3 1 1 1 1 1 1 1 1 1 1 1 1 1 1 1 1 1 1 1 1 1 1 1 1 1 1 1 1 1 1 1 1 1 1 1 1 1 1 1 1 1 1 1 1 1 1 1 1 1 1 1 1 1 1 1 1 1 1 1 1 1 1 1 1 1 1 1 1 1 1 1 1 1 1 1 1 1 1 1 1 1 1 1 1 1 1 1 1 1 1 1 1 1 1 1 1 1 1 1 1 1 1 1 1 100 1 1 1 1 7 1 1 1 1 1 1 1 1 1 1 1 1 1 1 1 1 1 1 1 1 1 1 1 1 1 1 1 1 1 100 1 1 1 1 1 1 1 1 1 1 1 1 1 1 1 1 1 1 100 1 100 1 1 1 1 1 1
staticfield java/util/ArrayList EMPTY_ELEMENTDATA [Ljava/lang/Object; 0 [Ljava/lang/Object;
staticfield java/util/ArrayList DEFAULTCAPACITY_EMPTY_ELEMENTDATA [Ljava/lang/Object; 0 [Ljava/lang/Object;
ciInstanceKlass java/util/RandomAccess 1 0 7 100 1 100 1 1 1
ciInstanceKlass jdk/internal/misc/Blocker 1 1 106 10 7 12 1 1 1 9 7 12 1 1 1 11 7 12 1 1 1 10 7 12 1 1 1 10 7 1 10 12 1 10 12 1 10 12 1 1 10 100 12 1 1 1 9 12 1 1 100 1 10 10 12 1 5 0 10 12 1 1 10 12 1 1 10 7 12 1 1 10 7 12 1 1 1 7 1 8 1 10 12 1 1 1 1 1 1 1 1 1 1 1 1 7 1 1 1 1 1 1 1 1 1 1 1 1
staticfield jdk/internal/misc/Blocker JLA Ljdk/internal/access/JavaLangAccess; java/lang/System$2
staticfield jdk/internal/misc/Blocker $assertionsDisabled Z 1
ciMethod jdk/internal/misc/Blocker begin ()J 522 0 5443 0 -1
ciMethod jdk/internal/misc/Blocker end (J)V 530 0 5452 0 -1
ciInstanceKlass java/nio/charset/CodingErrorAction 1 1 38 10 7 12 1 1 1 9 7 12 1 1 1 8 1 10 12 1 9 12 1 8 1 9 12 8 1 9 12 1 1 1 1 1 1 1 1 1
staticfield java/nio/charset/CodingErrorAction IGNORE Ljava/nio/charset/CodingErrorAction; java/nio/charset/CodingErrorAction
staticfield java/nio/charset/CodingErrorAction REPLACE Ljava/nio/charset/CodingErrorAction; java/nio/charset/CodingErrorAction
staticfield java/nio/charset/CodingErrorAction REPORT Ljava/nio/charset/CodingErrorAction; java/nio/charset/CodingErrorAction
instanceKlass sun/nio/cs/UnicodeEncoder
instanceKlass sun/awt/Symbol$Encoder
instanceKlass sun/awt/windows/WingDings$Encoder
instanceKlass sun/nio/cs/ISO_8859_1$Encoder
instanceKlass sun/nio/cs/UTF_8$Encoder
ciInstanceKlass java/nio/charset/CharsetEncoder 1 1 396 10 7 12 1 1 1 9 7 12 1 1 1 9 7 12 1 1 9 12 1 9 12 1 1 9 12 1 1 9 12 1 1 100 1 8 1 10 12 1 8 1 8 1 9 12 1 1 9 12 1 1 9 12 1 10 12 1 1 10 12 1 10 7 12 1 1 1 8 1 8 1 8 1 10 12 1 1 8 1 10 12 1 1 10 7 12 1 1 1 7 1 10 12 1 10 7 12 1 1 1 10 12 1 1 10 12 1 10 12 1 10 12 1 10 7 12 1 1 1 10 12 1 1 10 12 1 1 10 7 12 1 1 1 10 12 1 1 10 7 12 1 1 1 8 1 10 12 1 1 10 12 1 10 12 1 1 10 12 1 1 7 1 100 1 10 12 1 10 12 1 10 12 1 10 12 1 10 10 12 1 1 10 12 1 10 12 1 9 12 1 1 100 1 10 12 1 1 10 9 12 1 9 12 1 1 10 12 1 9 12 1 10 12 1 10 12 1 10 12 10 10 12 1 1 9 12 1 10 12 1 10 12 100 1 3 10 100 12 1 1 1 10 12 1 10 12 1 10 12 1 1 10 12 1 10 12 1 1 10 12 1 1 10 12 1 10 12 1 10 12 1 10 12 10 12 1 10 12 10 12 1 100 1 10 12 1 10 12 1 10 12 1 1 10 12 1 11 7 1 10 12 1 100 1 7 1 10 8 1 10 12 1 1 9 12 1 1 8 1 10 10 10 7 12 1 1 7 1 8 1 8 1 8 1 8 1 1 1 3 1 3 1 3 1 3 1 1 1 1 1 1 1 1 1 100 1 1 1 1 1 1 1 1 1 1 1 1 1 1 1 1 1 1 1 1 1 1 1 1 1 1 1 1 7 1 1 1 1 1 1 1 1 1 1 1
staticfield java/nio/charset/CharsetEncoder $assertionsDisabled Z 1
ciMethod java/nio/charset/CharsetEncoder isLegalReplacement ([B)Z 6 0 3 0 -1
ciMethod java/nio/charset/CharsetEncoder implReplaceWith ([B)V 512 0 4707 0 0
ciMethod java/nio/charset/CharsetEncoder implOnMalformedInput (Ljava/nio/charset/CodingErrorAction;)V 512 0 4702 0 0
ciMethod java/nio/charset/CharsetEncoder implOnUnmappableCharacter (Ljava/nio/charset/CodingErrorAction;)V 512 0 4702 0 0
ciMethod java/nio/charset/CharsetEncoder <init> (Ljava/nio/charset/Charset;FF[B)V 512 0 4707 0 0
ciMethod java/nio/charset/CharsetEncoder <init> (Ljava/nio/charset/Charset;FF)V 66 0 4704 0 0
ciMethod java/nio/charset/CharsetEncoder onMalformedInput (Ljava/nio/charset/CodingErrorAction;)Ljava/nio/charset/CharsetEncoder; 512 0 4702 0 0
ciMethod java/nio/charset/CharsetEncoder onUnmappableCharacter (Ljava/nio/charset/CodingErrorAction;)Ljava/nio/charset/CharsetEncoder; 512 0 4702 0 0
ciMethod java/nio/charset/CharsetEncoder charset ()Ljava/nio/charset/Charset; 256 0 128 0 0
ciMethod java/nio/charset/CharsetEncoder replaceWith ([B)Ljava/nio/charset/CharsetEncoder; 512 0 4707 0 0
instanceKlass java/nio/MappedByteBuffer
instanceKlass java/nio/HeapByteBuffer
ciInstanceKlass java/nio/ByteBuffer 1 1 446 10 7 12 1 1 1 9 7 12 1 1 1 10 7 12 1 1 1 9 12 1 1 9 12 1 9 12 1 1 9 12 1 1 10 12 1 10 12 1 7 1 10 12 1 10 12 1 1 7 1 10 12 1 10 12 1 100 1 100 1 10 12 1 10 12 1 1 10 7 12 1 1 1 10 12 1 1 10 12 1 100 1 10 10 12 1 1 10 12 1 10 12 1 10 12 100 1 5 0 9 12 1 1 9 12 1 9 12 1 1 10 12 1 1 10 12 1 1 10 7 12 1 1 1 10 7 12 1 1 1 10 12 1 10 12 1 1 10 12 1 1 100 1 10 100 1 10 10 12 1 1 9 12 1 10 12 1 100 1 10 10 12 1 10 12 1 10 12 10 12 1 9 12 100 1 10 10 12 1 10 12 10 12 1 1 10 12 1 10 12 1 10 12 1 10 12 1 7 1 10 10 7 12 1 1 1 10 7 12 1 1 1 10 12 1 1 8 1 10 12 1 8 1 8 1 10 12 1 8 1 10 12 1 10 100 12 1 1 1 10 100 12 1 1 1 10 12 1 1 10 7 1 9 12 1 8 1 10 12 1 8 1 8 1 10 10 12 1 10 12 1 1 10 12 1 1 10 12 10 12 1 1 10 12 10 12 10 12 10 12 10 12 10 12 10 12 1 1 10 12 1 9 12 1 1 7 10 7 12 1 1 1 7 1 1 1 1 1 1 1 1 1 1 1 1 100 1 1 1 1 1 1 1 1 1 1 1 1 1 1 1 1 1 1 1 1 1 7 1 1 1 1 1 1 1 1 1 1 1 1 1 1 1 1 1 1 1 1 1 1 1 1 1 1 1 1 1 1 1 1 1 1 1 1 1 1 1 1 1 1 1 1 1 1 1 1 1 1 1 1 1 1 1 1 1 1 1 1 1 1 1 1 1 1 1 1 1 1 1 1 1 1 1 1 1 1 1 1 1 1 1 1 1 1 1 1 1 1 1 1 1 1 1 100 1
staticfield java/nio/ByteBuffer ARRAY_BASE_OFFSET J 16
staticfield java/nio/ByteBuffer $assertionsDisabled Z 1
ciMethod java/nio/ByteBuffer position (I)Ljava/nio/Buffer; 518 0 5379 0 200
ciMethod java/nio/ByteBuffer limit (I)Ljava/nio/Buffer; 514 0 5379 0 216
ciMethod java/nio/ByteBuffer position (I)Ljava/nio/ByteBuffer; 806 0 24590 0 176
ciMethod java/nio/ByteBuffer limit (I)Ljava/nio/ByteBuffer; 876 0 14238 0 192
ciMethod java/nio/ByteBuffer <init> (IIII[BILjava/lang/foreign/MemorySegment;)V 514 0 5380 0 720
ciMethod java/nio/ByteBuffer allocate (I)Ljava/nio/ByteBuffer; 1024 0 5635 0 672
instanceKlass java/nio/ByteBufferAsCharBufferL
instanceKlass java/nio/ByteBufferAsCharBufferB
instanceKlass java/nio/HeapCharBuffer
ciInstanceKlass java/nio/CharBuffer 1 1 476 10 7 12 1 1 1 9 7 12 1 1 1 9 12 1 1 10 12 1 10 12 1 10 12 1 1 7 1 10 12 1 10 12 1 100 1 100 1 10 12 1 10 12 1 1 10 12 1 1 10 12 1 9 12 1 1 100 1 10 10 12 1 10 100 12 1 1 1 10 12 1 10 12 1 1 100 1 10 12 1 11 7 12 1 1 10 12 1 10 7 12 1 1 1 100 1 10 10 12 1 1 10 12 10 12 1 10 12 10 12 1 1 100 1 5 0 9 12 1 1 9 12 1 10 12 1 1 10 7 12 1 1 9 12 1 1 10 12 1 1 10 12 1 1 7 1 5 0 10 7 12 1 1 1 10 12 1 1 10 7 12 1 1 1 10 12 1 10 12 1 1 10 12 1 100 1 10 100 1 10 10 12 1 1 10 12 1 10 7 12 1 1 1 10 12 1 10 12 1 10 12 10 12 10 7 1 10 12 1 10 12 1 10 12 1 9 12 100 1 10 10 12 1 10 12 10 12 1 1 10 12 1 10 12 1 10 12 1 10 12 1 10 100 12 1 1 1 10 12 1 1 10 10 12 1 1 10 12 1 8 1 10 12 1 11 12 1 10 12 1 10 12 1 11 12 1 1 18 12 1 10 100 12 1 1 1 10 12 1 1 10 12 1 1 10 12 10 12 1 1 10 12 10 12 10 12 10 12 10 12 10 12 1 1 10 12 1 10 12 10 12 1 10 12 100 1 10 12 1 10 12 1 9 12 1 1 7 10 7 12 1 1 1 7 1 7 1 7 1 1 1 1 1 1 1 1 1 1 1 1 1 1 1 1 1 1 1 1 1 1 1 7 1 1 100 1 1 1 1 1 1 1 1 1 1 1 1 1 1 1 1 1 1 1 1 1 1 1 1 1 7 1 1 1 1 1 1 1 1 1 1 1 1 1 1 1 1 1 1 1 1 1 1 1 1 1 1 1 1 1 1 1 1 1 1 1 1 1 1 1 1 1 1 100 1 100 1 100 1 100 1 1 16 15 10 12 16 15 10 100 12 1 1 1 1 100 1 100 1 1 100 1 100 1 1
staticfield java/nio/CharBuffer ARRAY_BASE_OFFSET J 16
staticfield java/nio/CharBuffer $assertionsDisabled Z 1
ciInstanceKlass java/lang/Readable 1 0 12 100 1 100 1 1 1 1 100 1 1 1
ciInstanceKlass java/util/Comparator 1 1 288 10 7 12 1 1 1 10 100 12 1 1 1 18 12 1 1 7 1 7 1 11 12 1 1 11 12 1 11 12 1 11 12 1 1 11 12 1 1 11 12 1 1 10 12 1 9 100 12 1 1 1 100 1 10 12 1 1 18 12 1 18 12 18 12 18 12 18 12 10 100 12 1 1 1 10 7 12 1 1 1 8 1 10 12 1 1 8 1 8 1 8 1 8 1 8 1 10 12 1 10 12 1 8 10 7 1 10 12 1 8 10 12 1 8 1 10 12 1 10 12 1 8 1 10 12 1 1 100 1 8 1 100 1 8 1 8 1 100 1 8 1 8 1 100 1 100 1 8 1 10 12 1 11 12 1 1 10 7 12 1 1 11 12 1 1 10 7 12 1 1 11 12 1 1 10 7 12 1 1 11 12 1 7 1 11 12 1 11 12 1 1 1 1 1 1 1 1 1 1 1 1 1 1 1 1 1 1 1 1 1 1 1 1 1 1 1 1 1 1 1 1 1 1 1 1 1 1 1 1 1 1 1 1 1 1 1 1 1 1 1 1 1 1 1 1 1 1 1 1 16 15 11 12 3 3 15 11 12 15 11 12 15 11 12 15 11 12 15 11 12 15 10 100 12 1 1 1 1 100 1 1 1 100 1 100 1 1
ciInstanceKlass java/util/Locale 1 1 1154 9 7 12 1 1 1 7 1 10 12 1 1 9 12 1 1 11 7 12 1 1 1 10 7 12 1 1 9 12 1 1 9 12 1 1 100 1 10 10 12 1 1 8 1 10 12 1 1 10 12 1 1 10 12 1 10 12 1 10 12 1 11 12 1 1 9 7 12 1 1 1 10 100 1 10 9 12 1 1 10 7 12 1 1 9 7 12 1 1 1 9 12 1 10 12 1 1 9 12 1 1 9 12 1 100 1 8 1 10 12 1 9 12 1 10 12 1 10 12 1 1 9 7 12 1 1 1 9 12 1 9 12 1 9 12 1 9 12 1 10 12 1 1 10 7 12 1 1 100 1 9 12 1 9 12 1 9 12 1 9 12 1 9 12 1 9 12 1 9 12 1 9 12 1 9 12 1 9 12 1 10 12 1 1 10 7 12 1 1 1 10 12 1 1 7 1 10 10 12 1 1 10 100 1 10 12 1 1 10 12 1 1 8 1 10 12 1 8 1 10 7 12 1 1 1 100 1 8 1 8 1 10 12 1 10 7 12 1 1 1 10 12 1 1 8 1 10 100 12 1 1 1 10 12 1 1 9 12 1 1 100 1 8 1 10 12 1 1 7 1 10 12 1 1 10 100 12 1 1 1 9 12 1 8 1 10 12 1 10 12 1 1 10 12 1 1 10 12 1 10 12 1 10 12 1 10 12 1 1 10 12 1 1 100 1 7 1 10 8 1 10 12 1 1 10 12 1 10 12 1 10 10 7 12 1 1 1 10 12 1 1 10 100 12 1 1 1 10 12 1 10 12 1 10 12 1 8 1 10 12 1 10 12 1 10 12 10 12 1 10 8 1 9 12 1 10 7 12 1 1 1 10 10 12 1 10 8 1 10 12 1 10 10 12 1 10 12 1 1 11 7 12 1 1 1 11 7 12 1 1 11 12 1 1 10 12 1 10 12 1 10 12 1 10 8 1 10 12 1 10 12 1 1 10 12 1 1 10 12 1 1 10 12 1 1 100 1 8 1 8 1 10 8 1 10 8 1 8 1 10 12 1 1 10 12 1 10 12 1 1 10 12 1 1 10 12 1 10 12 1 100 1 10 12 1 1 8 1 9 100 12 1 1 1 10 7 12 1 1 10 12 1 1 10 12 1 10 100 12 1 1 1 10 12 1 1 10 12 1 1 8 1 10 100 12 1 1 10 12 1 1 10 12 1 8 1 7 1 10 12 1 10 12 1 1 10 100 12 1 1 1 10 12 1 1 11 100 12 1 1 18 12 1 1 11 100 12 1 1 1 18 12 1 1 11 12 1 1 18 12 1 10 12 1 10 12 1 10 12 1 1 11 12 1 1 100 100 1 10 10 12 1 1 8 1 10 12 1 100 1 7 1 10 12 1 9 12 1 1 10 12 1 10 10 12 1 10 100 1 8 1 10 10 12 1 10 12 1 10 10 8 1 8 1 8 1 9 12 1 10 12 1 10 12 1 8 1 10 12 1 10 12 1 10 100 12 1 1 18 12 1 10 12 1 8 1 10 12 1 8 1 10 12 1 1 10 12 1 18 12 1 11 12 1 1 10 12 1 10 100 12 1 1 1 8 1 10 100 12 1 1 8 1 8 1 8 1 8 1 8 1 10 12 1 10 12 1 10 100 12 1 1 1 10 100 12 1 1 100 1 10 12 1 10 10 12 1 10 12 1 10 8 1 10 12 1 1 8 1 8 1 9 12 1 8 1 8 1 9 12 1 10 100 12 1 1 1 9 100 12 1 1 1 10 10 12 1 10 10 12 1 1 10 12 1 1 100 1 10 12 1 1 10 12 1 1 10 7 12 1 1 7 1 10 10 12 1 1 9 12 1 9 12 1 9 12 1 9 12 1 9 12 1 9 12 1 9 12 1 9 12 1 9 12 1 9 12 1 9 12 1 9 12 1 9 12 1 9 12 1 9 12 1 9 12 1 9 12 1 9 12 1 9 12 1 9 12 1 9 12 1 10 12 7 1 10 12 1 9 12 1 1 9 12 1 1 7 1 7 1 1 1 1 1 1 3 1 3 1 1 5 0 1 3 1 3 1 3 1 3 1 3 1 3 1 1 1 1 1 1 1 1 1 1 1 1 1 1 1 1 1 1 1 1 1 1 1 1 1 1 1 1 1 1 1 1 1 1 1 1 1 1 1 1 1 1 1 1 1 1 1 1 1 1 1 1 1 1 1 1 1 1 1 1 1 1 1 1 1 1 1 1 1 1 1 7 1 1 1 1 1 1 1 1 1 1 1 1 1 1 1 1 1 1 1 1 1 1 1 1 1 1 1 1 1 1 1 1 1 1 1 1 1 1 1 100 1 1 1 1 1 1 1 1 1 1 1 1 1 1 1 1 1 1 100 1 1 1 1 1 1 1 1 7 1 1 100 1 1 1 1 1 1 1 1 1 1 1 1 1 1 1 1 1 1 1 1 1 1 1 1 1 1 1 1 1 1 100 1 100 1 100 1 100 1 100 1 1 16 15 10 12 16 16 15 16 15 10 12 15 10 12 16 15 10 12 16 15 10 100 12 1 1 1 1 1 1 1 1 1 100 1 1 1 1 1 1 1 100 1 100 1 1
staticfield java/util/Locale ENGLISH Ljava/util/Locale; java/util/Locale
staticfield java/util/Locale FRENCH Ljava/util/Locale; java/util/Locale
staticfield java/util/Locale GERMAN Ljava/util/Locale; java/util/Locale
staticfield java/util/Locale ITALIAN Ljava/util/Locale; java/util/Locale
staticfield java/util/Locale JAPANESE Ljava/util/Locale; java/util/Locale
staticfield java/util/Locale KOREAN Ljava/util/Locale; java/util/Locale
staticfield java/util/Locale CHINESE Ljava/util/Locale; java/util/Locale
staticfield java/util/Locale SIMPLIFIED_CHINESE Ljava/util/Locale; java/util/Locale
staticfield java/util/Locale TRADITIONAL_CHINESE Ljava/util/Locale; java/util/Locale
staticfield java/util/Locale FRANCE Ljava/util/Locale; java/util/Locale
staticfield java/util/Locale GERMANY Ljava/util/Locale; java/util/Locale
staticfield java/util/Locale ITALY Ljava/util/Locale; java/util/Locale
staticfield java/util/Locale JAPAN Ljava/util/Locale; java/util/Locale
staticfield java/util/Locale KOREA Ljava/util/Locale; java/util/Locale
staticfield java/util/Locale UK Ljava/util/Locale; java/util/Locale
staticfield java/util/Locale US Ljava/util/Locale; java/util/Locale
staticfield java/util/Locale CANADA Ljava/util/Locale; java/util/Locale
staticfield java/util/Locale CANADA_FRENCH Ljava/util/Locale; java/util/Locale
staticfield java/util/Locale ROOT Ljava/util/Locale; java/util/Locale
staticfield java/util/Locale CONSTANT_LOCALES Ljava/util/Map; java/util/HashMap
staticfield java/util/Locale CHINA Ljava/util/Locale; java/util/Locale
staticfield java/util/Locale PRC Ljava/util/Locale; java/util/Locale
staticfield java/util/Locale TAIWAN Ljava/util/Locale; java/util/Locale
staticfield java/util/Locale serialPersistentFields [Ljava/io/ObjectStreamField; 6 [Ljava/io/ObjectStreamField;
staticfield java/util/Locale $assertionsDisabled Z 1
ciMethod java/util/Locale getLanguage ()Ljava/lang/String; 554 0 8339 0 0
ciInstanceKlass java/lang/annotation/Annotation 1 0 17 100 1 100 1 1 1 1 1 1 1 1 1 1 1 1 1
ciInstanceKlass java/util/SequencedMap 1 1 157 11 7 12 1 1 1 11 100 12 1 1 1 11 7 12 1 1 1 100 1 11 12 1 1 100 1 10 12 1 1 11 12 1 1 11 12 1 1 100 1 10 12 100 1 10 12 1 100 1 10 100 1 10 7 1 7 1 1 1 1 1 1 1 1 1 1 1 1 1 1 1 1 1 1 1 1 1 1 1 1 1 1 1 1 1 1 1 1 1 1 1 1 1 1 1 1 1 1 1 1 1 1 1 1 1 1 100 1 8 1 1 12 10 1 1 1 8 1 1 1 8 1 1 8 1 1 1 8 1 1 1 8 1 1 1 8 1 1 1 8 1 1 1 8 1 1 1 8 1 1 1 8 1 1 8 1
ciInstanceKlass java/security/Guard 1 0 12 100 1 100 1 1 1 1 100 1 1 1
ciInstanceKlass jdk/internal/misc/InternalLock 1 1 69 10 7 12 1 1 1 7 1 10 9 7 12 1 1 1 9 12 1 1 10 10 12 1 1 10 12 10 12 1 10 12 1 8 1 10 7 12 1 1 1 10 7 12 1 1 8 1 10 12 1 1 1 1 1 1 1 1 1 1 1 1 1 1 1 1 1 1 1
staticfield jdk/internal/misc/InternalLock CAN_USE_INTERNAL_LOCK Z 1
ciMethod jdk/internal/misc/InternalLock lock ()V 1024 0 150274 0 448
ciMethod jdk/internal/misc/InternalLock unlock ()V 1024 0 150272 0 384
ciMethod jdk/internal/misc/InternalLock <init> ()V 512 0 18625 0 0
ciMethod jdk/internal/misc/InternalLock newLockOrNull ()Ljdk/internal/misc/InternalLock; 512 0 6658 0 -1
ciMethod jdk/internal/misc/InternalLock newLockOr (Ljava/lang/Object;)Ljava/lang/Object; 512 0 11967 0 712
ciInstanceKlass java/io/BufferedWriter 1 1 190 10 7 12 1 1 1 10 7 12 1 1 1 10 12 1 7 1 10 7 12 1 1 1 100 1 8 1 10 12 1 9 12 1 1 9 12 1 1 9 12 1 1 9 12 1 10 12 1 1 10 12 1 100 1 8 1 10 9 12 1 7 1 3 10 12 1 1 10 100 12 1 1 1 9 12 1 1 7 1 10 12 1 10 12 1 10 12 1 10 12 1 10 12 1 1 10 12 1 1 10 12 1 10 12 1 10 12 10 100 12 1 1 1 10 7 12 1 1 1 10 12 1 10 7 12 1 1 1 10 12 1 1 10 12 10 12 1 10 12 1 10 12 1 10 12 1 7 1 10 12 1 1 1 1 3 1 3 1 1 1 1 1 1 1 1 1 1 1 1 1 1 1 1 7 1 1 1 1 1 1 100 1 1 1 1 1 1 1 1
instanceKlass com/google/common/io/BaseEncoding$5
instanceKlass java/io/StringWriter
instanceKlass java/io/BufferedWriter
instanceKlass sun/nio/cs/StreamEncoder
instanceKlass java/io/OutputStreamWriter
ciInstanceKlass java/io/Writer 1 1 151 100 1 10 12 1 1 10 7 1 9 7 12 1 1 1 10 12 1 1 7 1 7 1 100 1 10 7 12 1 1 1 100 1 10 10 12 10 12 1 1 10 12 1 9 12 1 1 10 12 1 1 10 7 12 1 1 1 10 12 1 10 12 10 12 1 1 10 12 1 1 10 12 1 8 1 11 7 12 1 1 1 10 12 1 1 10 12 10 12 1 10 12 1 7 1 7 1 7 1 1 1 1 3 1 1 1 1 1 1 1 1 1 1 1 1 1 1 7 1 1 1 1 1 7 1 1 100 1 1 1 1 1 1 1 100 1 1 1 1 1 1 1 1 1 1 1 1 1 1 1
ciMethod java/io/Writer flush ()V 0 0 1 0 -1
ciMethod java/io/Writer write (Ljava/lang/String;)V 512 0 26075 0 -1
ciMethod java/io/Writer <init> (Ljava/io/Writer;)V 768 0 1386 0 0
ciMethod java/io/Writer <init> (Ljava/lang/Object;)V 512 0 9402 0 0
ciMethod java/io/BufferedWriter flush ()V 512 0 762 0 0
ciMethod java/io/BufferedWriter <init> (Ljava/io/Writer;)V 512 0 1386 0 0
ciMethod java/io/BufferedWriter <init> (Ljava/io/Writer;II)V 512 0 1386 0 0
ciMethod java/io/BufferedWriter implFlush ()V 512 0 762 0 -1
ciMethod java/io/BufferedWriter initialBufferSize ()I 512 0 1386 0 0
ciInstanceKlass java/io/OutputStreamWriter 1 1 167 10 7 12 1 1 1 7 1 100 1 10 7 12 1 1 1 10 7 12 1 1 1 100 1 8 1 10 12 1 10 12 1 1 10 7 12 1 1 1 9 12 1 1 7 1 10 12 1 1 10 100 12 1 1 10 12 1 8 8 1 10 12 1 10 12 1 1 10 12 1 1 10 12 1 1 10 12 1 10 12 1 8 1 11 7 12 1 1 1 10 12 1 1 7 1 10 12 1 10 7 12 1 1 1 10 12 10 12 1 10 12 1 10 12 1 1 1 1 1 1 1 1 1 1 1 7 1 1 1 1 1 1 100 1 1 100 1 1 1 1 1 1 1 1 1 1 100 1 100 1 1 1 1 1 1 1 1 1 1 1 1 1 1 1 1 1
ciMethod java/io/OutputStreamWriter <init> (Ljava/io/OutputStream;Ljava/nio/charset/Charset;)V 512 0 4700 0 0
ciMethod java/io/OutputStreamWriter lockFor (Ljava/io/OutputStreamWriter;)Ljava/lang/Object; 512 0 4701 0 0
ciInstanceKlass java/lang/ref/Cleaner 1 1 68 10 7 12 1 1 1 7 1 10 9 7 12 1 1 1 10 10 12 1 1 8 1 10 7 12 1 1 1 8 1 8 1 7 1 10 12 1 7 1 10 10 12 1 1 1 1 1 1 1 1 1 1 1 1 1 1 1 1 1 1 1 1 100 1 1 1 1
ciMethod java/lang/ref/Cleaner register (Ljava/lang/Object;Ljava/lang/Runnable;)Ljava/lang/ref/Cleaner$Cleanable; 512 0 5376 0 496
ciInstanceKlass jdk/internal/ref/CleanerFactory 1 1 34 10 100 12 1 1 1 9 7 12 1 1 1 7 1 10 10 7 12 1 1 1 1 1 1 1 1 1 1 1 1 1 1 1
staticfield jdk/internal/ref/CleanerFactory commonCleaner Ljava/lang/ref/Cleaner; java/lang/ref/Cleaner
ciMethod jdk/internal/ref/CleanerFactory cleaner ()Ljava/lang/ref/Cleaner; 1024 0 8873 0 88
ciInstanceKlass java/lang/ref/Cleaner$Cleanable 1 0 14 100 1 100 1 1 1 1 1 1 100 1 1 1
ciInstanceKlass java/util/concurrent/locks/Lock 1 0 19 100 1 100 1 1 1 1 1 100 1 1 1 1 1 1 1 1 1
instanceKlass jdk/internal/loader/NativeLibraries$CountedLock
instanceKlass java/util/concurrent/ConcurrentHashMap$Segment
ciInstanceKlass java/util/concurrent/locks/ReentrantLock 1 1 177 10 7 12 1 1 1 7 1 10 9 7 12 1 1 1 100 1 10 10 7 12 1 1 10 12 1 10 12 1 1 10 100 12 1 1 1 10 12 1 1 10 12 1 1 10 12 1 1 10 12 1 1 10 12 1 10 12 1 10 12 1 1 10 12 1 10 12 1 1 10 12 1 10 12 1 1 100 1 10 100 1 100 1 8 1 10 12 1 10 12 1 1 10 12 1 1 10 12 1 1 7 1 10 10 12 1 1 10 12 1 1 8 1 8 1 10 7 12 1 1 8 1 10 7 1 7 1 1 1 1 5 0 1 1 1 1 1 1 1 1 1 1 100 1 1 1 1 1 1 1 1 1 1 1 1 1 1 1 1 1 1 1 1 1 7 1 1 1 1 1 1 1 1 100 1 1
ciMethod java/util/concurrent/locks/ReentrantLock lock ()V 1024 0 313444 0 440
ciMethod java/util/concurrent/locks/ReentrantLock unlock ()V 1024 0 328262 0 368
ciMethod java/util/concurrent/locks/ReentrantLock <init> ()V 516 0 35781 0 376
ciInstanceKlass java/util/concurrent/locks/LockSupport 1 1 105 10 7 12 1 1 1 9 7 12 1 1 1 9 12 1 1 10 7 12 1 1 1 10 7 12 1 1 1 10 12 1 1 10 100 12 1 1 1 10 12 1 10 12 1 1 10 12 1 10 12 1 10 12 1 10 12 1 100 1 10 10 12 1 1 10 12 1 1 10 12 1 1 8 1 10 12 1 1 1 1 1 1 1 1 1 1 1 1 1 1 1 7 1 1 1 1 1 1 1 1 1 1 1 1
staticfield java/util/concurrent/locks/LockSupport U Ljdk/internal/misc/Unsafe; jdk/internal/misc/Unsafe
staticfield java/util/concurrent/locks/LockSupport PARKBLOCKER J 92
ciMethod java/util/concurrent/locks/LockSupport unpark (Ljava/lang/Thread;)V 0 0 13312 0 168
ciInstanceKlass jdk/internal/access/JavaIOFileDescriptorAccess 1 0 29 100 1 100 1 1 1 1 1 1 1 1 1 1 1 1 100 1 1 1 1 1 1 1 1 1 1 1 1
ciMethod jdk/internal/access/JavaIOFileDescriptorAccess getAppend (Ljava/io/FileDescriptor;)Z 0 0 1 0 -1
ciInstanceKlass java/util/concurrent/locks/ReentrantLock$NonfairSync 1 1 69 10 7 12 1 1 1 10 7 12 1 1 1 10 7 12 1 1 1 10 12 1 1 10 12 1 10 12 1 1 7 1 8 1 10 12 1 10 12 1 1 1 1 1 5 0 1 1 1 1 1 1 1 1 1 1 1 1 1 1 1 1 1 1 100 1 1 1 1
instanceKlass java/util/concurrent/Semaphore$Sync
instanceKlass java/util/concurrent/ThreadPoolExecutor$Worker
instanceKlass java/util/concurrent/locks/ReentrantReadWriteLock$Sync
instanceKlass java/util/concurrent/locks/ReentrantLock$Sync
ciInstanceKlass java/util/concurrent/locks/AbstractQueuedSynchronizer 1 1 375 10 7 12 1 1 1 9 7 12 1 1 1 9 12 1 1 9 12 1 1 10 7 12 1 1 1 9 12 1 10 12 1 1 9 12 1 1 9 12 1 10 7 12 1 1 7 1 10 7 1 9 12 1 10 12 1 1 10 7 12 1 1 1 10 12 1 1 9 7 12 1 1 9 12 1 9 12 1 1 10 7 12 1 1 1 9 12 1 10 12 1 1 9 100 1 10 12 1 1 7 1 7 1 10 12 1 1 5 0 10 12 1 1 10 12 1 10 12 1 10 12 1 1 7 1 10 12 1 1 10 12 1 10 12 1 10 12 1 1 10 10 10 12 1 10 7 12 1 1 1 10 12 1 1 10 12 1 10 12 1 1 10 12 1 10 12 1 10 12 1 3 100 1 10 100 1 10 10 12 1 10 12 1 100 1 10 10 12 1 7 1 10 10 12 1 1 7 1 10 10 7 12 1 1 1 10 12 1 1 8 1 10 12 1 1 10 12 1 8 1 10 12 1 8 1 8 1 8 1 10 10 100 12 1 1 1 10 12 1 1 100 1 8 1 10 12 1 10 12 1 10 12 1 10 12 1 1 10 12 1 1 8 10 12 1 1 8 8 7 1 1 1 5 0 1 3 1 1 3 1 1 1 1 1 1 1 1 1 1 1 1 1 1 1 1 1 1 1 1 1 1 1 1 1 1 1 1 1 1 1 1 1 1 1 1 1 1 1 1 1 1 1 1 1 1 1 1 1 1 1 1 1 1 1 1 1 1 1 1 1 1 1 1 1 1 1 1 1 1 1 1 1 1 1 1 1 1 7 1 1 1 1 1 1 1 1 1 1 1 1 1 1 1 1
staticfield java/util/concurrent/locks/AbstractQueuedSynchronizer U Ljdk/internal/misc/Unsafe; jdk/internal/misc/Unsafe
staticfield java/util/concurrent/locks/AbstractQueuedSynchronizer STATE J 16
staticfield java/util/concurrent/locks/AbstractQueuedSynchronizer HEAD J 20
staticfield java/util/concurrent/locks/AbstractQueuedSynchronizer TAIL J 24
ciMethod java/util/concurrent/locks/AbstractQueuedSynchronizer tryAcquire (I)Z 0 0 1 0 -1
ciMethod java/util/concurrent/locks/AbstractQueuedSynchronizer tryRelease (I)Z 0 0 1 0 -1
ciMethod java/util/concurrent/locks/AbstractQueuedSynchronizer <init> ()V 526 0 35797 0 0
ciMethod java/util/concurrent/locks/AbstractQueuedSynchronizer getState ()I 1180 0 590 0 0
ciMethod java/util/concurrent/locks/AbstractQueuedSynchronizer compareAndSetState (II)Z 1024 0 6849 0 104
ciMethod java/util/concurrent/locks/AbstractQueuedSynchronizer setState (I)V 1268 0 634 0 0
ciMethod java/util/concurrent/locks/AbstractQueuedSynchronizer release (I)Z 1024 0 338675 0 400
ciMethod java/util/concurrent/locks/AbstractQueuedSynchronizer acquire (Ljava/util/concurrent/locks/AbstractQueuedSynchronizer$Node;IZZZJ)I 768 0 15745 0 -1
ciMethod java/util/concurrent/locks/AbstractQueuedSynchronizer acquire (I)V 0 0 5120 0 448
ciMethod java/util/concurrent/locks/AbstractQueuedSynchronizer signalNext (Ljava/util/concurrent/locks/AbstractQueuedSynchronizer$Node;)V 1024 0 12336 0 168
instanceKlass java/util/concurrent/locks/ReentrantLock$NonfairSync
ciInstanceKlass java/util/concurrent/locks/ReentrantLock$Sync 1 1 127 10 7 12 1 1 1 10 7 12 1 1 1 10 7 12 1 1 1 10 12 1 1 10 12 1 1 10 12 1 7 1 8 1 10 12 1 10 12 1 1 10 12 1 1 10 12 1 10 12 1 7 1 10 10 12 1 10 12 1 1 7 1 10 7 1 10 12 1 10 12 1 10 100 12 1 1 1 1 1 5 0 1 1 1 1 1 1 1 1 1 1 1 1 1 1 1 1 1 1 1 1 1 1 1 1 1 1 1 1 1 1 1 1 1 100 1 7 1 1 1 1 100 1 1 1 1
ciMethod java/util/concurrent/locks/ReentrantLock$Sync tryRelease (I)Z 1024 0 12154 0 232
ciMethod java/util/concurrent/locks/ReentrantLock$Sync initialTryLock ()Z 0 0 1 0 -1
ciMethod java/util/concurrent/locks/ReentrantLock$Sync <init> ()V 518 0 35782 0 0
ciMethod java/util/concurrent/locks/ReentrantLock$Sync lock ()V 1024 0 314672 0 408
ciMethod java/util/concurrent/locks/ReentrantLock$NonfairSync initialTryLock ()Z 1024 0 14090 0 392
ciMethod java/util/concurrent/locks/ReentrantLock$NonfairSync <init> ()V 518 0 35782 0 0
ciInstanceKlass java/util/SortedMap 1 1 113 100 1 10 12 1 1 10 100 12 1 1 1 11 7 12 1 1 1 7 1 7 1 1 1 1 1 1 1 1 1 1 1 1 1 1 1 1 1 1 1 1 1 1 1 1 1 1 1 1 1 1 1 1 1 1 1 1 1 1 1 1 1 1 1 1 1 1 100 1 7 1 1 1 100 1 8 1 1 12 10 1 1 1 8 1 1 1 8 1 1 8 1 1 1 8 1 1 1 8 1 1 1 8 1 1 1 8 1 1 1 8 1
ciMethod java/util/SortedMap get (Ljava/lang/Object;)Ljava/lang/Object; 0 0 1 0 -1
ciInstanceKlass java/nio/charset/StandardCharsets 1 1 68 10 7 12 1 1 1 100 1 8 1 10 12 1 9 7 12 1 1 1 9 7 12 1 1 1 9 7 12 1 1 9 12 1 9 7 12 1 1 9 12 1 7 1 10 9 12 1 7 1 10 9 12 1 7 1 10 9 12 1 1 1 1 1 1 1 1 1
staticfield java/nio/charset/StandardCharsets US_ASCII Ljava/nio/charset/Charset; sun/nio/cs/US_ASCII
staticfield java/nio/charset/StandardCharsets ISO_8859_1 Ljava/nio/charset/Charset; sun/nio/cs/ISO_8859_1
staticfield java/nio/charset/StandardCharsets UTF_8 Ljava/nio/charset/Charset; sun/nio/cs/UTF_8
staticfield java/nio/charset/StandardCharsets UTF_16BE Ljava/nio/charset/Charset; sun/nio/cs/UTF_16BE
staticfield java/nio/charset/StandardCharsets UTF_16LE Ljava/nio/charset/Charset; sun/nio/cs/UTF_16LE
staticfield java/nio/charset/StandardCharsets UTF_16 Ljava/nio/charset/Charset; sun/nio/cs/UTF_16
instanceKlass java/io/FileCleanable
instanceKlass jdk/internal/ref/CleanerImpl$CleanerCleanable
instanceKlass jdk/internal/ref/CleanerImpl$PhantomCleanableRef
ciInstanceKlass jdk/internal/ref/PhantomCleanable 1 1 98 10 7 12 1 1 1 10 7 12 1 1 1 9 12 1 1 10 7 12 1 1 1 9 7 12 1 1 1 9 12 1 9 12 1 9 12 1 10 12 1 1 10 7 12 1 1 1 10 12 1 1 10 12 1 10 12 1 100 1 8 1 10 12 1 8 1 7 1 1 1 1 1 1 1 1 1 1 1 1 1 1 1 1 1 7 1 7 1 1 1 1 1 1 1 100 1 1
ciMethod jdk/internal/ref/PhantomCleanable <init> (Ljava/lang/Object;Ljava/lang/ref/Cleaner;)V 1024 0 5632 0 2560
ciMethod jdk/internal/ref/PhantomCleanable insert ()V 1024 0 5632 0 -1
instanceKlass java/util/concurrent/locks/AbstractQueuedSynchronizer$ConditionNode
instanceKlass java/util/concurrent/locks/AbstractQueuedSynchronizer$ExclusiveNode
ciInstanceKlass java/util/concurrent/locks/AbstractQueuedSynchronizer$Node 1 1 84 10 7 12 1 1 1 9 7 12 1 1 1 9 7 12 1 1 1 10 7 12 1 1 1 9 12 1 9 12 1 10 12 1 1 10 12 1 1 10 12 1 1 10 12 1 8 1 10 12 1 1 8 1 8 1 1 1 1 1 1 1 1 1 1 1 1 1 1 1 1 1 1 1 1 1 1 1 1 1 1 1 1 1
staticfield java/util/concurrent/locks/AbstractQueuedSynchronizer$Node STATUS J 12
staticfield java/util/concurrent/locks/AbstractQueuedSynchronizer$Node NEXT J 20
staticfield java/util/concurrent/locks/AbstractQueuedSynchronizer$Node PREV J 16
ciMethod java/util/concurrent/locks/AbstractQueuedSynchronizer$Node getAndUnsetStatus (I)I 0 0 10240 0 160
ciInstanceKlass sun/nio/cs/StreamEncoder 1 1 374 9 7 12 1 1 1 100 1 8 1 10 12 1 1 10 7 12 1 1 1 10 12 1 100 1 100 1 100 1 10 10 12 1 10 12 1 10 12 1 1 10 12 1 1 9 12 1 1 7 1 10 12 1 10 12 1 10 12 1 10 12 1 10 12 1 1 10 12 1 10 12 1 100 1 10 12 10 12 1 10 7 12 1 1 1 10 7 12 1 1 1 10 12 1 10 12 1 10 12 10 12 1 10 12 1 10 12 1 10 12 1 10 12 1 1 9 7 12 1 1 1 10 7 12 1 1 1 10 12 1 10 7 12 1 1 9 12 1 9 12 1 1 9 12 1 1 9 12 1 1 10 12 1 1 9 12 1 1 9 12 1 1 10 7 12 1 1 1 9 12 1 1 9 12 1 1 10 10 12 1 1 10 12 1 10 9 12 1 100 1 10 11 100 12 1 1 10 12 1 10 12 1 1 10 12 1 10 7 12 1 1 10 12 1 10 12 10 12 1 9 12 1 1 10 12 1 1 10 12 1 10 12 1 1 10 12 10 12 1 1 10 7 12 1 1 10 12 1 10 12 1 10 12 1 10 12 1 1 10 12 1 1 10 12 1 10 12 1 10 12 1 10 12 1 1 10 7 12 1 1 1 10 12 1 1 10 12 1 10 12 1 10 12 1 7 1 10 12 1 1 11 10 12 1 7 1 11 12 1 10 12 1 10 7 12 1 1 1 1 3 1 3 1 1 1 1 1 1 1 1 1 1 1 1 1 100 1 1 1 1 1 1 1 1 1 1 1 7 1 1 1 1 1 1 100 1 1 1 1 1 1 1 1 1 1 1 1 1 1 1 1 1 1
staticfield sun/nio/cs/StreamEncoder $assertionsDisabled Z 1
ciMethod sun/nio/cs/StreamEncoder <init> (Ljava/io/OutputStream;Ljava/lang/Object;Ljava/nio/charset/CharsetEncoder;)V 512 0 4701 0 0
ciMethod sun/nio/cs/StreamEncoder <init> (Ljava/io/OutputStream;Ljava/lang/Object;Ljava/nio/charset/Charset;)V 512 0 4701 0 0
ciMethod sun/nio/cs/StreamEncoder forOutputStreamWriter (Ljava/io/OutputStream;Ljava/lang/Object;Ljava/nio/charset/Charset;)Lsun/nio/cs/StreamEncoder; 512 0 4701 0 0
ciInstanceKlass java/nio/ByteOrder 1 1 50 10 7 12 1 1 1 9 7 12 1 1 1 9 12 1 1 8 1 10 12 1 9 12 8 1 9 12 10 7 12 1 1 1 10 12 1 1 1 1 1 1 1 1 1 1 1 1 1 1
staticfield java/nio/ByteOrder BIG_ENDIAN Ljava/nio/ByteOrder; java/nio/ByteOrder
staticfield java/nio/ByteOrder LITTLE_ENDIAN Ljava/nio/ByteOrder; java/nio/ByteOrder
staticfield java/nio/ByteOrder NATIVE_ORDER Ljava/nio/ByteOrder; java/nio/ByteOrder
ciMethod java/nio/ByteOrder nativeOrder ()Ljava/nio/ByteOrder; 560 0 10602 0 0
ciInstanceKlass java/nio/HeapByteBuffer 1 1 360 10 7 12 1 1 1 9 7 12 1 1 1 9 12 1 9 12 1 10 12 1 1 10 12 1 9 12 1 1 9 12 1 1 9 12 1 1 10 12 1 10 7 12 1 1 1 10 12 1 10 12 1 100 1 10 10 12 1 10 12 1 1 10 12 1 10 12 1 1 100 1 10 12 10 7 12 1 1 1 10 12 1 10 12 1 100 1 10 10 12 1 1 10 12 1 9 12 1 1 100 1 10 10 12 10 12 1 9 12 1 1 10 12 1 1 10 12 10 12 1 1 9 12 1 10 7 12 1 1 1 10 12 1 10 12 10 12 1 1 7 1 10 12 1 7 1 10 10 12 1 1 10 12 1 1 7 1 10 100 1 10 10 12 1 1 10 12 1 1 7 1 10 100 1 10 10 12 1 1 10 12 1 1 100 1 10 100 1 10 10 100 12 1 1 1 10 12 1 1 100 1 10 100 1 10 10 100 12 1 1 1 10 12 1 1 100 1 10 100 1 10 10 12 1 1 10 12 1 1 10 12 10 7 12 1 1 1 9 12 1 1 7 10 7 12 1 1 1 10 12 1 1 1 1 1 1 1 1 1 1 1 1 1 1 1 1 1 1 1 1 1 1 1 1 1 1 1 1 1 1 1 1 1 1 1 1 1 1 1 1 1 1 1 1 1 1 1 1 1 1 1 100 1 1 1 1 1 1 1 1 1 1 100 1 1 1 1 1 100 1 1 1 1 1 1 1 1 1 100 1 1 1 1 1 1 1 1 1 1 100 1 1 1 1 1 1 1 1 1 1 100 1 1 1 1 1 1 1 1
staticfield java/nio/HeapByteBuffer ARRAY_BASE_OFFSET J 16
staticfield java/nio/HeapByteBuffer ARRAY_INDEX_SCALE J 1
staticfield java/nio/HeapByteBuffer $assertionsDisabled Z 1
ciMethod java/nio/HeapByteBuffer <init> (IILjava/lang/foreign/MemorySegment;)V 1024 0 5635 0 0
ciInstanceKlass java/util/NavigableMap 1 1 129 11 7 12 1 1 1 11 12 1 7 1 7 1 1 1 1 1 1 1 1 1 1 1 1 1 1 1 1 1 1 1 1 1 1 1 1 1 1 1 1 1 1 1 1 1 1 1 1 1 1 1 1 1 1 1 1 1 1 1 1 1 100 1 7 1 1 1 100 1 8 1 1 12 10 1 1 1 8 1 1 1 8 1 1 8 1 1 1 8 1 1 1 8 1 1 8 1 1 1 8 1 1 1 8 1 1 8 1 1 1 8 1 1 1 8 1 1 1 8 1 1 1 8 1 1 1 8 1
ciInstanceKlass java/util/TreeMap 1 1 692 10 7 12 1 1 1 9 7 12 1 1 1 9 12 1 9 12 1 1 10 12 1 1 11 7 12 1 1 11 12 1 11 12 1 1 11 7 12 1 1 1 10 12 1 1 7 1 7 1 10 12 1 1 10 12 1 1 9 7 12 1 1 1 10 12 1 1 10 12 1 1 10 12 1 1 10 12 1 100 1 10 11 7 1 10 7 12 1 1 11 10 10 12 1 10 12 1 1 7 1 9 12 1 1 9 12 11 12 1 1 9 12 1 9 12 1 11 7 12 1 1 1 10 9 12 1 10 12 1 1 10 12 1 1 10 12 1 1 10 12 1 1 10 12 1 1 10 12 1 1 10 12 1 11 100 12 1 1 100 1 10 11 100 12 1 1 10 12 1 10 12 1 1 10 12 1 10 12 1 1 100 1 100 1 10 12 1 9 12 1 9 12 1 1 9 12 1 1 10 10 12 1 1 10 12 1 10 12 1 10 12 1 10 12 1 10 12 1 10 12 1 7 1 10 12 1 10 12 1 11 100 1 9 12 1 1 7 1 10 12 1 7 1 10 100 1 10 12 1 100 1 10 10 12 1 1 10 12 1 1 10 12 1 11 100 12 1 1 7 1 10 12 1 100 1 10 10 7 12 1 1 100 1 10 12 1 100 1 10 9 12 1 1 10 12 1 10 12 1 10 12 1 10 12 1 1 10 12 1 1 10 12 1 10 12 1 10 12 1 10 7 12 1 1 10 12 1 1 11 7 12 1 1 1 11 12 1 7 1 11 12 1 10 12 1 1 11 12 1 10 100 12 1 1 10 12 1 11 100 1 11 10 12 1 1 10 12 1 10 12 1 10 100 12 1 1 10 12 1 1 9 12 1 1 10 12 1 100 1 10 100 1 10 12 1 100 1 10 10 9 12 1 100 1 100 1 1 1 1 1 1 1 1 1 3 1 3 1 1 5 0 1 1 1 1 1 1 1 1 1 1 1 1 1 1 1 100 1 1 1 1 1 1 1 1 1 1 1 1 1 1 1 1 1 1 1 1 1 1 1 1 1 1 1 1 1 1 1 1 1 1 1 1 1 1 1 1 1 1 1 1 1 1 1 1 1 1 1 1 1 1 1 1 1 1 1 1 1 1 1 1 1 1 1 1 1 1 1 1 1 1 1 1 1 1 1 1 1 1 1 1 100 1 1 1 1 1 1 100 1 1 1 1 1 1 1 1 1 1 1 1 1 1 1 1 1 1 1 1 1 1 1 1 1 1 1 1 1 1 1 1 1 1 1 1 1 1 1 1 1 1 1 1 1 1 1 1 1 1 1 1 1 1 1 1 1 1 1 1 1 1 1 1 1 1 1 1 1 1 1 1 1 1 1 1 1 1 1 1 1 1 1 1 1 1 1 1 1 1 1 1 1 1 1 1 1 1 1 1 1 1 1 1 100 1 100 1 100 1 100 1 100 1 100 1 100 1 100 1 100 1 100 1 100 1 100 1 100 1 100 1 100 1 1 1 1 1 1 1 1 1 1 1 1 1 1 1 1 1 1 1 1 1 1 1 1 1 1 1 1 1
staticfield java/util/TreeMap UNBOUNDED Ljava/lang/Object; java/lang/Object
ciMethod java/util/TreeMap get (Ljava/lang/Object;)Ljava/lang/Object; 512 0 17283 0 120
ciMethod java/util/TreeMap getEntry (Ljava/lang/Object;)Ljava/util/TreeMap$Entry; 4154 3442 7457 0 3008
ciMethod java/util/TreeMap getEntryUsingComparator (Ljava/lang/Object;)Ljava/util/TreeMap$Entry; 690 368 2779 0 -1
ciMethod java/io/OutputStream write ([B)V 0 0 514 0 -1
ciInstanceKlass jdk/internal/ref/CleanerImpl 1 1 145 9 7 12 1 1 1 7 1 8 10 12 1 1 11 7 12 1 1 1 10 7 12 1 1 7 1 10 9 12 1 1 7 1 10 9 12 1 1 10 12 1 1 100 1 8 1 10 12 1 7 1 10 12 1 10 100 12 1 1 1 11 7 12 1 1 1 10 7 12 1 1 1 10 12 1 10 12 1 1 7 1 10 7 12 1 1 1 10 12 1 5 0 10 12 1 1 7 1 11 12 1 7 1 7 1 1 1 1 1 1 1 1 1 1 1 1 1 1 1 1 1 1 1 1 1 1 1 1 1 1 1 1 1 1 1 1 1 1 1 1 1 100 1 1
ciMethod jdk/internal/ref/CleanerImpl getCleanerImpl (Ljava/lang/ref/Cleaner;)Ljdk/internal/ref/CleanerImpl; 514 0 11265 0 -1
ciInstanceKlass jdk/internal/ref/CleanerImpl$PhantomCleanableRef 1 1 51 10 7 12 1 1 1 9 7 12 1 1 1 10 12 1 11 7 12 1 1 100 1 8 1 10 12 1 8 1 1 1 1 1 1 1 1 1 1 1 1 1 1 1 1 1 1 100 1 1 1
ciMethod jdk/internal/ref/CleanerImpl$PhantomCleanableRef <init> (Ljava/lang/Object;Ljava/lang/ref/Cleaner;Ljava/lang/Runnable;)V 512 0 5376 0 0
ciInstanceKlass sun/util/locale/BaseLocale 1 1 263 10 7 12 1 1 1 10 7 12 1 1 1 10 7 12 1 1 1 9 7 12 1 1 1 10 12 1 9 12 1 10 12 1 9 12 1 9 12 1 8 1 10 12 1 10 12 1 1 9 12 1 1 10 12 1 10 12 1 1 10 12 1 10 12 1 7 1 10 9 7 12 1 1 1 10 12 1 1 10 12 1 1 8 1 8 1 8 1 8 1 8 1 8 1 9 12 1 1 100 1 8 1 10 12 1 7 1 10 8 1 10 12 1 1 10 12 1 10 12 1 1 8 1 8 1 8 1 10 9 12 1 1 10 7 12 1 1 1 8 1 10 12 1 1 8 1 8 1 8 1 8 1 8 1 8 1 8 1 8 1 8 1 8 1 8 1 8 1 8 1 8 1 8 1 8 1 10 7 12 1 1 8 1 10 12 1 1 1 1 1 1 1 3 1 3 1 3 1 3 1 3 1 3 1 3 1 3 1 3 1 3 1 3 1 3 1 3 1 3 1 3 3 1 3 1 3 1 3 1 3 1 8 1 1 1 1 1 1 1 1 1 1 1 1 1 100 1 1 1 1 1 1 1 1 1 1 1 1 1 1 1 1
staticfield sun/util/locale/BaseLocale OLD_ISO_CODES Z 0
ciMethod sun/util/locale/BaseLocale getLanguage ()Ljava/lang/String; 262 0 131 0 0
ciInstanceKlass java/util/TreeMap$Entry 1 1 96 100 1 10 7 12 1 1 1 9 7 12 1 1 1 9 12 1 1 9 12 1 9 12 1 1 7 1 11 12 1 1 10 12 1 1 11 12 1 10 12 1 1 7 1 10 10 12 1 1 8 1 10 12 1 10 12 1 1 1 1 1 1 1 1 1 1 1 1 1 1 1 1 1 1 1 1 1 1 1 1 1 1 1 1 1 1 1 1 1 1 1 1 1 7 1
ciInstanceKlass java/util/zip/ZipUtils 1 1 331 7 1 7 1 100 1 10 7 12 1 1 1 5 0 5 0 9 7 12 1 1 1 10 7 12 1 1 1 10 12 1 1 9 12 1 5 0 5 0 5 0 5 0 5 0 5 0 10 100 12 1 1 1 10 100 12 1 1 1 10 12 1 1 10 100 12 1 1 1 10 12 1 1 10 12 1 1 100 1 10 12 1 1 100 1 10 12 1 10 12 1 1 10 12 1 10 12 1 1 10 12 1 10 12 1 10 12 1 10 12 1 10 12 1 5 0 10 12 1 1 10 12 1 1 5 0 100 1 5 0 10 100 12 1 1 1 10 12 1 1 10 12 1 1 10 12 1 1 10 12 1 10 12 1 10 12 1 10 12 1 8 1 10 7 12 1 1 1 9 12 1 1 9 12 1 1 10 7 12 1 1 1 100 1 9 12 1 10 12 1 1 10 7 12 1 1 1 9 12 1 1 10 7 12 1 1 1 9 12 1 1 10 12 1 1 8 1 10 12 1 1 8 1 1 1 1 5 0 1 5 0 1 1 3 1 3 1 5 0 1 3 1 1 1 1 1 1 1 1 1 1 1 1 1 1 1 1 1 1 1 1 1 1 1 1 1 1 1 1 1 1 1 1 1 1 1 1 1 1 1 1 1 1 1 1 1 1 1 1 1 1 1 1 1 1 1 1 1 1 1 1 1 1 1 1 1 1 1 1 1 1 1 1 1 1 1 1 1 1 1 1 1 1 1 1 1 1 1 1 1
staticfield java/util/zip/ZipUtils NIO_ACCESS Ljdk/internal/access/JavaNioAccess; java/nio/Buffer$2
staticfield java/util/zip/ZipUtils defaultBuf Ljava/nio/ByteBuffer; java/nio/HeapByteBuffer
staticfield java/util/zip/ZipUtils unsafe Ljdk/internal/misc/Unsafe; jdk/internal/misc/Unsafe
staticfield java/util/zip/ZipUtils byteBufferArrayOffset J 48
staticfield java/util/zip/ZipUtils byteBufferOffsetOffset J 40
ciMethod java/util/Collections emptyMap ()Ljava/util/Map; 402 0 2440 0 -1
ciMethod java/lang/RuntimeException <init> (Ljava/lang/Throwable;)V 0 0 1 0 -1
ciMethod java/lang/Iterable iterator ()Ljava/util/Iterator; 0 0 1 0 -1
ciMethod java/util/Arrays asList ([Ljava/lang/Object;)Ljava/util/List; 776 0 20483 0 -1
ciMethod java/util/Arrays copyOf ([BI)[B 314 0 6304 0 928
ciMethod java/lang/Math min (II)I 516 0 305392 0 -1
ciMethod java/net/URL getProtocol ()Ljava/lang/String; 260 0 130 0 -1
ciMethod java/lang/Thread isVirtual ()Z 92 0 48422 0 128
ciMethod java/lang/Thread currentThread ()Ljava/lang/Thread; 0 0 1 0 -1
ciMethod jdk/internal/misc/Unsafe getAndBitwiseAndInt (Ljava/lang/Object;JI)I 516 0 10240 0 -1
ciMethod jdk/internal/misc/Unsafe unpark (Ljava/lang/Object;)V 256 0 128 0 -1
ciMethod jdk/internal/misc/Unsafe compareAndSetInt (Ljava/lang/Object;JII)Z 256 0 128 0 -1
ciMethod java/io/FileOutputStream writeBytes ([BIIZ)V 256 0 128 0 -1
ciMethod java/util/Map$Entry getKey ()Ljava/lang/Object; 0 0 1 0 -1
ciMethod java/util/Map$Entry getValue ()Ljava/lang/Object; 0 0 1 0 -1
ciMethod java/util/Iterator next ()Ljava/lang/Object; 0 0 1 0 -1
ciMethod java/util/Iterator hasNext ()Z 0 0 1 0 -1
ciMethod java/util/Set iterator ()Ljava/util/Iterator; 0 0 1 0 -1
ciMethod java/lang/Error <init> (Ljava/lang/String;)V 8 0 71 0 -1
ciMethod jdk/internal/misc/VM isBooted ()Z 518 0 12190 0 0
ciMethod java/nio/charset/Charset newEncoder ()Ljava/nio/charset/CharsetEncoder; 0 0 1 0 -1
ciMethod java/nio/charset/Charset forName (Ljava/lang/String;)Ljava/nio/charset/Charset; 1024 0 30672 0 0
ciMethod java/nio/charset/Charset lookup (Ljava/lang/String;)Ljava/nio/charset/Charset; 806 0 8086 0 6712
ciMethod java/nio/charset/Charset lookup2 (Ljava/lang/String;)Ljava/nio/charset/Charset; 384 0 2746 0 -1
ciMethod java/io/BufferedOutputStream growIfNeeded (I)V 658 0 5452 0 160
ciMethod java/io/BufferedOutputStream initialBufferSize ()I 2 0 2925 0 0
ciMethod java/io/BufferedOutputStream flushBuffer ()V 64 0 11297 0 144
ciMethod java/io/BufferedOutputStream implWrite ([BII)V 622 0 11578 0 632
ciMethod java/io/BufferedOutputStream <init> (Ljava/io/OutputStream;II)V 6 0 2927 0 0
ciMethod java/io/BufferedOutputStream <init> (Ljava/io/OutputStream;)V 2 0 2925 0 0
ciMethod java/lang/String equalsIgnoreCase (Ljava/lang/String;)Z 252 0 5253 0 -1
ciMethod java/lang/String toLowerCase (Ljava/util/Locale;)Ljava/lang/String; 1024 0 92479 0 1832
ciMethod java/lang/String isLatin1 ()Z 858 0 1426387 0 88
ciMethod java/lang/String <init> ([BB)V 768 0 47144 0 296
ciMethod java/io/FilterOutputStream flush ()V 512 0 5681 0 -1
ciMethod java/io/FilterOutputStream <init> (Ljava/io/OutputStream;)V 512 0 19559 0 0
ciMethod java/io/FilterOutputStream write ([BII)V 0 0 1 0 -1
ciMethod java/io/OutputStream close ()V 762 0 380 0 -1
ciMethod java/io/OutputStream <init> ()V 520 0 36653 0 80
ciMethod java/io/OutputStream write ([BII)V 0 0 1 0 -1
ciMethod java/io/OutputStream write (I)V 0 0 1 0 -1
ciMethod java/lang/Class getComponentType ()Ljava/lang/Class; 170 0 17836 0 -1
ciMethod java/util/Map entrySet ()Ljava/util/Set; 0 0 1 0 -1
ciMethod java/lang/Comparable compareTo (Ljava/lang/Object;)I 0 0 1 0 -1
ciMethod java/lang/Object getClass ()Ljava/lang/Class; 256 0 128 0 -1
ciMethod java/lang/Object <init> ()V 1024 0 2924264 0 136
instanceKlass com/google/api/client/json/gson/GsonFactory
ciInstanceKlass com/google/api/client/json/JsonFactory 1 1 128 10 100 10 10 10 10 8 10 7 10 9 10 10 10 10 10 10 10 10 10 10 7 7 1 1 1 1 1 1 1 1 1 1 100 1 1 1 1 1 1 1 1 1 1 1 1 1 1 1 1 1 1 1 1 1 1 1 1 1 100 100 1 1 1 1 1 1 1 1 1 1 1 1 1 1 1 1 1 1 1 1 1 1 1 1 1 1 12 1 12 12 12 12 1 12 1 7 12 12 7 12 12 12 12 100 12 12 12 12 12 1 1 1 1 1 1 1 1 1 1 1 1 1 1 1 1 1
ciInstanceKlass com/google/api/client/json/gson/GsonFactory 1 1 95 10 9 7 9 10 10 10 100 10 7 7 10 10 7 10 10 7 7 10 10 7 7 7 1 1 1 1 1 1 1 1 1 1 1 1 1 1 1 1 1 1 1 1 1 1 1 1 1 1 1 1 1 1 1 1 1 1 1 1 1 12 12 1 7 12 12 12 12 1 12 1 1 12 12 1 12 12 1 1 12 12 1 1 1 1 1 1 1 1 1 1 1 1 1
ciInstanceKlass java/util/concurrent/locks/ReentrantReadWriteLock$FairSync 1 1 33 10 7 12 1 1 1 10 7 12 1 1 1 1 1 1 5 0 1 1 1 1 1 1 1 1 1 1 100 1 1 1 1
ciInstanceKlass sun/nio/cs/UTF_8$Encoder 1 1 177 4 4 10 7 12 1 1 1 10 7 12 1 1 1 10 12 1 1 10 7 12 1 1 1 9 7 12 1 1 1 10 7 12 1 1 1 10 12 1 1 10 12 1 1 10 12 10 12 1 10 7 12 1 1 10 10 10 9 12 1 1 10 7 12 1 1 1 11 7 12 1 1 1 10 7 12 1 1 1 9 12 1 10 12 1 1 9 12 1 1 7 1 10 12 1 10 12 1 1 10 12 1 1 10 12 1 1 10 12 1 1 10 10 12 1 10 12 1 1 10 12 1 10 12 1 10 12 1 10 10 12 1 1 10 12 1 1 1 1 1 1 1 1 1 1 1 1 1 1 1 1 1 1 1 1 1 1 1 1 1 1 1 1 1 100 100 1 1 1 1 1 1 1 100 1 1
ciInstanceKlass java/net/SocketPermission 1 1 607 7 1 9 12 1 1 8 1 10 100 12 1 1 1 9 12 1 1 10 12 1 1 10 7 12 1 1 1 9 12 1 10 12 1 1 10 12 1 1 10 12 1 1 10 7 12 1 1 1 8 1 10 12 1 1 10 12 1 1 10 12 1 100 1 8 1 10 12 1 10 12 1 1 100 1 10 12 1 8 1 10 12 1 1 10 12 1 1 8 1 10 12 1 10 12 1 8 1 10 12 1 1 100 1 8 1 10 8 1 10 12 1 1 3 10 7 12 1 1 8 1 9 12 1 1 8 1 9 12 1 1 8 1 10 12 1 10 12 1 1 100 1 8 1 9 12 1 1 8 1 10 12 1 1 9 12 1 8 1 9 12 1 8 1 9 100 12 1 1 1 10 12 1 1 10 7 12 1 1 1 10 12 1 1 10 12 1 100 1 10 12 1 1 9 12 1 1 9 12 1 100 1 9 12 1 100 1 8 1 10 8 1 100 1 8 1 8 1 8 1 8 1 8 1 10 12 1 1 8 1 9 12 1 9 12 1 9 12 1 10 100 12 1 1 10 12 1 10 12 1 1 10 12 1 1 10 12 1 1 10 12 1 1 8 1 10 12 1 8 1 10 12 1 8 1 8 1 10 12 1 10 12 1 10 12 1 1 10 12 1 10 12 1 1 8 1 8 1 10 100 12 1 1 10 12 1 10 12 1 9 12 1 11 100 12 1 1 1 18 12 1 1 10 100 12 1 1 1 10 12 1 1 9 12 1 10 12 1 10 12 1 8 1 10 12 1 8 1 8 1 10 12 1 10 12 1 1 10 8 1 8 1 8 1 10 12 1 10 12 1 8 1 100 1 10 10 12 1 1 10 12 1 10 12 1 1 10 12 1 10 12 1 10 12 1 10 12 1 10 12 1 1 10 12 1 100 1 8 1 10 12 1 10 12 1 1 10 9 12 1 10 12 1 7 1 10 10 12 10 100 12 1 1 10 100 12 1 1 100 1 10 10 7 12 1 1 1 10 12 1 9 100 12 1 1 9 12 1 7 1 8 1 10 7 1 10 12 1 100 1 1 1 1 5 0 1 3 1 3 1 3 1 3 1 3 1 3 1 1 1 3 1 3 1 1 1 1 1 1 1 1 1 1 1 1 1 1 1 1 1 1 1 1 1 1 1 1 1 1 1 1 1 1 1 1 100 1 1 1 1 1 1 100 1 1 1 1 1 1 1 1 1 1 1 1 1 1 1 1 1 1 1 1 1 1 1 1 1 1 1 1 1 100 1 1 1 1 100 1 1 1 1 1 1 1 1 1 1 1 1 1 1 1 1 1 1 16 15 11 12 16 1 15 10 100 12 1 1 1 1 1 100 1 100 1 1
instanceKlass java/io/InterruptedIOException
instanceKlass java/net/MalformedURLException
instanceKlass com/google/common/io/BaseEncoding$DecodingException
instanceKlass com/google/auth/oauth2/GoogleAuthException
instanceKlass com/google/api/client/http/HttpResponseException
instanceKlass com/google/gson/stream/MalformedJsonException
instanceKlass java/io/EOFException
instanceKlass java/nio/file/FileSystemException
instanceKlass java/io/ObjectStreamException
instanceKlass java/nio/charset/CharacterCodingException
instanceKlass java/io/UnsupportedEncodingException
instanceKlass java/rmi/RemoteException
instanceKlass java/io/FileNotFoundException
ciInstanceKlass java/io/IOException 1 1 34 10 7 12 1 1 1 10 12 1 10 12 1 10 12 1 100 1 1 1 1 5 0 1 1 1 1 1 1 1 1 1 1 1
instanceKlass java/util/concurrent/CancellationException
instanceKlass java/awt/IllegalComponentStateException
instanceKlass sun/java2d/InvalidPipeException
ciInstanceKlass java/lang/IllegalStateException 1 1 35 10 100 12 1 1 1 10 12 1 10 12 1 10 12 1 100 1 1 1 1 5 0 1 1 1 1 1 1 1 1 1 1 1 1
ciInstanceKlass java/awt/EventDispatchThread 1 1 296 10 7 12 1 1 1 9 7 12 1 1 1 7 1 10 9 12 1 1 100 1 8 1 10 12 1 10 12 1 10 12 1 1 7 1 10 12 1 10 12 1 1 10 12 1 1 10 7 12 1 1 10 12 1 10 12 1 1 7 1 10 12 1 10 12 1 1 10 12 1 1 10 12 1 1 11 7 12 1 1 10 12 1 1 10 12 1 9 12 1 1 9 7 12 1 1 1 10 7 12 1 1 1 10 100 12 1 1 1 18 12 1 1 10 12 1 10 12 1 1 7 1 10 12 1 1 10 12 1 1 7 1 10 12 1 1 10 12 1 1 10 12 18 10 12 1 11 12 1 1 9 7 12 1 1 1 9 12 1 10 7 12 1 1 1 10 12 1 1 10 12 1 10 12 1 10 7 12 1 1 18 10 12 1 1 100 1 100 1 10 12 1 1 9 12 1 18 10 12 1 10 12 1 1 11 100 12 1 1 1 9 12 1 1 8 1 10 12 1 1 1 1 1 3 1 1 1 1 1 1 1 1 1 1 1 1 1 1 1 1 1 1 1 1 1 1 1 1 1 1 1 1 1 1 100 1 1 1 1 1 1 1 1 1 1 1 1 1 1 1 1 8 1 8 1 8 1 8 1 15 10 100 12 1 1 1 1 1 1 1 100 1 100 1 1
staticfield java/awt/EventDispatchThread eventLog Lsun/util/logging/PlatformLogger; sun/util/logging/PlatformLogger
instanceKlass java/net/HttpURLConnection
instanceKlass sun/net/www/URLConnection
instanceKlass java/net/JarURLConnection
ciInstanceKlass java/net/URLConnection 1 1 659 9 7 12 1 1 1 100 1 10 12 1 1 10 100 12 1 1 1 10 100 12 1 1 100 1 8 1 10 12 1 9 12 1 1 9 12 1 10 7 1 9 12 1 1 9 12 1 9 12 1 9 12 1 9 12 1 1 9 12 1 9 12 1 1 9 12 1 9 12 1 10 7 12 1 1 1 10 12 1 1 10 12 1 1 100 1 5 0 8 1 5 0 10 12 1 1 8 1 10 12 1 1 8 1 8 1 10 12 1 8 1 8 1 10 100 12 1 1 1 10 12 1 1 100 1 10 100 12 1 1 1 10 100 12 1 1 100 1 10 12 1 1 10 12 1 1 10 100 12 1 1 1 10 12 1 9 100 12 1 1 1 100 1 8 1 10 8 1 100 1 10 10 12 1 1 10 7 12 1 1 10 12 1 1 8 1 10 12 1 10 12 1 10 12 1 10 12 1 9 12 1 1 10 100 12 1 1 1 10 7 12 1 1 1 10 12 1 1 10 12 1 1 100 1 8 1 10 9 12 1 1 100 1 10 10 12 1 1 10 12 1 10 12 1 10 12 1 1 9 12 1 1 100 1 8 1 10 10 12 1 10 12 1 8 1 9 12 1 1 10 7 1 11 100 12 1 1 1 10 12 1 10 12 1 10 100 12 1 1 10 12 1 10 12 1 9 100 12 1 1 1 9 12 1 100 1 10 10 100 12 1 1 1 10 12 1 1 10 12 1 10 12 1 100 1 8 1 10 12 10 12 1 10 12 1 10 12 1 8 1 10 12 1 1 100 1 10 100 12 1 1 1 10 12 1 10 12 1 1 100 1 10 12 1 10 100 12 1 1 1 9 100 12 1 1 1 10 12 1 1 10 12 1 1 10 12 1 1 10 12 1 8 1 8 1 10 100 12 1 1 1 8 1 10 12 1 1 11 100 12 1 1 10 100 12 1 1 10 12 1 1 10 12 1 10 12 1 8 1 8 1 8 1 8 1 8 1 8 1 8 1 8 1 8 1 8 1 10 12 1 1 8 1 8 1 8 1 5 0 10 12 1 1 10 12 1 1 5 0 5 0 5 0 5 0 5 0 10 12 1 10 12 1 1 100 1 8 1 10 10 12 1 10 10 1 1 1 1 1 1 1 1 1 1 1 1 1 1 1 1 1 1 100 1 1 1 1 1 1 1 1 1 1 1 1 1 1 1 1 1 1 1 1 1 1 1 1 1 1 1 1 1 1 1 1 1 1 1 1 1 1 1 1 1 1 1 1 1 1 1 1 1 1 1 1 1 1 1 1 1 1 1 1 1 1 1 1 1 1 1 1 1 1 1 1 1 1 1 1 1 1 1 1 1 1 1 1 1 1 1 1 1 1 1 1 1 1 1 1 1 1 1 1 1 1 1 1 100 1 1 1 1 1 1 1 1 1 1 1 1 1 1 1 1 1 1 1 1 1 1 1 1 1 1 1 1 1 1 100 1 1 100 1 1 1 1 1 1
staticfield java/net/URLConnection defaultCaching Ljava/util/concurrent/ConcurrentHashMap; java/util/concurrent/ConcurrentHashMap
staticfield java/net/URLConnection handlers Ljava/util/Hashtable; java/util/Hashtable
staticfield java/net/URLConnection $assertionsDisabled Z 1
ciInstanceKlass sun/net/www/MessageHeader 1 1 377 10 7 12 1 1 1 10 7 12 1 1 9 12 1 1 10 12 1 10 12 1 1 100 1 8 1 10 12 1 9 12 1 9 12 1 1 10 12 1 1 10 12 1 1 9 12 1 10 7 12 1 1 1 10 12 1 1 10 12 1 1 8 1 8 1 8 1 100 1 10 12 1 10 12 1 1 10 12 1 1 7 1 10 11 7 12 1 1 1 7 1 7 1 10 11 12 1 1 11 12 1 11 12 1 1 11 7 12 1 1 1 11 7 12 1 1 1 11 12 1 1 100 1 11 12 1 11 12 1 100 1 11 12 1 1 11 12 1 10 7 12 1 1 1 10 12 1 1 10 12 1 10 12 1 1 10 12 1 1 8 1 10 7 12 1 10 12 1 1 7 1 10 12 1 10 8 1 10 12 1 1 10 10 12 1 8 1 8 1 10 7 12 1 1 10 12 10 12 1 10 12 1 10 7 12 1 1 1 10 12 1 1 8 1 9 12 1 1 10 12 1 10 12 1 1 5 0 10 100 12 1 1 1 100 1 8 1 10 100 12 1 1 1 10 100 12 1 1 10 12 1 1 10 10 7 12 1 1 10 12 1 5 0 10 12 1 1 10 10 8 1 10 12 1 8 1 8 1 8 1 1 1 1 1 1 1 1 1 100 1 1 1 1 1 1 1 1 1 1 1 1 1 1 1 1 1 1 1 1 1 1 1 1 1 1 1 1 1 1 1 1 1 1 1 1 1 1 1 1 1 1 1 1 1 1 1 1 1 1 1 100 1 1 1 1 1 1 1 1 1 1 1 1 1 1 1 1 1 1 1 1 1 1 1 1 1 1 1 100 1 1 1 1 1 1 1
ciInstanceKlass java/nio/channels/WritableByteChannel 1 0 14 100 1 100 1 100 1 1 1 1 100 1 1 1
ciInstanceKlass java/nio/ByteBufferAsIntBufferB 1 1 185 10 7 12 1 1 1 10 7 12 1 1 1 9 7 12 1 1 1 10 12 1 10 12 1 1 10 12 1 9 12 1 1 100 1 10 12 1 9 12 1 1 9 9 12 1 1 10 12 10 12 1 1 9 12 1 1 10 12 1 10 100 12 1 1 1 10 12 1 100 1 10 9 12 1 1 10 12 1 1 10 12 1 10 7 12 1 1 1 10 12 1 1 10 12 1 10 12 1 1 10 12 1 1 10 12 1 10 12 1 10 12 10 12 1 10 12 1 10 12 10 12 1 10 12 1 1 9 100 12 1 1 1 10 12 1 10 12 1 10 12 10 7 12 1 1 1 1 1 1 1 1 1 1 1 1 100 1 1 1 1 1 1 1 1 1 1 1 1 1 1 1 1 1 1 1 1 1 1 1 1 1 1 1 1
staticfield java/nio/ByteBufferAsIntBufferB $assertionsDisabled Z 1
ciInstanceKlass java/security/PrivilegedActionException 1 1 134 10 7 12 1 1 1 10 12 1 1 10 100 12 1 1 1 10 100 12 1 1 1 100 1 10 12 1 10 12 1 1 8 1 10 100 12 1 1 10 10 100 12 1 1 1 8 1 10 100 12 1 1 1 10 100 12 1 1 1 11 100 12 1 1 1 10 100 12 1 1 1 10 100 12 1 1 1 10 12 1 7 1 10 12 1 9 7 12 1 1 1 1 1 1 5 0 1 1 1 1 1 1 1 1 1 1 1 1 1 1 100 1 1 1 1 1 1 1 100 1 100 1 1 1 1 1 1 1 1 1 1 1 1
staticfield java/security/PrivilegedActionException serialPersistentFields [Ljava/io/ObjectStreamField; 1 [Ljava/io/ObjectStreamField;
ciInstanceKlass java/lang/AssertionError 0 0 79 10 100 12 1 1 1 10 12 1 10 100 12 1 1 1 10 100 1 100 1 10 12 1 1 10 12 1 10 12 1 10 12 1 10 12 1 10 12 1 10 12 1 10 12 1 1 1 1 5 0 1 1 1 1 1 1 1 1 1 1 100 1 1 1 1 1 1 1 1 1 1 1 1 1 1 1 1 1
instanceKlass com/google/gson/internal/bind/JsonTreeWriter
ciInstanceKlass com/google/gson/stream/JsonWriter 1 1 385 100 10 9 9 10 8 9 9 8 10 7 9 10 9 8 9 9 10 10 10 10 10 10 100 8 10 9 100 10 8 10 10 10 10 8 8 10 10 10 10 10 8 10 8 8 10 10 10 100 8 10 10 10 10 10 10 10 10 7 7 100 100 100 100 100 100 100 100 10 8 10 8 8 10 10 9 10 10 8 10 8 10 10 100 8 10 9 9 10 8 8 10 10 8 10 8 10 7 8 7 10 10 8 8 8 8 8 8 8 10 7 8 8 8 8 8 7 100 100 1 1 1 1 1 1 1 1 1 1 1 1 1 1 1 1 1 1 1 1 1 1 1 1 1 1 1 1 1 1 1 1 1 1 1 1 1 1 1 1 1 1 1 1 1 1 1 1 1 1 1 1 1 1 1 1 1 1 1 1 1 1 1 1 1 1 1 1 1 1 100 1 1 1 1 1 1 1 1 1 1 1 1 1 1 1 1 1 1 1 1 1 1 1 1 1 1 1 1 1 1 1 1 12 12 12 12 1 12 12 1 7 12 1 12 12 12 1 12 12 12 12 12 12 12 12 1 1 12 12 1 1 12 12 12 100 12 1 1 12 12 12 12 1 12 1 1 12 12 12 1 1 12 12 12 12 12 12 12 1 1 1 1 1 1 1 1 1 1 1 12 1 1 12 12 12 7 12 100 12 1 12 1 12 12 1 1 12 12 12 1 1 12 12 1 12 1 12 1 1 1 12 12 1 1 1 1 1 1 1 7 12 1 1 1 1 1 1 1 1 1 1 1 1 1 1 1 1 1 1 1 1 1 1 1 1 1 1 1 1 1 1 1 1 1 1 1 1 1 1 1 1 1 1 1 1 1 1 1 1 1 1 1 1 1
staticfield com/google/gson/stream/JsonWriter VALID_JSON_NUMBER_PATTERN Ljava/util/regex/Pattern; java/util/regex/Pattern
staticfield com/google/gson/stream/JsonWriter REPLACEMENT_CHARS [Ljava/lang/String; 128 [Ljava/lang/String;
staticfield com/google/gson/stream/JsonWriter HTML_SAFE_REPLACEMENT_CHARS [Ljava/lang/String; 128 [Ljava/lang/String;
instanceKlass sun/net/www/protocol/http/HttpURLConnection
instanceKlass javax/net/ssl/HttpsURLConnection
ciInstanceKlass java/net/HttpURLConnection 1 1 361 100 1 100 1 10 12 1 1 8 1 10 12 1 1 10 100 12 1 1 1 10 12 1 10 12 1 1 10 12 1 9 7 12 1 1 1 100 1 8 1 10 9 12 1 1 8 1 100 1 8 1 10 9 12 1 9 12 1 1 8 1 5 0 8 1 10 7 12 1 1 8 1 9 12 1 1 9 12 1 9 12 1 9 12 1 9 12 1 10 100 12 1 1 1 10 100 12 1 1 100 1 8 1 10 9 12 1 1 10 7 12 1 1 1 8 1 100 1 8 1 10 10 12 1 1 8 1 10 12 1 1 100 1 10 12 1 1 100 1 100 1 8 1 10 12 1 1 10 12 1 1 10 12 1 10 12 1 1 10 12 1 10 12 1 10 7 12 1 1 1 100 1 10 12 1 10 12 1 8 1 10 12 1 1 8 1 10 100 12 1 1 1 9 12 1 1 10 100 12 1 1 10 12 1 8 1 10 12 1 100 1 8 1 10 12 1 8 1 8 1 8 1 8 1 8 1 1 1 3 1 3 1 3 1 3 1 3 1 3 1 3 1 3 1 3 1 3 1 3 1 3 1 3 1 3 1 3 1 3 1 3 1 3 1 3 1 3 1 3 1 3 1 3 1 3 1 3 1 3 1 3 1 3 1 3 1 3 1 3 1 1 1 1 1 3 1 3 1 3 1 3 1 3 1 1 1 1 1 1 1 1 1 1 1 1 1 1 1 1 1 1 1 1 1 1 1 1 1 1 1 1 1 1 1 1 1 1 1 1 1 1 1 1 1 1 1 1 1 1 1 1 1 1 1 1 1 1 1 1 1
staticfield java/net/HttpURLConnection methods [Ljava/lang/String; 7 [Ljava/lang/String;
instanceKlass sun/net/www/protocol/https/HttpsURLConnectionImpl
ciInstanceKlass javax/net/ssl/HttpsURLConnection 1 1 131 10 7 12 1 1 1 9 7 12 1 1 1 9 12 1 10 12 1 1 9 12 1 1 10 12 1 1 100 1 10 12 1 1 10 12 1 100 1 8 1 10 12 1 10 7 12 1 1 1 100 1 8 1 10 10 100 12 1 1 1 8 1 8 1 10 12 1 1 9 12 1 10 7 12 1 1 1 8 1 10 100 12 1 1 1 7 1 10 12 1 1 1 1 1 1 1 1 1 1 100 1 1 1 1 1 1 1 100 1 1 1 1 1 1 1 1 1 1 1 1 1 1 1 1 1 1 1 1 1 1
ciInstanceKlass sun/net/www/protocol/https/HttpsURLConnectionImpl 1 1 345 10 7 12 1 1 1 10 7 12 1 1 1 10 7 12 1 1 1 100 1 8 1 10 12 1 10 7 12 1 1 1 10 12 1 1 10 7 12 1 1 7 1 9 12 1 1 10 12 1 9 12 1 1 10 12 1 1 10 12 1 1 10 12 1 10 12 1 1 10 12 1 1 10 12 1 1 10 12 1 10 12 1 1 10 12 1 10 12 1 1 10 12 1 10 12 1 1 10 12 1 1 10 12 1 10 12 1 10 12 1 10 12 1 1 10 12 1 1 10 12 1 10 12 1 10 12 1 1 10 12 1 10 12 1 1 10 12 1 10 12 1 10 12 1 10 12 1 10 12 1 10 12 1 10 12 1 10 12 1 1 10 12 1 1 10 12 1 1 10 12 1 10 12 1 1 10 12 1 10 12 1 10 12 1 10 12 1 10 12 1 10 12 1 1 10 12 1 10 12 1 1 10 12 1 10 12 1 10 12 1 10 12 1 10 12 1 10 12 1 10 12 1 10 12 1 10 12 1 10 12 1 10 12 1 1 10 12 1 10 12 1 10 12 1 10 100 12 1 1 1 10 12 1 10 12 1 1 10 12 1 10 12 1 10 12 1 10 12 1 10 12 10 12 1 10 12 1 1 10 12 1 1 10 100 12 1 1 1 1 1 1 1 1 1 1 1 1 1 100 1 1 1 1 1 1 1 1 1 1 1 1 100 1 1 1 1 1 1 1 1 1 100 1 1 1 1 1 1 1 1 1 1 1 1 1 1 1 1 1 1 1 1 1 1
ciInstanceKlass com/google/api/client/util/StreamingContent 1 0 15 100 100 1 1 1 100 1 1 1 1 1 1 1 1
ciInstanceKlass com/google/api/client/http/HttpContent 1 0 20 100 100 100 1 1 1 100 1 1 1 1 1 1 1 1 1 1 1 1
instanceKlass com/google/api/client/http/HttpHeaders$HeaderParsingFakeLevelHttpRequest
instanceKlass com/google/api/client/http/javanet/NetHttpRequest
ciInstanceKlass com/google/api/client/http/LowLevelHttpRequest 1 1 62 10 5 0 9 9 9 9 7 7 1 1 1 1 1 1 1 1 1 1 1 1 1 1 1 1 1 100 1 1 1 1 1 1 1 1 1 1 1 1 1 1 1 1 1 1 1 1 1 1 1 1 1 1 12 12 12 12 12 1 1 1
ciInstanceKlass com/google/api/client/http/javanet/NetHttpRequest 1 1 293 10 9 9 10 10 10 10 10 9 10 10 10 8 10 10 8 10 8 10 10 10 8 10 8 10 100 5 0 10 10 10 10 10 100 10 8 100 10 8 10 10 7 10 10 10 11 100 10 10 100 10 11 11 9 11 100 8 10 100 8 100 8 11 7 10 7 7 1 1 7 1 1 1 1 1 1 1 1 1 1 1 1 1 1 1 1 1 1 1 1 1 1 1 1 1 1 1 1 1 1 1 1 1 1 1 1 1 1 1 1 1 1 1 1 1 1 1 1 1 1 100 100 100 100 100 100 100 100 100 1 1 1 1 1 1 1 1 1 1 1 1 1 1 1 1 1 1 100 100 100 100 100 100 100 1 1 1 1 12 12 12 7 12 12 12 12 12 12 12 12 12 1 12 12 1 12 1 7 12 12 12 1 7 12 1 12 1 12 12 12 12 7 12 1 12 1 1 100 12 1 12 12 1 12 12 12 12 1 12 100 12 1 12 100 12 12 100 12 100 12 1 1 12 1 1 1 1 12 1 1 1 1 1 1 1 1 1 1 1 1 1 1 1 1 1 1 1 1 1 1 1 1 1 1 1 1 1 1 1 1 1 1 1 1 1 1 1 1 1 1 1 1 1 1 1 1 1 1 1 1 1 1 1 1 1 1 1 1 1 1 1 1
staticfield com/google/api/client/http/javanet/NetHttpRequest DEFAULT_CONNECTION_WRITER Lcom/google/api/client/http/javanet/NetHttpRequest$OutputWriter; com/google/api/client/http/javanet/NetHttpRequest$DefaultOutputWriter
instanceKlass com/google/api/client/json/gson/GsonGenerator
ciInstanceKlass com/google/api/client/json/JsonGenerator 1 1 271 10 10 10 10 10 7 10 7 10 7 10 7 10 7 10 10 7 10 10 10 10 10 7 100 100 10 10 10 10 10 10 7 10 10 7 10 7 10 7 7 10 10 11 11 11 10 10 100 10 10 10 10 10 11 11 7 11 11 10 7 10 10 10 7 7 100 100 1 1 1 1 1 1 1 1 1 1 1 100 1 1 1 1 1 1 1 1 1 1 1 1 1 1 1 1 1 1 1 1 1 1 1 1 1 1 1 1 1 1 1 1 1 1 1 1 1 1 1 1 1 1 1 1 1 1 1 1 1 1 100 100 100 100 100 100 100 100 1 1 1 12 12 12 7 12 12 1 12 1 12 1 12 1 12 1 12 12 1 12 12 12 100 12 12 1 1 1 12 12 12 100 12 12 12 1 12 12 1 12 1 7 12 1 1 12 7 12 12 7 12 12 12 12 1 100 12 12 12 7 12 12 12 7 1 12 12 12 1 7 12 12 12 1 1 1 1 1 1 1 1 1 1 1 1 1 1 1 1 1 1 1 1 1 1 1 1 1 1 1 1 1 1 1 1 1 1 1 1 1 1 1 1 1 1 1 1 1 1 1 1 1 1 1 1 1 1 1 1 1 1
ciInstanceKlass com/google/api/client/json/gson/GsonGenerator 1 1 119 10 9 9 10 10 10 10 10 10 10 10 10 10 10 10 100 10 10 10 10 8 10 7 7 1 1 1 1 1 1 1 1 1 1 1 1 1 1 1 1 100 1 1 1 1 1 1 1 1 1 1 1 1 1 1 1 1 1 1 1 1 1 1 1 1 1 1 1 1 1 1 1 1 1 1 1 1 12 12 12 7 12 12 12 12 12 12 12 12 12 12 12 12 1 12 12 12 12 1 12 1 1 1 1 1 1 1 1 1 1 1 1 1 1 1 1 1 1
ciInstanceKlass com/google/api/client/util/Preconditions 1 1 60 10 10 10 10 10 10 10 10 10 10 100 100 1 1 1 1 1 1 1 1 1 1 1 1 1 1 1 1 1 1 1 1 1 1 1 1 1 1 1 1 1 1 1 1 1 7 12 12 12 12 12 12 12 12 12 12 1 1 1
instanceKlass com/google/api/client/googleapis/services/AbstractGoogleClientRequest
instanceKlass com/google/api/client/http/HttpHeaders
instanceKlass com/google/api/client/http/GenericUrl
instanceKlass com/google/api/client/json/GenericJson
ciInstanceKlass com/google/api/client/util/GenericData 1 1 264 7 10 10 10 10 9 10 9 10 10 9 7 10 10 10 9 10 11 10 11 11 11 11 11 7 11 11 10 100 10 11 7 10 10 7 10 10 7 100 100 10 10 10 7 10 10 10 100 10 8 10 9 10 8 10 8 10 10 10 7 100 100 1 1 1 1 1 1 1 1 1 1 1 1 1 1 1 1 1 1 1 1 1 1 1 1 1 1 1 1 1 1 1 1 100 100 1 1 1 1 1 1 1 1 1 1 1 1 1 1 100 1 1 1 1 1 1 1 1 1 1 100 1 1 1 1 1 1 1 1 1 100 1 1 1 1 1 1 1 1 1 1 1 1 1 7 12 12 12 7 12 12 12 12 12 7 12 12 1 12 7 12 12 7 12 12 12 12 12 12 7 12 7 12 12 1 12 12 12 1 12 1 12 12 1 100 12 12 1 1 1 12 12 100 12 1 12 100 12 12 1 1 12 12 12 1 12 1 12 12 1 1 1 1 1 1 1 1 1 1 1 1 1 1 1 1 1 1 1 1 1 1 1 1 1 1 1 1 1 1 1 1 1 1 1 1 1 1 1 1 1 1 1 1 1 1 1 1 1 1 1 1 1
ciInstanceKlass com/google/api/client/util/Data 1 1 558 10 9 10 10 10 10 10 10 10 10 10 8 7 10 10 10 10 10 10 7 100 10 10 100 10 10 10 7 10 8 10 10 100 11 10 10 10 10 11 11 11 10 10 100 10 7 11 10 11 11 9 9 11 7 10 10 10 10 10 10 10 11 11 100 11 11 11 7 10 7 10 7 7 7 7 7 7 7 7 7 7 7 7 9 10 100 100 10 8 10 10 10 10 10 10 9 10 9 10 9 10 9 10 9 10 9 10 9 10 10 10 10 11 8 10 8 7 11 7 10 8 100 10 100 10 10 7 10 7 10 11 10 9 10 9 10 9 10 9 10 9 10 9 10 9 10 9 10 9 8 9 9 10 9 7 10 10 7 1 1 1 1 1 1 1 1 1 1 1 1 1 1 1 1 1 1 1 1 1 1 1 1 1 1 1 1 1 1 1 1 1 1 1 1 1 1 1 1 1 1 1 1 1 1 1 100 1 1 1 1 1 1 1 1 1 1 100 1 1 1 1 1 1 1 1 1 1 1 1 1 1 1 1 1 1 1 1 1 1 1 1 1 1 1 1 1 1 1 1 1 1 1 1 1 1 1 1 1 1 1 1 1 1 1 1 100 100 100 100 100 100 100 1 1 1 1 1 1 1 1 1 1 1 1 1 1 1 1 1 1 1 1 1 1 1 1 1 100 1 1 1 1 12 12 12 12 12 12 12 100 12 12 100 12 12 1 1 100 12 100 12 7 12 12 12 100 12 1 1 12 12 1 12 12 12 1 12 1 12 12 1 12 12 100 12 12 12 100 12 100 12 12 12 12 1 12 1 12 12 12 12 12 1 12 12 12 12 12 12 12 100 1 12 12 12 1 12 1 1 1 1 1 1 1 1 1 1 1 1 1 12 12 1 1 1 12 12 12 12 12 12 12 12 12 12 12 12 12 12 12 1 12 1 1 12 1 1 1 1 12 1 1 12 12 12 12 12 12 12 12 12 12 12 12 12 12 12 12 12 12 12 1 12 12 12 1 1 1 1 1 1 1 1 1 1 1 1 1 1 1 1 1 1 1 1 1 1 1 1 1 1 1 1 1 1 1 1 1 1 1 1 1 1 1 1 1 1 1 1 1 1 1 1 1 1 1 1 1 1 1 1 1 1 1 1 1 1 1 1 1 1 1 1 1 1 1 1 1 1 1 1 1 1 1 1 1 1 1 1 1 1 1 1 1 1 1 1 1 1 1 1 1 1 1 1 1 1 1 1 1 1 1 1 1 1 1 1
staticfield com/google/api/client/util/Data NULL_BOOLEAN Ljava/lang/Boolean; java/lang/Boolean
staticfield com/google/api/client/util/Data NULL_STRING Ljava/lang/String; ""
staticfield com/google/api/client/util/Data NULL_CHARACTER Ljava/lang/Character; java/lang/Character
staticfield com/google/api/client/util/Data NULL_BYTE Ljava/lang/Byte; java/lang/Byte
staticfield com/google/api/client/util/Data NULL_SHORT Ljava/lang/Short; java/lang/Short
staticfield com/google/api/client/util/Data NULL_INTEGER Ljava/lang/Integer; java/lang/Integer
staticfield com/google/api/client/util/Data NULL_FLOAT Ljava/lang/Float; java/lang/Float
staticfield com/google/api/client/util/Data NULL_LONG Ljava/lang/Long; java/lang/Long
staticfield com/google/api/client/util/Data NULL_DOUBLE Ljava/lang/Double; java/lang/Double
staticfield com/google/api/client/util/Data NULL_BIG_INTEGER Ljava/math/BigInteger; java/math/BigInteger
staticfield com/google/api/client/util/Data NULL_BIG_DECIMAL Ljava/math/BigDecimal; java/math/BigDecimal
staticfield com/google/api/client/util/Data NULL_DATE_TIME Lcom/google/api/client/util/DateTime; com/google/api/client/util/DateTime
staticfield com/google/api/client/util/Data NULL_CACHE Ljava/util/concurrent/ConcurrentHashMap; java/util/concurrent/ConcurrentHashMap
ciInstanceKlass com/google/api/client/util/Types 1 1 374 7 7 7 10 10 10 10 10 10 100 10 100 100 8 10 10 10 100 10 10 8 10 10 8 100 8 10 10 8 10 8 10 10 8 10 8 10 100 8 10 11 11 100 8 8 100 10 10 7 11 10 11 11 11 11 11 11 7 10 11 10 11 7 10 10 10 10 10 8 10 7 10 7 10 8 100 100 10 11 11 10 11 10 7 1 1 1 1 1 1 1 1 1 1 1 1 1 1 1 1 1 1 100 100 100 100 1 1 1 1 1 1 1 1 1 1 1 1 1 1 100 100 1 1 1 1 1 1 1 1 1 1 1 1 1 1 1 100 100 100 100 100 1 1 1 1 1 1 1 1 1 1 1 1 1 1 1 1 1 1 1 1 1 1 1 1 1 1 1 1 1 1 1 1 1 1 1 1 100 100 100 100 1 1 1 1 1 1 1 1 1 1 1 1 1 1 1 1 1 1 1 1 1 1 1 1 1 1 1 100 1 1 1 1 1 1 1 1 1 1 12 12 12 12 12 12 1 12 1 1 1 12 12 12 1 12 12 1 12 12 1 1 1 12 100 12 1 12 1 12 12 1 12 1 12 1 1 12 100 12 12 1 1 1 1 12 12 1 12 12 12 100 12 12 12 7 12 12 1 12 7 12 12 12 1 12 12 12 100 12 12 1 100 12 1 12 1 7 12 1 1 1 12 100 12 12 1 1 1 1 1 1 1 1 1 1 1 1 1 1 1 1 1 1 1 1 1 1 1 1 1 1 1 1 1 1 1 1 1 1 1 1 1 1 1 1 1 1 1 1 1 1 1 1 1 1 1 1 1 1 1 1 1 1 1 1 1 1 1 1 1 1 1
ciInstanceKlass com/google/api/client/util/FieldInfo 1 1 309 10 10 10 10 8 7 10 100 100 10 9 11 7 10 10 10 100 10 11 100 7 11 10 8 10 10 10 11 10 9 10 9 10 10 9 10 9 7 10 10 10 10 10 7 10 8 10 10 10 11 7 11 7 10 10 10 10 10 10 100 100 10 10 10 10 100 10 10 8 10 8 8 8 10 10 10 100 7 10 1 1 1 1 1 1 1 1 1 1 1 1 1 1 1 1 1 1 1 1 1 1 1 1 1 1 100 100 100 1 1 1 1 1 1 1 1 1 1 1 100 100 100 100 100 100 100 1 1 1 1 1 1 1 1 1 1 100 1 1 1 1 1 1 1 1 1 1 1 1 1 1 1 1 1 100 100 1 1 1 1 1 1 1 100 1 1 1 1 100 1 1 1 1 12 100 12 7 12 12 1 1 100 12 1 1 12 12 7 12 1 7 12 12 7 12 1 12 12 1 1 12 1 7 12 12 12 12 12 12 12 12 12 7 12 12 12 12 1 12 12 7 12 1 1 12 12 12 7 12 1 12 12 12 12 12 12 1 1 12 100 12 12 1 1 12 1 1 1 12 12 1 1 1 1 1 1 1 1 1 1 1 1 1 1 1 1 1 1 1 1 1 1 1 1 1 1 1 1 1 1 1 1 1 1 1 1 1 1 1 1 1 1 1 1 1 1 1 1 1 1 1 1 1 1 1 1 1 1
staticfield com/google/api/client/util/FieldInfo CACHE Ljava/util/Map; java/util/WeakHashMap
ciInstanceKlass com/google/api/client/util/GenericData$EntrySet 1 1 79 9 10 7 9 10 10 10 9 7 10 9 11 10 11 10 7 7 1 7 1 1 1 1 1 1 1 1 1 1 1 1 1 1 1 100 1 1 1 1 1 1 1 1 1 12 12 1 7 12 7 12 12 12 12 1 1 12 12 7 12 12 1 1 1 1 1 1 1 1 1 1 1 1 1 1 1 1 1
ciInstanceKlass com/google/api/client/util/DataMap 1 1 113 10 9 10 10 9 7 10 10 100 10 10 100 10 8 10 10 10 10 10 10 10 7 7 100 1 1 100 1 1 1 1 1 1 1 1 1 1 1 1 1 1 1 1 1 1 1 1 1 1 1 1 1 100 1 1 1 1 1 1 1 1 1 1 1 12 12 7 12 7 12 12 1 12 12 1 12 100 12 1 1 12 12 100 12 12 12 12 12 1 1 1 1 1 1 1 1 1 1 1 1 1 1 1 1 1 1 1 1 1 1 1 1
ciInstanceKlass com/google/api/client/util/GenericData$EntryIterator 1 1 88 9 10 10 9 9 11 11 9 11 9 11 7 11 10 7 7 7 1 1 1 1 1 1 1 1 1 1 1 1 7 1 1 1 1 1 1 1 1 1 1 1 1 1 1 1 1 1 1 1 1 1 1 12 12 12 12 7 12 7 12 7 12 12 12 12 12 1 12 12 1 1 1 100 1 1 100 1 1 1 1 1 1 1 1 1 1 1
ciInstanceKlass com/google/api/client/util/ArrayMap$Entry 1 1 85 9 10 9 10 10 10 10 10 10 100 11 10 11 7 7 1 1 1 1 1 1 1 1 1 1 1 1 1 1 1 1 1 1 1 1 1 1 1 1 1 1 1 1 1 1 1 1 100 100 1 1 1 1 1 1 100 1 1 1 12 12 12 7 12 12 12 12 12 12 100 1 100 12 1 1 1 1 1 1 1 1 1 1 1
instanceKlass com/google/api/client/http/json/JsonHttpContent
instanceKlass com/google/api/client/http/UrlEncodedContent
ciInstanceKlass com/google/api/client/http/AbstractHttpContent 1 1 85 7 10 10 10 5 0 9 9 10 10 9 10 10 11 10 7 7 7 1 1 1 1 1 1 1 1 1 1 1 1 1 100 100 1 1 1 1 100 1 1 1 1 1 1 100 1 1 1 1 1 1 1 1 1 1 1 12 12 12 12 12 12 12 100 12 12 12 12 7 12 1 1 1 1 1 1 1 1 1 1 1 1 1 1
instanceKlass com/google/api/client/http/javanet/NetHttpResponse
ciInstanceKlass com/google/api/client/http/LowLevelHttpResponse 1 1 35 10 100 7 1 1 1 1 1 1 1 1 1 1 100 1 1 1 1 1 1 1 1 1 1 1 1 1 1 1 1 12 1 1 1
ciInstanceKlass com/google/api/client/http/UrlEncodedContent 1 1 231 9 10 10 9 7 7 10 10 10 9 10 11 11 11 11 7 11 11 7 10 10 7 10 10 11 10 10 10 10 10 7 100 10 10 10 10 8 10 7 10 10 10 10 10 8 10 7 1 1 1 1 1 1 1 1 1 1 1 1 1 1 1 1 1 1 1 1 1 1 1 1 1 1 1 1 1 1 1 1 1 1 100 100 100 100 100 100 100 100 1 100 1 1 1 1 1 1 1 1 1 1 1 1 1 1 1 100 1 1 1 1 1 1 7 12 12 12 12 1 1 12 12 12 12 7 12 7 12 7 12 7 12 12 1 12 12 1 7 12 7 12 1 7 12 100 12 12 7 12 12 7 12 100 12 1 1 12 12 12 12 1 12 1 100 12 12 12 12 12 1 12 1 1 1 1 1 1 1 1 1 1 1 1 1 1 1 1 1 1 1 1 1 1 1 1 1 1 1 1 1 1 1 1 1 1 1 1 1 1 1 1 1 1 1 1 1 1 1 1 1 1 1 1 1 1 1 1 1 1 1
ciInstanceKlass com/google/api/client/http/HttpMediaType 1 1 325 10 8 9 8 9 7 10 9 10 10 10 9 10 10 8 10 9 8 9 8 10 9 10 10 10 9 8 9 10 11 11 7 11 11 10 8 8 10 8 8 7 10 10 10 10 11 11 11 11 7 11 8 11 8 10 10 10 10 10 10 7 10 10 8 10 10 10 10 10 8 10 8 8 8 8 8 8 8 7 10 8 8 8 8 8 8 7 1 1 1 1 1 1 1 1 1 1 1 1 1 1 1 1 1 1 1 1 1 1 1 1 1 1 1 1 1 1 1 1 1 1 1 1 100 100 1 1 1 1 1 1 1 1 1 1 1 1 1 1 1 1 1 1 1 1 1 1 1 1 1 100 100 100 100 1 1 1 1 1 1 1 1 1 1 100 1 1 1 1 1 1 1 1 1 1 1 1 1 1 1 1 1 12 1 12 1 12 1 12 12 12 12 12 12 7 12 1 7 12 12 1 12 1 12 12 12 12 12 12 1 7 12 12 7 12 12 1 12 12 100 12 1 1 12 1 1 1 12 12 12 12 7 12 7 12 12 100 1 12 1 12 1 12 12 12 12 12 12 1 12 12 7 12 12 12 12 12 1 12 1 1 1 1 1 1 1 1 12 1 1 1 1 1 1 1 1 1 1 1 1 1 1 1 1 1 1 1 1 1 1 1 1 1 1 1 1 1 1 1 1 1 1 1 1 1 1 1 1 1 1 1 1 1 1 1 1 1 1 1 1 1 1 1 1
staticfield com/google/api/client/http/HttpMediaType TYPE_REGEX Ljava/util/regex/Pattern; java/util/regex/Pattern
staticfield com/google/api/client/http/HttpMediaType TOKEN_REGEX Ljava/util/regex/Pattern; java/util/regex/Pattern
staticfield com/google/api/client/http/HttpMediaType FULL_MEDIA_TYPE_REGEX Ljava/util/regex/Pattern; java/util/regex/Pattern
staticfield com/google/api/client/http/HttpMediaType PARAMETER_REGEX Ljava/util/regex/Pattern; java/util/regex/Pattern
instanceKlass com/google/api/client/util/escape/UnicodeEscaper
ciInstanceKlass com/google/api/client/util/escape/Escaper 1 1 18 10 100 7 1 1 1 1 1 1 1 1 1 1 1 12 1 1
ciInstanceKlass com/google/api/client/util/escape/CharEscapers 1 1 114 9 10 9 9 10 10 100 100 10 8 8 10 9 9 9 9 10 7 8 10 8 10 8 8 8 7 100 1 1 1 1 1 1 1 1 1 1 1 1 1 1 1 1 1 1 1 1 1 1 1 100 1 1 1 1 1 1 1 1 1 1 1 1 1 12 7 12 12 7 12 7 12 7 12 1 1 12 1 1 7 12 12 12 12 12 12 1 1 12 1 12 1 1 1 1 1 1 1 1 1 1 1 1 1 1 1 1 1 1 1 1 1 1
staticfield com/google/api/client/util/escape/CharEscapers APPLICATION_X_WWW_FORM_URLENCODED Lcom/google/api/client/util/escape/Escaper; com/google/api/client/util/escape/PercentEscaper
staticfield com/google/api/client/util/escape/CharEscapers URI_ESCAPER Lcom/google/api/client/util/escape/Escaper; com/google/api/client/util/escape/PercentEscaper
staticfield com/google/api/client/util/escape/CharEscapers URI_PATH_ESCAPER Lcom/google/api/client/util/escape/Escaper; com/google/api/client/util/escape/PercentEscaper
staticfield com/google/api/client/util/escape/CharEscapers URI_RESERVED_ESCAPER Lcom/google/api/client/util/escape/Escaper; com/google/api/client/util/escape/PercentEscaper
staticfield com/google/api/client/util/escape/CharEscapers URI_USERINFO_ESCAPER Lcom/google/api/client/util/escape/Escaper; com/google/api/client/util/escape/PercentEscaper
staticfield com/google/api/client/util/escape/CharEscapers URI_QUERY_STRING_ESCAPER Lcom/google/api/client/util/escape/Escaper; com/google/api/client/util/escape/PercentEscaper
ciInstanceKlass com/google/api/client/http/javanet/NetHttpRequest$OutputWriter 1 0 16 100 100 1 1 1 100 1 1 100 1 1 1 1 1 1
ciInstanceKlass com/google/api/client/http/javanet/NetHttpResponse 1 1 186 10 7 10 9 9 9 10 9 10 9 10 11 11 11 11 7 11 7 11 7 11 11 10 7 10 7 10 10 8 10 5 0 10 8 10 8 10 10 10 10 7 7 1 1 1 1 1 1 1 1 1 1 1 1 1 1 1 1 1 1 1 1 1 1 1 1 1 1 1 1 1 1 100 100 100 100 100 100 1 1 1 1 1 1 1 1 1 100 100 100 1 1 1 1 1 1 1 1 1 1 1 1 1 1 1 1 1 1 12 1 12 12 12 7 12 12 12 12 12 7 12 7 12 7 12 12 1 12 1 12 1 12 12 1 12 1 12 12 1 12 7 12 1 12 1 12 12 12 12 1 1 1 1 1 1 1 1 1 1 1 1 1 1 1 1 1 1 1 1 1 1 1 1 1 1 1 1 1 1 1 1 1 1 1 1
ciInstanceKlass com/google/api/client/http/javanet/NetHttpRequest$DefaultOutputWriter 1 1 38 10 11 100 7 100 1 1 1 1 1 1 1 1 1 1 1 1 1 1 1 1 100 1 1 12 7 12 100 1 1 1 1 1 1 1 1 1
instanceKlass sun/net/www/protocol/https/AbstractDelegateHttpsURLConnection
ciInstanceKlass sun/net/www/protocol/http/HttpURLConnection 1 1 2226 18 12 1 1 10 7 12 1 1 1 7 1 10 12 1 1 10 7 12 1 1 1 7 1 10 12 1 1 8 1 10 12 1 1 9 7 12 1 1 1 10 12 1 1 11 7 12 1 1 1 9 7 12 1 1 1 10 7 12 1 1 10 12 1 10 12 1 100 1 10 12 1 100 1 9 12 1 1 9 12 1 1 11 12 1 8 1 10 12 1 8 1 10 12 1 1 8 1 10 12 1 10 12 1 1 10 12 1 1 9 12 1 1 9 12 1 1 10 9 12 1 9 12 1 100 1 8 1 10 12 1 10 100 12 1 1 1 100 1 9 12 1 1 10 7 12 1 1 1 9 12 1 1 10 10 12 1 1 100 1 7 1 10 8 1 10 12 1 1 10 12 1 1 10 10 12 1 1 10 12 1 1 10 12 1 8 1 8 1 10 7 12 1 1 9 12 1 10 12 1 100 1 10 9 12 1 1 9 7 12 1 1 10 12 1 1 9 7 12 1 1 1 9 12 1 1 10 12 1 1 9 12 1 9 12 1 1 8 1 10 12 1 8 1 10 7 12 1 1 1 10 12 1 10 12 1 10 12 1 8 1 8 1 10 12 1 8 1 8 1 9 12 1 9 12 1 1 10 7 12 1 1 10 12 1 10 12 1 1 10 12 1 8 1 10 12 1 1 8 1 10 12 1 10 12 1 10 12 1 8 1 8 1 10 12 1 8 1 8 1 8 1 10 12 1 1 100 1 10 12 1 100 1 8 1 9 12 1 10 12 1 8 1 10 100 12 1 1 1 10 12 1 1 8 1 10 12 1 1 10 7 12 1 1 1 10 12 1 10 12 1 10 12 1 1 9 12 1 1 8 1 9 12 1 1 10 12 1 8 1 8 1 9 12 1 1 8 1 8 1 9 12 1 1 5 0 8 1 10 12 1 9 12 1 10 100 12 1 10 12 1 10 12 1 9 7 12 1 1 1 10 7 12 1 1 1 8 1 10 12 1 10 12 1 9 12 1 10 10 12 1 10 12 1 1 9 12 1 1 10 7 12 1 1 10 12 1 10 12 1 10 12 1 9 12 1 7 1 8 1 10 10 12 1 1 10 12 1 1 10 12 1 1 9 12 1 10 12 1 9 12 1 10 12 10 7 12 1 1 1 10 7 12 1 1 1 10 7 12 1 1 8 1 8 1 8 1 8 1 10 12 1 10 100 12 1 1 1 100 1 8 1 10 12 1 10 12 1 9 12 1 10 12 1 1 9 12 1 10 12 1 10 12 1 10 12 1 10 12 1 100 1 8 1 10 7 1 9 100 12 1 1 1 10 12 1 10 100 12 1 1 1 10 12 1 10 12 1 100 1 10 8 1 10 7 12 1 1 1 10 12 1 1 10 12 10 12 1 1 9 12 1 1 9 12 1 9 12 1 9 12 1 9 12 1 9 12 1 9 12 1 9 12 1 9 12 1 9 12 1 9 12 1 9 12 1 9 12 1 1 9 12 1 9 12 1 9 12 1 9 12 100 1 10 9 12 1 9 12 1 1 10 9 12 1 9 12 1 1 10 7 12 1 1 1 9 12 1 1 100 1 10 100 12 1 1 9 12 1 1 7 1 10 12 1 7 1 10 100 1 9 12 1 1 9 12 1 1 10 12 1 1 10 100 12 1 1 1 10 12 1 10 12 1 1 8 1 10 12 1 10 12 1 1 10 12 1 10 12 1 10 12 1 1 8 1 10 10 12 1 1 10 12 1 1 100 1 10 12 1 10 12 1 10 12 1 9 12 1 100 1 10 12 1 10 12 1 100 1 8 8 1 8 1 10 7 12 1 10 12 1 1 100 1 10 100 1 10 12 1 1 10 12 1 1 10 12 1 9 12 1 1 100 1 10 12 1 8 1 10 12 10 12 1 10 12 1 1 10 12 1 8 1 10 12 1 10 12 1 100 1 10 10 12 1 1 10 7 12 1 1 1 10 12 1 1 10 12 1 1 9 12 1 1 8 1 10 100 12 1 1 100 1 9 12 1 8 1 10 12 1 8 1 10 12 1 8 1 10 8 1 10 100 1 10 12 1 1 9 12 1 10 12 1 9 12 1 7 1 10 7 1 8 1 10 12 1 1 8 1 10 11 7 12 1 1 1 11 7 12 1 1 11 12 1 1 10 12 1 1 10 12 1 8 1 10 9 12 1 10 12 1 1 10 12 1 1 8 1 9 10 12 1 10 12 1 10 12 1 10 8 1 10 12 1 8 1 10 12 1 1 100 1 8 1 10 12 1 8 1 8 1 9 12 1 10 12 1 8 1 100 1 100 1 8 1 10 8 1 10 12 1 8 1 10 12 1 100 1 10 100 1 10 12 1 9 12 1 8 1 7 1 10 12 1 10 12 1 1 8 1 8 1 8 1 8 1 8 1 10 12 1 10 12 8 1 8 1 9 12 1 1 10 12 1 7 1 7 1 10 12 1 10 12 1 10 8 1 8 1 8 1 9 12 1 1 10 12 1 10 12 1 11 7 1 8 1 11 11 12 1 11 7 1 11 12 11 12 11 8 1 10 12 1 1 10 12 8 1 100 1 10 100 1 10 12 1 9 12 1 8 1 10 10 10 12 1 8 1 8 1 9 12 1 8 1 9 12 1 9 12 1 10 12 1 9 12 1 10 12 1 8 1 10 12 1 8 1 8 1 10 8 1 100 1 8 1 10 12 10 12 1 1 10 12 1 8 1 8 1 100 1 10 12 1 1 9 12 1 10 12 1 10 12 1 1 10 10 12 1 1 10 12 1 1 8 1 10 12 1 1 8 1 10 12 1 10 12 1 10 12 1 10 12 1 1 9 100 12 1 1 1 10 12 1 10 12 1 10 12 1 10 12 1 1 100 1 9 12 1 100 1 10 12 1 9 12 1 10 12 1 1 10 12 1 9 100 1 10 9 12 1 9 12 1 1 9 12 1 1 9 12 1 10 12 1 10 12 1 8 1 10 12 1 10 100 1 10 12 1 10 12 1 8 1 10 7 12 1 1 1 8 1 10 12 1 8 1 10 12 1 1 10 100 12 1 100 1 100 1 10 12 1 1 10 12 1 1 7 1 10 12 1 10 12 1 7 1 10 10 8 1 8 1 9 12 1 8 1 8 1 10 12 1 9 12 1 10 100 12 1 1 1 10 12 1 7 1 10 10 12 1 7 1 10 12 1 10 12 1 1 9 12 1 10 12 1 8 1 10 12 10 12 1 10 12 1 8 1 10 12 1 1 10 12 1 10 9 12 1 8 1 8 1 100 1 10 12 1 10 12 1 8 1 10 12 1 10 12 1 10 12 1 1 10 12 1 8 10 100 1 8 1 8 1 10 12 1 9 12 1 8 1 9 12 1 8 1 9 12 1 8 1 9 12 1 9 12 1 10 12 1 1 10 12 1 9 100 12 1 1 1 10 12 1 100 1 10 100 1 9 100 12 1 1 1 10 12 1 1 10 12 1 100 1 10 10 12 1 9 100 12 1 1 9 12 1 8 1 10 12 1 1 9 12 1 1 10 12 1 1 100 1 10 12 1 10 12 1 10 12 1 8 1 8 1 10 12 1 11 100 12 1 1 8 1 10 12 1 11 12 1 1 10 12 1 9 12 1 8 1 10 8 1 10 12 1 8 10 12 1 1 10 12 10 12 1 1 100 1 9 12 1 10 12 1 10 12 1 1 10 12 1 10 12 1 8 1 9 12 1 8 1 10 12 1 1 9 12 1 8 1 10 12 1 10 12 1 10 12 1 10 12 1 100 1 10 12 1 7 1 10 12 1 10 12 1 1 8 1 10 12 1 8 1 8 1 8 1 10 12 1 10 12 1 8 1 8 1 100 1 100 1 10 12 1 1 10 10 12 1 10 12 1 10 12 1 10 12 1 1 10 8 1 8 1 10 100 12 1 1 1 100 1 8 1 10 12 1 11 100 12 1 1 1 100 1 10 12 1 11 12 1 1 10 12 1 10 9 12 1 1 7 1 10 7 1 10 10 12 1 11 10 12 1 1 11 12 1 10 12 1 1 10 10 12 1 10 12 100 1 8 1 10 10 12 1 8 1 10 100 12 1 1 1 9 12 1 10 12 1 1 8 1 10 12 1 10 12 1 1 8 1 10 10 12 1 10 12 1 1 8 1 10 12 1 8 1 10 7 12 1 10 12 1 9 12 1 9 12 1 8 1 8 1 8 1 8 1 8 1 8 1 8 1 8 1 9 12 1 10 7 12 1 1 1 8 1 10 7 12 1 1 1 10 12 1 8 1 10 7 12 1 1 9 12 1 8 1 8 1 8 1 8 1 10 12 1 10 12 1 1 8 1 8 1 10 12 1 8 1 8 1 8 1 8 1 8 1 10 12 1 1 3 8 1 8 1 10 12 1 1 1 1 1 3 1 1 1 1 1 1 1 1 1 1 1 1 1 1 1 1 1 1 1 1 1 1 1 1 1 1 100 1 1 1 1 1 1 1 1 1 1 1 1 1 1 1 100 1 1 1 1 1 1 1 1 1 1 1 1 1 1 1 1 1 1 1 1 1 1 1 1 1 1 1 1 1 1 1 1 1 1 1 1 1 1 1 1 1 1 1 1 1 1 1 1 1 1 1 1 1 1 1 1 1 1 1 1 1 1 1 1 1 1 1 1 1 1 1 1 1 1 1 1 1 1 1 1 1 1 1 1 1 1 1 1 1 1 1 1 1 1 1 1 1 1 1 1 1 1 1 1 1 1 1 1 1 1 1 1 1 1 1 1 100 1 1 1 1 1 1 1 1 1 1 1 1 1 1 1 1 1 1 1 1 1 1 1 1 1 1 1 1 1 1 1 1 1 1 1 1 1 1 1 1 1 1 1 1 1 1 1 1 1 1 1 1 1 1 1 1 1 1 1 1 1 1 1 1 1 1 1 1 1 100 1 1 1 1 1 1 1 1 1 1 1 1 16 15 10 12 16 15 10 7 12 1 1 1 1 1 1 1 1 1 1 1 1 1 100 1 100 1 1
staticfield sun/net/www/protocol/http/HttpURLConnection version Ljava/lang/String; "21.0.12"
staticfield sun/net/www/protocol/http/HttpURLConnection userAgent Ljava/lang/String; "Java/21.0.12"
staticfield sun/net/www/protocol/http/HttpURLConnection maxRedirects I 20
staticfield sun/net/www/protocol/http/HttpURLConnection validateProxy Z 0
staticfield sun/net/www/protocol/http/HttpURLConnection validateServer Z 0
staticfield sun/net/www/protocol/http/HttpURLConnection disabledProxyingSchemes Ljava/util/Set; java/util/Collections$EmptySet
staticfield sun/net/www/protocol/http/HttpURLConnection disabledTunnelingSchemes Ljava/util/Set; java/util/HashSet
staticfield sun/net/www/protocol/http/HttpURLConnection maxHeaderSize I 393216
staticfield sun/net/www/protocol/http/HttpURLConnection allowRestrictedHeaders Z 0
staticfield sun/net/www/protocol/http/HttpURLConnection restrictedHeaderSet Ljava/util/Set; java/util/HashSet
staticfield sun/net/www/protocol/http/HttpURLConnection restrictedHeaders [Ljava/lang/String; 12 [Ljava/lang/String;
staticfield sun/net/www/protocol/http/HttpURLConnection EXCLUDE_HEADERS [Ljava/lang/String; 2 [Ljava/lang/String;
staticfield sun/net/www/protocol/http/HttpURLConnection EXCLUDE_HEADERS2 [Ljava/lang/String; 4 [Ljava/lang/String;
staticfield sun/net/www/protocol/http/HttpURLConnection logger Lsun/util/logging/PlatformLogger; sun/util/logging/PlatformLogger
staticfield sun/net/www/protocol/http/HttpURLConnection $assertionsDisabled Z 1
instanceKlass sun/net/www/protocol/https/DelegateHttpsURLConnection
ciInstanceKlass sun/net/www/protocol/https/AbstractDelegateHttpsURLConnection 1 1 299 10 7 12 1 1 1 10 7 1 9 12 1 1 10 12 1 1 10 12 1 1 10 12 1 1 10 12 1 1 10 12 1 10 7 12 1 1 1 9 12 1 1 10 7 12 1 1 1 10 12 1 1 10 12 1 1 10 12 1 10 12 1 1 10 12 1 9 12 1 1 10 12 1 9 12 1 1 10 12 1 10 12 1 10 12 1 1 10 12 1 100 1 10 12 1 1 10 12 1 100 1 8 1 10 12 1 11 100 1 10 12 1 1 100 1 11 100 12 1 1 1 100 1 11 12 1 1 10 12 1 11 12 1 10 12 1 1 10 12 1 10 12 1 10 12 10 12 1 10 100 12 1 1 10 12 1 1 10 12 1 8 1 10 100 12 1 1 1 10 100 12 1 1 8 1 10 12 1 1 10 12 1 1 8 1 10 12 1 1 10 12 1 8 1 10 12 1 10 12 1 1 10 12 1 1 10 12 1 1 100 1 100 1 10 12 1 100 1 10 12 1 10 12 1 10 12 1 11 100 1 10 12 1 1 11 1 1 1 1 1 1 1 1 1 1 1 100 1 1 1 1 1 1 1 1 1 1 1 1 1 1 1 1 1 1 1 1 1 1 1 1 1 1 1 1 1 1 1 1 1 1 1 100 1 1 1 1 1 1 1 1 1 1 1 100 1 1 1
ciInstanceKlass sun/net/www/protocol/https/DelegateHttpsURLConnection 1 1 43 10 7 12 1 1 1 10 7 12 1 1 9 12 1 1 10 7 12 1 1 1 10 12 1 1 1 1 1 1 1 1 1 1 1 1 1 100 1 1 1 1 1
instanceKlass sun/net/www/protocol/https/HttpsClient
ciInstanceKlass sun/net/www/http/HttpClient 1 1 933 7 1 8 1 10 7 12 1 1 1 8 1 9 12 1 1 9 7 12 1 1 1 10 7 12 1 1 1 10 12 1 1 9 12 1 10 12 1 9 12 1 1 8 1 10 12 1 1 8 1 8 1 10 12 1 8 1 10 12 1 9 12 1 1 9 12 1 1 10 7 12 1 1 1 7 1 10 9 12 1 1 9 12 1 9 12 1 1 9 12 1 9 12 1 9 12 1 9 12 1 9 12 1 1 9 12 1 9 12 1 1 10 12 1 9 7 12 1 1 1 10 100 12 1 1 1 9 12 1 10 7 12 1 1 1 9 12 1 9 12 1 1 10 12 1 1 9 12 1 10 12 1 10 12 1 1 10 100 12 1 1 1 10 12 1 10 12 1 10 100 12 1 1 1 9 7 12 1 1 1 10 12 1 10 12 1 1 10 12 1 10 12 1 1 9 12 1 1 10 7 12 1 1 1 10 7 12 1 1 1 8 1 10 12 1 10 12 1 9 12 1 10 12 1 10 100 12 1 1 1 10 12 1 10 100 12 1 1 10 10 12 1 9 12 1 100 1 10 10 12 1 9 100 12 1 1 1 10 12 1 1 100 1 10 8 1 10 12 1 1 10 12 1 10 12 1 10 12 1 10 12 1 9 12 1 1 10 7 12 1 1 1 10 100 12 1 1 1 10 12 1 10 100 12 1 1 1 10 12 1 9 12 1 1 10 7 12 1 1 10 12 1 9 12 1 1 10 7 12 1 1 10 12 1 7 1 10 12 1 1 10 12 1 10 12 1 8 1 7 1 8 1 100 1 8 1 8 1 10 12 1 10 12 1 1 10 12 1 1 10 12 1 1 100 1 10 12 1 7 1 10 12 1 9 12 1 10 12 1 100 1 100 1 8 1 10 12 1 10 12 1 1 10 12 1 100 1 10 12 1 10 100 12 1 1 1 100 1 10 12 1 1 10 12 9 12 1 10 12 1 10 12 1 1 10 100 12 1 1 10 12 1 1 10 12 1 1 10 9 12 1 10 12 8 1 10 12 1 10 12 1 8 1 10 12 1 10 12 1 10 12 1 10 12 1 8 1 10 12 1 1 10 12 1 1 100 1 8 1 10 12 9 12 1 1 10 7 12 1 1 1 10 12 1 10 100 12 1 1 9 12 10 12 1 1 9 12 1 1 100 1 10 12 1 10 12 1 1 10 100 12 1 1 1 10 12 1 10 12 1 10 8 1 9 12 1 10 12 1 1 10 12 1 10 12 1 10 12 1 10 7 12 1 1 10 12 1 10 12 1 10 12 1 10 12 1 1 10 100 12 1 1 1 10 12 1 1 10 100 12 1 1 8 1 10 12 1 1 8 1 8 1 8 1 9 12 1 9 12 1 9 12 1 9 100 12 1 1 1 10 12 1 1 8 1 8 1 8 1 8 1 100 1 8 1 10 8 1 10 12 1 1 8 1 10 12 1 10 100 1 10 12 1 100 1 8 1 10 8 1 8 1 10 12 1 1 10 12 1 1 10 7 12 1 1 1 100 1 8 1 10 100 1 8 1 10 8 1 10 12 1 5 0 8 1 8 1 7 1 10 12 1 8 1 10 7 12 1 1 1 100 1 10 12 1 8 1 8 1 100 1 10 12 1 100 1 10 12 1 10 100 12 1 1 1 10 7 12 1 1 8 1 8 1 10 12 1 8 1 10 12 1 1 8 1 10 12 1 10 12 1 10 10 10 10 12 1 10 10 12 1 1 10 7 12 1 1 1 8 1 10 7 12 1 1 8 1 8 1 8 1 8 1 10 12 1 10 100 12 1 1 1 1 3 1 3 1 1 1 1 1 1 1 1 1 1 1 1 1 1 1 1 1 1 1 1 1 1 1 1 1 1 1 1 1 1 1 1 1 1 1 1 1 100 1 1 1 1 1 1 1 1 1 1 1 1 1 1 1 1 1 1 100 1 1 100 1 1 1 1 1 1 1 1 1 1 1 1 1 1 1 1 1 1 1 1 1 1 1 1 1 1 1 1 1 1 1 1 1 1 1 1 1 1 1 1 1 100 1 1 1 1 1 1 1 1 1 1 1 1 1 1 1 1 1 1 1 1 1 1 1 1
staticfield sun/net/www/http/HttpClient cacheNTLMProp Z 1
staticfield sun/net/www/http/HttpClient cacheSPNEGOProp Z 1
staticfield sun/net/www/http/HttpClient spnegoCBT Ljava/lang/String; "never"
staticfield sun/net/www/http/HttpClient logger Lsun/util/logging/PlatformLogger; sun/util/logging/PlatformLogger
staticfield sun/net/www/http/HttpClient $assertionsDisabled Z 1
ciInstanceKlass java/lang/foreign/MemorySegment 0 0 449 10 100 12 1 1 1 11 100 12 1 1 1 11 12 1 11 100 12 1 1 1 11 11 12 1 1 11 12 1 1 10 100 12 1 1 1 9 100 12 1 1 1 10 100 12 1 1 1 11 12 1 11 100 12 1 1 1 10 100 12 1 1 1 10 100 12 1 1 1 10 100 12 1 1 1 10 100 12 1 1 10 100 12 1 1 10 100 12 1 1 10 100 12 1 1 10 100 12 1 1 10 100 12 1 1 10 100 12 1 1 1 9 100 12 1 1 1 11 12 1 10 100 1 10 12 1 1 10 100 12 1 1 1 10 12 1 1 100 1 10 10 12 1 10 12 1 100 1 10 10 12 1 10 12 1 100 1 10 10 12 1 10 12 1 100 1 10 10 12 1 10 12 1 100 1 10 10 12 1 10 12 1 100 1 10 10 12 1 10 12 1 100 1 10 10 12 1 10 12 1 100 1 10 10 12 1 10 12 1 8 1 10 12 1 1 11 100 1 11 100 1 11 100 1 11 100 1 11 100 1 11 100 1 11 100 1 11 100 1 11 100 1 10 12 1 10 12 1 10 10 12 1 1 9 12 1 1 100 1 1 1 1 1 1 1 1 1 1 1 1 1 1 1 1 1 1 1 1 1 1 1 1 1 1 1 1 1 1 1 1 1 1 1 1 1 1 1 1 1 1 1 1 1 1 1 1 1 1 1 1 1 1 1 1 1 1 1 1 1 1 1 1 1 1 1 1 1 1 1 1 1 1 1 1 1 1 1 1 1 1 1 1 1 1 1 1 1 1 1 1 1 1 1 1 1 1 1 1 1 1 1 1 1 1 1 1 1 1 1 1 1 1 1 1 1 1 1 1 1 1 1 1 1 1 1 1 1 1 1 1 1 1 1 1 1 1 1 1 1 1 1 1 1 1 1 1 1 1 1 1 1 1 1 1 1 1 1 100 1 1 1 100 1 1 1 1 1 1 1 1 100 1 1 1 1 1 1 1 1 1 1 1 1 100 1 100 1 1
ciInstanceKlass com/google/api/client/http/HttpEncoding 1 0 14 100 100 1 1 1 1 1 100 1 1 1 1 1
instanceKlass java/util/zip/GZIPOutputStream
ciInstanceKlass java/util/zip/DeflaterOutputStream 1 1 128 10 7 12 1 1 1 9 7 12 1 1 1 9 12 1 100 1 10 12 1 100 1 8 1 10 12 1 9 12 1 1 9 12 1 1 9 12 1 10 12 1 7 1 10 10 12 1 10 12 1 1 10 12 1 1 100 1 8 1 10 100 1 10 10 12 1 10 12 1 10 12 1 10 12 1 10 12 1 10 9 12 1 1 10 7 12 1 1 10 12 1 10 10 12 1 10 12 1 1 1 1 3 1 3 1 1 1 1 1 1 1 1 1 1 1 1 1 1 1 1 1 100 1 1 100 1 1
ciInstanceKlass java/util/zip/GZIPOutputStream 1 1 128 10 7 12 1 1 1 7 1 10 12 1 10 7 12 1 1 7 1 10 12 1 9 12 1 1 9 12 1 1 10 12 1 10 12 1 10 12 1 1 10 12 1 9 12 1 1 10 12 1 1 10 12 1 9 12 1 1 10 12 1 1 10 12 1 1 9 12 1 1 10 7 1 10 12 1 100 1 10 12 1 10 12 1 1 10 12 1 1 10 12 1 1 3 10 12 1 1 1 1 3 1 3 1 1 3 1 1 1 1 1 1 1 1 1 1 1 1 1 1 1 1 1 1 1 1 1 1
ciInstanceKlass sun/net/www/http/ChunkedOutputStream 1 1 180 10 7 12 1 1 1 10 7 12 1 1 1 9 7 12 1 1 1 9 7 12 1 1 1 10 12 1 1 10 12 1 1 9 12 1 1 10 12 1 1 10 7 12 1 1 7 1 10 9 12 1 1 9 12 1 1 9 12 1 9 12 1 9 12 1 9 12 1 10 12 1 1 9 12 1 9 12 1 10 12 1 9 12 1 10 7 12 1 1 1 10 12 1 9 12 1 10 7 12 1 1 1 9 12 1 9 12 1 9 12 1 9 12 1 10 12 1 1 100 1 8 1 10 12 1 11 7 12 1 1 10 12 1 100 1 10 11 12 1 10 12 1 10 10 1 1 3 1 1 1 1 1 1 1 1 1 100 1 1 1 1 1 1 1 1 1 1 1 1 1 1 100 1 1 1 1 1 1 1
staticfield sun/net/www/http/ChunkedOutputStream CRLF [B 2
staticfield sun/net/www/http/ChunkedOutputStream CRLF_SIZE I 2
staticfield sun/net/www/http/ChunkedOutputStream FOOTER [B 2
staticfield sun/net/www/http/ChunkedOutputStream FOOTER_SIZE I 2
staticfield sun/net/www/http/ChunkedOutputStream EMPTY_CHUNK_HEADER [B 3
staticfield sun/net/www/http/ChunkedOutputStream EMPTY_CHUNK_HEADER_SIZE I 3
ciInstanceKlass java/util/zip/Deflater 1 1 304 10 7 12 1 1 1 9 7 12 1 1 1 9 7 12 1 1 9 12 1 1 9 12 1 7 1 10 12 1 1 10 12 1 9 12 1 1 10 12 1 9 7 12 1 1 1 10 12 1 1 9 12 1 1 9 12 1 9 12 1 10 12 1 1 10 100 12 1 1 1 10 12 1 10 12 1 1 10 12 1 1 10 12 10 7 12 1 1 1 10 12 1 10 100 12 1 1 1 10 12 1 1 9 12 1 1 11 100 12 1 1 1 100 1 11 10 12 1 1 11 12 1 10 12 1 1 10 12 1 1 10 12 1 100 1 10 9 12 1 1 8 1 10 12 1 10 12 1 9 12 1 9 12 1 10 12 1 1 10 12 1 10 12 1 1 10 12 1 1 5 0 9 12 1 1 9 12 1 10 12 1 100 1 10 10 12 1 1 10 12 1 1 10 12 1 1 10 12 1 10 12 1 10 12 1 1 10 12 1 9 12 1 10 100 12 1 1 1 100 1 10 100 1 8 1 10 10 7 12 1 1 10 12 1 1 1 3 1 3 1 3 1 3 1 3 1 1 3 1 1 1 1 3 1 3 1 1 1 1 1 1 1 1 1 1 100 100 1 1 1 1 1 1 1 1 1 1 1 1 1 1 1 1 1 1 1 1 1 1 1 1 1 1 1 1 1 1 1 1 1 1 1 1
staticfield java/util/zip/Deflater $assertionsDisabled Z 1
ciInstanceKlass java/util/zip/Deflater$DeflaterZStreamRef 1 1 60 10 7 12 1 1 1 10 7 12 1 1 1 10 7 12 1 1 1 9 7 12 1 1 1 9 12 1 1 11 7 12 1 1 10 7 12 1 1 1 100 1 1 1 1 1 1 1 1 1 1 1 1 1 1 1 1 1 1 1
ciInstanceKlass sun/net/www/http/PosterOutputStream 0 0 42 10 100 12 1 1 1 9 100 12 1 1 1 10 12 1 10 12 1 10 12 1 1 10 12 1 1 1 1 1 1 1 1 1 1 1 1 1 100 1 1 1
ciInstanceKlass sun/net/www/protocol/http/HttpURLConnection$StreamingOutputStream 1 1 116 9 7 12 1 1 1 10 7 12 1 1 1 9 12 1 1 9 12 1 9 12 1 1 9 12 1 10 12 1 1 5 0 100 1 8 1 10 12 1 9 12 1 1 10 7 12 1 1 1 10 12 1 10 12 1 10 8 1 9 12 1 1 7 1 10 12 1 8 1 7 1 10 8 1 10 12 1 10 9 7 12 1 1 1 10 7 12 1 1 1 10 1 1 1 1 1 1 1 1 1 1 1 1 1 1 1 1 1 1 1 1 1 1 1 1
ciInstanceKlass com/google/api/client/http/GZipEncoding 1 1 53 10 8 7 10 7 10 11 10 100 7 100 1 1 1 1 1 1 1 1 1 1 1 1 1 1 1 1 1 1 1 1 100 1 1 12 1 1 12 1 12 7 12 12 1 1 1 1 1 1 1 1 1
ciInstanceKlass com/google/api/client/http/GZipEncoding$1 1 1 40 9 10 10 100 7 7 1 1 1 1 1 1 1 1 1 1 1 1 1 1 1 100 1 1 1 1 100 12 12 12 12 1 1 1 1 1 1 1 1
ciInstanceKlass com/google/api/client/http/json/JsonHttpContent 1 1 96 100 8 10 10 7 9 9 10 10 9 10 10 10 10 10 10 10 7 7 1 1 1 1 1 1 1 1 1 1 1 1 1 1 1 1 1 1 1 1 100 1 100 1 1 1 1 1 1 1 1 1 1 1 1 1 1 1 1 1 12 7 12 1 12 12 12 12 12 7 12 12 12 12 12 12 12 1 1 1 1 1 1 1 1 1 1 1 1 1 1 1 1 1 1 1
ciInstanceKlass com/google/api/client/http/HttpEncodingStreamingContent 1 1 50 10 10 7 9 7 9 11 7 7 1 1 1 1 1 1 1 1 1 1 1 1 1 1 1 1 100 1 1 1 1 1 1 12 7 12 1 12 1 12 12 1 1 1 1 1 1 1 1 1
ciInstanceKlass com/google/api/client/http/EmptyContent 1 1 36 10 10 100 7 100 1 1 1 1 1 1 1 1 1 1 100 1 1 1 1 1 1 1 1 1 1 12 7 12 1 1 1 1 1 1
ciMethod sun/nio/cs/UTF_8$Encoder <init> (Ljava/nio/charset/Charset;)V 54 0 4698 0 0
ciMethod sun/nio/cs/UTF_8$Encoder isLegalReplacement ([B)Z 512 0 4698 0 0
ciMethodData java/lang/Object <init> ()V 2 2923752 orig 80 1 0 0 0 0 0 0 0 0 0 0 0 0 0 0 0 0 0 0 0 0 0 0 0 0 0 0 0 0 0 0 0 0 0 0 0 0 0 0 0 0 0 0 0 0 0 0 0 0 0 0 0 0 0 0 0 0 0 0 0 0 0 0 0 0 0 0 0 0 0 0 0 0 0 0 0 0 0 0 0 data 4 0x0 0x9 0x1 0x0 oops 0 methods 0
ciMethodData java/lang/String isLatin1 ()Z 2 1425958 orig 80 1 0 0 0 2 0 0 0 0 0 0 0 0 0 0 0 0 0 0 0 0 0 0 0 0 0 0 0 0 0 0 0 0 0 0 0 0 0 0 3 0 0 0 0 0 0 0 0 0 0 0 0 0 0 0 0 0 0 0 0 0 0 0 0 0 0 0 0 0 0 0 0 0 0 0 0 0 0 0 0 data 18 0x30007 0x0 0x58 0x15c224 0x80000006000a0007 0x610c 0x38 0x15611f 0xe0003 0x156120 0x18 0x0 0x0 0x0 0x0 0x9 0x1 0x0 oops 0 methods 0
ciMethodData java/lang/String equals (Ljava/lang/Object;)Z 2 16426 orig 80 1 0 0 0 0 0 0 0 0 0 0 0 0 0 0 0 0 0 0 0 0 0 0 0 0 0 0 0 0 0 0 0 0 0 0 0 0 0 0 1 0 0 0 0 0 0 0 0 0 0 0 0 0 0 0 0 0 0 0 0 0 0 0 0 0 0 0 0 0 0 0 0 0 0 0 0 0 0 0 0 data 49 0x20007 0x3ab5 0x20 0x577 0x80104 0xffffffffffffffff 0x0 0x1f402212168 0x3ab4 0x0 0x0 0xb0007 0x3 0xe0 0x3ab1 0xf0004 0x0 0x0 0x1f402212168 0x3ab2 0x0 0x0 0x160007 0x0 0x40 0x3ab2 0x8000000600210007 0x1 0x68 0x3ab2 0x2c0002 0x3ab1 0x2f0007 0x2836 0x38 0x1289 0x330003 0x1289 0x18 0x0 0x0 0x0 0x0 0x0 0x0 0x9 0x2 0x0 0x0 oops 2 7 java/lang/String 18 java/lang/String methods 0
ciMethodData java/lang/StringLatin1 canEncode (I)Z 2 74898 orig 80 0 0 0 0 0 0 0 0 0 0 0 0 0 0 0 0 0 0 0 0 0 0 0 0 0 0 0 0 0 0 0 0 0 0 0 0 0 0 0 0 1 0 0 0 0 0 0 0 0 0 0 0 0 0 0 0 0 0 0 0 0 0 0 0 0 0 0 0 0 0 0 0 0 0 0 0 0 0 0 0 data 15 0x8000000300010007 0x0 0x58 0x12493 0x80007 0x1 0x38 0x12492 0xc0003 0x12492 0x18 0x0 0x9 0x1 0x0 oops 0 methods 0
ciMethodData java/util/Objects requireNonNull (Ljava/lang/Object;Ljava/lang/String;)Ljava/lang/Object; 2 88809 orig 80 0 0 0 0 0 0 0 0 0 0 0 0 0 0 0 0 0 0 0 0 0 0 0 0 0 0 0 0 0 0 0 0 0 0 0 0 0 0 0 0 0 0 0 0 0 0 0 0 0 0 0 0 0 0 0 0 0 0 0 0 0 0 0 0 0 0 0 0 0 0 0 0 0 0 0 0 0 0 0 0 data 16 0x10007 0x15ae8 0x30 0x0 0x90002 0x0 0x0 0x0 0x0 0x0 0x0 0x0 0x9 0x2 0x0 0x0 oops 0 methods 0
ciMethodData java/lang/System getSecurityManager ()Ljava/lang/SecurityManager; 2 157803 orig 80 0 0 0 0 0 0 0 0 0 0 0 0 0 0 0 0 0 0 0 0 0 0 0 0 0 0 0 0 0 0 0 0 0 0 0 0 0 0 0 0 0 0 0 0 0 0 0 0 0 0 0 0 0 0 0 0 0 0 0 0 0 0 0 0 0 0 0 0 0 0 0 0 0 0 0 0 0 0 0 0 data 14 0x2 0x2686b 0x30007 0x2685c 0x20 0xf 0x0 0x0 0x0 0x0 0x0 0x0 0x9 0x0 oops 0 methods 0
ciMethodData java/lang/System allowSecurityManager ()Z 2 158507 orig 80 0 0 0 0 0 0 0 0 0 0 0 0 0 0 0 0 0 0 0 0 0 0 0 0 0 0 0 0 0 0 0 0 0 0 0 0 0 0 0 0 0 0 0 0 0 0 0 0 0 0 0 0 0 0 0 0 0 0 0 0 0 0 0 0 0 0 0 0 0 0 0 0 0 0 0 0 0 0 0 0 data 11 0x40007 0x26b1c 0x38 0xf 0x80003 0xf 0x18 0x0 0x0 0x9 0x0 oops 0 methods 0
ciMethodData java/lang/String <init> ([BB)V 2 46760 orig 80 0 0 0 0 0 0 0 0 0 0 0 0 0 0 0 0 0 0 0 0 0 0 0 0 0 0 0 0 0 0 0 0 0 0 0 0 0 0 0 0 0 0 0 0 0 0 0 0 0 0 0 0 0 0 0 0 0 0 0 0 0 0 0 0 0 0 0 0 0 0 0 0 0 0 0 0 0 0 0 0 data 11 0x10002 0xb6a7 0x0 0x0 0x0 0x0 0x9 0x3 0xc 0x0 0x0 oops 0 methods 0
ciMethodData java/util/Arrays copyOf ([BI)[B 2 6147 orig 80 0 0 0 0 0 0 0 0 0 0 0 0 0 0 0 0 0 0 0 0 0 0 0 0 0 0 0 0 0 0 0 0 0 0 0 0 0 0 0 0 0 0 0 0 0 0 0 0 0 0 0 0 0 0 0 0 0 0 0 0 0 0 0 0 0 0 0 0 0 0 0 0 0 0 0 0 0 0 0 0 data 32 0x30007 0x1562 0x90 0x2a1 0x70005 0x0 0x0 0x1f4022278e8 0x2a1 0x0 0x0 0xa0004 0x0 0x0 0x1f4022278e8 0x2a1 0x0 0x0 0x190002 0x1562 0x1c0002 0x1562 0x0 0x0 0x0 0x0 0x0 0x0 0x9 0x2 0xffffffffffffffff 0x0 oops 2 7 [B 14 [B methods 0
ciMethodData java/lang/CharacterDataLatin1 toLowerCase (I)I 2 15916 orig 80 1 0 0 0 1 0 0 0 0 0 0 0 0 0 0 0 0 0 0 0 0 0 0 0 0 0 0 0 0 0 0 0 0 0 0 0 0 0 0 3 0 0 0 0 0 0 0 0 0 0 0 0 0 0 0 0 0 0 0 0 0 0 0 0 0 0 0 0 0 0 0 0 0 0 0 0 0 0 0 0 data 27 0x30007 0x31dd 0x20 0xc4f 0x100007 0x2de5 0x80 0x3f8 0x8000000600170007 0x3f4 0x60 0x7 0x1e0007 0x0 0x40 0x7 0x250007 0x0 0x20 0x7 0x0 0x0 0x0 0x9 0x2 0x0 0x0 oops 0 methods 0
ciMethodData jdk/internal/misc/VM isBooted ()Z 2 11931 orig 80 0 0 0 0 0 0 0 0 0 0 0 0 0 0 0 0 0 0 0 0 0 0 0 0 0 0 0 0 0 0 0 0 0 0 0 0 0 0 0 0 0 0 0 0 0 0 0 0 0 0 0 0 0 0 0 0 0 0 0 0 0 0 0 0 0 0 0 0 0 0 0 0 0 0 0 0 0 0 0 0 data 11 0x40007 0x0 0x38 0x2e9b 0x80003 0x2e9b 0x18 0x0 0x0 0x9 0x0 oops 0 methods 0
ciMethodData java/util/concurrent/locks/ReentrantLock lock ()V 2 312932 orig 80 1 0 0 0 0 0 0 0 0 0 0 0 0 0 0 0 0 0 0 0 0 0 0 0 0 0 0 0 0 0 0 0 0 0 0 0 0 0 0 0 0 0 0 0 0 0 0 0 0 0 0 0 0 0 0 0 0 0 0 0 0 0 0 0 0 0 0 0 0 0 0 0 0 0 0 0 0 0 0 0 data 16 0x40005 0x4c665 0x0 0x0 0x0 0x0 0x0 0x0 0x0 0x0 0x0 0x0 0x0 0x9 0x1 0x0 oops 0 methods 0
ciMethodData java/util/concurrent/locks/ReentrantLock$Sync lock ()V 2 314160 orig 80 0 0 0 0 0 0 0 0 0 0 0 0 0 0 0 0 0 0 0 0 0 0 0 0 0 0 0 0 0 0 0 0 0 0 0 0 0 0 0 0 0 0 0 0 0 0 0 0 0 0 0 0 0 0 0 0 0 0 0 0 0 0 0 0 0 0 0 0 0 0 0 0 0 0 0 0 0 0 0 0 data 27 0x10005 0x0 0x0 0x1f44b31fb20 0x4cb31 0x0 0x0 0x40007 0x4cb1e 0x58 0x14 0x90005 0x14 0x0 0x0 0x0 0x0 0x0 0x0 0x0 0x0 0x0 0x0 0x0 0x9 0x1 0xffffffffffffffff oops 1 3 java/util/concurrent/locks/ReentrantLock$NonfairSync methods 0
ciMethodData java/util/concurrent/locks/ReentrantLock$NonfairSync initialTryLock ()Z 2 13578 orig 80 1 0 0 0 0 0 0 0 0 0 0 0 0 0 0 0 0 0 0 0 0 0 0 0 0 0 0 0 0 0 0 0 0 0 0 0 0 0 0 2 0 0 0 0 0 0 0 0 0 0 0 0 0 0 0 0 0 0 0 0 0 0 0 0 0 0 0 0 0 0 0 0 0 0 0 0 0 0 0 0 data 60 0x2 0x350b 0x70005 0x350b 0x0 0x0 0x0 0x0 0x0 0xa0007 0x1c8 0x58 0x3343 0xf0005 0x3343 0x0 0x0 0x0 0x0 0x0 0x150005 0x1c8 0x0 0x0 0x0 0x0 0x0 0x8000000600190007 0x9 0xc0 0x1c1 0x1d0005 0x1c1 0x0 0x0 0x0 0x0 0x0 0x240007 0x1c1 0x30 0x0 0x2d0002 0x0 0x330005 0x1c1 0x0 0x0 0x0 0x0 0x0 0x0 0x0 0x0 0x0 0x0 0x0 0x9 0x1 0x0 oops 0 methods 0
ciMethodData java/util/concurrent/locks/AbstractQueuedSynchronizer compareAndSetState (II)Z 2 6337 orig 80 1 0 0 0 0 0 0 0 0 0 0 0 0 0 0 0 0 0 0 0 0 0 0 0 0 0 0 0 0 0 0 0 0 0 0 0 0 0 0 0 0 0 0 0 0 0 0 0 0 0 0 0 0 0 0 0 0 0 0 0 0 0 0 0 0 0 0 0 0 0 0 0 0 0 0 0 0 0 0 0 data 18 0x90005 0xc96 0x0 0x0 0x0 0x0 0x0 0x0 0x0 0x0 0x0 0x0 0x0 0x9 0x3 0xffffffffffffffff 0x0 0x0 oops 0 methods 0
ciMethodData java/util/concurrent/locks/AbstractQueuedSynchronizer release (I)Z 2 338163 orig 80 1 0 0 0 0 0 0 0 0 0 0 0 0 0 0 0 0 0 0 0 0 0 0 4 0 0 0 0 0 0 0 0 0 0 0 0 0 0 0 0 0 0 0 0 0 0 0 0 0 0 0 0 0 0 0 0 0 0 0 0 0 0 0 0 0 0 0 0 0 0 0 0 0 0 0 0 0 0 0 0 data 23 0x8000000700020005 0x14a1 0x0 0x1f44b31fb20 0x51448 0x1f4024370c0 0xf 0x50007 0x27dc 0x30 0x5011c 0xc0002 0x5011c 0x0 0x0 0x0 0x0 0x0 0x0 0x9 0x2 0xffffffffffffffff 0x0 oops 2 3 java/util/concurrent/locks/ReentrantLock$NonfairSync 5 java/util/concurrent/locks/ReentrantReadWriteLock$FairSync methods 0
ciMethodData java/util/concurrent/locks/ReentrantLock$Sync tryRelease (I)Z 2 11642 orig 80 0 0 0 0 0 0 0 0 0 0 0 0 0 0 0 0 0 0 0 0 0 0 0 0 0 0 0 0 0 0 0 0 0 0 0 0 0 0 0 0 0 0 0 0 0 0 0 0 0 0 0 0 0 0 0 0 0 0 0 0 0 0 0 0 0 0 0 0 0 0 0 0 0 0 0 0 0 0 0 0 data 57 0x10005 0x2d7b 0x0 0x0 0x0 0x0 0x0 0x80005 0x2d7b 0x0 0x0 0x0 0x0 0x0 0xb0002 0x2d7b 0xe0007 0x2d7b 0x30 0x0 0x150002 0x0 0x1a0007 0x4e 0x38 0x2d2d 0x1e0003 0x2d2d 0x18 0x240007 0x4e 0x58 0x2d2d 0x290005 0x2d2d 0x0 0x0 0x0 0x0 0x0 0x2e0005 0x2d7b 0x0 0x0 0x0 0x0 0x0 0x0 0x0 0x0 0x0 0x0 0x0 0x9 0x2 0x0 0x0 oops 0 methods 0
ciMethodData java/util/concurrent/locks/AbstractQueuedSynchronizer signalNext (Ljava/util/concurrent/locks/AbstractQueuedSynchronizer$Node;)V 2 11824 orig 80 0 0 0 0 0 0 0 0 0 0 0 0 0 0 0 0 0 0 0 0 0 0 0 0 0 0 0 0 0 0 0 0 0 0 0 0 0 0 0 0 0 0 0 0 0 0 0 0 0 0 0 0 0 0 0 0 0 0 0 0 0 0 0 0 0 0 0 0 0 0 0 0 0 0 0 0 0 0 0 0 data 30 0x10007 0x2e30 0xa8 0x1 0xa0007 0x1 0x88 0x0 0x110007 0x0 0x68 0x0 0x160005 0x0 0x0 0x0 0x0 0x0 0x0 0x1e0002 0x0 0x0 0x0 0x0 0x0 0x0 0x0 0x9 0x1 0x0 oops 0 methods 0
ciMethodData java/util/concurrent/locks/ReentrantLock unlock ()V 2 327750 orig 80 0 0 0 0 0 0 0 0 0 0 0 0 0 0 0 0 0 0 0 0 0 0 0 0 0 0 0 0 0 0 0 0 0 0 0 0 0 0 0 0 0 0 0 0 0 0 0 0 0 0 0 0 0 0 0 0 0 0 0 0 0 0 0 0 0 0 0 0 0 0 0 0 0 0 0 0 0 0 0 0 data 16 0x50005 0x50047 0x0 0x0 0x0 0x0 0x0 0x0 0x0 0x0 0x0 0x0 0x0 0x9 0x1 0x0 oops 0 methods 0
ciMethodData jdk/internal/misc/InternalLock lock ()V 2 149762 orig 80 0 0 0 0 0 0 0 0 0 0 0 0 0 0 0 0 0 0 0 0 0 0 0 0 0 0 0 0 0 0 0 0 0 0 0 0 0 0 0 0 0 0 0 0 0 0 0 0 0 0 0 0 0 0 0 0 0 0 0 0 0 0 0 0 0 0 0 0 0 0 0 0 0 0 0 0 0 0 0 0 data 16 0x40005 0x0 0x0 0x1f44b31d900 0x24903 0x0 0x0 0x0 0x0 0x0 0x0 0x0 0x0 0x9 0x1 0x0 oops 1 3 java/util/concurrent/locks/ReentrantLock methods 0
ciMethodData jdk/internal/misc/InternalLock unlock ()V 2 149760 orig 80 0 0 0 0 0 0 0 0 0 0 0 0 0 0 0 0 0 0 0 0 0 0 0 0 0 0 0 0 0 0 0 0 0 0 0 0 0 0 0 0 0 0 0 0 0 0 0 0 0 0 0 0 0 0 0 0 0 0 0 0 0 0 0 0 0 0 0 0 0 0 0 0 0 0 0 0 0 0 0 0 data 16 0x40005 0x0 0x0 0x1f44b31d900 0x24901 0x0 0x0 0x0 0x0 0x0 0x0 0x0 0x0 0x9 0x1 0x0 oops 1 3 java/util/concurrent/locks/ReentrantLock methods 0
ciMethodData java/lang/Thread isVirtual ()Z 2 48376 orig 80 0 0 0 0 0 0 0 0 0 0 0 0 0 0 0 0 0 0 0 0 0 0 0 0 0 0 0 0 0 0 0 0 0 0 0 0 0 0 0 0 0 0 0 0 0 0 0 0 0 0 0 0 0 0 0 0 0 0 0 0 0 0 0 0 0 0 0 0 0 0 0 0 0 0 0 0 0 0 0 0 data 16 0x10004 0xffffffffffff4309 0x0 0x1f402213418 0xc0 0x1f44be58f68 0x43 0x0 0x0 0x0 0x0 0x0 0x0 0x9 0x1 0x0 oops 2 3 java/lang/Thread 5 java/awt/EventDispatchThread methods 0
ciMethod com/google/api/client/json/JsonFactory createJsonGenerator (Ljava/io/OutputStream;Ljava/nio/charset/Charset;)Lcom/google/api/client/json/JsonGenerator; 0 0 1 0 -1
ciMethod com/google/api/client/json/gson/GsonFactory createJsonGenerator (Ljava/io/OutputStream;Ljava/nio/charset/Charset;)Lcom/google/api/client/json/JsonGenerator; 512 0 3311 0 0
ciMethod com/google/api/client/json/gson/GsonFactory createJsonGenerator (Ljava/io/Writer;)Lcom/google/api/client/json/JsonGenerator; 512 0 3311 0 0
ciMethodData java/util/TreeMap getEntry (Ljava/lang/Object;)Ljava/util/TreeMap$Entry; 2 5380 orig 80 1 0 0 0 0 0 0 0 0 0 0 0 0 0 0 0 0 0 0 0 0 0 0 0 0 0 0 0 0 0 0 0 0 0 0 0 0 0 0 0 0 0 0 0 0 0 0 0 0 0 0 0 0 0 0 0 0 0 0 0 0 0 0 0 0 0 0 0 0 0 0 0 0 0 0 0 0 0 0 0 data 58 0x40007 0xb8b 0x58 0x979 0x90005 0x979 0x0 0x0 0x0 0x0 0x0 0xe0002 0xb8b 0x130004 0x0 0x0 0x1f402212168 0xb8b 0x0 0x0 0x1d0007 0x313 0xe0 0x1504 0x250005 0x0 0x0 0x1f402212168 0x1504 0x0 0x0 0x2e0007 0x12a7 0x38 0x25d 0x360003 0x25d 0x50 0x3b0007 0x878 0x38 0xa2f 0x430003 0xa2f 0x18 0x480003 0xc8c 0xffffffffffffff38 0x0 0x0 0x0 0x0 0x0 0x0 0x9 0x2 0x0 0xffffffffffffffff oops 2 16 java/lang/String 27 java/lang/String methods 0
ciMethod java/net/URLConnection connect ()V 0 0 1 0 -1
ciMethod java/net/URLConnection getOutputStream ()Ljava/io/OutputStream; 0 0 1 0 -1
ciMethod java/net/URLConnection setDoOutput (Z)V 512 0 2677 0 0
ciMethod java/net/URLConnection setRequestProperty (Ljava/lang/String;Ljava/lang/String;)V 0 0 1 0 -1
ciMethod java/net/URLConnection addRequestProperty (Ljava/lang/String;Ljava/lang/String;)V 0 0 1 0 -1
ciMethod java/net/URLConnection checkConnected ()V 512 0 2693 0 0
ciMethod sun/net/www/MessageHeader findValue (Ljava/lang/String;)Ljava/lang/String; 490 4120 2188 0 -1
ciMethod sun/net/www/MessageHeader add (Ljava/lang/String;Ljava/lang/String;)V 512 0 28519 0 -1
ciMethod sun/net/www/MessageHeader set (Ljava/lang/String;Ljava/lang/String;)V 60 306 2790 0 -1
ciMethodData java/lang/StringLatin1 toLowerCase (Ljava/lang/String;[BLjava/util/Locale;)Ljava/lang/String; 2 4734 orig 80 1 0 0 0 0 0 0 0 0 0 0 0 0 0 0 0 0 0 0 0 0 0 0 0 0 0 0 0 0 0 0 0 0 0 0 0 0 0 0 0 0 0 0 0 0 0 0 0 0 0 0 0 0 0 0 0 0 0 0 0 0 0 0 0 0 0 0 0 0 0 0 0 0 0 0 0 0 0 0 0 data 89 0x10007 0x127f 0x30 0x0 0x80002 0x0 0x150007 0xd3 0xa8 0x174c 0x280005 0x0 0x0 0x1f402d72948 0x174c 0x0 0x0 0x2b0007 0x5a0 0x38 0x11ac 0x2e0003 0x11ac 0x30 0x340003 0x5a0 0xffffffffffffff70 0x3a0007 0x11ac 0x20 0xd3 0x400005 0x11ac 0x0 0x0 0x0 0x0 0x0 0x490007 0x0 0x60 0x11ac 0x500007 0x0 0x40 0x11ac 0x570007 0x11ac 0x30 0x0 0x5f0002 0x0 0x6f0002 0x11ac 0x790007 0x11ad 0xb0 0xded8 0x8b0005 0x0 0x0 0x1f402d72948 0xded8 0x0 0x0 0x920002 0xded9 0x950007 0xded9 0x30 0x0 0x9d0002 0x0 0xac0003 0xded9 0xffffffffffffff68 0xb60002 0x11ad 0x0 0x0 0x0 0x0 0x0 0x0 0x9 0x3 0x0 0x0 0x0 oops 2 13 java/lang/CharacterDataLatin1 61 java/lang/CharacterDataLatin1 methods 0
ciMethodData java/util/Locale getLanguage ()Ljava/lang/String; 2 8062 orig 80 0 0 0 0 0 0 0 0 0 0 0 0 0 0 0 0 0 0 0 0 0 0 0 0 0 0 0 0 0 0 0 0 0 0 0 0 0 0 0 0 0 0 0 0 0 0 0 0 0 0 0 0 0 0 0 0 0 0 0 0 0 0 0 0 0 0 0 0 0 0 0 0 0 0 0 0 0 0 0 0 data 16 0x40005 0x1f7e 0x0 0x0 0x0 0x0 0x0 0x0 0x0 0x0 0x0 0x0 0x0 0x9 0x1 0x0 oops 0 methods 0
ciMethodData java/lang/String toLowerCase (Ljava/util/Locale;)Ljava/lang/String; 2 91967 orig 80 1 0 0 0 0 0 0 0 0 0 0 0 0 0 0 0 0 0 0 0 0 0 0 0 0 0 0 0 0 0 0 0 0 0 0 0 0 0 0 1 0 0 0 0 0 0 0 0 0 0 0 0 0 0 0 0 0 0 0 0 0 0 0 0 0 0 0 0 0 0 0 0 0 0 0 0 0 0 0 0 data 28 0x10005 0x16740 0x0 0x0 0x0 0x0 0x0 0x8000000600040007 0x214 0x48 0x1652d 0xd0002 0x1652d 0x100003 0x1652d 0x28 0x190002 0x214 0x0 0x0 0x0 0x0 0x0 0x0 0x9 0x2 0xffffffffffffffff 0xffffffffffffffff oops 0 methods 0
ciMethodData java/nio/Buffer position (I)Ljava/nio/Buffer; 2 5238 orig 80 0 0 0 0 0 0 0 0 0 0 0 0 0 0 0 0 0 0 0 0 0 0 0 0 0 0 0 0 0 0 0 0 0 0 0 0 0 0 0 0 0 0 0 0 0 0 0 0 0 0 0 0 0 0 0 0 0 0 0 0 0 0 0 0 0 0 0 0 0 0 0 0 0 0 0 0 0 0 0 0 data 39 0x50007 0x1476 0x38 0x0 0x90003 0x0 0x18 0xe0007 0x1476 0x38 0x0 0x120003 0x0 0x18 0x170007 0x1476 0x58 0x0 0x1c0005 0x0 0x0 0x0 0x0 0x0 0x0 0x250007 0x1476 0x20 0x0 0x0 0x0 0x0 0x0 0x0 0x0 0x9 0x2 0xe 0x0 oops 0 methods 0
ciMethodData java/nio/ByteBuffer position (I)Ljava/nio/ByteBuffer; 2 24187 orig 80 0 0 0 0 0 0 0 0 0 0 0 0 0 0 0 0 0 0 0 0 0 0 0 0 0 0 0 0 0 0 0 0 0 0 0 0 0 0 0 0 0 0 0 0 0 0 0 0 0 0 0 0 0 0 0 0 0 0 0 0 0 0 0 0 0 0 0 0 0 0 0 0 0 0 0 0 0 0 0 0 data 9 0x20002 0x5e7b 0x0 0x0 0x0 0x9 0x2 0xe 0x0 oops 0 methods 0
ciMethodData java/nio/Buffer limit (I)Ljava/nio/Buffer; 2 5195 orig 80 0 0 0 0 0 0 0 0 0 0 0 0 0 0 0 0 0 0 0 0 0 0 0 0 0 0 0 0 0 0 0 0 0 0 0 0 0 0 0 0 0 0 0 0 0 0 0 0 0 0 0 0 0 0 0 0 0 0 0 0 0 0 0 0 0 0 0 0 0 0 0 0 0 0 0 0 0 0 0 0 data 43 0x50007 0x144b 0x38 0x0 0x90003 0x0 0x18 0xe0007 0x144b 0x38 0x0 0x120003 0x0 0x18 0x170007 0x144b 0x58 0x0 0x1c0005 0x0 0x0 0x0 0x0 0x0 0x0 0x2a0007 0x144a 0x20 0x1 0x370007 0x144b 0x20 0x0 0x0 0x0 0x0 0x0 0x0 0x0 0x9 0x2 0x1e 0x0 oops 0 methods 0
ciMethodData java/nio/Buffer <init> (IIIILjava/lang/foreign/MemorySegment;)V 2 10246 orig 80 1 0 0 0 0 0 0 0 0 0 0 0 0 0 0 0 0 0 0 0 0 0 0 0 0 0 0 0 0 0 0 0 0 0 0 0 0 0 0 1 0 0 0 0 0 0 0 0 0 0 0 0 0 0 0 0 0 0 0 0 0 0 0 0 0 0 0 0 0 0 0 0 0 0 0 0 0 0 0 0 data 90 0x10002 0x2806 0x100007 0x2806 0x30 0x0 0x150002 0x0 0x270005 0x12f9 0x0 0x1f402c10818 0x137f 0x1f402c16248 0x18e 0x2d0005 0x12f9 0x0 0x1f402c10818 0x137f 0x1f402c16248 0x18e 0x8000000600320007 0x2802 0x1b0 0x5 0x370007 0x5 0x190 0x0 0x420002 0x0 0x470005 0x0 0x0 0x0 0x0 0x0 0x0 0x4b0005 0x0 0x0 0x0 0x0 0x0 0x0 0x500005 0x0 0x0 0x0 0x0 0x0 0x0 0x540005 0x0 0x0 0x0 0x0 0x0 0x0 0x590005 0x0 0x0 0x0 0x0 0x0 0x0 0x5c0005 0x0 0x0 0x0 0x0 0x0 0x0 0x5f0002 0x0 0x0 0x0 0x0 0x0 0x0 0x0 0x9 0x6 0xffffffffffffffff 0x0 0x0 0x0 0x0 0x0 oops 4 11 java/nio/HeapByteBuffer 13 java/nio/ByteBufferAsIntBufferB 18 java/nio/HeapByteBuffer 20 java/nio/ByteBufferAsIntBufferB methods 0
ciMethodData java/nio/ByteBuffer limit (I)Ljava/nio/ByteBuffer; 2 13800 orig 80 0 0 0 0 0 0 0 0 0 0 0 0 0 0 0 0 0 0 0 0 0 0 0 0 0 0 0 0 0 0 0 0 0 0 0 0 0 0 0 0 0 0 0 0 0 0 0 0 0 0 0 0 0 0 0 0 0 0 0 0 0 0 0 0 0 0 0 0 0 0 0 0 0 0 0 0 0 0 0 0 data 9 0x20002 0x35e8 0x0 0x0 0x0 0x9 0x2 0x1e 0x0 oops 0 methods 0
ciMethodData java/nio/ByteBuffer <init> (IIII[BILjava/lang/foreign/MemorySegment;)V 2 5123 orig 80 0 0 0 0 0 0 0 0 0 0 0 0 0 0 0 0 0 0 0 0 0 0 0 0 0 0 0 0 0 0 0 0 0 0 0 0 0 0 0 0 0 0 0 0 0 0 0 0 0 0 0 0 0 0 0 0 0 0 0 0 0 0 0 0 0 0 0 0 0 0 0 0 0 0 0 0 0 0 0 0 data 27 0x80002 0x1403 0x110002 0x1403 0x170007 0x1403 0x38 0x0 0x1b0003 0x0 0x18 0x0 0x0 0x0 0x0 0x0 0x0 0x9 0x8 0xffffffffffffffff 0x0 0x0 0x0 0x0 0x0 0x0 0x0 oops 0 methods 0
ciMethodData java/nio/ByteOrder nativeOrder ()Ljava/nio/ByteOrder; 2 10322 orig 80 0 0 0 0 0 0 0 0 0 0 0 0 0 0 0 0 0 0 0 0 0 0 0 0 0 0 0 0 0 0 0 0 0 0 0 0 0 0 0 0 0 0 0 0 0 0 0 0 0 0 0 0 0 0 0 0 0 0 0 0 0 0 0 0 0 0 0 0 0 0 0 0 0 0 0 0 0 0 0 0 data 4 0x0 0x0 0x9 0x0 oops 0 methods 0
ciMethodData java/nio/ByteBuffer position (I)Ljava/nio/Buffer; 2 5120 orig 80 0 0 0 0 0 0 0 0 0 0 0 0 0 0 0 0 0 0 0 0 0 0 0 0 0 0 0 0 0 0 0 0 0 0 0 0 0 0 0 0 0 0 0 0 0 0 0 0 0 0 0 0 0 0 0 0 0 0 0 0 0 0 0 0 0 0 0 0 0 0 0 0 0 0 0 0 0 0 0 0 data 17 0x20005 0x0 0x0 0x1f402c10818 0x1400 0x0 0x0 0x0 0x0 0x0 0x0 0x0 0x0 0x9 0x2 0x0 0x0 oops 1 3 java/nio/HeapByteBuffer methods 0
ciMethodData java/nio/ByteBuffer limit (I)Ljava/nio/Buffer; 2 5122 orig 80 0 0 0 0 0 0 0 0 0 0 0 0 0 0 0 0 0 0 0 0 0 0 0 0 0 0 0 0 0 0 0 0 0 0 0 0 0 0 0 0 0 0 0 0 0 0 0 0 0 0 0 0 0 0 0 0 0 0 0 0 0 0 0 0 0 0 0 0 0 0 0 0 0 0 0 0 0 0 0 0 data 17 0x20005 0x0 0x0 0x1f402c10818 0x1402 0x0 0x0 0x0 0x0 0x0 0x0 0x0 0x0 0x9 0x2 0x0 0x0 oops 1 3 java/nio/HeapByteBuffer methods 0
ciMethodData java/nio/ByteBuffer allocate (I)Ljava/nio/ByteBuffer; 2 5123 orig 80 0 0 0 0 0 0 0 0 0 0 0 0 0 0 0 0 0 0 0 0 0 0 0 0 0 0 0 0 0 0 0 0 0 0 0 0 0 0 0 0 0 0 0 0 0 0 0 0 0 0 0 0 0 0 0 0 0 0 0 0 0 0 0 0 0 0 0 0 0 0 0 0 0 0 0 0 0 0 0 0 data 17 0x10007 0x1404 0x30 0x0 0x50002 0x0 0x100002 0x1404 0x0 0x0 0x0 0x0 0x0 0x0 0x9 0x1 0x0 oops 0 methods 0
ciMethodData java/nio/HeapByteBuffer <init> (IILjava/lang/foreign/MemorySegment;)V 2 5123 orig 80 0 0 0 0 0 0 0 0 0 0 0 0 0 0 0 0 0 0 0 0 0 0 0 0 0 0 0 0 0 0 0 0 0 0 0 0 0 0 0 0 0 0 0 0 0 0 0 0 0 0 0 0 0 0 0 0 0 0 0 0 0 0 0 0 0 0 0 0 0 0 0 0 0 0 0 0 0 0 0 0 data 12 0xa0002 0x1404 0x0 0x0 0x0 0x0 0x9 0x4 0x0 0x0 0x0 0x0 oops 0 methods 0
ciMethod java/security/PrivilegedActionException getException ()Ljava/lang/Exception; 0 0 1 0 -1
ciMethodData java/nio/charset/Charset forName (Ljava/lang/String;)Ljava/nio/charset/Charset; 2 30160 orig 80 0 0 0 0 0 0 0 0 0 0 0 0 0 0 0 0 0 0 0 0 0 0 0 0 0 0 0 0 0 0 0 0 0 0 0 0 0 0 0 0 0 0 0 0 0 0 0 0 0 0 0 0 0 0 0 0 0 0 0 0 0 0 0 0 0 0 0 0 0 0 0 0 0 0 0 0 0 0 0 0 data 17 0x10002 0x75d1 0x60007 0x0 0x20 0x75d1 0x100002 0x0 0x0 0x0 0x0 0x0 0x0 0x0 0x9 0x1 0x0 oops 0 methods 0
ciMethodData jdk/internal/ref/CleanerFactory cleaner ()Ljava/lang/ref/Cleaner; 2 8361 orig 80 0 0 0 0 0 0 0 0 0 0 0 0 0 0 0 0 0 0 0 0 0 0 0 0 0 0 0 0 0 0 0 0 0 0 0 0 0 0 0 0 0 0 0 0 0 0 0 0 0 0 0 0 0 0 0 0 0 0 0 0 0 0 0 0 0 0 0 0 0 0 0 0 0 0 0 0 0 0 0 0 data 4 0x0 0x0 0x9 0x0 oops 0 methods 0
ciMethodData java/lang/ref/Cleaner register (Ljava/lang/Object;Ljava/lang/Runnable;)Ljava/lang/ref/Cleaner$Cleanable; 2 5120 orig 80 0 0 0 0 0 0 0 0 0 0 0 0 0 0 0 0 0 0 0 0 0 0 0 0 0 0 0 0 0 0 0 0 0 0 0 0 0 0 0 0 0 0 0 0 0 0 0 0 0 0 0 0 0 0 0 0 0 0 0 0 0 0 0 0 0 0 0 0 0 0 0 0 0 0 0 0 0 0 0 0 data 17 0x30002 0x1400 0xa0002 0x1400 0x150002 0x1400 0x0 0x0 0x0 0x0 0x0 0x0 0x9 0x3 0xffffffffffffffff 0x0 0x0 oops 0 methods 0
ciMethodData jdk/internal/ref/CleanerImpl$PhantomCleanableRef <init> (Ljava/lang/Object;Ljava/lang/ref/Cleaner;Ljava/lang/Runnable;)V 2 5120 orig 80 0 0 0 0 0 0 0 0 0 0 0 0 0 0 0 0 0 0 0 0 0 0 0 0 0 0 0 0 0 0 0 0 0 0 0 0 0 0 0 0 0 0 0 0 0 0 0 0 0 0 0 0 0 0 0 0 0 0 0 0 0 0 0 0 0 0 0 0 0 0 0 0 0 0 0 0 0 0 0 0 data 12 0x30002 0x1400 0x0 0x0 0x0 0x0 0x9 0x4 0x3e 0x0 0xffffffffffffffff 0x0 oops 0 methods 0
ciMethodData java/util/concurrent/locks/ReentrantLock <init> ()V 2 35523 orig 80 0 0 0 0 0 0 0 0 0 0 0 0 0 0 0 0 0 0 0 0 0 0 0 0 0 0 0 0 0 0 0 0 0 0 0 0 0 0 0 0 0 0 0 0 0 0 0 0 0 0 0 0 0 0 0 0 0 0 0 0 0 0 0 0 0 0 0 0 0 0 0 0 0 0 0 0 0 0 0 0 data 11 0x10002 0x8ac3 0x90002 0x8ac3 0x0 0x0 0x0 0x0 0x9 0x1 0x6 oops 0 methods 0
ciMethodData java/util/concurrent/locks/ReentrantLock$NonfairSync <init> ()V 2 35523 orig 80 0 0 0 0 0 0 0 0 0 0 0 0 0 0 0 0 0 0 0 0 0 0 0 0 0 0 0 0 0 0 0 0 0 0 0 0 0 0 0 0 0 0 0 0 0 0 0 0 0 0 0 0 0 0 0 0 0 0 0 0 0 0 0 0 0 0 0 0 0 0 0 0 0 0 0 0 0 0 0 0 data 7 0x10002 0x8ac3 0x0 0x0 0x9 0x1 0x0 oops 0 methods 0
ciMethodData java/util/concurrent/locks/ReentrantLock$Sync <init> ()V 2 35523 orig 80 0 0 0 0 0 0 0 0 0 0 0 0 0 0 0 0 0 0 0 0 0 0 0 0 0 0 0 0 0 0 0 0 0 0 0 0 0 0 0 0 0 0 0 0 0 0 0 0 0 0 0 0 0 0 0 0 0 0 0 0 0 0 0 0 0 0 0 0 0 0 0 0 0 0 0 0 0 0 0 0 data 7 0x10002 0x8ac3 0x0 0x0 0x9 0x1 0x0 oops 0 methods 0
ciMethodData java/util/concurrent/locks/AbstractQueuedSynchronizer <init> ()V 2 35534 orig 80 0 0 0 0 0 0 0 0 0 0 0 0 0 0 0 0 0 0 0 0 0 0 0 0 0 0 0 0 0 0 0 0 0 0 0 0 0 0 0 0 0 0 0 0 0 0 0 0 0 0 0 0 0 0 0 0 0 0 0 0 0 0 0 0 0 0 0 0 0 0 0 0 0 0 0 0 0 0 0 0 data 7 0x10002 0x8ace 0x0 0x0 0x9 0x1 0x0 oops 0 methods 0
ciMethodData java/util/concurrent/locks/AbstractOwnableSynchronizer <init> ()V 2 35534 orig 80 0 0 0 0 0 0 0 0 0 0 0 0 0 0 0 0 0 0 0 0 0 0 0 0 0 0 0 0 0 0 0 0 0 0 0 0 0 0 0 0 0 0 0 0 0 0 0 0 0 0 0 0 0 0 0 0 0 0 0 0 0 0 0 0 0 0 0 0 0 0 0 0 0 0 0 0 0 0 0 0 data 7 0x10002 0x8ace 0x0 0x0 0x9 0x1 0x0 oops 0 methods 0
ciMethodData java/io/BufferedOutputStream write ([BII)V 2 16386 orig 80 2 0 0 0 0 0 0 0 0 0 0 0 0 0 0 0 0 0 0 0 0 0 0 0 0 0 0 0 0 0 0 0 0 0 0 0 0 0 0 1 0 0 0 0 0 0 0 0 0 0 0 0 0 0 0 0 0 0 0 0 0 0 0 0 0 0 0 0 0 0 0 0 0 0 0 0 0 0 0 0 data 60 0x8000000600040007 0x666 0x130 0x399d 0xb0005 0x0 0x0 0x1f44b3110b0 0x399d 0x0 0x0 0x120005 0x399d 0x0 0x0 0x0 0x0 0x0 0x190005 0x0 0x0 0x1f44b3110b0 0x399e 0x0 0x0 0x1c0003 0x399e 0x50 0x250005 0x0 0x0 0x0 0x0 0x0 0x0 0x2b0003 0x399e 0x68 0x370005 0x666 0x0 0x0 0x0 0x0 0x0 0x3d0003 0x666 0x18 0x0 0x0 0x0 0x0 0x0 0x0 0x9 0x4 0x0 0x0 0x0 0x0 oops 2 7 jdk/internal/misc/InternalLock 21 jdk/internal/misc/InternalLock methods 0
ciMethodData java/io/BufferedOutputStream implWrite ([BII)V 2 11267 orig 80 1 0 0 0 0 0 0 0 0 0 0 0 0 0 0 0 0 0 0 0 0 0 0 0 0 0 0 0 0 0 0 0 0 0 0 0 0 0 0 2 0 0 0 0 0 0 0 0 0 0 0 0 0 0 0 0 0 0 0 0 0 0 0 0 0 0 0 0 0 0 0 0 0 0 0 0 0 0 0 0 data 50 0x8000000600050007 0x2c03 0x90 0x2 0x90005 0x2 0x0 0x0 0x0 0x0 0x0 0x130005 0x0 0x0 0x1f44c9fdef8 0x2 0x0 0x0 0x190005 0x2c03 0x0 0x0 0x0 0x0 0x0 0x270007 0x2c03 0x58 0x0 0x2b0005 0x0 0x0 0x0 0x0 0x0 0x0 0x390002 0x2c03 0x0 0x0 0x0 0x0 0x0 0x0 0x9 0x4 0x38 0xffffffffffffffff 0x0 0x0 oops 1 14 java/io/FileOutputStream methods 0
ciMethodData java/io/BufferedOutputStream growIfNeeded (I)V 2 5123 orig 80 0 0 0 0 0 0 0 0 0 0 0 0 0 0 0 0 0 0 0 0 0 0 0 0 0 0 0 0 0 0 0 0 0 0 0 0 0 0 0 0 0 0 0 0 0 0 0 0 0 0 0 0 0 0 0 0 0 0 0 0 0 0 0 0 0 0 0 0 0 0 0 0 0 0 0 0 0 0 0 0 data 26 0xa0007 0x1403 0x20 0x0 0x180007 0x1403 0x60 0x0 0x200007 0x0 0x40 0x0 0x280002 0x0 0x340002 0x0 0x0 0x0 0x0 0x0 0x0 0x0 0x9 0x2 0x30 0x0 oops 0 methods 0
ciMethodData java/io/OutputStream <init> ()V 2 36393 orig 80 0 0 0 0 0 0 0 0 0 0 0 0 0 0 0 0 0 0 0 0 0 0 0 0 0 0 0 0 0 0 0 0 0 0 0 0 0 0 0 0 0 0 0 0 0 0 0 0 0 0 0 0 0 0 0 0 0 0 0 0 0 0 0 0 0 0 0 0 0 0 0 0 0 0 0 0 0 0 0 0 data 7 0x10002 0x8e29 0x0 0x0 0x9 0x1 0x0 oops 0 methods 0
ciMethodData java/util/TreeMap get (Ljava/lang/Object;)Ljava/lang/Object; 2 17027 orig 80 0 0 0 0 0 0 0 0 0 0 0 0 0 0 0 0 0 0 0 0 0 0 0 0 0 0 0 0 0 0 0 0 0 0 0 0 0 0 0 0 0 0 0 0 0 0 0 0 0 0 0 0 0 0 0 0 0 0 0 0 0 0 0 0 0 0 0 0 0 0 0 0 0 0 0 0 0 0 0 0 data 24 0x20005 0x4283 0x0 0x0 0x0 0x0 0x0 0x70007 0x4054 0x38 0x22f 0xb0003 0x22f 0x18 0x0 0x0 0x0 0x0 0x0 0x0 0x9 0x2 0x0 0x0 oops 0 methods 0
ciMethodData java/io/FilterOutputStream <init> (Ljava/io/OutputStream;)V 2 19303 orig 80 0 0 0 0 0 0 0 0 0 0 0 0 0 0 0 0 0 0 0 0 0 0 0 0 0 0 0 0 0 0 0 0 0 0 0 0 0 0 0 0 0 0 0 0 0 0 0 0 0 0 0 0 0 0 0 0 0 0 0 0 0 0 0 0 0 0 0 0 0 0 0 0 0 0 0 0 0 0 0 0 data 12 0x10002 0x4b67 0x90002 0x4b67 0x0 0x0 0x0 0x0 0x9 0x2 0xc 0x0 oops 0 methods 0
ciMethodData java/io/BufferedOutputStream <init> (Ljava/io/OutputStream;)V 2 2924 orig 80 0 0 0 0 0 0 0 0 0 0 0 0 0 0 0 0 0 0 0 0 0 0 0 0 0 0 0 0 0 0 0 0 0 0 0 0 0 0 0 0 0 0 0 0 0 0 0 0 0 0 0 0 0 0 0 0 0 0 0 0 0 0 0 0 0 0 0 0 0 0 0 0 0 0 0 0 0 0 0 0 data 14 0x20002 0xb6c 0x80002 0xb6c 0x0 0x0 0x0 0x0 0x0 0x0 0x9 0x2 0x3c 0x0 oops 0 methods 0
ciMethodData java/io/BufferedOutputStream initialBufferSize ()I 2 2924 orig 80 0 0 0 0 0 0 0 0 0 0 0 0 0 0 0 0 0 0 0 0 0 0 0 0 0 0 0 0 0 0 0 0 0 0 0 0 0 0 0 0 0 0 0 0 0 0 0 0 0 0 0 0 0 0 0 0 0 0 0 0 0 0 0 0 0 0 0 0 0 0 0 0 0 0 0 0 0 0 0 0 data 27 0x2 0xb6c 0x30007 0x0 0x88 0xb6c 0x60002 0xb6c 0x90005 0xb6c 0x0 0x0 0x0 0x0 0x0 0xc0007 0xb6c 0x20 0x0 0x0 0x0 0x0 0x0 0x0 0x0 0x9 0x0 oops 0 methods 0
ciMethodData java/io/BufferedOutputStream <init> (Ljava/io/OutputStream;II)V 2 2924 orig 80 0 0 0 0 0 0 0 0 0 0 0 0 0 0 0 0 0 0 0 0 0 0 0 0 0 0 0 0 0 0 0 0 0 0 0 0 0 0 0 0 0 0 0 0 0 0 0 0 0 0 0 0 0 0 0 0 0 0 0 0 0 0 0 0 0 0 0 0 0 0 0 0 0 0 0 0 0 0 0 0 data 36 0x20002 0xb6c 0x60007 0xb6c 0x30 0x0 0xf0002 0x0 0x140005 0xb6c 0x0 0x0 0x0 0x0 0x0 0x190007 0x8f8 0x48 0x274 0x1d0002 0x274 0x2a0003 0x274 0x18 0x0 0x0 0x0 0x0 0x0 0x0 0x9 0x4 0x3c 0x0 0x0 0x0 oops 0 methods 0
ciMethodData java/util/zip/CRC32 <init> ()V 2 8269 orig 80 0 0 0 0 0 0 0 0 0 0 0 0 0 0 0 0 0 0 0 0 0 0 0 0 0 0 0 0 0 0 0 0 0 0 0 0 0 0 0 0 0 0 0 0 0 0 0 0 0 0 0 0 0 0 0 0 0 0 0 0 0 0 0 0 0 0 0 0 0 0 0 0 0 0 0 0 0 0 0 0 data 7 0x10002 0x204d 0x0 0x0 0x9 0x1 0x0 oops 0 methods 0
ciMethod com/google/gson/stream/JsonWriter <init> (Ljava/io/Writer;)V 768 0 3311 0 -1
ciMethod com/google/gson/stream/JsonWriter flush ()V 1024 0 3311 0 -1
ciMethod com/google/api/client/util/StreamingContent writeTo (Ljava/io/OutputStream;)V 0 0 1 0 -1
ciMethodData com/google/api/client/http/javanet/NetHttpRequest addHeader (Ljava/lang/String;Ljava/lang/String;)V 2 10039 orig 80 0 0 0 0 0 0 0 0 0 0 0 0 0 0 0 0 0 0 0 0 0 0 0 0 0 0 0 0 0 0 0 0 0 0 0 0 0 0 0 0 0 0 0 0 0 0 0 0 0 0 0 0 0 0 0 0 0 0 0 0 0 0 0 0 0 0 0 0 0 0 0 0 0 0 0 0 0 0 0 0 data 18 0x60005 0x0 0x0 0x1f402c4e378 0x2737 0x0 0x0 0x0 0x0 0x0 0x0 0x0 0x0 0x9 0x3 0x0 0x0 0x0 oops 1 3 sun/net/www/protocol/https/HttpsURLConnectionImpl methods 0
ciMethod com/google/api/client/http/LowLevelHttpRequest getContentLength ()J 256 0 128 0 0
ciMethod com/google/api/client/http/LowLevelHttpRequest getContentEncoding ()Ljava/lang/String; 6 0 3 0 0
ciMethod com/google/api/client/http/LowLevelHttpRequest getContentType ()Ljava/lang/String; 6 0 3 0 0
ciMethod com/google/api/client/http/LowLevelHttpRequest getStreamingContent ()Lcom/google/api/client/util/StreamingContent; 256 0 128 0 0
ciMethod com/google/api/client/http/javanet/NetHttpRequest addHeader (Ljava/lang/String;Ljava/lang/String;)V 512 0 10295 0 0
ciMethod com/google/api/client/http/javanet/NetHttpRequest execute (Lcom/google/api/client/http/javanet/NetHttpRequest$OutputWriter;)Lcom/google/api/client/http/LowLevelHttpResponse; 1024 0 9728 0 -1
ciMethod com/google/api/client/http/javanet/NetHttpRequest hasResponse (Ljava/net/HttpURLConnection;)Z 0 0 1 0 0
ciMethod com/google/api/client/http/javanet/NetHttpRequest writeContentToOutputStream (Lcom/google/api/client/http/javanet/NetHttpRequest$OutputWriter;Ljava/io/OutputStream;)V 6 0 2676 0 0
ciMethod com/google/api/client/json/JsonGenerator flush ()V 0 0 1 0 -1
ciMethod com/google/api/client/json/JsonGenerator writeStartObject ()V 0 0 1 0 -1
ciMethod com/google/api/client/json/JsonGenerator writeEndObject ()V 0 0 1 0 -1
ciMethod com/google/api/client/json/JsonGenerator writeFieldName (Ljava/lang/String;)V 0 0 1 0 -1
ciMethod com/google/api/client/json/JsonGenerator serialize (Ljava/lang/Object;)V 1024 0 3311 0 0
ciMethod com/google/api/client/json/JsonGenerator serialize (ZLjava/lang/Object;)V 516 398 5380 0 -1
ciMethod com/google/api/client/json/gson/GsonGenerator <init> (Lcom/google/api/client/json/gson/GsonFactory;Lcom/google/gson/stream/JsonWriter;)V 768 0 3311 0 -1
ciMethod com/google/api/client/json/gson/GsonGenerator flush ()V 1024 0 3311 0 0
ciMethod com/google/api/client/util/Preconditions checkArgument (ZLjava/lang/String;[Ljava/lang/Object;)V 1024 0 21426 0 -1
ciMethod com/google/api/client/util/Data isNull (Ljava/lang/Object;)Z 516 0 29836 0 -1
ciMethod com/google/api/client/util/Data mapOf (Ljava/lang/Object;)Ljava/util/Map; 512 0 5376 0 752
ciMethod com/google/api/client/util/Types iterableOf (Ljava/lang/Object;)Ljava/lang/Iterable; 516 0 5507 0 208
ciMethod com/google/api/client/util/FieldInfo of (Ljava/lang/Enum;)Lcom/google/api/client/util/FieldInfo; 0 0 1 0 -1
ciMethod com/google/api/client/util/FieldInfo getName ()Ljava/lang/String; 256 0 128 0 -1
ciMethod com/google/api/client/http/HttpMediaType getParameter (Ljava/lang/String;)Ljava/lang/String; 512 0 16760 0 0
ciMethod com/google/api/client/http/UrlEncodedContent writeTo (Ljava/io/OutputStream;)V 512 1024 760 0 0
ciMethod com/google/api/client/http/UrlEncodedContent appendParam (ZLjava/io/Writer;Ljava/lang/String;Ljava/lang/Object;Z)Z 512 0 1520 0 0
ciMethod com/google/api/client/http/AbstractHttpContent getCharset ()Ljava/nio/charset/Charset; 512 0 3001 0 0
ciMethod com/google/api/client/http/HttpMediaType getCharsetParameter ()Ljava/nio/charset/Charset; 512 0 16760 0 0
ciMethod com/google/api/client/util/escape/Escaper escape (Ljava/lang/String;)Ljava/lang/String; 0 0 1 0 -1
ciMethod com/google/api/client/util/escape/CharEscapers escapeUri (Ljava/lang/String;)Ljava/lang/String; 512 0 3040 0 0
ciMethod com/google/api/client/util/escape/CharEscapers escapeUriPath (Ljava/lang/String;)Ljava/lang/String; 512 0 9982 0 -1
ciMethod com/google/api/client/http/javanet/NetHttpRequest$OutputWriter write (Ljava/io/OutputStream;Lcom/google/api/client/util/StreamingContent;)V 0 0 1 0 -1
ciMethod com/google/api/client/http/javanet/NetHttpResponse <init> (Ljava/net/HttpURLConnection;)V 304 8216 760 0 -1
ciMethod com/google/api/client/http/javanet/NetHttpRequest$DefaultOutputWriter write (Ljava/io/OutputStream;Lcom/google/api/client/util/StreamingContent;)V 512 0 2676 0 0
ciMethod sun/net/www/protocol/https/HttpsURLConnectionImpl getOutputStream ()Ljava/io/OutputStream; 768 0 2676 0 0
ciMethod sun/net/www/protocol/https/HttpsURLConnectionImpl setRequestProperty (Ljava/lang/String;Ljava/lang/String;)V 762 0 380 0 0
ciMethod sun/net/www/protocol/https/HttpsURLConnectionImpl addRequestProperty (Ljava/lang/String;Ljava/lang/String;)V 512 0 5377 0 128
ciMethod sun/net/www/protocol/https/HttpsURLConnectionImpl getRequestMethod ()Ljava/lang/String; 1024 0 9728 0 0
ciMethod sun/net/www/protocol/https/HttpsURLConnectionImpl setDoOutput (Z)V 512 0 2677 0 0
ciMethod sun/net/www/protocol/https/HttpsURLConnectionImpl setFixedLengthStreamingMode (I)V 762 0 380 0 0
ciMethod sun/net/www/protocol/https/HttpsURLConnectionImpl setChunkedStreamingMode (I)V 1024 0 2296 0 0
ciMethod java/net/HttpURLConnection setFixedLengthStreamingMode (I)V 762 0 380 0 0
ciMethod java/net/HttpURLConnection setFixedLengthStreamingMode (J)V 2 0 1 0 -1
ciMethod java/net/HttpURLConnection setChunkedStreamingMode (I)V 1024 0 2296 0 0
ciMethod java/net/HttpURLConnection getRequestMethod ()Ljava/lang/String; 256 0 128 0 0
ciMethod java/net/HttpURLConnection getResponseCode ()I 158 0 5200 0 -1
ciMethod java/net/HttpURLConnection disconnect ()V 0 0 1 0 -1
ciMethodData sun/nio/cs/UTF_8$Encoder <init> (Ljava/nio/charset/Charset;)V 2 4671 orig 80 0 0 0 0 0 0 0 0 0 0 0 0 0 0 0 0 0 0 0 0 0 0 0 0 0 0 0 0 0 0 0 0 0 0 0 0 0 0 0 0 0 0 0 0 0 0 0 0 0 0 0 0 0 0 0 0 0 0 0 0 0 0 0 0 0 0 0 0 0 0 0 0 0 0 0 0 0 0 0 0 data 10 0x60002 0x123f 0x0 0x0 0x0 0x0 0x9 0x2 0x0 0x0 oops 0 methods 0
ciMethodData java/nio/charset/CharsetEncoder <init> (Ljava/nio/charset/Charset;FF)V 2 4671 orig 80 0 0 0 0 0 0 0 0 0 0 0 0 0 0 0 0 0 0 0 0 0 0 0 0 0 0 0 0 0 0 0 0 0 0 0 0 0 0 0 0 0 0 0 0 0 0 0 0 0 0 0 0 0 0 0 0 0 0 0 0 0 0 0 0 0 0 0 0 0 0 0 0 0 0 0 0 0 0 0 0 data 12 0xc0002 0x123f 0x0 0x0 0x0 0x0 0x9 0x4 0x0 0x0 0x0 0x0 oops 0 methods 0
ciMethodData sun/nio/cs/UTF_8 newEncoder ()Ljava/nio/charset/CharsetEncoder; 2 4671 orig 80 0 0 0 0 0 0 0 0 0 0 0 0 0 0 0 0 0 0 0 0 0 0 0 0 0 0 0 0 0 0 0 0 0 0 0 0 0 0 0 0 0 0 0 0 0 0 0 0 0 0 0 0 0 0 0 0 0 0 0 0 0 0 0 0 0 0 0 0 0 0 0 0 0 0 0 0 0 0 0 0 data 8 0x50002 0x123f 0x0 0x0 0x0 0x9 0x1 0x0 oops 0 methods 0
ciMethod sun/net/www/protocol/http/HttpURLConnection lock ()V 512 0 33201 0 464
ciMethod sun/net/www/protocol/http/HttpURLConnection unlock ()V 516 0 32348 0 384
ciMethod sun/net/www/protocol/http/HttpURLConnection isLockHeldByCurrentThread ()Z 0 0 1 0 -1
ciMethod sun/net/www/protocol/http/HttpURLConnection isExternalMessageHeaderAllowed (Ljava/lang/String;Ljava/lang/String;)Z 512 0 10876 0 -1
ciMethod sun/net/www/protocol/http/HttpURLConnection writeRequests ()V 52 0 5564 0 -1
ciMethod sun/net/www/protocol/http/HttpURLConnection connect ()V 762 0 4405 0 -1
ciMethod sun/net/www/protocol/http/HttpURLConnection checkReuseConnection ()Z 58 0 5149 0 -1
ciMethod sun/net/www/protocol/http/HttpURLConnection URLtoSocketPermission (Ljava/net/URL;)Ljava/net/SocketPermission; 512 0 5386 0 112
ciMethod sun/net/www/protocol/http/HttpURLConnection expect100Continue ()V 0 0 1 0 -1
ciMethod sun/net/www/protocol/http/HttpURLConnection getOutputStream ()Ljava/io/OutputStream; 6 0 2677 0 0
ciMethod sun/net/www/protocol/http/HttpURLConnection getOutputStream0 ()Ljava/io/OutputStream; 768 0 2677 0 -1
ciMethod sun/net/www/protocol/http/HttpURLConnection streaming ()Z 314 0 35908 0 -1
ciMethod sun/net/www/protocol/http/HttpURLConnection getChainedException (Ljava/io/IOException;)Ljava/io/IOException; 0 0 2170 0 -1
ciMethod sun/net/www/protocol/http/HttpURLConnection disconnectInternal ()V 0 0 1 0 -1
ciMethod sun/net/www/protocol/http/HttpURLConnection setRequestProperty (Ljava/lang/String;Ljava/lang/String;)V 762 0 380 0 0
ciMethod sun/net/www/protocol/http/HttpURLConnection addRequestProperty (Ljava/lang/String;Ljava/lang/String;)V 510 0 10496 0 3312
ciMethod sun/net/www/http/HttpClient getOutputStream ()Ljava/io/OutputStream; 256 0 128 0 -1
ciMethod sun/net/www/http/HttpClient setIgnoreContinue (Z)V 0 0 1 0 -1
ciMethod sun/net/www/protocol/http/HttpURLConnection$StreamingOutputStream <init> (Lsun/net/www/protocol/http/HttpURLConnection;Ljava/io/OutputStream;J)V 512 0 2677 0 -1
ciMethod sun/net/www/protocol/http/HttpURLConnection$StreamingOutputStream close ()V 12 0 5127 0 9520
ciMethod com/google/api/client/http/HttpEncoding encode (Lcom/google/api/client/util/StreamingContent;Ljava/io/OutputStream;)V 0 0 1 0 -1
ciMethod com/google/api/client/http/GZipEncoding encode (Lcom/google/api/client/util/StreamingContent;Ljava/io/OutputStream;)V 512 0 2296 0 0
ciMethod com/google/api/client/http/GZipEncoding$1 <init> (Lcom/google/api/client/http/GZipEncoding;Ljava/io/OutputStream;)V 512 0 2296 0 0
ciMethod java/util/zip/GZIPOutputStream <init> (Ljava/io/OutputStream;IZ)V 512 0 2296 0 0
ciMethod java/util/zip/GZIPOutputStream <init> (Ljava/io/OutputStream;)V 512 0 2296 0 0
ciMethod java/util/zip/GZIPOutputStream writeHeader ()V 768 0 2296 0 0
ciMethod java/util/zip/DeflaterOutputStream <init> (Ljava/io/OutputStream;Ljava/util/zip/Deflater;IZ)V 768 0 2296 0 0
ciMethod java/util/zip/DeflaterOutputStream finish ()V 0 0 1 0 -1
ciMethod java/util/zip/DeflaterOutputStream close ()V 512 0 2296 0 0
ciMethod java/util/zip/DeflaterOutputStream flush ()V 1024 0 2296 0 0
ciMethodData com/google/api/client/http/HttpMediaType getCharsetParameter ()Ljava/nio/charset/Charset; 2 16504 orig 80 0 0 0 0 0 0 0 0 0 0 0 0 0 0 0 0 0 0 0 0 0 0 0 0 0 0 0 0 0 0 0 0 0 0 0 0 0 0 0 0 0 0 0 0 0 0 0 0 0 0 0 0 0 0 0 0 0 0 0 0 0 0 0 0 0 0 0 0 0 0 0 0 0 0 0 0 0 0 0 0 data 25 0x30005 0x4078 0x0 0x0 0x0 0x0 0x0 0x80007 0x4078 0x38 0x0 0xc0003 0x0 0x28 0x100002 0x4078 0x0 0x0 0x0 0x0 0x0 0x0 0x9 0x1 0x0 oops 0 methods 0
ciMethodData com/google/api/client/http/HttpMediaType getParameter (Ljava/lang/String;)Ljava/lang/String; 2 16504 orig 80 0 0 0 0 0 0 0 0 0 0 0 0 0 0 0 0 0 0 0 0 0 0 0 0 0 0 0 0 0 0 0 0 0 0 0 0 0 0 0 0 0 0 0 0 0 0 0 0 0 0 0 0 0 0 0 0 0 0 0 0 0 0 0 0 0 0 0 0 0 0 0 0 0 0 0 0 0 0 0 0 data 31 0x80005 0x4078 0x0 0x0 0x0 0x0 0x0 0xb0005 0x0 0x0 0x1f402d5cd98 0x4078 0x0 0x0 0x100004 0x0 0x0 0x1f402212168 0x4078 0x0 0x0 0x0 0x0 0x0 0x0 0x0 0x0 0x9 0x2 0x0 0x0 oops 2 10 java/util/TreeMap 17 java/lang/String methods 0
ciMethodData com/google/api/client/http/javanet/NetHttpRequest execute (Lcom/google/api/client/http/javanet/NetHttpRequest$OutputWriter;)Lcom/google/api/client/http/LowLevelHttpResponse; 2 9216 orig 80 0 0 0 0 0 0 0 0 0 0 0 0 0 0 0 0 0 0 0 0 0 0 0 0 0 0 0 0 0 0 0 0 0 0 0 0 0 0 0 0 0 0 0 0 0 0 0 0 0 0 0 0 0 0 0 0 0 0 0 0 0 0 0 0 0 0 0 0 0 0 0 0 0 0 0 0 0 0 0 0 data 288 0x60005 0x2401 0x0 0x0 0x0 0x0 0x0 0x90007 0x1990 0x670 0xa71 0xd0005 0xa71 0x0 0x0 0x0 0x0 0x0 0x120007 0x37 0x58 0xa3a 0x190005 0xa3a 0x0 0x0 0x0 0x0 0x0 0x1d0005 0xa71 0x0 0x0 0x0 0x0 0x0 0x240007 0x179 0x58 0x8f8 0x2c0005 0x8f8 0x0 0x0 0x0 0x0 0x0 0x300005 0xa71 0x0 0x0 0x0 0x0 0x0 0x390007 0x8f8 0x68 0x179 0x410002 0x179 0x440005 0x0 0x0 0x1f402c4e378 0x179 0x0 0x0 0x480005 0x0 0x0 0x1f402c4e378 0xa71 0x0 0x0 0x510005 0xa71 0x0 0x0 0x0 0x0 0x0 0x540007 0xa71 0x78 0x0 0x5b0005 0x0 0x0 0x0 0x0 0x0 0x0 0x5e0007 0x0 0x330 0x0 0x630005 0x0 0x0 0x1f402c4e378 0xa71 0x0 0x0 0x6a0007 0x8f8 0x90 0x179 0x730007 0x0 0x70 0x179 0x7a0005 0x0 0x0 0x1f402c4e378 0x179 0x0 0x0 0x7d0003 0x179 0x50 0x820005 0x0 0x0 0x1f402c4e378 0x8f8 0x0 0x0 0x860005 0x0 0x0 0x1f402c4e378 0xa71 0x0 0x0 0x920002 0xa71 0x9a0005 0x0 0x0 0x1f402c4e428 0xa71 0x0 0x0 0x9d0003 0xa71 0x178 0xa40007 0x0 0x20 0x0 0xaa0003 0x0 0x140 0xb10002 0x0 0xb40007 0x0 0x20 0x0 0xbc0005 0x0 0x0 0x0 0x0 0x0 0x0 0xbf0003 0x0 0xc0 0xc60007 0x0 0x20 0x0 0xcc0003 0x0 0x88 0xd30005 0x0 0x0 0x0 0x0 0x0 0x0 0xd60003 0x0 0x38 0xdd0007 0x0 0x20 0x0 0xe60003 0xa71 0x98 0xed0007 0x0 0x38 0x0 0xf10003 0x0 0x18 0xff0004 0x0 0x0 0x0 0x0 0x0 0x0 0x1000002 0x0 0x1030003 0xa71 0x118 0x1090005 0x0 0x0 0x1f402c4e378 0x1990 0x0 0x0 0x10c0005 0x1990 0x0 0x0 0x0 0x0 0x0 0x10f0007 0x198f 0x90 0x1 0x1140005 0x0 0x0 0x1f402c4e378 0x1 0x0 0x0 0x1190005 0x0 0x0 0x1f402c4e378 0x1 0x0 0x0 0x11f0005 0x0 0x0 0x1f402c4e378 0x2401 0x0 0x0 0x1270002 0x2401 0x1330007 0x2400 0x58 0x0 0x1370005 0x0 0x0 0x0 0x0 0x0 0x0 0x1400007 0x0 0x58 0x0 0x1440005 0x0 0x0 0x0 0x0 0x0 0x0 0x0 0x0 0x0 0x0 0x0 0x0 0x0 0x0 0x9 0x2 0x0 0x0 oops 11 63 sun/net/www/protocol/https/HttpsURLConnectionImpl 70 sun/net/www/protocol/https/HttpsURLConnectionImpl 99 sun/net/www/protocol/https/HttpsURLConnectionImpl 114 sun/net/www/protocol/https/HttpsURLConnectionImpl 124 sun/net/www/protocol/https/HttpsURLConnectionImpl 131 sun/net/www/protocol/https/HttpsURLConnectionImpl 140 sun/net/www/protocol/http/HttpURLConnection$StreamingOutputStream 216 sun/net/www/protocol/https/HttpsURLConnectionImpl 234 sun/net/www/protocol/https/HttpsURLConnectionImpl 241 sun/net/www/protocol/https/HttpsURLConnectionImpl 248 sun/net/www/protocol/https/HttpsURLConnectionImpl methods 0
ciMethodData com/google/api/client/http/javanet/NetHttpRequest writeContentToOutputStream (Lcom/google/api/client/http/javanet/NetHttpRequest$OutputWriter;Ljava/io/OutputStream;)V 2 2673 orig 80 0 0 0 0 0 0 0 0 0 0 0 0 0 0 0 0 0 0 0 0 0 0 0 0 0 0 0 0 0 0 0 0 0 0 0 0 0 0 0 0 0 0 0 0 0 0 0 0 0 0 0 0 0 0 0 0 0 0 0 0 0 0 0 0 0 0 0 0 0 0 0 0 0 0 0 0 0 0 0 0 data 93 0x40007 0x0 0xa8 0xa71 0xa0005 0xa71 0x0 0x0 0x0 0x0 0x0 0xd0005 0x0 0x0 0x1f402b19158 0xa71 0x0 0x0 0x120003 0xa71 0x200 0x160005 0x0 0x0 0x0 0x0 0x0 0x0 0x220002 0x0 0x270002 0x0 0x340002 0x0 0x380005 0x0 0x0 0x0 0x0 0x0 0x0 0x410005 0x0 0x0 0x0 0x0 0x0 0x0 0x500005 0x0 0x0 0x0 0x0 0x0 0x0 0x560003 0x0 0x48 0x630002 0x0 0x710002 0x0 0x7f0002 0x0 0x850005 0x0 0x0 0x0 0x0 0x0 0x0 0x8a0007 0x0 0x58 0x0 0x8f0005 0x0 0x0 0x0 0x0 0x0 0x0 0x0 0x0 0x0 0x0 0x0 0x0 0x9 0x3 0x0 0x0 0x0 oops 1 14 com/google/api/client/http/javanet/NetHttpRequest$DefaultOutputWriter methods 0
ciMethod com/google/api/client/http/json/JsonHttpContent writeTo (Ljava/io/OutputStream;)V 1024 0 2241 0 0
ciMethod com/google/api/client/http/HttpEncodingStreamingContent writeTo (Ljava/io/OutputStream;)V 512 0 2296 0 0
ciMethodData sun/net/www/protocol/http/HttpURLConnection lock ()V 2 32945 orig 80 0 0 0 0 0 0 0 0 0 0 0 0 0 0 0 0 0 0 0 0 0 0 0 0 0 0 0 0 0 0 0 0 0 0 0 0 0 0 0 0 0 0 0 0 0 0 0 0 0 0 0 0 0 0 0 0 0 0 0 0 0 0 0 0 0 0 0 0 0 0 0 0 0 0 0 0 0 0 0 0 data 16 0x40005 0x0 0x0 0x1f44b31d900 0x80b1 0x0 0x0 0x0 0x0 0x0 0x0 0x0 0x0 0x9 0x1 0x0 oops 1 3 java/util/concurrent/locks/ReentrantLock methods 0
ciMethodData sun/net/www/protocol/http/HttpURLConnection unlock ()V 2 32090 orig 80 0 0 0 0 0 0 0 0 0 0 0 0 0 0 0 0 0 0 0 0 0 0 0 0 0 0 0 0 0 0 0 0 0 0 0 0 0 0 0 0 0 0 0 0 0 0 0 0 0 0 0 0 0 0 0 0 0 0 0 0 0 0 0 0 0 0 0 0 0 0 0 0 0 0 0 0 0 0 0 0 data 16 0x40005 0x0 0x0 0x1f44b31d900 0x7d5a 0x0 0x0 0x0 0x0 0x0 0x0 0x0 0x0 0x9 0x1 0x0 oops 1 3 java/util/concurrent/locks/ReentrantLock methods 0
ciMethodData sun/net/www/protocol/http/HttpURLConnection URLtoSocketPermission (Ljava/net/URL;)Ljava/net/SocketPermission; 2 5130 orig 80 0 0 0 0 0 0 0 0 0 0 0 0 0 0 0 0 0 0 0 0 0 0 0 0 0 0 0 0 0 0 0 0 0 0 0 0 0 0 0 0 0 0 0 0 0 0 0 0 0 0 0 0 0 0 0 0 0 0 0 0 0 0 0 0 0 0 0 0 0 0 0 0 0 0 0 0 0 0 0 0 data 147 0x40007 0x140a 0x20 0x0 0xc0002 0x140a 0x110007 0x0 0x20 0x140a 0x1c0005 0x0 0x0 0x0 0x0 0x0 0x0 0x220002 0x0 0x2a0002 0x0 0x2e0005 0x0 0x0 0x0 0x0 0x0 0x0 0x310005 0x0 0x0 0x0 0x0 0x0 0x0 0x370005 0x0 0x0 0x0 0x0 0x0 0x0 0x3b0005 0x0 0x0 0x0 0x0 0x0 0x0 0x3e0005 0x0 0x0 0x0 0x0 0x0 0x0 0x410005 0x0 0x0 0x0 0x0 0x0 0x0 0x440005 0x0 0x0 0x0 0x0 0x0 0x0 0x4d0002 0x0 0x510005 0x0 0x0 0x0 0x0 0x0 0x0 0x540005 0x0 0x0 0x0 0x0 0x0 0x0 0x5a0005 0x0 0x0 0x0 0x0 0x0 0x0 0x5e0005 0x0 0x0 0x0 0x0 0x0 0x0 0x610005 0x0 0x0 0x0 0x0 0x0 0x0 0x650005 0x0 0x0 0x0 0x0 0x0 0x0 0x680005 0x0 0x0 0x0 0x0 0x0 0x0 0x6b0005 0x0 0x0 0x0 0x0 0x0 0x0 0x780002 0x0 0x800005 0x0 0x0 0x0 0x0 0x0 0x0 0x0 0x0 0x0 0x0 0x0 0x0 0x9 0x2 0xffffffffffffffff 0x0 oops 0 methods 0
ciMethodData sun/net/www/protocol/http/HttpURLConnection getOutputStream ()Ljava/io/OutputStream; 2 2674 orig 80 0 0 0 0 0 0 0 0 0 0 0 0 0 0 0 0 0 0 0 0 0 0 0 0 0 0 0 0 0 0 0 0 0 0 0 0 0 0 0 0 0 0 0 0 0 0 0 0 0 0 0 0 0 0 0 0 0 0 0 0 0 0 0 0 0 0 0 0 0 0 0 0 0 0 0 0 0 0 0 0 data 87 0x10005 0xa72 0x0 0x0 0x0 0x0 0x0 0xe0005 0x0 0x0 0x1f402492280 0xa72 0x0 0x0 0x130007 0xa72 0x158 0x0 0x1b0002 0x0 0x260004 0x0 0x0 0x0 0x0 0x0 0x0 0x270002 0x0 0x2a0004 0x0 0x0 0x0 0x0 0x0 0x0 0x2f0005 0x0 0x0 0x0 0x0 0x0 0x0 0x360005 0x0 0x0 0x0 0x0 0x0 0x0 0x390004 0x0 0x0 0x0 0x0 0x0 0x0 0x3e0005 0xa72 0x0 0x0 0x0 0x0 0x0 0x430005 0xa72 0x0 0x0 0x0 0x0 0x0 0x4a0005 0x0 0x0 0x0 0x0 0x0 0x0 0x0 0x0 0x0 0x0 0x0 0x0 0x9 0x1 0x0 oops 1 10 sun/net/www/protocol/https/DelegateHttpsURLConnection methods 0
ciMethodData jdk/internal/misc/InternalLock <init> ()V 2 18369 orig 80 0 0 0 0 0 0 0 0 0 0 0 0 0 0 0 0 0 0 0 0 0 0 0 0 0 0 0 0 0 0 0 0 0 0 0 0 0 0 0 0 0 0 0 0 0 0 0 0 0 0 0 0 0 0 0 0 0 0 0 0 0 0 0 0 0 0 0 0 0 0 0 0 0 0 0 0 0 0 0 0 data 11 0x10002 0x47c1 0x90002 0x47c1 0x0 0x0 0x0 0x0 0x9 0x1 0x6 oops 0 methods 0
ciMethodData sun/net/www/protocol/https/HttpsURLConnectionImpl addRequestProperty (Ljava/lang/String;Ljava/lang/String;)V 2 5121 orig 80 0 0 0 0 0 0 0 0 0 0 0 0 0 0 0 0 0 0 0 0 0 0 0 0 0 0 0 0 0 0 0 0 0 0 0 0 0 0 0 0 0 0 0 0 0 0 0 0 0 0 0 0 0 0 0 0 0 0 0 0 0 0 0 0 0 0 0 0 0 0 0 0 0 0 0 0 0 0 0 0 data 18 0x60005 0x0 0x0 0x1f402492280 0x1401 0x0 0x0 0x0 0x0 0x0 0x0 0x0 0x0 0x9 0x3 0x0 0x0 0x0 oops 1 3 sun/net/www/protocol/https/DelegateHttpsURLConnection methods 0
ciMethodData java/util/zip/CRC32 reset ()V 2 12420 orig 80 0 0 0 0 0 0 0 0 0 0 0 0 0 0 0 0 0 0 0 0 0 0 0 0 0 0 0 0 0 0 0 0 0 0 0 0 0 0 0 0 0 0 0 0 0 0 0 0 0 0 0 0 0 0 0 0 0 0 0 0 0 0 0 0 0 0 0 0 0 0 0 0 0 0 0 0 0 0 0 0 data 6 0x0 0x0 0x0 0x9 0x1 0x0 oops 0 methods 0
ciMethodData jdk/internal/misc/InternalLock newLockOr (Ljava/lang/Object;)Ljava/lang/Object; 2 11711 orig 80 0 0 0 0 0 0 0 0 0 0 0 0 0 0 0 0 0 0 0 0 0 0 0 0 0 0 0 0 0 0 0 0 0 0 0 0 0 0 0 0 0 0 0 0 0 0 0 0 0 0 0 0 0 0 0 0 0 0 0 0 0 0 0 0 0 0 0 0 0 0 0 0 0 0 0 0 0 0 0 0 data 16 0x30007 0x0 0x48 0x2dbf 0xa0002 0x2dbf 0xd0003 0x2dbf 0x18 0x0 0x0 0x0 0x0 0x9 0x1 0x0 oops 0 methods 0
ciMethodData sun/net/www/protocol/https/HttpsURLConnectionImpl getRequestMethod ()Ljava/lang/String; 2 9216 orig 80 0 0 0 0 0 0 0 0 0 0 0 0 0 0 0 0 0 0 0 0 0 0 0 0 0 0 0 0 0 0 0 0 0 0 0 0 0 0 0 0 0 0 0 0 0 0 0 0 0 0 0 0 0 0 0 0 0 0 0 0 0 0 0 0 0 0 0 0 0 0 0 0 0 0 0 0 0 0 0 0 data 16 0x40005 0x0 0x0 0x1f402492280 0x2401 0x0 0x0 0x0 0x0 0x0 0x0 0x0 0x0 0x9 0x1 0x0 oops 1 3 sun/net/www/protocol/https/DelegateHttpsURLConnection methods 0
ciMethod sun/net/www/http/ChunkedOutputStream <init> (Ljava/io/PrintStream;I)V 512 0 2296 0 -1
ciMethod java/util/zip/Deflater <init> (IZ)V 768 0 2296 0 0
ciMethod java/util/zip/Deflater finished ()Z 514 0 12260 0 -1
ciMethod java/util/zip/Deflater deflate ([BIII)I 516 0 4982 0 -1
ciMethod java/util/zip/Deflater end ()V 1024 0 2296 0 -1
ciMethod java/util/zip/Deflater init (IIZ)J 256 0 128 0 -1
ciMethod java/util/zip/Deflater$DeflaterZStreamRef <init> (Ljava/util/zip/Deflater;J)V 768 0 2296 0 0
ciMethodData com/google/api/client/http/UrlEncodedContent writeTo (Ljava/io/OutputStream;)V 1 504 orig 80 0 0 0 0 0 0 0 0 0 0 0 0 0 0 0 0 0 0 0 0 0 0 0 0 0 0 0 0 0 0 0 0 0 0 0 0 0 0 0 0 0 0 0 0 0 0 0 0 0 0 0 0 0 0 0 0 0 0 0 0 0 0 0 0 0 0 0 0 0 0 0 0 0 0 0 0 0 0 0 0 data 165 0xa0005 0x1f8 0x0 0x0 0x0 0x0 0x0 0xd0002 0x1f8 0x100002 0x1f8 0x1a0002 0x1f8 0x1d0005 0x0 0x0 0x1f402bd8150 0x1f8 0x0 0x0 0x220005 0x0 0x0 0x1f402bd8200 0x1f8 0x0 0x0 0x2b0005 0x0 0x0 0x1f402bd82b0 0x5e8 0x0 0x0 0x300007 0x1f8 0x390 0x3f0 0x350005 0x0 0x0 0x1f402bd82b0 0x3f0 0x0 0x0 0x3a0004 0x0 0x0 0x1f402bd8360 0x3f0 0x0 0x0 0x410005 0x0 0x0 0x1f402bd8360 0x3f0 0x0 0x0 0x4a0007 0x0 0x2b0 0x3f0 0x4f0005 0x0 0x0 0x1f402bd8360 0x3f0 0x0 0x0 0x540004 0x0 0x0 0x1f402212168 0x3f0 0x0 0x0 0x570002 0x3f0 0x5e0005 0x3f0 0x0 0x0 0x0 0x0 0x0 0x650004 0xfffffffffffffc10 0x0 0x0 0x0 0x0 0x0 0x680007 0x0 0x78 0x3f0 0x6d0005 0x3f0 0x0 0x0 0x0 0x0 0x0 0x700007 0x3f0 0x138 0x0 0x750002 0x0 0x780005 0x0 0x0 0x0 0x0 0x0 0x0 0x810005 0x0 0x0 0x0 0x0 0x0 0x0 0x860007 0x0 0x80 0x0 0x8b0005 0x0 0x0 0x0 0x0 0x0 0x0 0x9c0002 0x0 0xa00003 0x0 0xffffffffffffff60 0xa30003 0x0 0x28 0xb00002 0x3f0 0xb40003 0x3f0 0xfffffffffffffc50 0xb80005 0x0 0x0 0x1f402b1d328 0x1f8 0x0 0x0 0x0 0x0 0x0 0x0 0x0 0x0 0x9 0x2 0x0 0x0 oops 9 16 com/google/api/client/util/GenericData 23 com/google/api/client/util/GenericData$EntrySet 30 com/google/api/client/util/GenericData$EntryIterator 41 com/google/api/client/util/GenericData$EntryIterator 48 com/google/api/client/util/ArrayMap$Entry 55 com/google/api/client/util/ArrayMap$Entry 66 com/google/api/client/util/ArrayMap$Entry 73 java/lang/String 151 java/io/BufferedWriter methods 0
ciMethodData com/google/api/client/http/AbstractHttpContent getCharset ()Ljava/nio/charset/Charset; 2 2745 orig 80 0 0 0 0 0 0 0 0 0 0 0 0 0 0 0 0 0 0 0 0 0 0 0 0 0 0 0 0 0 0 0 0 0 0 0 0 0 0 0 0 0 0 0 0 0 0 0 0 0 0 0 0 0 0 0 0 0 0 0 0 0 0 0 0 0 0 0 0 0 0 0 0 0 0 0 0 0 0 0 0 data 34 0x40007 0x0 0x78 0xab9 0xb0005 0xab9 0x0 0x0 0x0 0x0 0x0 0xe0007 0xab9 0x38 0x0 0x140003 0x0 0x50 0x1b0005 0xab9 0x0 0x0 0x0 0x0 0x0 0x0 0x0 0x0 0x0 0x0 0x0 0x9 0x1 0x0 oops 0 methods 0
ciMethodData com/google/api/client/json/gson/GsonFactory createJsonGenerator (Ljava/io/OutputStream;Ljava/nio/charset/Charset;)Lcom/google/api/client/json/JsonGenerator; 2 3055 orig 80 0 0 0 0 0 0 0 0 0 0 0 0 0 0 0 0 0 0 0 0 0 0 0 0 0 0 0 0 0 0 0 0 0 0 0 0 0 0 0 0 0 0 0 0 0 0 0 0 0 0 0 0 0 0 0 0 0 0 0 0 0 0 0 0 0 0 0 0 0 0 0 0 0 0 0 0 0 0 0 0 data 20 0x70002 0xbef 0xa0005 0x0 0x0 0x1f449a4e2a8 0xbef 0x0 0x0 0x0 0x0 0x0 0x0 0x0 0x0 0x9 0x3 0x0 0x0 0x0 oops 1 5 com/google/api/client/json/gson/GsonFactory methods 0
ciMethodData com/google/api/client/http/javanet/NetHttpRequest$DefaultOutputWriter write (Ljava/io/OutputStream;Lcom/google/api/client/util/StreamingContent;)V 2 2420 orig 80 0 0 0 0 0 0 0 0 0 0 0 0 0 0 0 0 0 0 0 0 0 0 0 0 0 0 0 0 0 0 0 0 0 0 0 0 0 0 0 0 0 0 0 0 0 0 0 0 0 0 0 0 0 0 0 0 0 0 0 0 0 0 0 0 0 0 0 0 0 0 0 0 0 0 0 0 0 0 0 0 data 18 0x20005 0x0 0x0 0x1f402b1b1d8 0x7fc 0x1f402b1b288 0x178 0x0 0x0 0x0 0x0 0x0 0x0 0x9 0x3 0x0 0x0 0x0 oops 2 3 com/google/api/client/http/HttpEncodingStreamingContent 5 com/google/api/client/http/UrlEncodedContent methods 0
ciMethodData com/google/api/client/http/HttpEncodingStreamingContent writeTo (Ljava/io/OutputStream;)V 2 2040 orig 80 0 0 0 0 0 0 0 0 0 0 0 0 0 0 0 0 0 0 0 0 0 0 0 0 0 0 0 0 0 0 0 0 0 0 0 0 0 0 0 0 0 0 0 0 0 0 0 0 0 0 0 0 0 0 0 0 0 0 0 0 0 0 0 0 0 0 0 0 0 0 0 0 0 0 0 0 0 0 0 0 data 17 0x90005 0x0 0x0 0x1f4498a09e8 0x7f8 0x0 0x0 0x0 0x0 0x0 0x0 0x0 0x0 0x9 0x2 0x0 0x0 oops 1 3 com/google/api/client/http/GZipEncoding methods 0
ciMethodData com/google/api/client/http/GZipEncoding encode (Lcom/google/api/client/util/StreamingContent;Ljava/io/OutputStream;)V 2 2040 orig 80 0 0 0 0 0 0 0 0 0 0 0 0 0 0 0 0 0 0 0 0 0 0 0 0 0 0 0 0 0 0 0 0 0 0 0 0 0 0 0 0 0 0 0 0 0 0 0 0 0 0 0 0 0 0 0 0 0 0 0 0 0 0 0 0 0 0 0 0 0 0 0 0 0 0 0 0 0 0 0 0 data 29 0x60002 0x7f8 0xf0002 0x7f8 0x170005 0x0 0x0 0x1f4498a2030 0x7c1 0x1f4498a20e0 0x37 0x1e0005 0x0 0x0 0x1f4498a1980 0x7f8 0x0 0x0 0x0 0x0 0x0 0x0 0x0 0x0 0x9 0x3 0x0 0x0 0x0 oops 3 7 com/google/api/client/http/json/JsonHttpContent 9 com/google/api/client/http/EmptyContent 14 java/util/zip/GZIPOutputStream methods 0
ciMethodData com/google/api/client/http/GZipEncoding$1 <init> (Lcom/google/api/client/http/GZipEncoding;Ljava/io/OutputStream;)V 2 2040 orig 80 0 0 0 0 0 0 0 0 0 0 0 0 0 0 0 0 0 0 0 0 0 0 0 0 0 0 0 0 0 0 0 0 0 0 0 0 0 0 0 0 0 0 0 0 0 0 0 0 0 0 0 0 0 0 0 0 0 0 0 0 0 0 0 0 0 0 0 0 0 0 0 0 0 0 0 0 0 0 0 0 data 11 0x70002 0x7f8 0x0 0x0 0x0 0x0 0x9 0x3 0x3c 0x0 0x0 oops 0 methods 0
ciMethod com/google/api/client/http/EmptyContent writeTo (Ljava/io/OutputStream;)V 110 0 55 0 0
ciMethodData com/google/api/client/http/json/JsonHttpContent writeTo (Ljava/io/OutputStream;)V 2 1729 orig 80 0 0 0 0 0 0 0 0 0 0 0 0 0 0 0 0 0 0 0 0 0 0 0 0 0 0 0 0 0 0 0 0 0 0 0 0 0 0 0 0 0 0 0 0 0 0 0 0 0 0 0 0 0 0 0 0 0 0 0 0 0 0 0 0 0 0 0 0 0 0 0 0 0 0 0 0 0 0 0 0 data 67 0x60005 0x6c2 0x0 0x0 0x0 0x0 0x0 0x90005 0x0 0x0 0x1f449a4e2a8 0x6c2 0x0 0x0 0x110007 0x6c2 0x90 0x0 0x150005 0x0 0x0 0x0 0x0 0x0 0x0 0x1d0005 0x0 0x0 0x0 0x0 0x0 0x0 0x250005 0x6c2 0x0 0x0 0x0 0x0 0x0 0x2c0007 0x6c2 0x58 0x0 0x300005 0x0 0x0 0x0 0x0 0x0 0x0 0x340005 0x0 0x0 0x1f449a4e358 0x6c2 0x0 0x0 0x0 0x0 0x0 0x0 0x0 0x0 0x9 0x2 0x0 0x0 oops 2 10 com/google/api/client/json/gson/GsonFactory 53 com/google/api/client/json/gson/GsonGenerator methods 0
ciMethodData java/io/Writer <init> (Ljava/lang/Object;)V 2 9146 orig 80 0 0 0 0 0 0 0 0 0 0 0 0 0 0 0 0 0 0 0 0 0 0 0 0 0 0 0 0 0 0 0 0 0 0 0 0 0 0 0 0 0 0 0 0 0 0 0 0 0 0 0 0 0 0 0 0 0 0 0 0 0 0 0 0 0 0 0 0 0 0 0 0 0 0 0 0 0 0 0 0 data 18 0x10002 0x23ba 0x50007 0x23ba 0x30 0x0 0xc0002 0x0 0x0 0x0 0x0 0x0 0x0 0x0 0x9 0x2 0x4 0x0 oops 0 methods 0
ciMethodData java/nio/charset/CharsetEncoder <init> (Ljava/nio/charset/Charset;FF[B)V 2 4451 orig 80 0 0 0 0 0 0 0 0 0 0 0 0 0 0 0 0 0 0 0 0 0 0 0 0 0 0 0 0 0 0 0 0 0 0 0 0 0 0 0 0 0 0 0 0 0 0 0 0 0 0 0 0 0 0 0 0 0 0 0 0 0 0 0 0 0 0 0 0 0 0 0 0 0 0 0 0 0 0 0 0 data 43 0x10002 0x1163 0x240007 0x1163 0x30 0x0 0x2d0002 0x0 0x340007 0x1163 0x30 0x0 0x3d0002 0x0 0x440007 0x1163 0x30 0x0 0x4d0002 0x0 0x640005 0x1163 0x0 0x0 0x0 0x0 0x0 0x0 0x0 0x0 0x0 0x0 0x0 0x0 0x0 0x0 0x9 0x5 0xffffffffffffffff 0x0 0x0 0x0 0xffffffffffffffff oops 0 methods 0
ciMethodData java/nio/charset/CharsetEncoder replaceWith ([B)Ljava/nio/charset/CharsetEncoder; 2 4451 orig 80 0 0 0 0 0 0 0 0 0 0 0 0 0 0 0 0 0 0 0 0 0 0 0 0 0 0 0 0 0 0 0 0 0 0 0 0 0 0 0 0 0 0 0 0 0 0 0 0 0 0 0 0 0 0 0 0 0 0 0 0 0 0 0 0 0 0 0 0 0 0 0 0 0 0 0 0 0 0 0 0 data 51 0x10007 0x1163 0x30 0x0 0xa0002 0x0 0x120007 0x1163 0x30 0x0 0x1b0002 0x0 0x260007 0x1163 0x30 0x0 0x2f0002 0x0 0x350005 0x0 0x0 0x1f44b669d70 0x1163 0x0 0x0 0x380007 0x1163 0x30 0x0 0x410002 0x0 0x490002 0x1163 0x540005 0x0 0x0 0x1f44b669d70 0x1163 0x0 0x0 0x0 0x0 0x0 0x0 0x0 0x0 0x0 0x9 0x2 0xffffffffffffffff 0xffffffffffffffff oops 2 21 sun/nio/cs/UTF_8$Encoder 36 sun/nio/cs/UTF_8$Encoder methods 0
ciMethodData java/nio/charset/CharsetEncoder implReplaceWith ([B)V 2 4451 orig 80 0 0 0 0 0 0 0 0 0 0 0 0 0 0 0 0 0 0 0 0 0 0 0 0 0 0 0 0 0 0 0 0 0 0 0 0 0 0 0 0 0 0 0 0 0 0 0 0 0 0 0 0 0 0 0 0 0 0 0 0 0 0 0 0 0 0 0 0 0 0 0 0 0 0 0 0 0 0 0 0 data 5 0x0 0x9 0x2 0x0 0x0 oops 0 methods 0
ciMethodData java/nio/charset/CharsetEncoder onMalformedInput (Ljava/nio/charset/CodingErrorAction;)Ljava/nio/charset/CharsetEncoder; 2 4446 orig 80 0 0 0 0 0 0 0 0 0 0 0 0 0 0 0 0 0 0 0 0 0 0 0 0 0 0 0 0 0 0 0 0 0 0 0 0 0 0 0 0 0 0 0 0 0 0 0 0 0 0 0 0 0 0 0 0 0 0 0 0 0 0 0 0 0 0 0 0 0 0 0 0 0 0 0 0 0 0 0 0 data 23 0x10007 0x115e 0x30 0x0 0xa0002 0x0 0x150005 0x0 0x0 0x1f44b669d70 0x115e 0x0 0x0 0x0 0x0 0x0 0x0 0x0 0x0 0x9 0x2 0x0 0x0 oops 1 9 sun/nio/cs/UTF_8$Encoder methods 0
ciMethodData java/nio/charset/CharsetEncoder implOnMalformedInput (Ljava/nio/charset/CodingErrorAction;)V 2 4446 orig 80 0 0 0 0 0 0 0 0 0 0 0 0 0 0 0 0 0 0 0 0 0 0 0 0 0 0 0 0 0 0 0 0 0 0 0 0 0 0 0 0 0 0 0 0 0 0 0 0 0 0 0 0 0 0 0 0 0 0 0 0 0 0 0 0 0 0 0 0 0 0 0 0 0 0 0 0 0 0 0 0 data 5 0x0 0x9 0x2 0x0 0x0 oops 0 methods 0
ciMethodData java/nio/charset/CharsetEncoder onUnmappableCharacter (Ljava/nio/charset/CodingErrorAction;)Ljava/nio/charset/CharsetEncoder; 2 4446 orig 80 0 0 0 0 0 0 0 0 0 0 0 0 0 0 0 0 0 0 0 0 0 0 0 0 0 0 0 0 0 0 0 0 0 0 0 0 0 0 0 0 0 0 0 0 0 0 0 0 0 0 0 0 0 0 0 0 0 0 0 0 0 0 0 0 0 0 0 0 0 0 0 0 0 0 0 0 0 0 0 0 data 23 0x10007 0x115e 0x30 0x0 0xa0002 0x0 0x150005 0x0 0x0 0x1f44b669d70 0x115e 0x0 0x0 0x0 0x0 0x0 0x0 0x0 0x0 0x9 0x2 0x0 0x0 oops 1 9 sun/nio/cs/UTF_8$Encoder methods 0
ciMethodData java/nio/charset/CharsetEncoder implOnUnmappableCharacter (Ljava/nio/charset/CodingErrorAction;)V 2 4446 orig 80 0 0 0 0 0 0 0 0 0 0 0 0 0 0 0 0 0 0 0 0 0 0 0 0 0 0 0 0 0 0 0 0 0 0 0 0 0 0 0 0 0 0 0 0 0 0 0 0 0 0 0 0 0 0 0 0 0 0 0 0 0 0 0 0 0 0 0 0 0 0 0 0 0 0 0 0 0 0 0 0 data 5 0x0 0x9 0x2 0x0 0x0 oops 0 methods 0
ciMethodData java/io/OutputStreamWriter lockFor (Ljava/io/OutputStreamWriter;)Ljava/lang/Object; 2 4445 orig 80 0 0 0 0 0 0 0 0 0 0 0 0 0 0 0 0 0 0 0 0 0 0 0 0 0 0 0 0 0 0 0 0 0 0 0 0 0 0 0 0 0 0 0 0 0 0 0 0 0 0 0 0 0 0 0 0 0 0 0 0 0 0 0 0 0 0 0 0 0 0 0 0 0 0 0 0 0 0 0 0 data 26 0x10005 0x115d 0x0 0x0 0x0 0x0 0x0 0x80007 0x115d 0x40 0x0 0xe0007 0x0 0x30 0x0 0x120002 0x115d 0x0 0x0 0x0 0x0 0x0 0x0 0x9 0x1 0x0 oops 0 methods 0
ciMethodData sun/nio/cs/StreamEncoder forOutputStreamWriter (Ljava/io/OutputStream;Ljava/lang/Object;Ljava/nio/charset/Charset;)Lsun/nio/cs/StreamEncoder; 2 4445 orig 80 0 0 0 0 0 0 0 0 0 0 0 0 0 0 0 0 0 0 0 0 0 0 0 0 0 0 0 0 0 0 0 0 0 0 0 0 0 0 0 0 0 0 0 0 0 0 0 0 0 0 0 0 0 0 0 0 0 0 0 0 0 0 0 0 0 0 0 0 0 0 0 0 0 0 0 0 0 0 0 0 data 10 0x70002 0x115d 0x0 0x0 0x0 0x9 0x3 0x0 0x0 0xffffffffffffffff oops 0 methods 0
ciMethodData sun/nio/cs/StreamEncoder <init> (Ljava/io/OutputStream;Ljava/lang/Object;Ljava/nio/charset/Charset;)V 2 4445 orig 80 0 0 0 0 0 0 0 0 0 0 0 0 0 0 0 0 0 0 0 0 0 0 0 0 0 0 0 0 0 0 0 0 0 0 0 0 0 0 0 0 0 0 0 0 0 0 0 0 0 0 0 0 0 0 0 0 0 0 0 0 0 0 0 0 0 0 0 0 0 0 0 0 0 0 0 0 0 0 0 0 data 35 0x40005 0x0 0x0 0x1f44be4c580 0x115d 0x0 0x0 0xa0005 0x115d 0x0 0x0 0x0 0x0 0x0 0x100005 0x115d 0x0 0x0 0x0 0x0 0x0 0x130002 0x115d 0x0 0x0 0x0 0x0 0x0 0x0 0x9 0x4 0x7c 0x0 0x0 0xffffffffffffffff oops 1 3 sun/nio/cs/UTF_8 methods 0
ciMethodData sun/nio/cs/StreamEncoder <init> (Ljava/io/OutputStream;Ljava/lang/Object;Ljava/nio/charset/CharsetEncoder;)V 2 4445 orig 80 0 0 0 0 0 0 0 0 0 0 0 0 0 0 0 0 0 0 0 0 0 0 0 0 0 0 0 0 0 0 0 0 0 0 0 0 0 0 0 0 0 0 0 0 0 0 0 0 0 0 0 0 0 0 0 0 0 0 0 0 0 0 0 0 0 0 0 0 0 0 0 0 0 0 0 0 0 0 0 0 data 23 0x20002 0x115d 0x1b0005 0x115d 0x0 0x0 0x0 0x0 0x0 0x2a0002 0x115d 0x0 0x0 0x0 0x0 0x0 0x0 0x9 0x4 0x7c 0x0 0x0 0x0 oops 0 methods 0
ciMethodData java/io/OutputStreamWriter <init> (Ljava/io/OutputStream;Ljava/nio/charset/Charset;)V 2 4444 orig 80 0 0 0 0 0 0 0 0 0 0 0 0 0 0 0 0 0 0 0 0 0 0 0 0 0 0 0 0 0 0 0 0 0 0 0 0 0 0 0 0 0 0 0 0 0 0 0 0 0 0 0 0 0 0 0 0 0 0 0 0 0 0 0 0 0 0 0 0 0 0 0 0 0 0 0 0 0 0 0 0 data 23 0x20002 0x115c 0x60007 0x115c 0x30 0x0 0xf0002 0x0 0x160002 0x115c 0x1a0002 0x115c 0x0 0x0 0x0 0x0 0x0 0x0 0x9 0x3 0xc 0x0 0xffffffffffffffff oops 0 methods 0
ciMethodData sun/nio/cs/UTF_8$Encoder isLegalReplacement ([B)Z 2 4442 orig 80 0 0 0 0 0 0 0 0 0 0 0 0 0 0 0 0 0 0 0 0 0 0 0 0 0 0 0 0 0 0 0 0 0 0 0 0 0 0 0 0 0 0 0 0 0 0 0 0 0 0 0 0 0 0 0 0 0 0 0 0 0 0 0 0 0 0 0 0 0 0 0 0 0 0 0 0 0 0 0 0 data 25 0x30007 0x0 0x40 0x115a 0x90007 0x115a 0x50 0x0 0xe0002 0x0 0x110007 0x0 0x38 0x0 0x150003 0x115a 0x18 0x0 0x0 0x0 0x0 0x9 0x2 0x0 0x0 oops 0 methods 0
ciMethodData java/net/URLConnection checkConnected ()V 2 2437 orig 80 0 0 0 0 0 0 0 0 0 0 0 0 0 0 0 0 0 0 0 0 0 0 0 0 0 0 0 0 0 0 0 0 0 0 0 0 0 0 0 0 0 0 0 0 0 0 0 0 0 0 0 0 0 0 0 0 0 0 0 0 0 0 0 0 0 0 0 0 0 0 0 0 0 0 0 0 0 0 0 0 data 13 0x40007 0x985 0x30 0x0 0xe0002 0x0 0x0 0x0 0x0 0x0 0x9 0x1 0x0 oops 0 methods 0
ciMethodData sun/net/www/protocol/https/HttpsURLConnectionImpl setDoOutput (Z)V 2 2421 orig 80 0 0 0 0 0 0 0 0 0 0 0 0 0 0 0 0 0 0 0 0 0 0 0 0 0 0 0 0 0 0 0 0 0 0 0 0 0 0 0 0 0 0 0 0 0 0 0 0 0 0 0 0 0 0 0 0 0 0 0 0 0 0 0 0 0 0 0 0 0 0 0 0 0 0 0 0 0 0 0 0 data 17 0x50005 0x0 0x0 0x1f402492280 0x975 0x0 0x0 0x0 0x0 0x0 0x0 0x0 0x0 0x9 0x2 0x0 0x0 oops 1 3 sun/net/www/protocol/https/DelegateHttpsURLConnection methods 0
ciMethodData java/net/URLConnection setDoOutput (Z)V 2 2421 orig 80 0 0 0 0 0 0 0 0 0 0 0 0 0 0 0 0 0 0 0 0 0 0 0 0 0 0 0 0 0 0 0 0 0 0 0 0 0 0 0 0 0 0 0 0 0 0 0 0 0 0 0 0 0 0 0 0 0 0 0 0 0 0 0 0 0 0 0 0 0 0 0 0 0 0 0 0 0 0 0 0 data 17 0x10005 0x975 0x0 0x0 0x0 0x0 0x0 0x0 0x0 0x0 0x0 0x0 0x0 0x9 0x2 0x0 0x0 oops 0 methods 0
ciMethodData java/util/zip/GZIPOutputStream <init> (Ljava/io/OutputStream;)V 2 2040 orig 80 0 0 0 0 0 0 0 0 0 0 0 0 0 0 0 0 0 0 0 0 0 0 0 0 0 0 0 0 0 0 0 0 0 0 0 0 0 0 0 0 0 0 0 0 0 0 0 0 0 0 0 0 0 0 0 0 0 0 0 0 0 0 0 0 0 0 0 0 0 0 0 0 0 0 0 0 0 0 0 0 data 8 0x60002 0x7f8 0x0 0x0 0x9 0x2 0x0 0x0 oops 0 methods 0
ciMethodData java/util/zip/GZIPOutputStream <init> (Ljava/io/OutputStream;IZ)V 2 2040 orig 80 0 0 0 0 0 0 0 0 0 0 0 0 0 0 0 0 0 0 0 0 0 0 0 0 0 0 0 0 0 0 0 0 0 0 0 0 0 0 0 0 0 0 0 0 0 0 0 0 0 0 0 0 0 0 0 0 0 0 0 0 0 0 0 0 0 0 0 0 0 0 0 0 0 0 0 0 0 0 0 0 data 39 0x30007 0x0 0x48 0x7f8 0xc0002 0x7f8 0xf0003 0x7f8 0x18 0x150002 0x7f8 0x1d0002 0x7f8 0x290005 0x7f8 0x0 0x0 0x0 0x0 0x0 0x300005 0x0 0x0 0x1f44bf7a730 0x7f8 0x0 0x0 0x0 0x0 0x0 0x0 0x0 0x0 0x9 0x4 0x0 0x0 0x0 0x0 oops 1 23 java/util/zip/CRC32 methods 0
ciMethodData sun/net/www/protocol/https/HttpsURLConnectionImpl getOutputStream ()Ljava/io/OutputStream; 2 2292 orig 80 0 0 0 0 0 0 0 0 0 0 0 0 0 0 0 0 0 0 0 0 0 0 0 0 0 0 0 0 0 0 0 0 0 0 0 0 0 0 0 0 0 0 0 0 0 0 0 0 0 0 0 0 0 0 0 0 0 0 0 0 0 0 0 0 0 0 0 0 0 0 0 0 0 0 0 0 0 0 0 0 data 16 0x40005 0x0 0x0 0x1f402492280 0x8f4 0x0 0x0 0x0 0x0 0x0 0x0 0x0 0x0 0x9 0x1 0x0 oops 1 3 sun/net/www/protocol/https/DelegateHttpsURLConnection methods 0
ciMethodData java/util/zip/Deflater <init> (IZ)V 2 1912 orig 80 0 0 0 0 0 0 0 0 0 0 0 0 0 0 0 0 0 0 0 0 0 0 0 0 0 0 0 0 0 0 0 0 0 0 0 0 0 0 0 0 0 0 0 0 0 0 0 0 0 0 0 0 0 0 0 0 0 0 0 0 0 0 0 0 0 0 0 0 0 0 0 0 0 0 0 0 0 0 0 0 data 17 0x10002 0x778 0x1e0002 0x778 0x210002 0x778 0x0 0x0 0x0 0x0 0x0 0x0 0x9 0x3 0xf0 0x0 0x0 oops 0 methods 0
ciMethodData java/util/zip/DeflaterOutputStream <init> (Ljava/io/OutputStream;Ljava/util/zip/Deflater;IZ)V 2 1912 orig 80 0 0 0 0 0 0 0 0 0 0 0 0 0 0 0 0 0 0 0 0 0 0 0 0 0 0 0 0 0 0 0 0 0 0 0 0 0 0 0 0 0 0 0 0 0 0 0 0 0 0 0 0 0 0 0 0 0 0 0 0 0 0 0 0 0 0 0 0 0 0 0 0 0 0 0 0 0 0 0 0 data 31 0x20002 0x778 0x100007 0x0 0x40 0x778 0x140007 0x778 0x30 0x0 0x1b0002 0x0 0x200007 0x778 0x30 0x0 0x290002 0x0 0x0 0x0 0x0 0x0 0x0 0x0 0x9 0x5 0x1e 0x0 0x0 0x0 0x0 oops 0 methods 0
ciMethodData java/util/zip/GZIPOutputStream writeHeader ()V 2 1912 orig 80 0 0 0 0 0 0 0 0 0 0 0 0 0 0 0 0 0 0 0 0 0 0 0 0 0 0 0 0 0 0 0 0 0 0 0 0 0 0 0 0 0 0 0 0 0 0 0 0 0 0 0 0 0 0 0 0 0 0 0 0 0 0 0 0 0 0 0 0 0 0 0 0 0 0 0 0 0 0 0 0 data 16 0x370005 0x0 0x0 0x1f4498a1738 0x778 0x0 0x0 0x0 0x0 0x0 0x0 0x0 0x0 0x9 0x1 0x0 oops 1 3 com/google/api/client/http/GZipEncoding$1 methods 0
ciMethodData java/util/zip/Deflater$DeflaterZStreamRef <init> (Ljava/util/zip/Deflater;J)V 2 1912 orig 80 0 0 0 0 0 0 0 0 0 0 0 0 0 0 0 0 0 0 0 0 0 0 0 0 0 0 0 0 0 0 0 0 0 0 0 0 0 0 0 0 0 0 0 0 0 0 0 0 0 0 0 0 0 0 0 0 0 0 0 0 0 0 0 0 0 0 0 0 0 0 0 0 0 0 0 0 0 0 0 0 data 30 0x10002 0x778 0x60007 0x0 0x80 0x778 0x90002 0x778 0xe0005 0x778 0x0 0x0 0x0 0x0 0x0 0x110003 0x778 0x18 0x0 0x0 0x0 0x0 0x0 0x0 0x9 0x4 0xe 0x0 0x0 0x0 oops 0 methods 0
ciMethodData java/io/FilterOutputStream write ([B)V 2 1912 orig 80 0 0 0 0 0 0 0 0 0 0 0 0 0 0 0 0 0 0 0 0 0 0 0 0 0 0 0 0 0 0 0 0 0 0 0 0 0 0 0 0 0 0 0 0 0 0 0 0 0 0 0 0 0 0 0 0 0 0 0 0 0 0 0 0 0 0 0 0 0 0 0 0 0 0 0 0 0 0 0 0 data 17 0x50005 0x0 0x0 0x1f4498a1738 0x778 0x0 0x0 0x0 0x0 0x0 0x0 0x0 0x0 0x9 0x2 0x0 0x0 oops 1 3 com/google/api/client/http/GZipEncoding$1 methods 0
ciMethodData sun/net/www/protocol/https/HttpsURLConnectionImpl setChunkedStreamingMode (I)V 2 1784 orig 80 0 0 0 0 0 0 0 0 0 0 0 0 0 0 0 0 0 0 0 0 0 0 0 0 0 0 0 0 0 0 0 0 0 0 0 0 0 0 0 0 0 0 0 0 0 0 0 0 0 0 0 0 0 0 0 0 0 0 0 0 0 0 0 0 0 0 0 0 0 0 0 0 0 0 0 0 0 0 0 0 data 17 0x50005 0x0 0x0 0x1f402492280 0x6f9 0x0 0x0 0x0 0x0 0x0 0x0 0x0 0x0 0x9 0x2 0x0 0x0 oops 1 3 sun/net/www/protocol/https/DelegateHttpsURLConnection methods 0
ciMethodData java/net/HttpURLConnection setChunkedStreamingMode (I)V 2 1784 orig 80 0 0 0 0 0 0 0 0 0 0 0 0 0 0 0 0 0 0 0 0 0 0 0 0 0 0 0 0 0 0 0 0 0 0 0 0 0 0 0 0 0 0 0 0 0 0 0 0 0 0 0 0 0 0 0 0 0 0 0 0 0 0 0 0 0 0 0 0 0 0 0 0 0 0 0 0 0 0 0 0 data 31 0x40007 0x6f9 0x30 0x0 0xd0002 0x0 0x160007 0x0 0x40 0x6f9 0x210007 0x6f9 0x30 0x0 0x2a0002 0x0 0x300007 0x0 0x38 0x6f9 0x360003 0x6f9 0x18 0x0 0x0 0x0 0x0 0x9 0x2 0x0 0x0 oops 0 methods 0
ciMethodData java/util/zip/DeflaterOutputStream flush ()V 2 1784 orig 80 0 0 0 0 0 0 0 0 0 0 0 0 0 0 0 0 0 0 0 0 0 0 0 0 0 0 0 0 0 0 0 0 0 0 0 0 0 0 0 0 0 0 0 0 0 0 0 0 0 0 0 0 0 0 0 0 0 0 0 0 0 0 0 0 0 0 0 0 0 0 0 0 0 0 0 0 0 0 0 0 data 63 0x40007 0x6f9 0x178 0x0 0xb0005 0x0 0x0 0x0 0x0 0x0 0x0 0xe0007 0x0 0x120 0x0 0x1a0007 0x0 0x38 0x0 0x220003 0x0 0x18 0x330005 0x0 0x0 0x0 0x0 0x0 0x0 0x380007 0x0 0x90 0x0 0x420005 0x0 0x0 0x0 0x0 0x0 0x0 0x480007 0x0 0xffffffffffffff70 0x0 0x4b0003 0x0 0x18 0x520005 0x0 0x0 0x1f4498a1738 0x6f9 0x0 0x0 0x0 0x0 0x0 0x0 0x0 0x0 0x9 0x1 0x0 oops 1 50 com/google/api/client/http/GZipEncoding$1 methods 0
ciMethodData java/io/BufferedWriter <init> (Ljava/io/Writer;)V 2 1130 orig 80 0 0 0 0 0 0 0 0 0 0 0 0 0 0 0 0 0 0 0 0 0 0 0 0 0 0 0 0 0 0 0 0 0 0 0 0 0 0 0 0 0 0 0 0 0 0 0 0 0 0 0 0 0 0 0 0 0 0 0 0 0 0 0 0 0 0 0 0 0 0 0 0 0 0 0 0 0 0 0 0 data 14 0x20002 0x46a 0x80002 0x46a 0x0 0x0 0x0 0x0 0x0 0x0 0x9 0x2 0x0 0x0 oops 0 methods 0
ciMethodData java/io/BufferedWriter initialBufferSize ()I 2 1130 orig 80 0 0 0 0 0 0 0 0 0 0 0 0 0 0 0 0 0 0 0 0 0 0 0 0 0 0 0 0 0 0 0 0 0 0 0 0 0 0 0 0 0 0 0 0 0 0 0 0 0 0 0 0 0 0 0 0 0 0 0 0 0 0 0 0 0 0 0 0 0 0 0 0 0 0 0 0 0 0 0 0 data 27 0x2 0x46a 0x30007 0x0 0x88 0x46a 0x60002 0x46a 0x90005 0x46a 0x0 0x0 0x0 0x0 0x0 0xc0007 0x46a 0x20 0x0 0x0 0x0 0x0 0x0 0x0 0x0 0x9 0x0 oops 0 methods 0
ciMethodData java/io/BufferedWriter <init> (Ljava/io/Writer;II)V 2 1130 orig 80 0 0 0 0 0 0 0 0 0 0 0 0 0 0 0 0 0 0 0 0 0 0 0 0 0 0 0 0 0 0 0 0 0 0 0 0 0 0 0 0 0 0 0 0 0 0 0 0 0 0 0 0 0 0 0 0 0 0 0 0 0 0 0 0 0 0 0 0 0 0 0 0 0 0 0 0 0 0 0 0 data 18 0x20002 0x46a 0x60007 0x46a 0x30 0x0 0xf0002 0x0 0x0 0x0 0x0 0x0 0x9 0x4 0x3c 0x0 0x0 0x0 oops 0 methods 0
ciMethodData java/io/Writer <init> (Ljava/io/Writer;)V 2 1002 orig 80 0 0 0 0 0 0 0 0 0 0 0 0 0 0 0 0 0 0 0 0 0 0 0 0 0 0 0 0 0 0 0 0 0 0 0 0 0 0 0 0 0 0 0 0 0 0 0 0 0 0 0 0 0 0 0 0 0 0 0 0 0 0 0 0 0 0 0 0 0 0 0 0 0 0 0 0 0 0 0 0 data 43 0x10002 0x3ea 0x50005 0x3ea 0x0 0x0 0x0 0x0 0x0 0xa0005 0x3ea 0x0 0x0 0x0 0x0 0x0 0xf0007 0x0 0x88 0x3ea 0x150007 0x3ea 0x40 0x0 0x1b0007 0x0 0x48 0x0 0x200002 0x3ea 0x260003 0x3ea 0x18 0x0 0x0 0x0 0x0 0x0 0x0 0x9 0x2 0x0 0x0 oops 0 methods 0
compile com/google/api/client/http/javanet/NetHttpRequest execute (Lcom/google/api/client/http/javanet/NetHttpRequest$OutputWriter;)Lcom/google/api/client/http/LowLevelHttpResponse; -1 4 inline 227 0 -1 0 com/google/api/client/http/javanet/NetHttpRequest execute (Lcom/google/api/client/http/javanet/NetHttpRequest$OutputWriter;)Lcom/google/api/client/http/LowLevelHttpResponse; 1 6 0 com/google/api/client/http/LowLevelHttpRequest getStreamingContent ()Lcom/google/api/client/util/StreamingContent; 1 13 0 com/google/api/client/http/LowLevelHttpRequest getContentType ()Ljava/lang/String; 1 25 0 com/google/api/client/http/javanet/NetHttpRequest addHeader (Ljava/lang/String;Ljava/lang/String;)V 2 6 0 sun/net/www/protocol/https/HttpsURLConnectionImpl addRequestProperty (Ljava/lang/String;Ljava/lang/String;)V 1 29 0 com/google/api/client/http/LowLevelHttpRequest getContentEncoding ()Ljava/lang/String; 1 44 0 com/google/api/client/http/javanet/NetHttpRequest addHeader (Ljava/lang/String;Ljava/lang/String;)V 2 6 0 sun/net/www/protocol/https/HttpsURLConnectionImpl addRequestProperty (Ljava/lang/String;Ljava/lang/String;)V 1 48 0 com/google/api/client/http/LowLevelHttpRequest getContentLength ()J 1 68 0 sun/net/www/protocol/https/HttpsURLConnectionImpl setRequestProperty (Ljava/lang/String;Ljava/lang/String;)V 1 72 0 sun/net/www/protocol/https/HttpsURLConnectionImpl getRequestMethod ()Ljava/lang/String; 2 4 0 java/net/HttpURLConnection getRequestMethod ()Ljava/lang/String; 1 81 0 java/lang/String equals (Ljava/lang/Object;)Z 1 99 0 sun/net/www/protocol/https/HttpsURLConnectionImpl setDoOutput (Z)V 2 5 0 java/net/URLConnection setDoOutput (Z)V 3 1 0 java/net/URLConnection checkConnected ()V 1 122 0 sun/net/www/protocol/https/HttpsURLConnectionImpl setFixedLengthStreamingMode (I)V 1 130 0 sun/net/www/protocol/https/HttpsURLConnectionImpl setChunkedStreamingMode (I)V 2 5 0 java/net/HttpURLConnection setChunkedStreamingMode (I)V 1 134 0 sun/net/www/protocol/https/HttpsURLConnectionImpl getOutputStream ()Ljava/io/OutputStream; 2 4 0 sun/net/www/protocol/http/HttpURLConnection getOutputStream ()Ljava/io/OutputStream; 3 1 0 sun/net/www/protocol/http/HttpURLConnection lock ()V 4 4 0 java/util/concurrent/locks/ReentrantLock lock ()V 5 4 0 java/util/concurrent/locks/ReentrantLock$Sync lock ()V 6 1 0 java/util/concurrent/locks/ReentrantLock$NonfairSync initialTryLock ()Z 7 7 0 java/util/concurrent/locks/AbstractQueuedSynchronizer compareAndSetState (II)Z 7 15 0 java/util/concurrent/locks/AbstractOwnableSynchronizer setExclusiveOwnerThread (Ljava/lang/Thread;)V 7 21 0 java/util/concurrent/locks/AbstractOwnableSynchronizer getExclusiveOwnerThread ()Ljava/lang/Thread; 7 29 0 java/util/concurrent/locks/AbstractQueuedSynchronizer getState ()I 7 51 0 java/util/concurrent/locks/AbstractQueuedSynchronizer setState (I)V 3 14 0 sun/net/www/protocol/http/HttpURLConnection URLtoSocketPermission (Ljava/net/URL;)Ljava/net/SocketPermission; 4 12 0 java/lang/System getSecurityManager ()Ljava/lang/SecurityManager; 5 0 0 java/lang/System allowSecurityManager ()Z 3 67 0 sun/net/www/protocol/http/HttpURLConnection unlock ()V 4 4 0 java/util/concurrent/locks/ReentrantLock unlock ()V 5 5 0 java/util/concurrent/locks/AbstractQueuedSynchronizer release (I)Z 6 2 0 java/util/concurrent/locks/ReentrantLock$Sync tryRelease (I)Z 7 1 0 java/util/concurrent/locks/AbstractQueuedSynchronizer getState ()I 7 8 0 java/util/concurrent/locks/AbstractOwnableSynchronizer getExclusiveOwnerThread ()Ljava/lang/Thread; 7 41 0 java/util/concurrent/locks/AbstractOwnableSynchronizer setExclusiveOwnerThread (Ljava/lang/Thread;)V 7 46 0 java/util/concurrent/locks/AbstractQueuedSynchronizer setState (I)V 6 12 0 java/util/concurrent/locks/AbstractQueuedSynchronizer signalNext (Ljava/util/concurrent/locks/AbstractQueuedSynchronizer$Node;)V 1 146 0 com/google/api/client/http/javanet/NetHttpRequest writeContentToOutputStream (Lcom/google/api/client/http/javanet/NetHttpRequest$OutputWriter;Ljava/io/OutputStream;)V 2 10 0 com/google/api/client/http/LowLevelHttpRequest getStreamingContent ()Lcom/google/api/client/util/StreamingContent; 2 13 0 com/google/api/client/http/javanet/NetHttpRequest$DefaultOutputWriter write (Ljava/io/OutputStream;Lcom/google/api/client/util/StreamingContent;)V 3 2 0 com/google/api/client/http/HttpEncodingStreamingContent writeTo (Ljava/io/OutputStream;)V 4 9 0 com/google/api/client/http/GZipEncoding encode (Lcom/google/api/client/util/StreamingContent;Ljava/io/OutputStream;)V 5 6 0 com/google/api/client/http/GZipEncoding$1 <init> (Lcom/google/api/client/http/GZipEncoding;Ljava/io/OutputStream;)V 6 7 0 java/io/BufferedOutputStream <init> (Ljava/io/OutputStream;)V 7 2 0 java/io/BufferedOutputStream initialBufferSize ()I 8 0 0 jdk/internal/misc/VM isBooted ()Z 8 9 0 java/lang/Thread isVirtual ()Z 7 8 0 java/io/BufferedOutputStream <init> (Ljava/io/OutputStream;II)V 8 2 0 java/io/FilterOutputStream <init> (Ljava/io/OutputStream;)V 9 1 0 java/io/OutputStream <init> ()V 10 1 0 java/lang/Object <init> ()V 9 9 0 java/lang/Object <init> ()V 5 15 0 java/util/zip/GZIPOutputStream <init> (Ljava/io/OutputStream;)V 6 6 0 java/util/zip/GZIPOutputStream <init> (Ljava/io/OutputStream;IZ)V 7 12 0 java/util/zip/Deflater <init> (IZ)V 8 1 0 java/lang/Object <init> ()V 8 33 0 java/util/zip/Deflater$DeflaterZStreamRef <init> (Ljava/util/zip/Deflater;J)V 9 1 0 java/lang/Object <init> ()V 9 9 0 jdk/internal/ref/CleanerFactory cleaner ()Ljava/lang/ref/Cleaner; 9 14 0 java/lang/ref/Cleaner register (Ljava/lang/Object;Ljava/lang/Runnable;)Ljava/lang/ref/Cleaner$Cleanable; 10 3 0 java/util/Objects requireNonNull (Ljava/lang/Object;Ljava/lang/String;)Ljava/lang/Object; 10 10 0 java/util/Objects requireNonNull (Ljava/lang/Object;Ljava/lang/String;)Ljava/lang/Object; 10 21 0 jdk/internal/ref/CleanerImpl$PhantomCleanableRef <init> (Ljava/lang/Object;Ljava/lang/ref/Cleaner;Ljava/lang/Runnable;)V 7 21 0 java/util/zip/DeflaterOutputStream <init> (Ljava/io/OutputStream;Ljava/util/zip/Deflater;IZ)V 8 2 0 java/io/FilterOutputStream <init> (Ljava/io/OutputStream;)V 9 1 0 java/io/OutputStream <init> ()V 10 1 0 java/lang/Object <init> ()V 9 9 0 java/lang/Object <init> ()V 7 29 0 java/util/zip/CRC32 <init> ()V 8 1 0 java/lang/Object <init> ()V 7 41 0 java/util/zip/GZIPOutputStream writeHeader ()V 8 55 0 java/io/FilterOutputStream write ([B)V 9 5 0 java/io/BufferedOutputStream write ([BII)V 10 11 0 jdk/internal/misc/InternalLock lock ()V 11 4 0 java/util/concurrent/locks/ReentrantLock lock ()V 12 4 0 java/util/concurrent/locks/ReentrantLock$Sync lock ()V 13 1 0 java/util/concurrent/locks/ReentrantLock$NonfairSync initialTryLock ()Z 14 7 0 java/util/concurrent/locks/AbstractQueuedSynchronizer compareAndSetState (II)Z 14 15 0 java/util/concurrent/locks/AbstractOwnableSynchronizer setExclusiveOwnerThread (Ljava/lang/Thread;)V 14 21 0 java/util/concurrent/locks/AbstractOwnableSynchronizer getExclusiveOwnerThread ()Ljava/lang/Thread; 14 29 0 java/util/concurrent/locks/AbstractQueuedSynchronizer getState ()I 14 51 0 java/util/concurrent/locks/AbstractQueuedSynchronizer setState (I)V 10 18 0 java/io/BufferedOutputStream implWrite ([BII)V 11 25 0 java/io/BufferedOutputStream growIfNeeded (I)V 10 25 0 jdk/internal/misc/InternalLock unlock ()V 11 4 0 java/util/concurrent/locks/ReentrantLock unlock ()V 12 5 0 java/util/concurrent/locks/AbstractQueuedSynchronizer release (I)Z 13 2 0 java/util/concurrent/locks/ReentrantLock$Sync tryRelease (I)Z 14 1 0 java/util/concurrent/locks/AbstractQueuedSynchronizer getState ()I 14 8 0 java/util/concurrent/locks/AbstractOwnableSynchronizer getExclusiveOwnerThread ()Ljava/lang/Thread; 14 41 0 java/util/concurrent/locks/AbstractOwnableSynchronizer setExclusiveOwnerThread (Ljava/lang/Thread;)V 14 46 0 java/util/concurrent/locks/AbstractQueuedSynchronizer setState (I)V 13 12 0 java/util/concurrent/locks/AbstractQueuedSynchronizer signalNext (Ljava/util/concurrent/locks/AbstractQueuedSynchronizer$Node;)V 7 48 0 java/util/zip/CRC32 reset ()V 5 23 0 com/google/api/client/http/json/JsonHttpContent writeTo (Ljava/io/OutputStream;)V 6 6 0 com/google/api/client/http/AbstractHttpContent getCharset ()Ljava/nio/charset/Charset; 7 11 0 com/google/api/client/http/HttpMediaType getCharsetParameter ()Ljava/nio/charset/Charset; 8 3 0 com/google/api/client/http/HttpMediaType getParameter (Ljava/lang/String;)Ljava/lang/String; 9 8 0 java/lang/String toLowerCase (Ljava/util/Locale;)Ljava/lang/String; 10 1 0 java/lang/String isLatin1 ()Z 10 13 0 java/lang/StringLatin1 toLowerCase (Ljava/lang/String;[BLjava/util/Locale;)Ljava/lang/String; 11 40 0 java/lang/CharacterDataLatin1 toLowerCase (I)I 11 64 0 java/util/Locale getLanguage ()Ljava/lang/String; 12 4 0 sun/util/locale/BaseLocale getLanguage ()Ljava/lang/String; 11 139 0 java/lang/CharacterDataLatin1 toLowerCase (I)I 11 146 0 java/lang/StringLatin1 canEncode (I)Z 11 182 0 java/lang/String <init> ([BB)V 12 1 0 java/lang/Object <init> ()V 9 11 0 java/util/TreeMap get (Ljava/lang/Object;)Ljava/lang/Object; 8 16 0 java/nio/charset/Charset forName (Ljava/lang/String;)Ljava/nio/charset/Charset; 7 27 0 com/google/api/client/http/HttpMediaType getCharsetParameter ()Ljava/nio/charset/Charset; 8 3 0 com/google/api/client/http/HttpMediaType getParameter (Ljava/lang/String;)Ljava/lang/String; 9 8 0 java/lang/String toLowerCase (Ljava/util/Locale;)Ljava/lang/String; 10 1 0 java/lang/String isLatin1 ()Z 10 13 0 java/lang/StringLatin1 toLowerCase (Ljava/lang/String;[BLjava/util/Locale;)Ljava/lang/String; 11 40 0 java/lang/CharacterDataLatin1 toLowerCase (I)I 11 64 0 java/util/Locale getLanguage ()Ljava/lang/String; 12 4 0 sun/util/locale/BaseLocale getLanguage ()Ljava/lang/String; 11 139 0 java/lang/CharacterDataLatin1 toLowerCase (I)I 11 146 0 java/lang/StringLatin1 canEncode (I)Z 11 182 0 java/lang/String <init> ([BB)V 12 1 0 java/lang/Object <init> ()V 9 11 0 java/util/TreeMap get (Ljava/lang/Object;)Ljava/lang/Object; 8 16 0 java/nio/charset/Charset forName (Ljava/lang/String;)Ljava/nio/charset/Charset; 6 9 0 com/google/api/client/json/gson/GsonFactory createJsonGenerator (Ljava/io/OutputStream;Ljava/nio/charset/Charset;)Lcom/google/api/client/json/JsonGenerator; 7 7 0 java/io/OutputStreamWriter <init> (Ljava/io/OutputStream;Ljava/nio/charset/Charset;)V 8 2 0 java/io/Writer <init> (Ljava/lang/Object;)V 9 1 0 java/lang/Object <init> ()V 8 22 0 java/io/OutputStreamWriter lockFor (Ljava/io/OutputStreamWriter;)Ljava/lang/Object; 9 18 0 jdk/internal/misc/InternalLock newLockOr (Ljava/lang/Object;)Ljava/lang/Object; 10 10 0 jdk/internal/misc/InternalLock <init> ()V 11 1 0 java/lang/Object <init> ()V 11 9 0 java/util/concurrent/locks/ReentrantLock <init> ()V 12 1 0 java/lang/Object <init> ()V 12 9 0 java/util/concurrent/locks/ReentrantLock$NonfairSync <init> ()V 13 1 0 java/util/concurrent/locks/ReentrantLock$Sync <init> ()V 14 1 0 java/util/concurrent/locks/AbstractQueuedSynchronizer <init> ()V 15 1 0 java/util/concurrent/locks/AbstractOwnableSynchronizer <init> ()V 16 1 0 java/lang/Object <init> ()V 8 26 0 sun/nio/cs/StreamEncoder forOutputStreamWriter (Ljava/io/OutputStream;Ljava/lang/Object;Ljava/nio/charset/Charset;)Lsun/nio/cs/StreamEncoder; 9 7 0 sun/nio/cs/StreamEncoder <init> (Ljava/io/OutputStream;Ljava/lang/Object;Ljava/nio/charset/Charset;)V 10 4 0 sun/nio/cs/UTF_8 newEncoder ()Ljava/nio/charset/CharsetEncoder; 11 5 0 sun/nio/cs/UTF_8$Encoder <init> (Ljava/nio/charset/Charset;)V 12 6 0 java/nio/charset/CharsetEncoder <init> (Ljava/nio/charset/Charset;FF)V 13 12 0 java/nio/charset/CharsetEncoder <init> (Ljava/nio/charset/Charset;FF[B)V 14 1 0 java/lang/Object <init> ()V 14 100 0 java/nio/charset/CharsetEncoder replaceWith ([B)Ljava/nio/charset/CharsetEncoder; 15 53 0 sun/nio/cs/UTF_8$Encoder isLegalReplacement ([B)Z 15 73 0 java/util/Arrays copyOf ([BI)[B 15 84 0 java/nio/charset/CharsetEncoder implReplaceWith ([B)V 10 10 0 java/nio/charset/CharsetEncoder onMalformedInput (Ljava/nio/charset/CodingErrorAction;)Ljava/nio/charset/CharsetEncoder; 11 21 0 java/nio/charset/CharsetEncoder implOnMalformedInput (Ljava/nio/charset/CodingErrorAction;)V 10 16 0 java/nio/charset/CharsetEncoder onUnmappableCharacter (Ljava/nio/charset/CodingErrorAction;)Ljava/nio/charset/CharsetEncoder; 11 21 0 java/nio/charset/CharsetEncoder implOnUnmappableCharacter (Ljava/nio/charset/CodingErrorAction;)V 10 19 0 sun/nio/cs/StreamEncoder <init> (Ljava/io/OutputStream;Ljava/lang/Object;Ljava/nio/charset/CharsetEncoder;)V 11 2 0 java/io/Writer <init> (Ljava/lang/Object;)V 12 1 0 java/lang/Object <init> ()V 11 27 0 java/nio/charset/CharsetEncoder charset ()Ljava/nio/charset/Charset; 5 23 0 com/google/api/client/http/EmptyContent writeTo (Ljava/io/OutputStream;)V 3 2 0 com/google/api/client/http/UrlEncodedContent writeTo (Ljava/io/OutputStream;)V 4 13 0 java/io/OutputStreamWriter <init> (Ljava/io/OutputStream;Ljava/nio/charset/Charset;)V 5 2 0 java/io/Writer <init> (Ljava/lang/Object;)V 6 1 0 java/lang/Object <init> ()V 5 22 0 java/io/OutputStreamWriter lockFor (Ljava/io/OutputStreamWriter;)Ljava/lang/Object; 6 18 0 jdk/internal/misc/InternalLock newLockOr (Ljava/lang/Object;)Ljava/lang/Object; 7 10 0 jdk/internal/misc/InternalLock <init> ()V 8 1 0 java/lang/Object <init> ()V 8 9 0 java/util/concurrent/locks/ReentrantLock <init> ()V 9 1 0 java/lang/Object <init> ()V 9 9 0 java/util/concurrent/locks/ReentrantLock$NonfairSync <init> ()V 10 1 0 java/util/concurrent/locks/ReentrantLock$Sync <init> ()V 11 1 0 java/util/concurrent/locks/AbstractQueuedSynchronizer <init> ()V 12 1 0 java/util/concurrent/locks/AbstractOwnableSynchronizer <init> ()V 13 1 0 java/lang/Object <init> ()V 5 26 0 sun/nio/cs/StreamEncoder forOutputStreamWriter (Ljava/io/OutputStream;Ljava/lang/Object;Ljava/nio/charset/Charset;)Lsun/nio/cs/StreamEncoder; 6 7 0 sun/nio/cs/StreamEncoder <init> (Ljava/io/OutputStream;Ljava/lang/Object;Ljava/nio/charset/Charset;)V 7 4 0 sun/nio/cs/UTF_8 newEncoder ()Ljava/nio/charset/CharsetEncoder; 8 5 0 sun/nio/cs/UTF_8$Encoder <init> (Ljava/nio/charset/Charset;)V 9 6 0 java/nio/charset/CharsetEncoder <init> (Ljava/nio/charset/Charset;FF)V 10 12 0 java/nio/charset/CharsetEncoder <init> (Ljava/nio/charset/Charset;FF[B)V 11 1 0 java/lang/Object <init> ()V 11 100 0 java/nio/charset/CharsetEncoder replaceWith ([B)Ljava/nio/charset/CharsetEncoder; 12 53 0 sun/nio/cs/UTF_8$Encoder isLegalReplacement ([B)Z 12 73 0 java/util/Arrays copyOf ([BI)[B 12 84 0 java/nio/charset/CharsetEncoder implReplaceWith ([B)V 7 10 0 java/nio/charset/CharsetEncoder onMalformedInput (Ljava/nio/charset/CodingErrorAction;)Ljava/nio/charset/CharsetEncoder; 8 21 0 java/nio/charset/CharsetEncoder implOnMalformedInput (Ljava/nio/charset/CodingErrorAction;)V 7 16 0 java/nio/charset/CharsetEncoder onUnmappableCharacter (Ljava/nio/charset/CodingErrorAction;)Ljava/nio/charset/CharsetEncoder; 8 21 0 java/nio/charset/CharsetEncoder implOnUnmappableCharacter (Ljava/nio/charset/CodingErrorAction;)V 7 19 0 sun/nio/cs/StreamEncoder <init> (Ljava/io/OutputStream;Ljava/lang/Object;Ljava/nio/charset/CharsetEncoder;)V 8 2 0 java/io/Writer <init> (Ljava/lang/Object;)V 9 1 0 java/lang/Object <init> ()V 8 27 0 java/nio/charset/CharsetEncoder charset ()Ljava/nio/charset/Charset; 8 42 0 java/nio/ByteBuffer allocate (I)Ljava/nio/ByteBuffer; 9 16 0 java/nio/HeapByteBuffer <init> (IILjava/lang/foreign/MemorySegment;)V 10 10 0 java/nio/ByteBuffer <init> (IIII[BILjava/lang/foreign/MemorySegment;)V 11 8 0 java/nio/Buffer <init> (IIIILjava/lang/foreign/MemorySegment;)V 12 1 0 java/lang/Object <init> ()V 12 39 0 java/nio/ByteBuffer limit (I)Ljava/nio/Buffer; 13 2 0 java/nio/ByteBuffer limit (I)Ljava/nio/ByteBuffer; 14 2 0 java/nio/Buffer limit (I)Ljava/nio/Buffer; 12 45 0 java/nio/ByteBuffer position (I)Ljava/nio/Buffer; 13 2 0 java/nio/ByteBuffer position (I)Ljava/nio/ByteBuffer; 14 2 0 java/nio/Buffer position (I)Ljava/nio/Buffer; 11 17 0 java/nio/ByteOrder nativeOrder ()Ljava/nio/ByteOrder; 4 16 0 java/io/BufferedWriter <init> (Ljava/io/Writer;)V 5 2 0 java/io/BufferedWriter initialBufferSize ()I 6 0 0 jdk/internal/misc/VM isBooted ()Z 6 9 0 java/lang/Thread isVirtual ()Z 5 8 0 java/io/BufferedWriter <init> (Ljava/io/Writer;II)V 6 2 0 java/io/Writer <init> (Ljava/io/Writer;)V 7 1 0 java/lang/Object <init> ()V 7 32 0 jdk/internal/misc/InternalLock newLockOr (Ljava/lang/Object;)Ljava/lang/Object; 8 10 0 jdk/internal/misc/InternalLock <init> ()V 9 1 0 java/lang/Object <init> ()V 9 9 0 java/util/concurrent/locks/ReentrantLock <init> ()V 10 1 0 java/lang/Object <init> ()V 10 9 0 java/util/concurrent/locks/ReentrantLock$NonfairSync <init> ()V 11 1 0 java/util/concurrent/locks/ReentrantLock$Sync <init> ()V 12 1 0 java/util/concurrent/locks/AbstractQueuedSynchronizer <init> ()V 13 1 0 java/util/concurrent/locks/AbstractOwnableSynchronizer <init> ()V 14 1 0 java/lang/Object <init> ()V
